# LFP exchange_current_density; sampled from pre-migration BESFEM model.
# concentration value; solver units (see ../README.md)
0 1.9799997917218801e-12
9.5367431640625002e-09 1.9799997917218801e-12
1.9073486328125e-08 3.7765495868241372e-12
3.8146972656250001e-08 7.5530978779069629e-12
7.6293945312500002e-08 1.5106190569184942e-11
1.52587890625e-07 3.0212360393075197e-11
3.0517578125000001e-07 6.0424637806192886e-11
6.1035156250000001e-07 1.2084894369011329e-10
1.220703125e-06 2.4169655970090652e-10
2.4414062500000001e-06 4.8338780874559506e-10
4.8828125000000001e-06 9.6675437532917026e-10
9.7656250000000002e-06 1.9334237857423867e-09
1.953125e-05 3.8665077416938405e-09
2.9296874999999999e-05 5.7992519275842471e-09
3.9062500000000001e-05 7.7316564031337248e-09
4.8828125000000003e-05 9.6637212280513971e-09
5.8593749999999998e-05 1.1595446462036621e-08
6.8359375000000007e-05 1.3526832164777763e-08
7.8125000000000002e-05 1.5457878395952191e-08
8.7890624999999997e-05 1.7388585215228734e-08
9.7656250000000005e-05 1.9318952682262785e-08
0.000107421875 2.1248980856702398e-08
0.0001171875 2.317866979818221e-08
0.000126953125 2.5108019566329526e-08
0.00013671875000000001 2.7037030220756985e-08
0.00014648437500000002 2.8965701821071133e-08
0.00015625 3.0894034426865076e-08
0.00016601562499999998 3.2822028097723372e-08
0.00017578124999999999 3.4749682893218373e-08
0.000185546875 3.6676998872913864e-08
0.00019531250000000001 3.860397609636022e-08
0.00020507812500000002 4.0530614623100481e-08
0.00021484375 4.2456914512665447e-08
0.00022460937499999998 4.438287582457742e-08
0.00023437499999999999 4.6308498618344011e-08
0.000244140625 4.8233782953467948e-08
0.00025390625000000001 5.0158728889437321e-08
0.00026367187500000002 5.2083336485730433e-08
0.00027343750000000003 5.4007605801817051e-08
0.00028320312500000003 5.5931536897154718e-08
0.00029296875000000004 5.7855129831191223e-08
0.00030273437500000005 5.9778384663364557e-08
0.00031250000000000001 6.1701301453099322e-08
0.00032226562499999996 6.3623880259813965e-08
0.00033203124999999997 6.5546121142913529e-08
0.00034179687499999998 6.7468024161793285e-08
0.00035156249999999999 6.9389589375838716e-08
0.00037109375 7.323170662691244e-08
0.00039062500000000002 7.7072473371006174e-08
0.00041015625000000004 8.091189008282283e-08
0.0004296875 8.4749957236901712e-08
0.00044921874999999997 8.8586675307613604e-08
0.00046874999999999998 9.2422044769159457e-08
0.00048828125 9.6256066095579131e-08
0.00050781250000000002 1.0008873976074141e-07
0.00052734375000000003 1.0392006623835026e-07
0.00054687500000000005 1.0775004600194476e-07
0.00056640625000000007 1.1157867952489305e-07
0.00058593750000000009 1.1540596728040205e-07
0.0006054687500000001 1.1923190974150887e-07
0.00062500000000000001 1.230565073810846e-07
0.00064453124999999992 1.268797606718379e-07
0.00066406249999999994 1.3070167008630519e-07
0.00068359374999999996 1.3452223609686055e-07
0.00070312499999999997 1.3834145917571305e-07
0.00072265624999999999 1.4215933979490213e-07
0.00074218750000000001 1.4597587842630479e-07
0.00076171875000000003 1.4979107554162942e-07
0.00078125000000000004 1.5360493161242085e-07
0.00080078125000000006 1.5741744711005782e-07
0.00082031250000000008 1.612286225057504e-07
0.0008398437500000001 1.6503845827054766e-07
0.000859375 1.6884695487532877e-07
0.00087890624999999991 1.7265411279081176e-07
0.00089843749999999993 1.7645993248754488e-07
0.00091796874999999995 1.8026441443591275e-07
0.00093749999999999997 1.8406755910613756e-07
0.00095703124999999998 1.878693669682705e-07
0.0009765625 1.9166983849220162e-07
0.00099609375000000002 1.9546897414765478e-07
0.001015625 1.9926677440418907e-07
0.0010351562500000001 2.0306323973119869e-07
0.0010546875000000001 2.0685837059791045e-07
0.0010742187500000001 2.1065216747338887e-07
0.0010937500000000001 2.144446308265335e-07
0.0011132812500000001 2.1823576112607781e-07
0.0011328125000000001 2.2202555884059165e-07
0.0011523437500000002 2.258140244384788e-07
0.0011718750000000002 2.2960115838797808e-07
0.0011914062500000002 2.3338696115716846e-07
0.0012109375000000002 2.3717143321395664e-07
0.0012304687500000002 2.4095457502609171e-07
0.00125 2.4473638706115438e-07
0.0012695312499999998 2.4851686978656287e-07
0.0012890624999999998 2.5229602366956925e-07
0.0013085937499999999 2.5607384917726449e-07
0.0013281249999999999 2.5985034677657084e-07
0.0013476562499999999 2.6362551693425211e-07
0.0013671874999999999 2.6739936011690323e-07
0.0013867187499999999 2.711718767909557e-07
0.0014062499999999999 2.7494306742268104e-07
0.00142578125 2.78712932478182e-07
0.0014453125 2.8248147242339934e-07
0.00146484375 2.8624868772411207e-07
0.001484375 2.9001457884593246e-07
0.00150390625 2.9377914625430984e-07
0.0015234375000000001 2.9754239041453146e-07
0.0015429687500000001 3.0130431179171958e-07
0.0015625000000000001 3.0506491085083282e-07
0.0015820312500000001 3.0882418805666728e-07
0.0016015625000000001 3.1258214387385562e-07
0.0016210937500000001 3.1633877876686673e-07
0.0016406250000000002 3.2009409320000701e-07
0.0016601562500000002 3.2384808763741694e-07
0.0016796875000000002 3.2760076254307804e-07
0.0016992187500000002 3.3135211838080713e-07
0.00171875 3.3510215561425491e-07
0.0017382812499999998 3.388508747069132e-07
0.0017578124999999998 3.4259827612210912e-07
0.0017773437499999998 3.4634436032300839e-07
0.0017968749999999999 3.5008912777261098e-07
0.0018164062499999999 3.5383257893375628e-07
0.0018359374999999999 3.57574714269122e-07
0.0018554687499999999 3.6131553424122038e-07
0.0018749999999999999 3.6505503931240271e-07
0.0018945312499999999 3.6879322994485908e-07
0.0019140625 3.7253010660061224e-07
0.00193359375 3.7626566974152984e-07
0.001953125 3.7999991982931099e-07
0.00197265625 3.837328573254948e-07
0.0019921875 3.8746448269145926e-07
0.0020117187500000001 3.9119479638841858e-07
0.0020312500000000001 3.949237988774246e-07
0.0020507812500000001 3.9865149061936811e-07
0.0020703125000000001 4.0237787207497839e-07
0.0020898437500000001 4.0610294370482136e-07
0.0021093750000000001 4.0982670596930154e-07
0.0021289062500000002 4.1354915932866235e-07
0.0021484375000000002 4.1727030424298476e-07
0.0021679687500000002 4.2099014117218723e-07
0.0021875000000000002 4.247086705760285e-07
0.0022070312500000002 4.2842589291410452e-07
0.0022265625000000002 4.3214180864585039e-07
0.0022460937500000003 4.3585641823053719e-07
0.0022656250000000003 4.3956972212727756e-07
0.0022851562500000003 4.4328172079502161e-07
0.0023046875000000003 4.4699241469255937e-07
0.0023242187500000003 4.5070180427851741e-07
0.0023437500000000003 4.5440989001136202e-07
0.0023632812500000004 4.5811667234939873e-07
0.0023828125000000004 4.6182215175077137e-07
0.0024023437500000004 4.6552632867346418e-07
0.0024218750000000004 4.6922920357529884e-07
0.0024414062500000004 4.7293077691393568e-07
0.0024609375000000005 4.7663104914687646e-07
0.00248046875 4.8033002073145925e-07
0.0025000000000000001 4.8402769212486337e-07
0.0025195312500000001 4.8772406378410798e-07
0.0025390624999999997 4.9141913616605004e-07
0.0025585937499999997 4.9511290972738526e-07
0.0025781249999999997 4.988053849246517e-07
0.0025976562499999997 5.0249656221422403e-07
0.0026171874999999997 5.0618644205231897e-07
0.0026367187499999997 5.0987502489498995e-07
0.0026562499999999998 5.1356231119813257e-07
0.0026757812499999998 5.1724830141748156e-07
0.0026953124999999998 5.209329960086102e-07
0.0027148437499999998 5.2461639542693435e-07
0.0027343749999999998 5.2829850012770731e-07
0.0027539062499999998 5.3197931056602359e-07
0.0027734374999999999 5.3565882719681705e-07
0.0027929687499999999 5.3933705047486192e-07
0.0028124999999999999 5.4301398085477295e-07
0.0028515624999999999 5.5036396473784997e-07
0.002890625 5.5770878247976958e-07
0.0029296875 5.6504843771169724e-07
0.00296875 5.7238293406224787e-07
0.0030078125000000001 5.7971227515748342e-07
0.0030468750000000001 5.8703646462091939e-07
0.0030859375000000001 5.9435550607352356e-07
0.0031250000000000002 6.0166940313371777e-07
0.0031640625000000002 6.0897815941738436e-07
0.0032031250000000002 6.1628177853785735e-07
0.0032421875000000003 6.2358026410593792e-07
0.0032812500000000003 6.3087361972988414e-07
0.0033203125000000003 6.381618490154219e-07
0.0033593750000000004 6.454449555657401e-07
0.0033984375000000004 6.5272294298149606e-07
0.0034375 6.5999581486081437e-07
0.0034765624999999996 6.6726357479929518e-07
0.0035156249999999997 6.7452622639000585e-07
0.0035546874999999997 6.8178377322349185e-07
0.0035937499999999997 6.8903621888777425e-07
0.0036328124999999998 6.9628356696835136e-07
0.0036718749999999998 7.0352582104820283e-07
0.0037109374999999998 7.1076298470778774e-07
0.0037499999999999999 7.1799506152504971e-07
0.0037890624999999999 7.2522205507541761e-07
0.0038281249999999999 7.3244396893180708e-07
0.0038671875 7.396608066646225e-07
0.00390625 7.4687257184175924e-07
0.0039453125 7.5407926802860386e-07
0.0039843750000000001 7.6128089878803665e-07
0.0040234375000000001 7.6847746768043632e-07
0.0040625000000000001 7.7566897826367464e-07
0.0041015625000000002 7.8285543409312563e-07
0.0041406250000000002 7.9003683872166526e-07
0.0041796875000000002 7.9721319569966846e-07
0.0042187500000000003 8.0438450857501922e-07
0.0042578125000000003 8.1155078089310355e-07
0.0042968750000000003 8.187120161968177e-07
0.0043359375000000004 8.258682180265689e-07
0.0043750000000000004 8.3301938992027307e-07
0.0044140625000000005 8.4016553541336207e-07
0.0044531250000000005 8.4730665803877996e-07
0.0044921875000000005 8.5444276132699085e-07
0.0045312500000000006 8.6157384880597444e-07
0.0045703125000000006 8.6869992400123135e-07
0.0046093750000000006 8.7582099043578581e-07
0.0046484375000000007 8.8293705163018519e-07
0.0046875000000000007 8.9004811110249997e-07
0.0047265625000000007 8.9715417236833149e-07
0.0047656250000000008 9.0425523894080797e-07
0.0048046875000000008 9.1135131433058877e-07
0.0048437500000000008 9.1844240204586402e-07
0.0048828125000000009 9.25528505592363e-07
0.0049218750000000009 9.3260962847334357e-07
0.0049609375000000001 9.3968577418960688e-07
0.0050000000000000001 9.4675694623949314e-07
0.0050390625000000001 9.5382314811888064e-07
0.0050781249999999993 9.6088438332119127e-07
0.0051171874999999993 9.6794065533739447e-07
0.0051562499999999994 9.7499196765600241e-07
0.0051953124999999994 9.8203832376307597e-07
0.0052343749999999994 9.8907972714222872e-07
0.0052734374999999995 9.9611618127462102e-07
0.0053124999999999995 1.0031476896389706e-06
0.0053515624999999995 1.010174255711546e-06
0.0053906249999999996 1.0171958829661767e-06
0.0054296874999999996 1.0242125748742479e-06
0.0054687499999999997 1.0312243349047042e-06
0.0055078124999999997 1.0382311665240547e-06
0.0055468749999999997 1.0452330731963683e-06
0.0055859374999999998 1.0522300583832837e-06
0.0056249999999999998 1.0592221255440021e-06
0.0056640624999999998 1.0662092781352953e-06
0.0057031249999999999 1.0731915196115055e-06
0.0057421874999999999 1.0801688534245465e-06
0.0057812499999999999 1.0871412830239074e-06
0.0058203125 1.0941088118566488e-06
0.005859375 1.1010714433674137e-06
0.0058984375 1.1080291809984181e-06
0.0059375000000000001 1.1149820281894634e-06
0.0059765625000000001 1.1219299883779329e-06
0.0060156250000000001 1.1288730649987895e-06
0.0060546875000000002 1.1358112614845868e-06
0.0060937500000000002 1.1427445812654617e-06
0.0061328125000000002 1.149673027769145e-06
0.0061718750000000003 1.1565966044209519e-06
0.0062109375000000003 1.163515314643795e-06
0.0062500000000000003 1.1704291618581787e-06
0.0062890625000000004 1.177338149482205e-06
0.0063281250000000004 1.1842422809315722e-06
0.0063671875000000005 1.1911415596195756e-06
0.0064062500000000005 1.1980359889571166e-06
0.0064453125000000005 1.2049255723526945e-06
0.0064843750000000006 1.2118103132124151e-06
0.0065234375000000006 1.218690214939989e-06
0.0065625000000000006 1.2255652809367361e-06
0.0066015625000000007 1.232435514601582e-06
0.0066406250000000007 1.2393009193310687e-06
0.0066796875000000007 1.2461614985193455e-06
0.0067187500000000008 1.2530172555581798e-06
0.0067578125000000008 1.2598681938369536e-06
0.0067968750000000008 1.2667143167426655e-06
0.0068359375 1.2735556276599342e-06
0.006875 1.2803921299710019e-06
0.0069140625000000001 1.2872238270557291e-06
0.0069531249999999992 1.2940507222916049e-06
0.0069921874999999993 1.3008728190537401e-06
0.0070312499999999993 1.307690120714878e-06
0.0070703124999999993 1.3145026306453873e-06
0.0071093749999999994 1.3213103522132689e-06
0.0071484374999999994 1.3281132887841572e-06
0.0071874999999999994 1.3349114437213223e-06
0.0072265624999999995 1.3417048203856654e-06
0.0072656249999999995 1.3484934221357313e-06
0.0073046874999999995 1.3552772523277004e-06
0.0073437499999999996 1.3620563143153948e-06
0.0073828124999999996 1.3688306114502794e-06
0.0074218749999999997 1.3756001470814651e-06
0.0074609374999999997 1.3823649245557067e-06
0.0074999999999999997 1.389124947217406e-06
0.0075390624999999998 1.395880218408616e-06
0.0075781249999999998 1.4026307414690417e-06
0.0076171874999999998 1.4093765197360363e-06
0.0076562499999999999 1.4161175565446115e-06
0.0076953124999999999 1.4228538552274334e-06
0.0077343749999999999 1.429585419114825e-06
0.0077734375 1.4363122515347702e-06
0.0078125 1.4430343558129109e-06
0.0078515624999999992 1.4497517352725536e-06
0.0078906250000000001 1.4564643932346697e-06
0.007929687500000001 1.4631723330178952e-06
0.0079687500000000001 1.469875557938531e-06
0.0080078124999999993 1.4765740713105515e-06
0.0080468750000000002 1.4832678764456007e-06
0.0080859375000000011 1.4899569766529916e-06
0.0081250000000000003 1.4966413752397144e-06
0.0081640624999999994 1.5033210755104362e-06
0.0082031250000000003 1.5099960807674963e-06
0.0082421875000000012 1.5166663943109175e-06
0.0082812500000000004 1.5233320194384e-06
0.0083203124999999996 1.5299929594453279e-06
0.0083593750000000005 1.5366492176247712e-06
0.0083984375000000014 1.5433007972674781e-06
0.0084375000000000006 1.5499477016618909e-06
0.0084765624999999997 1.5565899340941381e-06
0.0085156250000000006 1.563227497848038e-06
0.0085546875000000015 1.5698603962051015e-06
0.0085937500000000007 1.5764886324445315e-06
0.0086328124999999999 1.5831122098432279e-06
0.0086718750000000008 1.5897311316757874e-06
0.0087109375000000017 1.5963454012145027e-06
0.0087500000000000008 1.6029550217293688e-06
0.0087890625 1.6095599964880828e-06
0.0088281250000000009 1.6161603287560415e-06
0.0088671875000000018 1.6227560217963496e-06
0.008906250000000001 1.6293470788698182e-06
0.0089453125000000001 1.6359335032349631e-06
0.008984375000000001 1.6425152981480166e-06
0.0090234375000000019 1.6490924668629142e-06
0.0090625000000000011 1.6556650126313089e-06
0.0091015625000000003 1.6622329387025689e-06
0.0091406250000000012 1.6687962483237755e-06
0.0091796875000000021 1.6753549447397297e-06
0.0092187500000000012 1.6819090311929503e-06
0.0092578125000000004 1.6884585109236783e-06
0.0092968750000000013 1.6950033871698782e-06
0.0093359375000000022 1.7015436631672357e-06
0.0093750000000000014 1.7080793421491642e-06
0.0094140625000000006 1.7146104273468033e-06
0.0094531250000000015 1.7211369219890237e-06
0.0094921875000000024 1.7276588293024249e-06
0.0095312500000000015 1.7341761525113374e-06
0.0095703125000000007 1.740688894837826e-06
0.0096093750000000016 1.7471970595016938e-06
0.0096484375000000025 1.7537006497204769e-06
0.0096875000000000017 1.7601996687094515e-06
0.0097265625000000008 1.7666941196816338e-06
0.0097656250000000017 1.7731840058477812e-06
0.0098046875000000026 1.7796693304163972e-06
0.0098437500000000018 1.7861500965937233e-06
0.009882812500000001 1.792626307583754e-06
0.0099218750000000001 1.7990979665882306e-06
0.0099609374999999993 1.8055650768066414e-06
0.01 1.812027641436227e-06
0.010039062500000001 1.8184856636719815e-06
0.010078125 1.8249391467066538e-06
0.010117187499999999 1.8313880937307451e-06
0.010156249999999999 1.83783250793252e-06
0.010195312499999998 1.8442723924979966e-06
0.010234374999999999 1.8507077506109575e-06
0.0102734375 1.8571385854529442e-06
0.010312499999999999 1.8635649002032646e-06
0.010351562499999998 1.8699866980389897e-06
0.010390624999999999 1.8764039821349609e-06
0.0104296875 1.8828167556637843e-06
0.010468749999999999 1.8892250217958365e-06
0.010507812499999998 1.8956287836992681e-06
0.010546874999999999 1.9020280445400032e-06
0.0105859375 1.9084228074817361e-06
0.010624999999999999 1.9148130756859416e-06
0.010664062499999998 1.9211988523118699e-06
0.010703124999999999 1.9275801405165554e-06
0.0107421875 1.9339569434548061e-06
0.010781249999999999 1.9403292642792174e-06
0.010820312499999998 1.9466971061401677e-06
0.010859374999999999 1.9530604721858231e-06
0.0108984375 1.9594193655621318e-06
0.010937499999999999 1.9657737894128358e-06
0.010976562499999998 1.9721237468794655e-06
0.011015624999999999 1.9784692411013427e-06
0.0110546875 1.984810275215584e-06
0.011093749999999999 1.9911468523571002e-06
0.011132812499999999 1.9974789756585961e-06
0.011171875 2.0038066482505805e-06
0.0112109375 2.0101298732613582e-06
0.01125 2.0164486538170324e-06
0.011289062499999999 2.0227629930415155e-06
0.011328125 2.0290728940565178e-06
0.011367187500000001 2.0353783599815621e-06
0.01140625 2.0416793939339707e-06
0.011445312499999999 2.0479759990288804e-06
0.011484375 2.0542681783792373e-06
0.011523437500000001 2.0605559350958017e-06
0.0115625 2.0668392722871395e-06
0.011601562499999999 2.0731181930596421e-06
0.011640625 2.0793927005175093e-06
0.011679687500000001 2.0856627977627627e-06
0.01171875 2.0919284878952439e-06
0.011757812499999999 2.0981897740126124e-06
0.011796875 2.1044466592103556e-06
0.011875 2.1169472392180245e-06
0.011953125 2.1294302526386395e-06
0.01203125 2.1418957241578492e-06
0.012109375 2.1543436784266155e-06
0.0121875 2.1667741400612591e-06
0.012265625 2.1791871336435062e-06
0.012343750000000001 2.1915826837205424e-06
0.012421875000000001 2.2039608148050543e-06
0.012500000000000001 2.2163215513752837e-06
0.012578125000000001 2.2286649178750757e-06
0.012656250000000001 2.2409909387139219e-06
0.012734375000000001 2.2532996382670155e-06
0.012812500000000001 2.2655910408752938e-06
0.012890625000000001 2.27786517084549e-06
0.012968750000000001 2.2901220524501792e-06
0.013046875000000001 2.3023617099278281e-06
0.013125000000000001 2.3145841674828402e-06
0.013203125000000001 2.326789449285609e-06
0.013281250000000001 2.3389775794725576e-06
0.013359375000000001 2.3511485821461954e-06
0.013437500000000002 2.3633024813751588e-06
0.013515625000000002 2.375439301194261e-06
0.013593750000000002 2.3875590656045434e-06
0.013671875 2.3996617985733157e-06
0.01375 2.4117475240342118e-06
0.013828125 2.4238162658872264e-06
0.013906249999999998 2.4358680479987735e-06
0.013984374999999999 2.4479028942017285e-06
0.014062499999999999 2.4599208282954698e-06
0.014140624999999999 2.4719218740459392e-06
0.014218749999999999 2.4839060551856761e-06
0.014296874999999999 2.4958733954138695e-06
0.014374999999999999 2.5078239183964081e-06
0.014453124999999999 2.51975764776592e-06
0.014531249999999999 2.5316746071218281e-06
0.014609374999999999 2.5435748200303858e-06
0.014687499999999999 2.5554583100247313e-06
0.014765624999999999 2.5673251006049403e-06
0.014843749999999999 2.5791752152380529e-06
0.014921874999999999 2.5910086773581402e-06
0.014999999999999999 2.6028255103663399e-06
0.015078125 2.6146257376309023e-06
0.01515625 2.6264093824872442e-06
0.015234375 2.6381764682379864e-06
0.0153125 2.6499270181530036e-06
0.015390625 2.6616610554694724e-06
0.01546875 2.6733786033919146e-06
0.015546875 2.6850796850922404e-06
0.015625 2.6967643237098009e-06
0.015703124999999998 2.7084325423514283e-06
0.01578125 2.7200843640914876e-06
0.015859375000000002 2.7317198119719114e-06
0.0159375 2.7433389090022578e-06
0.016015624999999999 2.7549416781597503e-06
0.01609375 2.7665281423893191e-06
0.016171875000000002 2.7780983246036566e-06
0.016250000000000001 2.7896522476832505e-06
0.016328124999999999 2.8011899344764404e-06
0.016406250000000001 2.8127114077994578e-06
0.016484375000000002 2.8242166904364686e-06
0.016562500000000001 2.8357058051396215e-06
0.016640624999999999 2.8471787746290951e-06
0.016718750000000001 2.8586356215931382e-06
0.016796875000000003 2.8700763686881161e-06
0.016875000000000001 2.8815010385385563e-06
0.016953124999999999 2.8929096537371948e-06
0.017031250000000001 2.9043022368450182e-06
0.017109375000000003 2.9156788103913058e-06
0.017187500000000001 2.9270393968736813e-06
0.017265625 2.9383840187581529e-06
0.017343750000000002 2.9497126984791547e-06
0.017421875000000003 2.9610254584396011e-06
0.017500000000000002 2.9723223210109152e-06
0.017578125 2.9836033085330919e-06
0.017656250000000002 2.9948684433147273e-06
0.017734375000000004 3.0061177476330678e-06
0.017812500000000002 3.0173512437340573e-06
0.017890625 3.0285689538323759e-06
0.017968750000000002 3.039770900111489e-06
0.018046875000000004 3.0509571047236845e-06
0.018125000000000002 3.0621275897901232e-06
0.018203125000000001 3.0732823774008785e-06
0.018281250000000002 3.0844214896149844e-06
0.018359375000000004 3.0955449484604728e-06
0.018437500000000002 3.1066527759344215e-06
0.018515625000000001 3.1177449940029961e-06
0.018593750000000003 3.1288216246014968e-06
0.018671875000000004 3.1398826896343959e-06
0.018750000000000003 3.1509282109753845e-06
0.018828125000000001 3.1619582104674171e-06
0.018906250000000003 3.1729727099227526e-06
0.018984375000000005 3.1839717311229951e-06
0.019062500000000003 3.1949552958191444e-06
0.019140625000000001 3.2059234257316309e-06
0.019218750000000003 3.216876142550367e-06
0.019296875000000005 3.2278134679347767e-06
0.019375000000000003 3.2387354235138545e-06
0.019453125000000002 3.2496420308861976e-06
0.019531250000000003 3.2605333116200512e-06
0.019609375000000005 3.2714092872533518e-06
0.019687500000000004 3.2822699792937705e-06
0.019765625000000002 3.2931154092187528e-06
0.01984375 3.3039455984755627e-06
0.019921874999999999 3.3147605684813291e-06
0.02 3.3255603406230784e-06
0.020078125000000002 3.3363449362577853e-06
0.020156250000000001 3.3471143767124142e-06
0.020234374999999999 3.3578686832839573e-06
0.020312499999999997 3.3686078772394781e-06
0.020390624999999996 3.3793319798161565e-06
0.020468749999999997 3.3900410122213287e-06
0.020546874999999999 3.4007349956325264e-06
0.020624999999999998 3.4114139511975251e-06
0.020703124999999996 3.4220779000343774e-06
0.020781249999999998 3.4327268632314648e-06
0.020859374999999999 3.4433608618475299e-06
0.020937499999999998 3.4539799169117241e-06
0.021015624999999996 3.4645840494236468e-06
0.021093749999999998 3.4751732803533883e-06
0.021171875 3.48574763064157e-06
0.021249999999999998 3.496307121199385e-06
0.021328124999999996 3.5068517729086425e-06
0.021406249999999998 3.5173816066218073e-06
0.021484375 3.5278966431620386e-06
0.021562499999999998 3.5383969033232377e-06
0.021640624999999997 3.5488824078700797e-06
0.021718749999999998 3.5593531775380667e-06
0.021796875 3.5698092330335544e-06
0.021874999999999999 3.5802505950338054e-06
0.021953124999999997 3.5906772841870253e-06
0.022031249999999999 3.6010893211124019e-06
0.022109375000000001 3.6114867264001494e-06
0.022187499999999999 3.6218695206115451e-06
0.022265624999999997 3.632237724278973e-06
0.022343749999999999 3.6425913579059656e-06
0.022421875000000001 3.6529304419672409e-06
0.022499999999999999 3.6632549969087448e-06
0.022578124999999998 3.6735650431476914e-06
0.022656249999999999 3.6838606010726014e-06
0.022734375000000001 3.6941416910433504e-06
0.022812499999999999 3.7044083333911947e-06
0.022890624999999998 3.7146605484188241e-06
0.02296875 3.7248983564004014e-06
0.023046875000000001 3.7351217775815916e-06
0.023125 3.7453308321796129e-06
0.023203124999999998 3.7555255403832754e-06
0.02328125 3.7657059223530144e-06
0.023359375000000002 3.7758719982209354e-06
0.0234375 3.7860237880908546e-06
0.023515624999999998 3.7961613120383372e-06
0.02359375 3.8062845901107357e-06
0.023671875000000002 3.8163936423272309e-06
0.02375 3.8264884886788718e-06
0.023828124999999999 3.8365691491286148e-06
0.02390625 3.8466356436113625e-06
0.023984375000000002 3.8566879920340053e-06
0.024062500000000001 3.8667262142754562e-06
0.024140624999999999 3.876750330186697e-06
0.024218750000000001 3.8867603595908119e-06
0.024296875000000002 3.896756322283027e-06
0.024375000000000001 3.9067382380307526e-06
0.024453124999999999 3.9167061265736206e-06
0.024531250000000001 3.9266600076235233e-06
0.024609375000000003 3.9365999008646527e-06
0.024687500000000001 3.9465258259535374e-06
0.024765624999999999 3.9564378025190868e-06
0.024843750000000001 3.9663358501626259e-06
0.024921875000000003 3.9762199884579333e-06
0.025000000000000001 3.9860902369512794e-06
0.025078125 3.9959466151614719e-06
0.025156250000000002 4.0057891425798852e-06
0.025234375000000003 4.0156178386705094e-06
0.025312500000000002 4.025432722869971e-06
0.025390625 4.035233814587596e-06
0.025468750000000002 4.0450211332054264e-06
0.025546875000000004 4.0547946980782715e-06
0.025625000000000002 4.0645545285337394e-06
0.025703125 4.0743006438722805e-06
0.025781250000000002 4.0840330633672222e-06
0.025859375000000004 4.0937518062648058e-06
0.025937500000000002 4.1034568917842282e-06
0.026015625000000001 4.1131483391176797e-06
0.026093750000000002 4.1228261674303786e-06
0.026171875000000004 4.1324903958606132e-06
0.026250000000000002 4.1421410435197721e-06
0.026328125000000001 4.1517781294923933e-06
0.026406250000000003 4.1614016728361941e-06
0.026484375000000004 4.1710116925821107e-06
0.026562500000000003 4.1806082077343344e-06
0.026640625000000001 4.1901912372703539e-06
0.026718750000000003 4.1997608001409862e-06
0.026796875000000005 4.2093169152704188e-06
0.026875000000000003 4.2188596015562455e-06
0.026953125000000001 4.2283888778695058e-06
0.027031250000000003 4.2379047630547168e-06
0.027109375000000005 4.2474072759299189e-06
0.027187500000000003 4.2568964352867026e-06
0.027265625000000002 4.266372259890256e-06
0.02734375 4.2758347684793958e-06
0.027421874999999998 4.2852839797666045e-06
0.0275 4.294719912438071e-06
0.027578125000000002 4.304142585153721e-06
0.02765625 4.3135520165472655e-06
0.027734374999999999 4.3229482252262201e-06
0.027812499999999997 4.3323312297719626e-06
0.027890624999999995 4.341701048739751e-06
0.027968749999999997 4.3510577006587714e-06
0.028046874999999999 4.3604012040321766e-06
0.028124999999999997 4.3697315773371034e-06
0.028203124999999996 4.379048839024739e-06
0.028281249999999997 4.3883530075203345e-06
0.028359374999999999 4.3976441012232498e-06
0.028437499999999998 4.4069221385069879e-06
0.028515624999999996 4.4161871377192305e-06
0.028593749999999998 4.4254391171818829e-06
0.028671874999999999 4.4346780951910965e-06
0.028749999999999998 4.4439040900173135e-06
0.028828124999999996 4.4531171199053043e-06
0.028906249999999998 4.4623172030741961e-06
0.028984375 4.4715043577175198e-06
0.029062499999999998 4.4806786020032283e-06
0.029140624999999996 4.4898399540737584e-06
0.029218749999999998 4.4989884320460413e-06
0.029296875 4.508124054011553e-06
0.029374999999999998 4.5172468380363441e-06
0.029453124999999997 4.5263568021610813e-06
0.029531249999999998 4.5354539644010772e-06
0.029609375 4.5445383427463307e-06
0.029687499999999999 4.5536099551615526e-06
0.029765624999999997 4.5626688195862188e-06
0.029843749999999999 4.5717149539345858e-06
0.029921875000000001 4.5807483760957454e-06
0.029999999999999999 4.5897691039336428e-06
0.030078124999999997 4.5987771552871232e-06
0.030156249999999999 4.6077725479699643e-06
0.030234375000000001 4.6167552997709052e-06
0.030312499999999999 4.6257254284536962e-06
0.030390624999999998 4.6346829517571182e-06
0.030468749999999999 4.6436278873950282e-06
0.030546875000000001 4.6525602530563826e-06
0.030624999999999999 4.6614800664052956e-06
0.030703124999999998 4.6703873450810411e-06
0.03078125 4.6792821066981173e-06
0.030859375000000001 4.688164368846267e-06
0.0309375 4.6970341490905099e-06
0.031015624999999998 4.705891464971189e-06
0.03109375 4.7147363340039927e-06
0.031171875000000002 4.7235687736800007e-06
0.03125 4.7323888014657082e-06
0.031328124999999998 4.7411964348030686e-06
0.031406249999999997 4.7499916911095229e-06
0.031484374999999995 4.7587745877780365e-06
0.0315625 4.7675451421771359e-06
0.031640625000000006 4.7763033716509355e-06
0.031718750000000004 4.7850492935191803e-06
0.031796875000000002 4.7937829250772743e-06
0.031875000000000001 4.8025042835963185e-06
0.031953124999999999 4.8112133863231429e-06
0.032031249999999997 4.8199102504803404e-06
0.032109374999999996 4.8285948932663044e-06
0.032187500000000001 4.8372673318552555e-06
0.032265625000000006 4.8459275833972867e-06
0.032343750000000004 4.8545756650183808e-06
0.032421875000000003 4.8632115938204635e-06
0.032500000000000001 4.8718353868814241e-06
0.032578124999999999 4.880447061255152e-06
0.032656249999999998 4.8890466339715732e-06
0.032734374999999996 4.897634122036681e-06
0.032812500000000001 4.9062095424325719e-06
0.032890625000000007 4.9147729121174775e-06
0.032968750000000005 4.9233242480257979e-06
0.033046875000000003 4.931863567068136e-06
0.033125000000000002 4.940390886131332e-06
0.033203125 4.948906222078498e-06
0.033281249999999998 4.9574095917490413e-06
0.033359374999999997 4.965901011958714e-06
0.033437500000000002 4.9743804994996349e-06
0.033515625000000007 4.9828480711403241e-06
0.033593750000000006 4.9913037436257334e-06
0.033671875000000004 4.9997475336772928e-06
0.033750000000000002 5.0081794579929277e-06
0.033828125000000001 5.0165995332471018e-06
0.033906249999999999 5.0250077760908456e-06
0.033984374999999997 5.0334042031517892e-06
0.034062500000000002 5.0417888310342002e-06
0.034140625000000008 5.0501616763190077e-06
0.034218750000000006 5.0585227555638448e-06
0.034296875000000004 5.0668720853030735e-06
0.034375000000000003 5.0752096820478238e-06
0.034453125000000001 5.0835355622860216e-06
0.034531249999999999 5.0918497424824212e-06
0.034609374999999998 5.1001522390786444e-06
0.034687500000000003 5.1084430684932011e-06
0.034765625000000008 5.1167222471215386e-06
0.034843750000000007 5.1249897913360535e-06
0.034921875000000005 5.1332457174861435e-06
0.035000000000000003 5.1414900418982264e-06
0.035078125000000002 5.1497227808757779e-06
0.03515625 5.1579439506993635e-06
0.035234374999999998 5.1661535676266727e-06
0.035312500000000004 5.1743516478925461e-06
0.035390625000000009 5.1825382077090074e-06
0.035468750000000007 5.1907132632653031e-06
0.035546875000000006 5.1988768307279244e-06
0.035625000000000004 5.2070289262406552e-06
0.035703125000000002 5.2151695659245755e-06
0.035781250000000001 5.2232987658781293e-06
0.035859374999999999 5.2314165421771253e-06
0.035937500000000004 5.2395229108747867e-06
0.036015625000000009 5.2476178880017797e-06
0.036093750000000008 5.2557014895662357e-06
0.036171875000000006 5.2637737315537961e-06
0.036250000000000004 5.2718346299276394e-06
0.036328125000000003 5.2798842006285098e-06
0.036406250000000001 5.2879224595747475e-06
0.036484374999999999 5.2959494226623318e-06
0.036562500000000005 5.3039651057648922e-06
0.03664062500000001 5.3119695247337619e-06
0.036718750000000008 5.3199626953979918e-06
0.036796875000000007 5.327944633564394e-06
0.036875000000000005 5.3359153550175632e-06
0.036953125000000003 5.3438748755199167e-06
0.037031250000000002 5.3518232108117204e-06
0.037109375 5.3597603766111183e-06
0.037187500000000005 5.3676863886141714e-06
0.037265625000000011 5.3756012624948794e-06
0.037343750000000009 5.3835050139052161e-06
0.037421875000000007 5.3913976584751596e-06
0.037500000000000006 5.39927921181273e-06
0.037578125000000004 5.4071496895040071e-06
0.037656250000000002 5.4150091071131686e-06
0.037812500000000006 5.4306948242325438e-06
0.037968750000000009 5.4463364872474104e-06
0.038125000000000006 5.4619342198858473e-06
0.038281250000000003 5.4774881455284386e-06
0.038437500000000006 5.4929983872092493e-06
0.03859375000000001 5.5084650676167928e-06
0.038750000000000007 5.5238883090950096e-06
0.038906250000000003 5.5392682336442295e-06
0.039062500000000007 5.5546049629221404e-06
0.039218750000000011 5.5698986182447465e-06
0.039375000000000007 5.5851493205873304e-06
0.039531250000000004 5.6003571905854104e-06
0.039687500000000001 5.6155223485356925e-06
0.039843749999999997 5.6306449143970255e-06
0.040000000000000001 5.6457250077913496e-06
0.040156250000000004 5.6607627480046384e-06
0.040312500000000001 5.6757582539878386e-06
0.040468749999999998 5.6907116443578306e-06
0.040624999999999994 5.7056230373983432e-06
0.040781249999999991 5.7204925510609028e-06
0.040937499999999995 5.7353203029657668e-06
0.041093749999999998 5.7501064104028433e-06
0.041249999999999995 5.7648509903326306e-06
0.041406249999999992 5.7795541593871389e-06
0.041562499999999995 5.794216033870807e-06
0.041718749999999999 5.8088367297614292e-06
0.041874999999999996 5.8234163627110722e-06
0.042031249999999992 5.837955048046986e-06
0.042187499999999996 5.8524529007725179e-06
0.042343749999999999 5.8669100355680268e-06
0.042499999999999996 5.8813265667917809e-06
0.042656249999999993 5.8957026084808702e-06
0.042812499999999996 5.9100382743521055e-06
0.04296875 5.9243336778029197e-06
0.043124999999999997 5.9385889319122621e-06
0.043281249999999993 5.9528041494414927e-06
0.043437499999999997 5.9669794428352824e-06
0.043593750000000001 5.9811149242224831e-06
0.043749999999999997 5.9952107054170392e-06
0.043906249999999994 6.0092668979188561e-06
0.044062499999999998 6.0232836129146862e-06
0.044218750000000001 6.0372609612790084e-06
0.044374999999999998 6.051199053574902e-06
0.044531249999999994 6.0650980000549319e-06
0.044687499999999998 6.0789579106620068e-06
0.044843750000000002 6.0927788950302557e-06
0.044999999999999998 6.1065610624859001e-06
0.045156249999999995 6.1203045220481087e-06
0.045312499999999999 6.1340093824298637e-06
0.045468750000000002 6.147675752038826e-06
0.045624999999999999 6.1613037389781863e-06
0.045781249999999996 6.1748934510475194e-06
0.045937499999999999 6.1884449957436413e-06
0.046093750000000003 6.2019584802614632e-06
0.046249999999999999 6.2154340114948253e-06
0.046406249999999996 6.2288716960373563e-06
0.0465625 6.2422716401833131e-06
0.046718750000000003 6.2556339499284151e-06
0.046875 6.2689587309706892e-06
0.047031249999999997 6.2822460887113062e-06
0.0471875 6.2954961282554139e-06
0.047343750000000004 6.3087089544129619e-06
0.047500000000000001 6.3218846716995353e-06
0.047656249999999997 6.3350233843371899e-06
0.047812500000000001 6.3481251962552641e-06
0.047968750000000004 6.3611902110912029e-06
0.048125000000000001 6.3742185321913826e-06
0.048281249999999998 6.3872102626119302e-06
0.048437500000000001 6.4001655051195314e-06
0.048593750000000005 6.413084362192242e-06
0.048750000000000002 6.4259669360203088e-06
0.048906249999999998 6.4388133285069731e-06
0.049062500000000002 6.4516236412692725e-06
0.049218750000000006 6.4643979756388478e-06
0.049375000000000002 6.4771364326627501e-06
0.049531249999999999 6.4898391131042257e-06
0.049687500000000002 6.5025061174435345e-06
0.049843750000000006 6.515137545878722e-06
0.050000000000000003 6.5277334983264257e-06
0.050156249999999999 6.5402940744226662e-06
0.050312500000000003 6.5528193735236265e-06
0.050468750000000007 6.5653094947064462e-06
0.050625000000000003 6.5777645367700004e-06
0.05078125 6.5901845982356821e-06
0.050937500000000004 6.602569777348184e-06
0.051093750000000007 6.614920172076271e-06
0.051250000000000004 6.6272358801135596e-06
0.051406250000000001 6.6395169988792894e-06
0.051562500000000004 6.6517636255190957e-06
0.051718750000000008 6.663975856905771e-06
0.051875000000000004 6.676153789640033e-06
0.052031250000000001 6.6882975200513e-06
0.052187500000000005 6.7004071441984419e-06
0.052343750000000008 6.7124827578705387e-06
0.052500000000000005 6.7245244565876422e-06
0.052656250000000002 6.7365323356015364e-06
0.052812500000000005 6.7485064898964836e-06
0.052968750000000009 6.7604470141899761e-06
0.053125000000000006 6.77235400293349e-06
0.053281250000000002 6.7842275503132273e-06
0.053437500000000006 6.7960677502508684e-06
0.053593750000000009 6.8078746964043026e-06
0.053750000000000006 6.8196484821683794e-06
0.053906250000000003 6.8313892006756504e-06
0.054062500000000006 6.8430969447970933e-06
0.05421875000000001 6.854771807142852e-06
0.054375000000000007 6.8664138800629739e-06
0.054531250000000003 6.8780232556481346e-06
0.0546875 6.8896000257303707e-06
0.054843749999999997 6.9011442818838034e-06
0.055 6.9126561154253622e-06
0.055156250000000004 6.9241356174155097e-06
0.055312500000000001 6.9355828786589595e-06
0.055468749999999997 6.9469979897053954e-06
0.055624999999999994 6.9583810408501898e-06
0.055781249999999991 6.9697321221351151e-06
0.055937499999999994 6.9810513233490586e-06
0.056093749999999998 6.992338734028728e-06
0.056249999999999994 7.0035944434593625e-06
0.056406249999999991 7.0148185406754453e-06
0.056562499999999995 7.0260111144613954e-06
0.056718749999999998 7.0371722533522786e-06
0.056874999999999995 7.0483020456345035e-06
0.057031249999999992 7.0594005793465282e-06
0.057187499999999995 7.0704679422795449e-06
0.057343749999999999 7.0815042219781789e-06
0.057499999999999996 7.0925095057411906e-06
0.057656249999999992 7.1034838806221438e-06
0.057812499999999996 7.1144274334301215e-06
0.057968749999999999 7.1253402507303909e-06
0.058124999999999996 7.1362224188451002e-06
0.058281249999999993 7.1470740238539549e-06
0.058437499999999996 7.1578951515949038e-06
0.05859375 7.1686858876648148e-06
0.058749999999999997 7.1794463174201508e-06
0.058906249999999993 7.1901765259776493e-06
0.059062499999999997 7.2008765982149947e-06
0.059218750000000001 7.2115466187714834e-06
0.059374999999999997 7.2221866720487019e-06
0.059531249999999994 7.2327968422111888e-06
0.059687499999999998 7.2433772131871047e-06
0.059843750000000001 7.2539278686688909e-06
0.059999999999999998 7.264448892113938e-06
0.060156249999999994 7.2749403667452362e-06
0.060312499999999998 7.2854023755520491e-06
0.060468750000000002 7.2958350012905508e-06
0.060624999999999998 7.3062383264844985e-06
0.060781249999999995 7.3166124334258721e-06
0.060937499999999999 7.3269574041755327e-06
0.061093750000000002 7.3372733205638722e-06
0.061249999999999999 7.3475602641914528e-06
0.061406249999999996 7.3578183164296592e-06
0.061562499999999999 7.3680475584213408e-06
0.061718750000000003 7.3782480710814553e-06
0.061874999999999999 7.3884199350977021e-06
0.062031249999999996 7.39856323093117e-06
0.0621875 7.4086780388169676e-06
0.062343750000000003 7.4187644387648555e-06
0.0625 7.4288225105598867e-06
0.062656249999999997 7.4388523337630351e-06
0.062812499999999993 7.4488539877118194e-06
0.06296874999999999 7.4588275515209398e-06
0.063125000000000001 7.4687731040828943e-06
0.063281250000000011 7.4786907240686112e-06
0.063437500000000008 7.488580489928064e-06
0.063593750000000004 7.4984424798908988e-06
0.063750000000000001 7.5082767719670451e-06
0.063906249999999998 7.518083443947349e-06
0.064062499999999994 7.5278625734041593e-06
0.064218749999999991 7.5376142376919771e-06
0.064375000000000002 7.5473385139480374e-06
0.064531250000000012 7.5570354790929393e-06
0.064687500000000009 7.5667052098312371e-06
0.064843750000000006 7.5763477826520668e-06
0.065000000000000002 7.5859632738297331e-06
0.065156249999999999 7.595551759424326e-06
0.065312499999999996 7.6051133152823148e-06
0.065468749999999992 7.6146480170371474e-06
0.065625000000000003 7.6241559401098598e-06
0.065781250000000013 7.6336371597096551e-06
0.06593750000000001 7.6430917508345092e-06
0.066093750000000007 7.6525197882717682e-06
0.066250000000000003 7.6619213465987274e-06
0.06640625 7.6712965001832346e-06
0.066562499999999997 7.6806453231842644e-06
0.066718749999999993 7.6899678895525195e-06
0.066875000000000004 7.6992642730310052e-06
0.067031250000000014 7.7085345471556135e-06
0.067187500000000011 7.7177787852557113e-06
0.067343750000000008 7.7269970604547125e-06
0.067500000000000004 7.7361894456706649e-06
0.067656250000000001 7.7453560136168187e-06
0.067812499999999998 7.754496836802208e-06
0.067968749999999994 7.7636119875322163e-06
0.068125000000000005 7.7727015379091595e-06
0.068281250000000016 7.7817655598328535e-06
0.068437500000000012 7.7908041250011643e-06
0.068593750000000009 7.7998173049106133e-06
0.068750000000000006 7.8088051708569022e-06
0.068906250000000002 7.8177677939355041e-06
0.069062499999999999 7.8267052450422147e-06
0.069218749999999996 7.8356175948737137e-06
0.069375000000000006 7.8445049139281283e-06
0.069531250000000017 7.8533672725055913e-06
0.069687500000000013 7.8622047407087808e-06
0.06984375000000001 7.8710173884435053e-06
0.070000000000000007 7.8798052854192279e-06
0.070156250000000003 7.8885685011496302e-06
0.0703125 7.8973071049531714e-06
0.070468749999999997 7.9060211659536098e-06
0.070625000000000007 7.9147107530805826e-06
0.070781250000000018 7.9233759350701223e-06
0.070937500000000014 7.9320167804652158e-06
0.071093750000000011 7.9406333576163482e-06
0.071250000000000008 7.9492257346820398e-06
0.071406250000000004 7.9577939796293748e-06
0.071562500000000001 7.9663381602345534e-06
0.071718749999999998 7.9748583440834304e-06
0.071875000000000008 7.9833545985720288e-06
0.072031250000000019 7.9918269909070987e-06
0.072187500000000016 8.000275588106629e-06
0.072343750000000012 8.0087004570003875e-06
0.072500000000000009 8.017101664230448e-06
0.072656250000000006 8.0254792762517139e-06
0.072812500000000002 8.0338333593324516e-06
0.072968749999999999 8.0421639795548105e-06
0.073125000000000009 8.0504712028153334e-06
0.07328125000000002 8.0587550948255045e-06
0.073437500000000017 8.0670157211122452e-06
0.073593750000000013 8.0752531470184399e-06
0.07375000000000001 8.0834674377034635e-06
0.073906250000000007 8.0916586581436743e-06
0.074062500000000003 8.0998268731329574e-06
0.07421875 8.1079721472832046e-06
0.074375000000000011 8.1160945450248529e-06
0.074531250000000021 8.1241941306073791e-06
0.074687500000000018 8.1322709680998167e-06
0.074843750000000014 8.1403251213912502e-06
0.075000000000000011 8.1483566541913323e-06
0.075156250000000008 8.1563656300307833e-06
0.075312500000000004 8.1643521122618993e-06
0.075468750000000001 8.1723161640590436e-06
0.075625000000000012 8.1802578484191498e-06
0.075781250000000022 8.1881772281622235e-06
0.075937500000000019 8.1960743659318415e-06
0.076093750000000016 8.2039493241956334e-06
0.076250000000000012 8.2118021652457929e-06
0.076406250000000009 8.2196329511995574e-06
0.076562500000000006 8.2274417439997129e-06
0.076718750000000002 8.2352286054150697e-06
0.076875000000000013 8.2429935970409575e-06
0.077031250000000023 8.2507367802997163e-06
0.07718750000000002 8.258458216441171e-06
0.077343750000000017 8.2661579665431344e-06
0.077500000000000013 8.2738360915118697e-06
0.07765625000000001 8.2814926520825868e-06
0.077812500000000007 8.2891277088199136e-06
0.077968750000000003 8.2967413221183833e-06
0.078125000000000014 8.3043335522029076e-06
0.078281250000000024 8.3119044591292506e-06
0.078437500000000021 8.319454102784507e-06
0.078593750000000018 8.3269825428875809e-06
0.078750000000000014 8.3344898389896455e-06
0.078906250000000011 8.3419760504746274e-06
0.079062500000000008 8.3494412365596687e-06
0.079218750000000004 8.3568854562955952e-06
0.079375000000000001 8.3643087685673852e-06
0.079531249999999998 8.3717112320946406e-06
0.079687499999999994 8.3790929054320443e-06
0.079843749999999991 8.3864538469698194e-06
0.080000000000000002 8.3937941149342083e-06
0.080156250000000012 8.4011137673879119e-06
0.080312500000000009 8.4084128622305582e-06
0.080468750000000006 8.4156914571991743e-06
0.080625000000000002 8.4229496098686189e-06
0.080781249999999999 8.4301873776520473e-06
0.080937499999999996 8.4374048178013803e-06
0.081093749999999992 8.4446019874077262e-06
0.081249999999999989 8.4517789434018617e-06
0.081406249999999986 8.4589357425546675e-06
0.081562499999999982 8.4660724414775839e-06
0.081718749999999979 8.4731890966230443e-06
0.081874999999999989 8.4802857642849482e-06
0.08203125 8.4873625005990795e-06
0.082187499999999997 8.4944193615435603e-06
0.082343749999999993 8.5014564029393035e-06
0.08249999999999999 8.5084736804504481e-06
0.082656249999999987 8.5154712495847842e-06
0.082812499999999983 8.5224491656942175e-06
0.08296874999999998 8.5294074839751926e-06
0.083124999999999991 8.5363462594691251e-06
0.083281250000000001 8.5432655470628554e-06
0.083437499999999998 8.5501654014890625e-06
0.083593749999999994 8.5570458773267089e-06
0.083749999999999991 8.5639070290014682e-06
0.083906249999999988 8.5707489107861632e-06
0.084062499999999984 8.5775715768011797e-06
0.084218749999999981 8.584375081014907e-06
0.084374999999999992 8.5911594772441643e-06
0.084531250000000002 8.597924819154618e-06
0.084687499999999999 8.6046711602612169e-06
0.084843749999999996 8.6113985539286086e-06
0.084999999999999992 8.6181070533715652e-06
0.085156249999999989 8.6247967116553947e-06
0.085312499999999986 8.6314675816963817e-06
0.085468749999999982 8.6381197162621782e-06
0.085624999999999993 8.644753167972248e-06
0.085781250000000003 8.6513679892982629e-06
0.0859375 8.6579642325645295e-06
0.086093749999999997 8.6645419499483925e-06
0.086249999999999993 8.6711011934806618e-06
0.08640624999999999 8.6776420150460136e-06
0.086562499999999987 8.6841644663834021e-06
0.086718749999999983 8.6906685990864683e-06
0.086874999999999994 8.697154464603956e-06
0.087031250000000004 8.7036221142401037e-06
0.087187500000000001 8.7100715991550678e-06
0.087343749999999998 8.7165029703653176e-06
0.087499999999999994 8.7229162787440294e-06
0.087656249999999991 8.7293115750215178e-06
0.087812499999999988 8.7356889097856023e-06
0.087968749999999984 8.7420483334820331e-06
0.088124999999999995 8.748389896414879e-06
0.088281250000000006 8.7547136487469253e-06
0.088437500000000002 8.7610196405000736e-06
0.088749999999999996 8.7735785416552403e-06
0.089062499999999989 8.7860669972529046e-06
0.089374999999999996 8.7984854024366505e-06
0.089687500000000003 8.8108341501336118e-06
0.089999999999999997 8.8231136310669227e-06
0.09031249999999999 8.835324233768048e-06
0.090624999999999997 8.8474663445891168e-06
0.090937500000000004 8.8595403477151105e-06
0.091249999999999998 8.8715466251760471e-06
0.091562499999999991 8.8834855568590492e-06
0.091874999999999998 8.8953575205203726e-06
0.092187500000000006 8.9071628917973555e-06
0.092499999999999999 8.9189020442203129e-06
0.092812499999999992 8.9305753492243391e-06
0.093124999999999999 8.9421831761610799e-06
0.093437500000000007 8.9537258923103976e-06
0.09375 8.9652038628920129e-06
0.094062499999999993 8.9766174510770398e-06
0.094375000000000001 8.9879670179995e-06
0.094687500000000008 8.9992529227677308e-06
0.095000000000000001 9.0104755224757491e-06
0.095312499999999994 9.0216351722145673e-06
0.095625000000000002 9.0327322250834034e-06
0.095937500000000009 9.0437670322008751e-06
0.096250000000000002 9.0547399427160962e-06
0.096562499999999996 9.065651303819725e-06
0.096875000000000003 9.0765014607549656e-06
0.09718750000000001 9.0872907568284611e-06
0.097500000000000003 9.0980195334211842e-06
0.097812499999999997 9.1086881299992305e-06
0.098125000000000004 9.1192968841245522e-06
0.098437500000000011 9.1298461314656453e-06
0.098750000000000004 9.1403362058081672e-06
0.099062499999999998 9.1507674390655051e-06
0.099375000000000005 9.1611401612892666e-06
0.099687500000000012 9.171454700679731e-06
0.10000000000000001 9.1817113835962316e-06
0.1003125 9.1919105345674853e-06
0.10062500000000001 9.202052476301849e-06
0.10093750000000001 9.2121375296975481e-06
0.10125000000000001 9.2221660138528155e-06
0.1015625 9.2321382460759934e-06
0.10187500000000001 9.242054541895574e-06
0.10218750000000001 9.2519152150701827e-06
0.10250000000000001 9.2617205775985035e-06
0.1028125 9.2714709397291554e-06
0.10312500000000001 9.2811666099704995e-06
0.10343750000000002 9.2908078951004153e-06
0.10375000000000001 9.3003951001759909e-06
0.1040625 9.3099285285431909e-06
0.10437500000000001 9.3194084818464382e-06
0.10468750000000002 9.3288352600381749e-06
0.10500000000000001 9.3382091613883378e-06
0.1053125 9.3475304824938093e-06
0.10562500000000001 9.3567995182877888e-06
0.10593750000000002 9.3660165620491393e-06
0.10625000000000001 9.3751819054116533e-06
0.1065625 9.3842958383732879e-06
0.10687500000000001 9.3933586493053392e-06
0.10718750000000002 9.4023706249615638e-06
0.10750000000000001 9.4113320504872566e-06
0.10781250000000001 9.4202432094282721e-06
0.10812500000000001 9.4291043837399896e-06
0.10843750000000002 9.4379158537962403e-06
0.10875000000000001 9.4466778983981815e-06
0.10906250000000001 9.4553907947831103e-06
0.109375 9.4640548186332409e-06
0.10968749999999999 9.4726702440844306e-06
0.11 9.4812373437348379e-06
0.11031250000000001 9.4897563886535663e-06
0.110625 9.498227648389234e-06
0.11093749999999999 9.5066513909784984e-06
0.11124999999999999 9.5150278829545423e-06
0.11156249999999998 9.5233573893555078e-06
0.11187499999999999 9.5316401737328778e-06
0.1121875 9.5398764981598165e-06
0.11249999999999999 9.5480666232394645e-06
0.11281249999999998 9.5562108081131834e-06
0.11312499999999999 9.5643093104687499e-06
0.1134375 9.5723623865485163e-06
0.11374999999999999 9.5803702911575114e-06
0.11406249999999998 9.5883332776715164e-06
0.11437499999999999 9.5962515980450604e-06
0.1146875 9.6041255028194151e-06
0.11499999999999999 9.6119552411304975e-06
0.11531249999999998 9.6197410607167812e-06
0.11562499999999999 9.6274832079271143e-06
0.1159375 9.635181927728516e-06
0.11624999999999999 9.6428374637139347e-06
0.11656249999999999 9.6504500581099534e-06
0.11687499999999999 9.6580199517844514e-06
0.1171875 9.6655473842542276e-06
0.11749999999999999 9.6730325936925802e-06
0.11781249999999999 9.6804758169368331e-06
0.11812499999999999 9.6878772894958473e-06
0.1184375 9.695237245557453e-06
0.11874999999999999 9.7025559179958813e-06
0.11906249999999999 9.7098335383791117e-06
0.119375 9.7170703369762e-06
0.1196875 9.7242665427645923e-06
0.12 9.7314223834373291e-06
0.12031249999999999 9.7385380854102833e-06
0.120625 9.7456138738293047e-06
0.1209375 9.7526499725773478e-06
0.12125 9.7596466042815696e-06
0.12156249999999999 9.7666039903203479e-06
0.121875 9.7735223508303088e-06
0.1221875 9.7804019047132785e-06
0.1225 9.7872428696432161e-06
0.12281249999999999 9.7940454620730961e-06
0.123125 9.8008098972417644e-06
0.12343750000000001 9.8075363891807436e-06
0.12375 9.8142251507210003e-06
0.12406249999999999 9.8208763934996864e-06
0.124375 9.8274903279668437e-06
0.12468750000000001 9.8340671633920365e-06
0.125 9.8406071078709988e-06
0.12531249999999999 9.8471103683322076e-06
0.12562499999999999 9.8535771505434304e-06
0.12593749999999998 9.860007659118242e-06
0.12625 9.8664020975224808e-06
0.12656250000000002 9.8727606680807152e-06
0.12687500000000002 9.8790835719826182e-06
0.12718750000000001 9.8853710092893486e-06
0.1275 9.8916231789398825e-06
0.1278125 9.8978402787572891e-06
0.12812499999999999 9.9040225054550178e-06
0.12843749999999998 9.9101700546430933e-06
0.12875 9.9162831208343342e-06
0.12906250000000002 9.9223618974504812e-06
0.12937500000000002 9.928406576828337e-06
0.12968750000000001 9.934417350225834e-06
0.13 9.9403944078281046e-06
0.1303125 9.9463379387534842e-06
0.13062499999999999 9.9522481310595011e-06
0.13093749999999998 9.9581251717488292e-06
0.13125000000000001 9.9639692467751972e-06
0.13156250000000003 9.969780541049279e-06
0.13187500000000002 9.9755592384445462e-06
0.13218750000000001 9.9813055218030707e-06
0.13250000000000001 9.9870195729413354e-06
0.1328125 9.9927015726559646e-06
0.13312499999999999 9.9983517007294525e-06
0.13343749999999999 1.0003970135935855e-05
0.13375000000000001 1.0009557056046443e-05
0.13406250000000003 1.0015112637835328e-05
0.13437500000000002 1.0020637057085052e-05
0.13468750000000002 1.0026130488592152e-05
0.13500000000000001 1.0031593106172693e-05
0.1353125 1.0037025082667769e-05
0.135625 1.0042426589948963e-05
0.13593749999999999 1.0047797798923787e-05
0.13625000000000001 1.0053138879541107e-05
0.13656250000000003 1.0058450000796491e-05
0.13687500000000002 1.0063731330737578e-05
0.13718750000000002 1.006898303646939e-05
0.13750000000000001 1.0074205284159618e-05
0.1378125 1.0079398239043875e-05
0.138125 1.0084562065430938e-05
0.13843749999999999 1.0089696926707929e-05
0.13875000000000001 1.0094802985345497e-05
0.13906250000000003 1.0099880402902953e-05
0.13937500000000003 1.0104929340033386e-05
0.13968750000000002 1.0109949956488746e-05
0.14000000000000001 1.0114942411124892e-05
0.14031250000000001 1.0119906861906625e-05
0.140625 1.0124843465912684e-05
0.14093749999999999 1.0129752379340722e-05
0.14125000000000001 1.0134633757512234e-05
0.14156250000000004 1.0139487754877483e-05
0.14187500000000003 1.0144314525020384e-05
0.14218750000000002 1.0149114220663366e-05
0.14250000000000002 1.01538869936722e-05
0.14281250000000001 1.0158632995060797e-05
0.143125 1.0163352374996014e-05
0.1434375 1.0168045282802371e-05
0.14375000000000002 1.0172711866966795e-05
0.14406250000000004 1.0177352275143315e-05
0.14437500000000003 1.0181966654157735e-05
0.14468750000000002 1.0186555150012273e-05
0.14500000000000002 1.0191117907890191e-05
0.14531250000000001 1.0195655072160378e-05
0.145625 1.0200166786381927e-05
0.1459375 1.0204653193308674e-05
0.14625000000000002 1.020911443489371e-05
0.14656250000000004 1.0213550652293881e-05
0.14687500000000003 1.0217961985874249e-05
0.14718750000000003 1.0222348575212529e-05
0.14750000000000002 1.0226710559103518e-05
0.14781250000000001 1.0231048075563478e-05
0.14812500000000001 1.0235361261834501e-05
0.1484375 1.0239650254388859e-05
0.14874999999999999 1.0243915188933309e-05
0.14906249999999999 1.0248156200413407e-05
0.14937499999999998 1.0252373423017757e-05
0.14968749999999997 1.0256566990182272e-05
0.14999999999999999 1.026073703459439e-05
0.15031250000000002 1.0264883688197264e-05
0.15062500000000001 1.0269007082193955e-05
0.1509375 1.0273107347051573e-05
0.15125 1.0277184612505398e-05
0.15156249999999999 1.0281239007563e-05
0.15187499999999998 1.0285270660508309e-05
0.15218749999999998 1.0289279698905686e-05
0.1525 1.0293266249603939e-05
0.15281250000000002 1.029723043874036e-05
0.15312500000000001 1.0301172391744699e-05
0.1534375 1.0305092233343146e-05
0.15375 1.0308990087562261e-05
0.15406249999999999 1.0312866077732916e-05
0.15437499999999998 1.0316720326494186e-05
0.15468749999999998 1.032055295579723e-05
0.155 1.0324364086909155e-05
0.15531250000000002 1.0328153840416853e-05
0.15562500000000001 1.0331922336230804e-05
0.15593750000000001 1.0335669693588889e-05
0.15625 1.0339396031060148e-05
0.15687499999999999 1.0346786117296666e-05
0.1575 1.0354093530258014e-05
0.15812500000000002 1.0361319194798396e-05
0.15875 1.0368464025425627e-05
0.15937499999999999 1.0375528926416871e-05
0.16 1.0382514791933089e-05
0.16062500000000002 1.0389422506132213e-05
0.16125 1.039625294328104e-05
0.16187499999999999 1.0403006967865887e-05
0.16250000000000001 1.0409685434702006e-05
0.16312500000000002 1.0416289189041776e-05
0.16375000000000001 1.0422819066681671e-05
0.16437499999999999 1.0429275894068038e-05
0.16500000000000001 1.0435660488401719e-05
0.16562500000000002 1.0441973657741455e-05
0.16625000000000001 1.0448216201106167e-05
0.166875 1.0454388908576083e-05
0.16750000000000001 1.0460492561392732e-05
0.16812500000000002 1.0466527932057816e-05
0.16875000000000001 1.0472495784431002e-05
0.169375 1.0478396873826561e-05
0.17000000000000001 1.0484231947109004e-05
0.17062500000000003 1.049000174278758e-05
0.17125000000000001 1.0495706991109753e-05
0.171875 1.0501348414153636e-05
0.17249999999999999 1.0506926725919357e-05
0.17312499999999997 1.051244263241945e-05
0.17374999999999999 1.0517896831768191e-05
0.174375 1.0523290014269965e-05
0.17499999999999999 1.0528622862506635e-05
0.17562499999999998 1.0533896051423922e-05
0.17624999999999999 1.0539110248416838e-05
0.176875 1.0544266113414151e-05
0.17749999999999999 1.0549364298961904e-05
0.17812499999999998 1.0554405450306015e-05
0.17874999999999999 1.0559390205473923e-05
0.17937500000000001 1.0564319195355368e-05
0.17999999999999999 1.0569193043782204e-05
0.18062499999999998 1.0574012367607378e-05
0.18124999999999999 1.0578777776783001e-05
0.18187500000000001 1.0583489874437525e-05
0.1825 1.0588149256952107e-05
0.18312499999999998 1.0592756514036057e-05
0.18375 1.0597312228801508e-05
0.18437500000000001 1.0601816977837189e-05
0.185 1.0606271331281407e-05
0.18562499999999998 1.0610675852894224e-05
0.18625 1.0615031100128782e-05
0.18687500000000001 1.0619337624201874e-05
0.1875 1.0623595970163702e-05
0.18812499999999999 1.0627806676966854e-05
0.18875 1.0631970277534542e-05
0.18937500000000002 1.0636087298828012e-05
0.19 1.064015826191327e-05
0.19062499999999999 1.0644183682027018e-05
0.19125 1.0648164068641857e-05
0.19187500000000002 1.0652099925530785e-05
0.1925 1.0655991750830943e-05
0.19312499999999999 1.0659840037106665e-05
0.19375000000000001 1.0663645271411818e-05
0.19437500000000002 1.0667407935351449e-05
0.19500000000000001 1.0671128505142737e-05
0.19562499999999999 1.0674807451675261e-05
0.19625000000000001 1.0678445240570605e-05
0.19687500000000002 1.0682042332241281e-05
0.19750000000000001 1.0685599181949e-05
0.198125 1.0689116239862308e-05
0.19875000000000001 1.0692593951113536e-05
0.19937500000000002 1.0696032755855161e-05
0.20000000000000001 1.0699433089315496e-05
0.200625 1.0702795381853788e-05
0.20125000000000001 1.0706120059014665e-05
0.20187500000000003 1.0709407541582025e-05
0.20250000000000001 1.0712658245632269e-05
0.203125 1.0715872582586968e-05
0.20375000000000001 1.0719050959264928e-05
0.20437500000000003 1.0722193777933696e-05
0.20500000000000002 1.0725301436360449e-05
0.205625 1.0728374327862362e-05
0.20625000000000002 1.0731412841356363e-05
0.20687500000000003 1.0734417361408372e-05
0.20750000000000002 1.0737388268281971e-05
0.208125 1.0740325937986523e-05
0.20874999999999999 1.0743230742324775e-05
0.20937499999999998 1.0746103048939904e-05
0.20999999999999999 1.0748943221362044e-05
0.21062500000000001 1.0751751619054316e-05
0.21124999999999999 1.0754528597458296e-05
0.21187499999999998 1.0757274508039025e-05
0.21249999999999999 1.0759989698329471e-05
0.21312500000000001 1.0762674511974537e-05
0.21375 1.0765329288774526e-05
0.21437499999999998 1.0767954364728171e-05
0.215 1.0770550072075158e-05
0.21562500000000001 1.0773116739338155e-05
0.21625 1.0775654691364421e-05
0.21687499999999998 1.077816424936689e-05
0.2175 1.0780645730964854e-05
0.21812500000000001 1.0783099450224131e-05
0.21875 1.0785525717696851e-05
0.21937499999999999 1.078792484046072e-05
0.22 1.0790297122157922e-05
0.22062500000000002 1.0792642863033522e-05
0.22125 1.079496235997348e-05
0.22187499999999999 1.0797255906542227e-05
0.2225 1.0799523793019811e-05
0.22312500000000002 1.080176630643864e-05
0.22375 1.0803983730619816e-05
0.22437499999999999 1.0806176346209041e-05
0.22500000000000001 1.0808344430712159e-05
0.22562500000000002 1.0810488258530252e-05
0.22625000000000001 1.0812608100994394e-05
0.22687499999999999 1.0814704226399976e-05
0.22750000000000001 1.0816776900040669e-05
0.22812500000000002 1.0818826384241995e-05
0.22875000000000001 1.0820852938394535e-05
0.229375 1.0822856818986754e-05
0.23000000000000001 1.0824838279637464e-05
0.23062500000000002 1.0826797571127924e-05
0.23125000000000001 1.0828734941433578e-05
0.23249999999999998 1.0832544896551134e-05
0.23374999999999999 1.0836270073861286e-05
0.23499999999999999 1.0839912359314602e-05
0.23624999999999999 1.0843473596895893e-05
0.23749999999999999 1.084695558955774e-05
0.23874999999999999 1.0850360100133293e-05
0.23999999999999999 1.085368885222875e-05
0.24124999999999999 1.085694353109595e-05
0.24249999999999999 1.0860125784485579e-05
0.24374999999999999 1.086323722348139e-05
0.245 1.0866279423315822e-05
0.24625 1.0869253924167517e-05
0.2475 1.0872162231941058e-05
0.24875 1.0875005819029374e-05
0.25 1.0877786125059161e-05
0.25124999999999997 1.0880504557619725e-05
0.2525 1.088316249297561e-05
0.25375000000000003 1.088576127676336e-05
0.255 1.0888302224672768e-05
0.25624999999999998 1.0890786623112987e-05
0.25750000000000001 1.0893215729863785e-05
0.25875000000000004 1.0895590774712336e-05
0.26000000000000001 1.0897912960075819e-05
0.26124999999999998 1.0900183461610172e-05
0.26250000000000001 1.090240342880529e-05
0.26375000000000004 1.090457398556698e-05
0.26500000000000001 1.0906696230785959e-05
0.26624999999999999 1.0908771238894195e-05
0.26750000000000002 1.0910800060408864e-05
0.26875000000000004 1.0912783722464188e-05
0.27000000000000002 1.0914723229331443e-05
0.27124999999999999 1.0916619562927409e-05
0.27250000000000002 1.0918473683311472e-05
0.27375000000000005 1.0920286529171675e-05
0.27500000000000002 1.0922059018299952e-05
0.27625 1.0923792048056784e-05
0.27750000000000002 1.0925486495825493e-05
0.27875000000000005 1.0927143219456455e-05
0.28000000000000003 1.0928763057701395e-05
0.28125 1.0930346830638013e-05
0.28250000000000003 1.0931895340085193e-05
0.28375000000000006 1.093340937000891e-05
0.28500000000000003 1.0934889686919149e-05
0.28625 1.0936337040257963e-05
0.28749999999999998 1.0937752162778895e-05
0.28874999999999995 1.0939135770917939e-05
0.28999999999999998 1.0940488565156273e-05
0.29125000000000001 1.0941811230374868e-05
0.29249999999999998 1.0943104436201244e-05
0.29374999999999996 1.0944368837348466e-05
0.29499999999999998 1.0945605073946623e-05
0.29625000000000001 1.0946813771866893e-05
0.29749999999999999 1.0947995543038417e-05
0.29874999999999996 1.0949150985758087e-05
0.29999999999999999 1.0950280684993462e-05
0.30125000000000002 1.0951385212678903e-05
0.30249999999999999 1.0952465128005143e-05
0.30374999999999996 1.0953520977702383e-05
0.30499999999999999 1.095455329631708e-05
0.30625000000000002 1.0955562606482578e-05
0.3075 1.0956549419183712e-05
0.31 1.0958457539436006e-05
0.3125 1.0960281521669556e-05
0.315 1.0962025060071718e-05
0.3175 1.0963691685903596e-05
0.32000000000000001 1.0965284774652053e-05
0.32250000000000001 1.096680755286623e-05
0.32500000000000001 1.0968263104692408e-05
0.32750000000000001 1.0969654378120465e-05
0.33000000000000002 1.097098419095454e-05
0.33250000000000002 1.0972255236520075e-05
0.33500000000000002 1.0973470089118714e-05
0.33750000000000002 1.0974631209242134e-05
0.34000000000000002 1.0975740948555387e-05
0.34250000000000003 1.0976801554659828e-05
0.34499999999999997 1.0977815175645268e-05
0.34749999999999998 1.0978783864440607e-05
0.34999999999999998 1.0979709582971692e-05
0.35249999999999998 1.0980594206134902e-05
0.35499999999999998 1.0981439525594462e-05
0.35749999999999998 1.0982247253411153e-05
0.35999999999999999 1.0983019025509844e-05
0.36249999999999999 1.0983756404992776e-05
0.36499999999999999 1.0984460885305399e-05
0.36749999999999999 1.0985133893261095e-05
0.37 1.0985776791930966e-05
0.3725 1.098639088340453e-05
0.375 1.098697741142688e-05
0.3775 1.0987537563917699e-05
0.38 1.0988072475377212e-05
0.38250000000000001 1.0988583229183924e-05
0.38500000000000001 1.0989070859788841e-05
0.39000000000000001 1.0989980657035643e-05
0.39500000000000002 1.0990809241450975e-05
0.40000000000000002 1.099156332910011e-05
0.40500000000000003 1.0992249032217095e-05
0.40999999999999998 1.099287190874727e-05
0.41499999999999998 1.0993437007397029e-05
0.41999999999999998 1.0993948908555945e-05
0.42499999999999999 1.0994411761422978e-05
0.42999999999999999 1.0994829317637685e-05
0.435 1.0995204961689011e-05
0.44 1.0995541738348158e-05
0.44500000000000001 1.099584237734789e-05
0.45000000000000001 1.099610931550829e-05
0.45500000000000002 1.099634471648834e-05
0.46000000000000002 1.099655048832338e-05
0.46499999999999997 1.0996728298890631e-05
0.46999999999999997 1.0996879589428138e-05
0.47499999999999998 1.0997005586216649e-05
0.47999999999999998 1.0997107310519228e-05
0.48499999999999999 1.0997185586859059e-05
0.48999999999999999 1.0997241049702578e-05
0.5 1.0997285151839871e-05
0.51000000000000001 1.0997241049702578e-05
0.51500000000000001 1.0997185586859057e-05
0.52000000000000002 1.0997107310519228e-05
0.52500000000000002 1.0997005586216648e-05
0.53000000000000003 1.0996879589428136e-05
0.53500000000000003 1.0996728298890633e-05
0.54000000000000004 1.099655048832338e-05
0.54500000000000004 1.0996344716488342e-05
0.55000000000000004 1.0996109315508291e-05
0.55500000000000005 1.0995842377347891e-05
0.56000000000000005 1.0995541738348156e-05
0.56499999999999995 1.099520496168901e-05
0.56999999999999995 1.0994829317637685e-05
0.57499999999999996 1.0994411761422978e-05
0.57999999999999996 1.0993948908555943e-05
0.58499999999999996 1.0993437007397029e-05
0.58999999999999997 1.0992871908747272e-05
0.59499999999999997 1.0992249032217095e-05
0.59999999999999998 1.0991563329100112e-05
0.60499999999999998 1.0990809241450975e-05
0.60999999999999999 1.0989980657035644e-05
0.61499999999999999 1.0989070859788841e-05
0.61749999999999994 1.0988583229183924e-05
0.62 1.0988072475377212e-05
0.62250000000000005 1.0987537563917699e-05
0.625 1.0986977411426878e-05
0.62749999999999995 1.098639088340453e-05
0.63 1.0985776791930966e-05
0.63250000000000006 1.0985133893261095e-05
0.63500000000000001 1.0984460885305398e-05
0.63749999999999996 1.0983756404992776e-05
0.64000000000000001 1.0983019025509841e-05
0.64250000000000007 1.0982247253411153e-05
0.64500000000000002 1.0981439525594462e-05
0.64749999999999996 1.0980594206134902e-05
0.65000000000000002 1.097970958297169e-05
0.65250000000000008 1.0978783864440605e-05
0.65500000000000003 1.0977815175645268e-05
0.65749999999999997 1.0976801554659828e-05
0.66000000000000003 1.0975740948555387e-05
0.66250000000000009 1.0974631209242134e-05
0.66500000000000004 1.0973470089118714e-05
0.66749999999999998 1.0972255236520075e-05
0.67000000000000004 1.0970984190954538e-05
0.6725000000000001 1.0969654378120465e-05
0.67500000000000004 1.0968263104692412e-05
0.67749999999999999 1.0966807552866232e-05
0.68000000000000005 1.0965284774652053e-05
0.68250000000000011 1.0963691685903596e-05
0.68500000000000005 1.0962025060071718e-05
0.6875 1.0960281521669558e-05
0.68999999999999995 1.0958457539436005e-05
0.69249999999999989 1.095654941918371e-05
0.69374999999999987 1.095556260648258e-05
0.69499999999999995 1.095455329631708e-05
0.69625000000000004 1.0953520977702381e-05
0.69750000000000001 1.0952465128005143e-05
0.69874999999999998 1.0951385212678903e-05
0.69999999999999996 1.0950280684993462e-05
0.70124999999999993 1.0949150985758089e-05
0.7024999999999999 1.0947995543038417e-05
0.70374999999999988 1.0946813771866893e-05
0.70499999999999996 1.0945605073946621e-05
0.70625000000000004 1.0944368837348466e-05
0.70750000000000002 1.0943104436201244e-05
0.70874999999999999 1.094181123037487e-05
0.70999999999999996 1.0940488565156273e-05
0.71124999999999994 1.0939135770917939e-05
0.71249999999999991 1.0937752162778895e-05
0.71374999999999988 1.0936337040257963e-05
0.71499999999999997 1.0934889686919149e-05
0.71625000000000005 1.0933409370008908e-05
0.71750000000000003 1.0931895340085193e-05
0.71875 1.0930346830638015e-05
0.71999999999999997 1.0928763057701394e-05
0.72124999999999995 1.0927143219456455e-05
0.72249999999999992 1.0925486495825492e-05
0.72374999999999989 1.0923792048056782e-05
0.72499999999999998 1.0922059018299952e-05
0.72625000000000006 1.0920286529171675e-05
0.72750000000000004 1.0918473683311474e-05
0.72875000000000001 1.0916619562927409e-05
0.72999999999999998 1.0914723229331442e-05
0.73124999999999996 1.0912783722464184e-05
0.73249999999999993 1.0910800060408864e-05
0.7337499999999999 1.0908771238894195e-05
0.73499999999999999 1.0906696230785959e-05
0.73625000000000007 1.090457398556698e-05
0.73750000000000004 1.0902403428805292e-05
0.73875000000000002 1.0900183461610174e-05
0.73999999999999999 1.0897912960075819e-05
0.74124999999999996 1.0895590774712336e-05
0.74249999999999994 1.0893215729863785e-05
0.74374999999999991 1.0890786623112987e-05
0.745 1.0888302224672769e-05
0.74625000000000008 1.088576127676336e-05
0.74750000000000005 1.088316249297561e-05
0.74875000000000003 1.0880504557619725e-05
0.75 1.0877786125059161e-05
0.75124999999999997 1.0875005819029374e-05
0.75249999999999995 1.087216223194106e-05
0.75374999999999992 1.0869253924167516e-05
0.755 1.0866279423315822e-05
0.75625000000000009 1.086323722348139e-05
0.75750000000000006 1.0860125784485581e-05
0.75875000000000004 1.0856943531095948e-05
0.76000000000000001 1.085368885222875e-05
0.76124999999999998 1.0850360100133295e-05
0.76249999999999996 1.084695558955774e-05
0.76374999999999993 1.0843473596895893e-05
0.76500000000000001 1.0839912359314602e-05
0.7662500000000001 1.0836270073861284e-05
0.76750000000000007 1.0832544896551134e-05
0.76875000000000004 1.0828734941433576e-05
0.76937500000000003 1.0826797571127922e-05
0.77000000000000002 1.0824838279637464e-05
0.770625 1.0822856818986755e-05
0.77124999999999999 1.0820852938394536e-05
0.77187499999999998 1.0818826384241995e-05
0.77249999999999996 1.0816776900040668e-05
0.77312499999999995 1.0814704226399978e-05
0.77374999999999994 1.0812608100994395e-05
0.77437500000000004 1.0810488258530252e-05
0.77500000000000002 1.0808344430712159e-05
0.77562500000000001 1.0806176346209041e-05
0.77625000000000011 1.0803983730619818e-05
0.77687500000000009 1.080176630643864e-05
0.77750000000000008 1.0799523793019809e-05
0.77812500000000007 1.0797255906542227e-05
0.77875000000000005 1.0794962359973482e-05
0.77937500000000004 1.0792642863033522e-05
0.78000000000000003 1.0790297122157922e-05
0.78062500000000001 1.078792484046072e-05
0.78125 1.0785525717696849e-05
0.78187499999999999 1.0783099450224133e-05
0.78249999999999997 1.0780645730964852e-05
0.78312499999999996 1.0778164249366892e-05
0.78374999999999995 1.0775654691364421e-05
0.78437500000000004 1.0773116739338157e-05
0.78500000000000003 1.0770550072075158e-05
0.78562500000000002 1.0767954364728172e-05
0.78625000000000012 1.0765329288774524e-05
0.7868750000000001 1.0762674511974533e-05
0.78750000000000009 1.0759989698329471e-05
0.78812500000000008 1.0757274508039025e-05
0.78875000000000006 1.0754528597458296e-05
0.78937500000000005 1.0751751619054316e-05
0.79000000000000004 1.0748943221362044e-05
0.79062500000000002 1.0746103048939904e-05
0.79125000000000001 1.0743230742324775e-05
0.791875 1.0740325937986521e-05
0.79249999999999998 1.0737388268281969e-05
0.79312499999999997 1.0734417361408372e-05
0.79374999999999996 1.0731412841356363e-05
0.79437500000000005 1.0728374327862364e-05
0.79500000000000004 1.0725301436360451e-05
0.79562500000000003 1.0722193777933695e-05
0.79625000000000012 1.0719050959264928e-05
0.79687500000000011 1.0715872582586968e-05
0.7975000000000001 1.0712658245632269e-05
0.79812500000000008 1.0709407541582025e-05
0.79875000000000007 1.0706120059014665e-05
0.79937500000000006 1.0702795381853786e-05
0.80000000000000004 1.0699433089315496e-05
0.80062500000000003 1.0696032755855161e-05
0.80125000000000002 1.0692593951113536e-05
0.801875 1.0689116239862307e-05
0.80249999999999999 1.0685599181949e-05
0.80312499999999998 1.0682042332241279e-05
0.80374999999999996 1.0678445240570607e-05
0.80437500000000006 1.0674807451675261e-05
0.80500000000000005 1.0671128505142737e-05
0.80562500000000004 1.0667407935351449e-05
0.80625000000000013 1.0663645271411818e-05
0.80687500000000012 1.0659840037106664e-05
0.80750000000000011 1.0655991750830943e-05
0.80812500000000009 1.0652099925530787e-05
0.80875000000000008 1.0648164068641857e-05
0.80937500000000007 1.0644183682027018e-05
0.81000000000000005 1.064015826191327e-05
0.81062500000000004 1.0636087298828014e-05
0.81125000000000003 1.0631970277534542e-05
0.81187500000000001 1.0627806676966856e-05
0.8125 1.0623595970163702e-05
0.81312499999999999 1.0619337624201874e-05
0.81374999999999997 1.0615031100128783e-05
0.81437499999999996 1.0610675852894224e-05
0.81499999999999995 1.0606271331281409e-05
0.81562499999999993 1.0601816977837187e-05
0.81624999999999992 1.0597312228801508e-05
0.81687499999999991 1.0592756514036058e-05
0.81749999999999989 1.0588149256952107e-05
0.81812499999999988 1.0583489874437527e-05
0.81874999999999987 1.0578777776783002e-05
0.81937499999999996 1.057401236760738e-05
0.81999999999999995 1.0569193043782206e-05
0.82062499999999994 1.0564319195355369e-05
0.82125000000000004 1.0559390205473925e-05
0.82187500000000002 1.0554405450306015e-05
0.82250000000000001 1.0549364298961906e-05
0.823125 1.0544266113414151e-05
0.82374999999999998 1.0539110248416838e-05
0.82437499999999997 1.0533896051423921e-05
0.82499999999999996 1.0528622862506636e-05
0.82562499999999994 1.0523290014269966e-05
0.82624999999999993 1.0517896831768191e-05
0.82687499999999992 1.0512442632419452e-05
0.8274999999999999 1.0506926725919357e-05
0.82812499999999989 1.0501348414153638e-05
0.82874999999999988 1.0495706991109755e-05
0.82937499999999997 1.0490001742787578e-05
0.82999999999999996 1.0484231947109004e-05
0.83062499999999995 1.0478396873826561e-05
0.83125000000000004 1.0472495784431e-05
0.83187500000000003 1.0466527932057817e-05
0.83250000000000002 1.046049256139273e-05
0.833125 1.0454388908576083e-05
0.83374999999999999 1.0448216201106167e-05
0.83437499999999998 1.0441973657741457e-05
0.83499999999999996 1.0435660488401719e-05
0.83562499999999995 1.042927589406804e-05
0.83624999999999994 1.0422819066681671e-05
0.83687499999999992 1.0416289189041778e-05
0.83749999999999991 1.0409685434702006e-05
0.8381249999999999 1.0403006967865888e-05
0.83874999999999988 1.039625294328104e-05
0.83937499999999998 1.0389422506132211e-05
0.83999999999999997 1.0382514791933089e-05
0.84062499999999996 1.0375528926416872e-05
0.84125000000000005 1.0368464025425626e-05
0.84187500000000004 1.0361319194798396e-05
0.84250000000000003 1.0354093530258016e-05
0.84312500000000001 1.0346786117296664e-05
0.84375 1.0339396031060146e-05
0.84406249999999994 1.033566969358889e-05
0.84437499999999999 1.0331922336230804e-05
0.84468750000000004 1.0328153840416851e-05
0.84499999999999997 1.0324364086909155e-05
0.84531249999999991 1.032055295579723e-05
0.84562499999999996 1.0316720326494186e-05
0.84593750000000001 1.0312866077732914e-05
0.84624999999999995 1.0308990087562263e-05
0.84656249999999988 1.0305092233343146e-05
0.84687499999999993 1.0301172391744699e-05
0.84718749999999998 1.029723043874036e-05
0.84749999999999992 1.029326624960394e-05
0.84781249999999986 1.0289279698905686e-05
0.84812499999999991 1.0285270660508311e-05
0.84843749999999996 1.0281239007563e-05
0.84874999999999989 1.0277184612505399e-05
0.84906249999999994 1.0273107347051575e-05
0.84937499999999999 1.0269007082193955e-05
0.84968749999999993 1.0264883688197265e-05
0.84999999999999998 1.026073703459439e-05
0.85031250000000003 1.0256566990182272e-05
0.85062499999999996 1.0252373423017759e-05
0.85093750000000001 1.0248156200413405e-05
0.85125000000000006 1.0243915188933309e-05
0.8515625 1.0239650254388859e-05
0.85187500000000005 1.0235361261834501e-05
0.8521875000000001 1.0231048075563476e-05
0.85250000000000004 1.022671055910352e-05
0.85281249999999997 1.0222348575212529e-05
0.85312500000000002 1.0217961985874247e-05
0.85343750000000007 1.0213550652293881e-05
0.85375000000000001 1.020911443489371e-05
0.85406249999999995 1.0204653193308676e-05
0.854375 1.0200166786381927e-05
0.85468750000000004 1.0195655072160375e-05
0.85499999999999998 1.0191117907890191e-05
0.85531249999999992 1.0186555150012273e-05
0.85562499999999997 1.0181966654157735e-05
0.85593750000000002 1.0177352275143315e-05
0.85624999999999996 1.0172711866966795e-05
0.85656249999999989 1.0168045282802373e-05
0.85687499999999994 1.0163352374996016e-05
0.85718749999999999 1.0158632995060798e-05
0.85749999999999993 1.0153886993672199e-05
0.85781249999999987 1.0149114220663368e-05
0.85812499999999992 1.0144314525020386e-05
0.85843749999999996 1.0139487754877482e-05
0.8587499999999999 1.0134633757512235e-05
0.85906249999999995 1.0129752379340723e-05
0.859375 1.0124843465912684e-05
0.85968749999999994 1.0119906861906625e-05
0.85999999999999999 1.011494241112489e-05
0.86031250000000004 1.0109949956488742e-05
0.86062499999999997 1.0104929340033386e-05
0.86093750000000002 1.0099880402902954e-05
0.86125000000000007 1.0094802985345495e-05
0.86156250000000001 1.0089696926707929e-05
0.86187500000000006 1.0084562065430938e-05
0.86218750000000011 1.0079398239043875e-05
0.86250000000000004 1.0074205284159618e-05
0.86281249999999998 1.006898303646939e-05
0.86312500000000003 1.0063731330737578e-05
0.86343750000000008 1.0058450000796489e-05
0.86375000000000002 1.0053138879541107e-05
0.86406249999999996 1.0047797798923791e-05
0.864375 1.0042426589948963e-05
0.86468750000000005 1.0037025082667769e-05
0.86499999999999999 1.0031593106172695e-05
0.86531249999999993 1.0026130488592151e-05
0.86562499999999998 1.002063705708505e-05
0.86593750000000003 1.0015112637835326e-05
0.86624999999999996 1.0009557056046444e-05
0.8665624999999999 1.0003970135935855e-05
0.86687499999999995 9.9983517007294525e-06
0.8671875 9.9927015726559629e-06
0.86749999999999994 9.987019572941337e-06
0.86781249999999988 9.9813055218030741e-06
0.86812499999999992 9.9755592384445462e-06
0.86843749999999997 9.9697805410492807e-06
0.86874999999999991 9.9639692467751989e-06
0.86906249999999996 9.9581251717488308e-06
0.86937500000000001 9.9522481310595011e-06
0.86968749999999995 9.9463379387534859e-06
0.87 9.9403944078281046e-06
0.87031250000000004 9.934417350225834e-06
0.87062499999999998 9.9284065768283387e-06
0.87093750000000003 9.9223618974504812e-06
0.87125000000000008 9.9162831208343325e-06
0.87156250000000002 9.9101700546430933e-06
0.87187500000000007 9.9040225054550144e-06
0.87218750000000012 9.8978402787572857e-06
0.87250000000000005 9.8916231789398808e-06
0.87281249999999999 9.8853710092893503e-06
0.87312500000000004 9.8790835719826182e-06
0.87343750000000009 9.8727606680807135e-06
0.87375000000000003 9.8664020975224791e-06
0.87406249999999996 9.860007659118242e-06
0.87437500000000001 9.8535771505434304e-06
0.87468750000000006 9.8471103683322059e-06
0.875 9.8406071078709971e-06
0.87531249999999994 9.8340671633920382e-06
0.87562499999999999 9.8274903279668437e-06
0.87593750000000004 9.8208763934996864e-06
0.87624999999999997 9.8142251507210003e-06
0.87656249999999991 9.8075363891807453e-06
0.87687499999999996 9.8008098972417644e-06
0.87718750000000001 9.7940454620730978e-06
0.87749999999999995 9.7872428696432161e-06
0.87781249999999988 9.7804019047132785e-06
0.87812499999999993 9.7735223508303105e-06
0.87843749999999998 9.7666039903203496e-06
0.87874999999999992 9.7596466042815713e-06
0.87906249999999997 9.7526499725773495e-06
0.87937500000000002 9.745613873829303e-06
0.87968749999999996 9.7385380854102833e-06
0.88 9.7314223834373291e-06
0.88031250000000005 9.7242665427645889e-06
0.88062499999999999 9.7170703369762e-06
0.88093750000000004 9.7098335383791117e-06
0.88125000000000009 9.7025559179958797e-06
0.88156250000000003 9.6952372455574547e-06
0.88187500000000008 9.6878772894958439e-06
0.88218750000000012 9.6804758169368297e-06
0.88250000000000006 9.6730325936925785e-06
0.8828125 9.6655473842542259e-06
0.88312500000000005 9.6580199517844514e-06
0.8834375000000001 9.6504500581099534e-06
0.88375000000000004 9.6428374637139347e-06
0.88406249999999997 9.6351819277285177e-06
0.88437500000000002 9.6274832079271143e-06
0.88468750000000007 9.6197410607167812e-06
0.88500000000000001 9.6119552411304975e-06
0.88531249999999995 9.6041255028194151e-06
0.885625 9.5962515980450604e-06
0.88593750000000004 9.5883332776715147e-06
0.88624999999999998 9.5803702911575131e-06
0.88656249999999992 9.5723623865485163e-06
0.88687499999999997 9.5643093104687516e-06
0.88718750000000002 9.5562108081131834e-06
0.88749999999999996 9.5480666232394679e-06
0.88781249999999989 9.5398764981598182e-06
0.88812499999999994 9.5316401737328778e-06
0.88843749999999999 9.5233573893555062e-06
0.88874999999999993 9.5150278829545423e-06
0.88906249999999998 9.5066513909784984e-06
0.88937500000000003 9.4982276483892323e-06
0.88968749999999996 9.4897563886535663e-06
0.89000000000000001 9.4812373437348362e-06
0.89031250000000006 9.4726702440844272e-06
0.890625 9.4640548186332409e-06
0.89093750000000005 9.4553907947831103e-06
0.8912500000000001 9.4466778983981781e-06
0.89156250000000004 9.4379158537962386e-06
0.89187500000000008 9.4291043837399845e-06
0.89218750000000013 9.4202432094282653e-06
0.89250000000000007 9.4113320504872549e-06
0.89281250000000001 9.4023706249615621e-06
0.89312500000000006 9.3933586493053375e-06
0.89343750000000011 9.3842958383732845e-06
0.89375000000000004 9.3751819054116499e-06
0.89406249999999998 9.366016562049141e-06
0.89437500000000003 9.3567995182877872e-06
0.89468750000000008 9.3475304824938076e-06
0.89500000000000002 9.3382091613883361e-06
0.89531249999999996 9.3288352600381749e-06
0.895625 9.3194084818464365e-06
0.89593750000000005 9.3099285285431893e-06
0.89624999999999999 9.3003951001759909e-06
0.89656249999999993 9.290807895100417e-06
0.89687499999999998 9.2811666099705012e-06
0.89718750000000003 9.2714709397291537e-06
0.89749999999999996 9.2617205775985035e-06
0.8978124999999999 9.2519152150701861e-06
0.89812499999999995 9.242054541895574e-06
0.8984375 9.2321382460759917e-06
0.89874999999999994 9.2221660138528172e-06
0.89906249999999999 9.2121375296975498e-06
0.89937500000000004 9.202052476301849e-06
0.89968749999999997 9.191910534567487e-06
0.90000000000000002 9.1817113835962316e-06
0.90031250000000007 9.1714547006797276e-06
0.90062500000000001 9.1611401612892649e-06
0.90093750000000006 9.1507674390655051e-06
0.90125000000000011 9.1403362058081638e-06
0.90156250000000004 9.1298461314656436e-06
0.90187500000000009 9.1192968841245488e-06
0.90218750000000014 9.1086881299992255e-06
0.90250000000000008 9.0980195334211808e-06
0.90281250000000002 9.0872907568284577e-06
0.90312500000000007 9.0765014607549622e-06
0.90343750000000012 9.0656513038197216e-06
0.90375000000000005 9.0547399427160945e-06
0.90406249999999999 9.0437670322008751e-06
0.90437500000000004 9.0327322250834034e-06
0.90468750000000009 9.0216351722145622e-06
0.90500000000000003 9.0104755224757474e-06
0.90531249999999996 8.9992529227677308e-06
0.90562500000000001 8.9879670179995e-06
0.90593750000000006 8.9766174510770364e-06
0.90625 8.9652038628920112e-06
0.90656249999999994 8.9537258923103993e-06
0.90687499999999999 8.9421831761610782e-06
0.90718750000000004 8.9305753492243391e-06
0.90749999999999997 8.9189020442203129e-06
0.90781249999999991 8.9071628917973589e-06
0.90812499999999996 8.8953575205203743e-06
0.90843750000000001 8.8834855568590492e-06
0.90874999999999995 8.8715466251760487e-06
0.9090625 8.8595403477151122e-06
0.90937500000000004 8.8474663445891151e-06
0.90968749999999998 8.8353242337680497e-06
0.91000000000000003 8.8231136310669193e-06
0.91031250000000008 8.8108341501336101e-06
0.91062500000000002 8.7984854024366471e-06
0.91093750000000007 8.7860669972529012e-06
0.91125000000000012 8.7735785416552352e-06
0.91156250000000005 8.7610196405000719e-06
0.91171875000000013 8.7547136487469202e-06
0.9118750000000001 8.7483898964148739e-06
0.91203125000000007 8.7420483334820314e-06
0.91218750000000015 8.7356889097855972e-06
0.91234375000000012 8.7293115750215144e-06
0.91250000000000009 8.7229162787440277e-06
0.91265625000000006 8.7165029703653142e-06
0.91281250000000003 8.7100715991550678e-06
0.91296875000000011 8.7036221142401003e-06
0.91312500000000008 8.6971544646039509e-06
0.91328125000000004 8.6906685990864683e-06
0.91343750000000012 8.6841644663833987e-06
0.91359375000000009 8.6776420150460102e-06
0.91375000000000006 8.6711011934806584e-06
0.91390625000000003 8.6645419499483908e-06
0.9140625 8.6579642325645295e-06
0.91421875000000008 8.6513679892982612e-06
0.91437500000000005 8.6447531679722463e-06
0.91453125000000002 8.6381197162621799e-06
0.9146875000000001 8.6314675816963766e-06
0.91484375000000007 8.624796711655393e-06
0.91500000000000004 8.6181070533715635e-06
0.91515625 8.6113985539286086e-06
0.91531249999999997 8.6046711602612186e-06
0.91546875000000005 8.5979248191546164e-06
0.91562500000000002 8.5911594772441626e-06
0.91578124999999999 8.584375081014907e-06
0.91593750000000007 8.577571576801178e-06
0.91609375000000004 8.5707489107861632e-06
0.91625000000000001 8.5639070290014699e-06
0.91640624999999998 8.5570458773267089e-06
0.91656249999999995 8.5501654014890642e-06
0.91671875000000003 8.5432655470628537e-06
0.916875 8.5363462594691268e-06
0.91703124999999996 8.5294074839751943e-06
0.91718750000000004 8.5224491656942175e-06
0.91734375000000001 8.5154712495847842e-06
0.91749999999999998 8.5084736804504498e-06
0.91765624999999995 8.5014564029393086e-06
0.91781249999999992 8.4944193615435637e-06
0.91796875 8.4873625005990778e-06
0.91812499999999997 8.4802857642849499e-06
0.91828124999999994 8.4731890966230494e-06
0.91843750000000002 8.4660724414775822e-06
0.91859374999999999 8.4589357425546709e-06
0.91874999999999996 8.4517789434018634e-06
0.91890625000000004 8.4446019874077245e-06
0.9190625 8.4374048178013786e-06
0.91921874999999997 8.4301873776520524e-06
0.91937500000000005 8.4229496098686172e-06
0.91953125000000002 8.4156914571991726e-06
0.91968749999999999 8.4084128622305582e-06
0.91984375000000007 8.4011137673879051e-06
0.92000000000000004 8.393794114934205e-06
0.92015625000000001 8.3864538469698211e-06
0.92031250000000009 8.3790929054320393e-06
0.92046875000000006 8.3717112320946389e-06
0.92062500000000003 8.3643087685673852e-06
0.92078125000000011 8.3568854562955884e-06
0.92093750000000008 8.3494412365596653e-06
0.92109375000000004 8.3419760504746257e-06
0.92125000000000012 8.3344898389896371e-06
0.92140625000000009 8.3269825428875758e-06
0.92156250000000006 8.3194541027845019e-06
0.92171875000000014 8.3119044591292405e-06
0.92187500000000011 8.3043335522029008e-06
0.92203125000000008 8.2967413221183799e-06
0.92218750000000016 8.2891277088199068e-06
0.92234375000000013 8.2814926520825801e-06
0.9225000000000001 8.2738360915118629e-06
0.92265625000000007 8.266157966543131e-06
0.92281250000000004 8.2584582164411693e-06
0.92296875000000012 8.2507367802997095e-06
0.92312500000000008 8.2429935970409541e-06
0.92328125000000005 8.2352286054150663e-06
0.92343750000000013 8.2274417439997044e-06
0.9235937500000001 8.2196329511995523e-06
0.92375000000000007 8.2118021652457878e-06
0.92390625000000004 8.2039493241956317e-06
0.92406250000000001 8.1960743659318415e-06
0.92421875000000009 8.1881772281622201e-06
0.92437500000000006 8.1802578484191482e-06
0.92453125000000003 8.1723161640590436e-06
0.92468750000000011 8.1643521122618942e-06
0.92484375000000008 8.1563656300307816e-06
0.92500000000000004 8.1483566541913273e-06
0.92515625000000001 8.1403251213912468e-06
0.92531249999999998 8.1322709680998167e-06
0.92546875000000006 8.1241941306073757e-06
0.92562500000000003 8.1160945450248512e-06
0.92578125 8.1079721472832046e-06
0.92593750000000008 8.0998268731329523e-06
0.92609375000000005 8.0916586581436726e-06
0.92625000000000002 8.0834674377034601e-06
0.92640624999999999 8.0752531470184399e-06
0.92656249999999996 8.0670157211122452e-06
0.92671875000000004 8.0587550948255011e-06
0.926875 8.0504712028153317e-06
0.92703124999999997 8.0421639795548105e-06
0.92718750000000005 8.0338333593324499e-06
0.92734375000000002 8.0254792762517139e-06
0.92749999999999999 8.0171016642304463e-06
0.92765624999999996 8.0087004570003891e-06
0.92781249999999993 8.0002755881066324e-06
0.92796875000000001 7.9918269909070971e-06
0.92812499999999998 7.9833545985720305e-06
0.92828124999999995 7.9748583440834338e-06
0.92843750000000003 7.9663381602345534e-06
0.92859375 7.9577939796293748e-06
0.92874999999999996 7.9492257346820415e-06
0.92890625000000004 7.9406333576163465e-06
0.92906250000000001 7.9320167804652141e-06
0.92921874999999998 7.9233759350701223e-06
0.92937500000000006 7.9147107530805776e-06
0.92953125000000003 7.9060211659536081e-06
0.9296875 7.8973071049531714e-06
0.92984375000000008 7.8885685011496251e-06
0.93000000000000005 7.8798052854192228e-06
0.93015625000000002 7.8710173884435036e-06
0.9303125000000001 7.862204740708774e-06
0.93046875000000007 7.8533672725055863e-06
0.93062500000000004 7.8445049139281266e-06
0.93078125000000012 7.8356175948737069e-06
0.93093750000000008 7.8267052450422096e-06
0.93109375000000005 7.8177677939355025e-06
0.93125000000000013 7.8088051708568937e-06
0.9314062500000001 7.7998173049106082e-06
0.93156250000000007 7.7908041250011609e-06
0.93171875000000015 7.7817655598328433e-06
0.93187500000000012 7.7727015379091528e-06
0.93203125000000009 7.7636119875322095e-06
0.93218750000000017 7.7544968368021961e-06
0.93234375000000014 7.7453560136168102e-06
0.93250000000000011 7.7361894456706581e-06
0.93265625000000008 7.7269970604547074e-06
0.93281250000000004 7.7177787852557079e-06
0.93296875000000012 7.7085345471556051e-06
0.93312500000000009 7.6992642730310002e-06
0.93328125000000006 7.6899678895525161e-06
0.93343750000000014 7.6806453231842559e-06
0.93359375000000011 7.6712965001832278e-06
0.93375000000000008 7.6619213465987223e-06
0.93390625000000005 7.6525197882717631e-06
0.93406250000000002 7.6430917508345075e-06
0.9342187500000001 7.6336371597096483e-06
0.93437500000000007 7.6241559401098556e-06
0.93453125000000004 7.6146480170371474e-06
0.93468750000000012 7.605113315282308e-06
0.93484375000000008 7.5955517594243209e-06
0.93500000000000005 7.5859632738297306e-06
0.93515625000000002 7.5763477826520626e-06
0.93531249999999999 7.566705209831238e-06
0.93546875000000007 7.5570354790929351e-06
0.93562500000000004 7.5473385139480365e-06
0.93578125000000001 7.5376142376919771e-06
0.93593750000000009 7.527862573404155e-06
0.93609375000000006 7.5180834439473448e-06
0.93625000000000003 7.5082767719670434e-06
0.93640625 7.4984424798908988e-06
0.93656249999999996 7.4885804899280657e-06
0.93671875000000004 7.478690724068607e-06
0.93687500000000001 7.4687731040828943e-06
0.93703124999999998 7.4588275515209424e-06
0.93718750000000006 7.448853987711816e-06
0.93734375000000003 7.4388523337630325e-06
0.9375 7.4288225105598867e-06
0.93765624999999997 7.4187644387648572e-06
0.93781249999999994 7.408678038816971e-06
0.93796875000000002 7.39856323093117e-06
0.93812499999999999 7.3884199350977038e-06
0.93828124999999996 7.3782480710814578e-06
0.93843750000000004 7.3680475584213383e-06
0.93859375 7.35781831642966e-06
0.93874999999999997 7.3475602641914545e-06
0.93890624999999994 7.3372733205638764e-06
0.93906249999999991 7.3269574041755403e-06
0.93921874999999999 7.3166124334258721e-06
0.93937499999999996 7.3062383264845011e-06
0.93953124999999993 7.2958350012905551e-06
0.93968750000000001 7.2854023755520474e-06
0.93984374999999998 7.2749403667452388e-06
0.93999999999999995 7.2644488921139422e-06
0.94015624999999992 7.2539278686688977e-06
0.94031249999999988 7.2433772131871106e-06
0.94046874999999996 7.2327968422111914e-06
0.94062499999999993 7.2221866720487069e-06
0.9407812499999999 7.211546618771491e-06
0.94093749999999998 7.2008765982149956e-06
0.94109374999999995 7.1901765259776535e-06
0.94124999999999992 7.1794463174201567e-06
0.94140624999999989 7.1686858876648224e-06
0.94156249999999986 7.1578951515949149e-06
0.94171874999999994 7.1470740238539609e-06
0.94187499999999991 7.136222418845107e-06
0.94203124999999988 7.1253402507304002e-06
0.94218749999999996 7.1144274334301249e-06
0.94234374999999992 7.1034838806221497e-06
0.94249999999999989 7.0925095057411974e-06
0.94265624999999986 7.0815042219781899e-06
0.94281249999999983 7.0704679422795567e-06
0.94296874999999991 7.0594005793465341e-06
0.94312499999999988 7.048302045634512e-06
0.94328124999999985 7.037172253352288e-06
0.94343749999999993 7.0260111144613996e-06
0.9435937499999999 7.0148185406754538e-06
0.94374999999999987 7.0035944434593727e-06
0.94390624999999995 6.9923387340287306e-06
0.94406249999999992 6.9810513233490645e-06
0.94421874999999988 6.9697321221351244e-06
0.94437499999999996 6.9583810408501924e-06
0.94453124999999993 6.9469979897053997e-06
0.9446874999999999 6.9355828786589671e-06
0.94484374999999998 6.9241356174155114e-06
0.94499999999999995 6.9126561154253656e-06
0.94515624999999992 6.9011442818838093e-06
0.9453125 6.8896000257303707e-06
0.94546874999999997 6.8780232556481371e-06
0.94562499999999994 6.8664138800629764e-06
0.94578125000000002 6.8547718071428495e-06
0.94593749999999999 6.8430969447970924e-06
0.94609374999999996 6.8313892006756538e-06
0.94625000000000004 6.8196484821683768e-06
0.94640625 6.8078746964043e-06
0.94656249999999997 6.7960677502508701e-06
0.94671875000000005 6.7842275503132222e-06
0.94687500000000002 6.7723540029334883e-06
0.94703124999999999 6.7604470141899761e-06
0.94718750000000007 6.7485064898964776e-06
0.94734375000000004 6.7365323356015339e-06
0.94750000000000001 6.7245244565876396e-06
0.94765624999999998 6.7124827578705387e-06
0.94781249999999995 6.7004071441984462e-06
0.94796875000000003 6.6882975200512983e-06
0.948125 6.676153789640033e-06
0.94828124999999996 6.6639758569057719e-06
0.94843750000000004 6.6517636255190932e-06
0.94859375000000001 6.6395169988792902e-06
0.94874999999999998 6.6272358801135613e-06
0.94890624999999995 6.6149201720762743e-06
0.94906249999999992 6.602569777348189e-06
0.94921875 6.590184598235683e-06
0.94937499999999997 6.5777645367700038e-06
0.94953124999999994 6.5653094947064513e-06
0.94968750000000002 6.5528193735236265e-06
0.94984374999999999 6.5402940744226662e-06
0.94999999999999996 6.5277334983264299e-06
0.95015624999999992 6.515137545878727e-06
0.95031249999999989 6.5025061174435421e-06
0.95046874999999997 6.4898391131042291e-06
0.95062499999999994 6.4771364326627535e-06
0.95078124999999991 6.4643979756388554e-06
0.95093749999999999 6.4516236412692725e-06
0.95109374999999996 6.4388133285069765e-06
0.95124999999999993 6.4259669360203147e-06
0.9514062499999999 6.4130843621922514e-06
0.95156249999999987 6.4001655051195416e-06
0.95171874999999995 6.3872102626119345e-06
0.95187499999999992 6.3742185321913894e-06
0.95203124999999988 6.3611902110912123e-06
0.95218749999999996 6.3481251962552658e-06
0.95234374999999993 6.3350233843371958e-06
0.9524999999999999 6.3218846716995429e-06
0.95265624999999987 6.3087089544129704e-06
0.95281249999999984 6.2954961282554283e-06
0.95296874999999992 6.2822460887113146e-06
0.95312499999999989 6.2689587309706985e-06
0.95328124999999986 6.2556339499284261e-06
0.95343749999999994 6.2422716401833182e-06
0.95359374999999991 6.2288716960373648e-06
0.95374999999999988 6.2154340114948363e-06
0.95390624999999996 6.2019584802614683e-06
0.95406249999999992 6.1884449957436489e-06
0.95421874999999989 6.1748934510475279e-06
0.95437499999999997 6.1613037389781879e-06
0.95453124999999994 6.1476757520388311e-06
0.95468749999999991 6.1340093824298713e-06
0.95484374999999999 6.1203045220481095e-06
0.95499999999999996 6.1065610624859035e-06
0.95515624999999993 6.0927788950302625e-06
0.95531250000000001 6.0789579106620043e-06
0.95546874999999998 6.0650980000549336e-06
0.95562499999999995 6.0511990535749071e-06
0.95578125000000003 6.037260961279005e-06
0.9559375 6.0232836129146862e-06
0.95609374999999996 6.0092668979188595e-06
0.95625000000000004 5.9952107054170358e-06
0.95640625000000001 5.9811149242224822e-06
0.95656249999999998 5.9669794428352824e-06
0.95671875000000006 5.9528041494414885e-06
0.95687500000000003 5.9385889319122595e-06
0.95703125 5.9243336778029197e-06
0.95718750000000008 5.9100382743520988e-06
0.95734375000000005 5.895702608480866e-06
0.95750000000000002 5.8813265667917801e-06
0.95765624999999999 5.8669100355680294e-06
0.95781249999999996 5.8524529007725238e-06
0.95796875000000004 5.8379550480469826e-06
0.958125 5.8234163627110722e-06
0.95828124999999997 5.8088367297614317e-06
0.95843750000000005 5.7942160338708011e-06
0.95859375000000002 5.7795541593871372e-06
0.95874999999999999 5.7648509903326332e-06
0.95890624999999996 5.7501064104028476e-06
0.95906249999999993 5.7353203029657744e-06
0.95921875000000001 5.7204925510609028e-06
0.95937499999999998 5.7056230373983449e-06
0.95953124999999995 5.6907116443578349e-06
0.95968750000000003 5.6757582539878369e-06
0.95984375 5.6607627480046384e-06
0.95999999999999996 5.6457250077913547e-06
0.96015624999999993 5.630644914397034e-06
0.9603124999999999 5.6155223485357018e-06
0.96046874999999998 5.6003571905854121e-06
0.96062499999999995 5.5851493205873346e-06
0.96078124999999992 5.5698986182447532e-06
0.9609375 5.5546049629221404e-06
0.96109374999999997 5.5392682336442311e-06
0.96124999999999994 5.5238883090950155e-06
0.96140624999999991 5.5084650676168012e-06
0.96156249999999988 5.4929983872092603e-06
0.96171874999999996 5.477488145528442e-06
0.96187499999999992 5.4619342198858557e-06
0.96203124999999989 5.4463364872474206e-06
0.96218749999999997 5.4306948242325463e-06
0.96234374999999994 5.4150091071131737e-06
0.96242187499999998 5.4071496895040079e-06
0.96249999999999991 5.3992792118127385e-06
0.96257812499999984 5.3913976584751757e-06
0.96265624999999988 5.3835050139052272e-06
0.96273437499999992 5.3756012624948853e-06
0.96281249999999985 5.3676863886141858e-06
0.96289062499999989 5.3597603766111302e-06
0.96296874999999993 5.3518232108117264e-06
0.96304687499999986 5.3438748755199311e-06
0.9631249999999999 5.3359153550175725e-06
0.96320312499999994 5.3279446335643982e-06
0.96328124999999987 5.3199626953980045e-06
0.96335937499999991 5.3119695247337704e-06
0.96343749999999995 5.3039651057648965e-06
0.96351562499999988 5.2959494226623445e-06
0.96359374999999992 5.2879224595747585e-06
0.96367187499999996 5.2798842006285132e-06
0.96374999999999988 5.2718346299276504e-06
0.96382812499999992 5.2637737315538037e-06
0.96390624999999996 5.2557014895662383e-06
0.96398437499999989 5.2476178880017881e-06
0.96406249999999993 5.2395229108747943e-06
0.96414062499999997 5.2314165421771278e-06
0.9642187499999999 5.2232987658781395e-06
0.96429687499999994 5.2151695659245823e-06
0.96437499999999998 5.207028926240656e-06
0.96445312499999991 5.1988768307279345e-06
0.96453124999999995 5.1907132632653065e-06
0.96460937499999999 5.1825382077090074e-06
0.96468749999999992 5.1743516478925538e-06
0.96476562499999996 5.1661535676266777e-06
0.96484375 5.1579439506993635e-06
0.96492187499999993 5.1497227808757838e-06
0.96499999999999997 5.1414900418982297e-06
0.96507812500000001 5.1332457174861427e-06
0.96515624999999994 5.1249897913360603e-06
0.96523437499999998 5.1167222471215395e-06
0.96531250000000002 5.1084430684932002e-06
0.96539062499999995 5.1001522390786487e-06
0.96546874999999999 5.0918497424824229e-06
0.96554687500000003 5.083535562286019e-06
0.96562499999999996 5.0752096820478272e-06
0.965703125 5.0668720853030735e-06
0.96578125000000004 5.0585227555638398e-06
0.96585937499999996 5.0501616763190102e-06
0.9659375 5.0417888310341994e-06
0.96601562500000004 5.033404203151785e-06
0.96609374999999997 5.0250077760908472e-06
0.96617187500000001 5.0165995332471001e-06
0.96625000000000005 5.0081794579929226e-06
0.96632812499999998 4.9997475336772936e-06
0.96640625000000002 4.9913037436257309e-06
0.96648437500000006 4.9828480711403165e-06
0.96656249999999999 4.9743804994996366e-06
0.96664062500000003 4.9659010119587114e-06
0.96671875000000007 4.9574095917490345e-06
0.966796875 4.948906222078498e-06
0.96687500000000004 4.9403908861313269e-06
0.96695312500000008 4.9318635670681267e-06
0.96703125000000001 4.9233242480257953e-06
0.96710937500000005 4.9147729121174715e-06
0.96718750000000009 4.9062095424325618e-06
0.96726562500000002 4.8976341220366785e-06
0.96734375000000006 4.8890466339715673e-06
0.9674218750000001 4.8804470612551401e-06
0.96750000000000003 4.8718353868814216e-06
0.96757812499999996 4.8632115938204686e-06
0.96765625 4.8545756650183808e-06
0.96773437500000004 4.8459275833972816e-06
0.96781249999999996 4.8372673318552606e-06
0.967890625 4.8285948932663044e-06
0.96796875000000004 4.8199102504803362e-06
0.96804687499999997 4.8112133863231455e-06
0.96812500000000001 4.802504283596316e-06
0.96820312500000005 4.7937829250772684e-06
0.96828124999999998 4.7850492935191811e-06
0.96835937500000002 4.7763033716509329e-06
0.96843750000000006 4.7675451421771275e-06
0.96851562499999999 4.7587745877780382e-06
0.96859375000000003 4.7499916911095187e-06
0.96867187500000007 4.7411964348030601e-06
0.96875 4.7323888014657082e-06
0.96882812499999993 4.7235687736800083e-06
0.96890624999999997 4.7147363340039961e-06
0.96898437500000001 4.7058914649711881e-06
0.96906249999999994 4.6970341490905175e-06
0.96914062499999998 4.6881643688462687e-06
0.96921875000000002 4.6792821066981156e-06
0.96929687499999995 4.670387345081047e-06
0.96937499999999999 4.6614800664052964e-06
0.96945312500000003 4.6525602530563801e-06
0.96953124999999996 4.6436278873950324e-06
0.969609375 4.6346829517571191e-06
0.96968750000000004 4.6257254284536928e-06
0.96976562499999996 4.6167552997709094e-06
0.96984375 4.6077725479699626e-06
0.96992187500000004 4.5987771552871189e-06
0.96999999999999997 4.5897691039336471e-06
0.9700781249999999 4.5807483760957581e-06
0.97015624999999994 4.5717149539345934e-06
0.97023437499999998 4.5626688195862214e-06
0.97031249999999991 4.5536099551615636e-06
0.97039062499999995 4.5445383427463358e-06
0.97046874999999999 4.5354539644010797e-06
0.97054687499999992 4.5263568021610906e-06
0.97062499999999996 4.5172468380363483e-06
0.970703125 4.508124054011553e-06
0.97078124999999993 4.498988432046049e-06
0.97085937499999997 4.489839954073761e-06
0.97093750000000001 4.4806786020032274e-06
0.97101562499999994 4.4715043577175249e-06
0.97109374999999998 4.4623172030741987e-06
0.97117187500000002 4.4531171199053009e-06
0.97124999999999995 4.4439040900173194e-06
0.97132812499999988 4.4346780951911109e-06
0.97140624999999992 4.4254391171818922e-06
0.97148437499999996 4.4161871377192356e-06
0.97156249999999988 4.4069221385069998e-06
0.97164062499999992 4.3976441012232574e-06
0.97171874999999996 4.3883530075203405e-06
0.97179687499999989 4.3790488390247534e-06
0.97187499999999993 4.3697315773371119e-06
0.97195312499999997 4.3604012040321783e-06
0.9720312499999999 4.3510577006587841e-06
0.97210937499999994 4.3417010487397586e-06
0.97218749999999998 4.3323312297719643e-06
0.97226562499999991 4.3229482252262311e-06
0.97234374999999995 4.3135520165472698e-06
0.97242187499999999 4.3041425851537227e-06
0.97249999999999992 4.2947199124380803e-06
0.97257812499999985 4.2852839797666231e-06
0.97265624999999989 4.2758347684794093e-06
0.97273437499999993 4.2663722598902644e-06
0.97281249999999986 4.2568964352867187e-06
0.9728906249999999 4.24740727592993e-06
0.97296874999999994 4.2379047630547235e-06
0.97304687499999987 4.2283888778695219e-06
0.97312499999999991 4.2188596015562565e-06
0.97320312499999995 4.2093169152704247e-06
0.97328124999999988 4.1997608001410006e-06
0.97335937499999992 4.190191237270364e-06
0.97343749999999996 4.1806082077343404e-06
0.97351562499999988 4.1710116925821243e-06
0.97359374999999992 4.1614016728362034e-06
0.97367187499999996 4.1517781294923976e-06
0.97374999999999989 4.1421410435197839e-06
0.97382812499999993 4.13249039586062e-06
0.97390624999999997 4.122826167430382e-06
0.9739843749999999 4.1131483391176916e-06
0.97406249999999994 4.103456891784235e-06
0.97414062499999998 4.0937518062648066e-06
0.97421874999999991 4.0840330633672324e-06
0.97429687499999995 4.0743006438722864e-06
0.97437499999999999 4.0645545285337394e-06
0.97445312499999992 4.05479469807828e-06
0.97453124999999996 4.0450211332054306e-06
0.974609375 4.0352338145875952e-06
0.97468749999999993 4.0254327228699803e-06
0.97476562499999997 4.0156178386705128e-06
0.97484375000000001 4.0057891425798852e-06
0.97492187499999994 3.9959466151614804e-06
0.97499999999999998 3.9860902369512828e-06
0.97507812500000002 3.9762199884579308e-06
0.97515624999999995 3.9663358501626336e-06
0.97523437499999999 3.9564378025190902e-06
0.97531250000000003 3.9465258259535349e-06
0.97539062499999996 3.9365999008646578e-06
0.97546875 3.9266600076235241e-06
0.97554687500000004 3.9167061265736155e-06
0.97562499999999996 3.9067382380307577e-06
0.975703125 3.8967563222830262e-06
0.97578125000000004 3.886760359590806e-06
0.97585937499999997 3.8767503301867012e-06
0.97593750000000001 3.8667262142754545e-06
0.97601562500000005 3.8566879920339977e-06
0.97609374999999998 3.8466356436113642e-06
0.97617187500000002 3.8365691491286123e-06
0.97625000000000006 3.8264884886788642e-06
0.97632812499999999 3.8163936423272326e-06
0.97640625000000003 3.8062845901107323e-06
0.97648437500000007 3.7961613120383291e-06
0.9765625 3.786023788090855e-06
0.97664062500000004 3.7758719982209307e-06
0.97671875000000008 3.7657059223530034e-06
0.97679687500000001 3.7555255403832741e-06
0.97687500000000005 3.7453308321796074e-06
0.97695312500000009 3.7351217775815793e-06
0.97703125000000002 3.7248983564003993e-06
0.97710937500000006 3.7146605484188169e-06
0.9771875000000001 3.7044083333911811e-06
0.97726562500000003 3.694141691043347e-06
0.97734375000000007 3.6838606010725925e-06
0.97742187500000011 3.6735650431476779e-06
0.97750000000000004 3.6632549969087401e-06
0.97757812499999996 3.6529304419672455e-06
0.97765625 3.6425913579059652e-06
0.97773437500000004 3.6322377242789671e-06
0.97781249999999997 3.6218695206115489e-06
0.97789062500000001 3.6114867264001472e-06
0.97796875000000005 3.6010893211123956e-06
0.97804687499999998 3.5906772841870274e-06
0.97812500000000002 3.580250595033802e-06
0.97820312500000006 3.5698092330335455e-06
0.97828124999999999 3.559353177538068e-06
0.97835937500000003 3.5488824078700759e-06
0.97843750000000007 3.5383969033232279e-06
0.978515625 3.5278966431620386e-06
0.97859375000000004 3.5173816066218018e-06
0.97867187500000008 3.5068517729086315e-06
0.97875000000000001 3.4963071211993841e-06
0.97882812499999994 3.4857476306415772e-06
0.97890624999999998 3.4751732803533913e-06
0.97898437500000002 3.4645840494236443e-06
0.97906249999999995 3.4539799169117313e-06
0.97914062499999999 3.443360861847532e-06
0.97921875000000003 3.4327268632314618e-06
0.97929687499999996 3.4220779000343837e-06
0.979375 3.4114139511975259e-06
0.97945312500000004 3.4007349956325226e-06
0.97953124999999996 3.3900410122213334e-06
0.979609375 3.3793319798161565e-06
0.97968750000000004 3.3686078772394718e-06
0.97976562499999997 3.3578686832839607e-06
0.97984375000000001 3.3471143767124116e-06
0.97992187500000005 3.3363449362577781e-06
0.97999999999999998 3.3255603406230805e-06
0.98007812499999991 3.314760568481341e-06
0.98015624999999995 3.3039455984755703e-06
0.98023437499999999 3.2931154092187536e-06
0.98031249999999992 3.2822699792937815e-06
0.98039062499999996 3.2714092872533573e-06
0.98046875 3.2605333116200512e-06
0.98054687499999993 3.2496420308862069e-06
0.98062499999999997 3.2387354235138579e-06
0.98070312500000001 3.2278134679347751e-06
0.98078124999999994 3.2168761425503746e-06
0.98085937499999998 3.2059234257316351e-06
0.98093750000000002 3.1949552958191423e-06
0.98101562499999995 3.1839717311230027e-06
0.98109374999999999 3.1729727099227538e-06
0.98117187500000003 3.1619582104674129e-06
0.98124999999999996 3.1509282109753913e-06
0.98132812499999988 3.1398826896344116e-06
0.98140624999999992 3.128821624601507e-06
0.98148437499999996 3.1177449940030012e-06
0.98156249999999989 3.1066527759344359e-06
0.98164062499999993 3.0955449484604812e-06
0.98171874999999997 3.0844214896149878e-06
0.9817968749999999 3.0732823774008929e-06
0.98187499999999994 3.0621275897901304e-06
0.98195312499999998 3.0509571047236867e-06
0.98203124999999991 3.0397709001115013e-06
0.98210937499999995 3.0285689538323831e-06
0.98218749999999999 3.0173512437340586e-06
0.98226562499999992 3.0061177476330792e-06
0.98234374999999996 2.9948684433147323e-06
0.982421875 2.9836033085330919e-06
0.98249999999999993 2.9723223210109258e-06
0.98257812499999986 2.9610254584396206e-06
0.9826562499999999 2.9497126984791695e-06
0.98273437499999994 2.9383840187581618e-06
0.98281249999999987 2.9270393968737008e-06
0.98289062499999991 2.9156788103913189e-06
0.98296874999999995 2.904302236845025e-06
0.98304687499999988 2.8929096537372131e-06
0.98312499999999992 2.8815010385385686e-06
0.98320312499999996 2.870076368688122e-06
0.98328124999999988 2.8586356215931539e-06
0.98335937499999992 2.8471787746291057e-06
0.98343749999999996 2.8357058051396275e-06
0.98351562499999989 2.8242166904364843e-06
0.98359374999999993 2.8127114077994671e-06
0.98367187499999997 2.8011899344764455e-06
0.9837499999999999 2.7896522476832649e-06
0.98382812499999994 2.7780983246036638e-06
0.98390624999999998 2.7665281423893217e-06
0.98398437499999991 2.7549416781597626e-06
0.98406249999999995 2.743338909002265e-06
0.98414062499999999 2.7317198119719127e-06
0.98421874999999992 2.7200843640914999e-06
0.98429687499999996 2.7084325423514355e-06
0.984375 2.6967643237098005e-06
0.98445312499999993 2.6850796850922519e-06
0.98453124999999997 2.6733786033919193e-06
0.98460937500000001 2.6616610554694715e-06
0.98468749999999994 2.6499270181530137e-06
0.98476562499999998 2.6381764682379889e-06
0.98484375000000002 2.6264093824872421e-06
0.98492187499999995 2.6146257376309108e-06
0.98499999999999999 2.6028255103663408e-06
0.98507812500000003 2.5910086773581364e-06
0.98515624999999996 2.5791752152380609e-06
0.985234375 2.5673251006049416e-06
0.98531250000000004 2.5554583100247267e-06
0.98539062499999996 2.5435748200303901e-06
0.98546875 2.5316746071218268e-06
0.98554687500000004 2.5197576477659145e-06
0.98562499999999997 2.5078239183964119e-06
0.98570312500000001 2.4958733954138682e-06
0.98578125000000005 2.4839060551856672e-06
0.98585937499999998 2.4719218740459417e-06
0.98593750000000002 2.4599208282954677e-06
0.98601562500000006 2.4479028942017188e-06
0.98609374999999999 2.435868047998776e-06
0.98617187500000003 2.4238162658872213e-06
0.98625000000000007 2.4117475240342008e-06
0.986328125 2.3996617985733157e-06
0.98640625000000004 2.3875590656045379e-06
0.98648437500000008 2.3754393011942491e-06
0.98656250000000001 2.3633024813751567e-06
0.98664062500000005 2.3511485821461874e-06
0.98671875000000009 2.3389775794725449e-06
0.98679687500000002 2.3267894492856064e-06
0.98687500000000006 2.3145841674828317e-06
0.9869531250000001 2.3023617099278125e-06
0.98703125000000003 2.2901220524501758e-06
0.98710937500000007 2.277865170845479e-06
0.98718750000000011 2.2655910408752778e-06
0.98726562500000004 2.2532996382670096e-06
0.98734375000000008 2.2409909387139096e-06
0.98742187500000012 2.2286649178750571e-06
0.98750000000000004 2.216321551375276e-06
0.98757812499999997 2.2039608148050573e-06
0.98765625000000001 2.1915826837205399e-06
0.98773437500000005 2.1791871336434978e-06
0.98781249999999998 2.1667741400612616e-06
0.98789062500000002 2.1543436784266121e-06
0.98796875000000006 2.1418957241578394e-06
0.98804687499999999 2.1294302526386408e-06
0.98812500000000003 2.1169472392180195e-06
0.98820312500000007 2.1044466592103446e-06
0.98824218750000004 2.0981897740126077e-06
0.98828125 2.0919284878952439e-06
0.98832031249999996 2.0856627977627682e-06
0.98835937500000004 2.079392700517503e-06
0.98839843750000012 2.0731181930596238e-06
0.98843750000000008 2.0668392722871277e-06
0.98847656250000004 2.0605559350957945e-06
0.98851562500000001 2.0542681783792365e-06
0.98855468749999997 2.0479759990288847e-06
0.98859375000000005 2.0416793939339622e-06
0.98863281250000012 2.0353783599815409e-06
0.98867187500000009 2.0290728940565042e-06
0.98871093750000005 2.0227629930415066e-06
0.98875000000000002 2.0164486538170307e-06
0.98878906249999998 2.0101298732613608e-06
0.98882812499999995 2.0038066482505889e-06
0.98886718749999991 1.9974789756586109e-06
0.98890624999999999 1.9911468523571023e-06
0.98894531250000006 1.9848102752155743e-06
0.98898437500000003 1.9784692411013389e-06
0.98902343749999999 1.9721237468794668e-06
0.98906249999999996 1.965773789412843e-06
0.98910156249999992 1.9594193655621454e-06
0.989140625 1.9530604721858231e-06
0.98917968750000007 1.9466971061401567e-06
0.98921875000000004 1.9403292642792123e-06
0.9892578125 1.9339569434548061e-06
0.98929687499999996 1.9275801405165613e-06
0.98933593749999993 1.9211988523118822e-06
0.989375 1.9148130756859404e-06
0.98941406250000008 1.9084228074817225e-06
0.98945312500000004 1.9020280445399956e-06
0.98949218750000001 1.895628783699267e-06
0.98953124999999997 1.8892250217958403e-06
0.98957031249999994 1.882816755663794e-06
0.98960937500000001 1.8764039821349582e-06
0.98964843750000009 1.8699866980389751e-06
0.98968750000000005 1.8635649002032559e-06
0.98972656250000002 1.857138585452941e-06
0.98976562499999998 1.8507077506109601e-06
0.98980468749999995 1.8442723924980065e-06
0.98984375000000002 1.8378325079325169e-06
0.9898828125000001 1.831388093730729e-06
0.98992187500000006 1.8249391467066425e-06
0.98996093750000003 1.8184856636719779e-06
0.98999999999999999 1.8120276414362283e-06
0.99003906249999996 1.8055650768066488e-06
0.99007812499999992 1.7990979665882439e-06
0.99011718749999988 1.7926263075837734e-06
0.99015624999999996 1.7861500965937294e-06
0.99019531250000004 1.77966933041639e-06
0.990234375 1.7731840058477814e-06
0.99027343749999996 1.7666941196816389e-06
0.99031249999999993 1.7601996687094633e-06
0.99035156249999989 1.7537006497204942e-06
0.99039062499999997 1.7471970595016987e-06
0.99042968750000004 1.7406888948378186e-06
0.99046875000000001 1.7341761525113347e-06
0.99050781249999997 1.7276588293024285e-06
0.99054687499999994 1.7211369219890348e-06
0.9905859374999999 1.7146104273468205e-06
0.99062499999999998 1.7080793421491674e-06
0.99066406250000005 1.7015436631672257e-06
0.99070312500000002 1.6950033871698746e-06
0.99074218749999998 1.6884585109236819e-06
0.99078124999999995 1.681909031192959e-06
0.99082031249999991 1.6753549447397445e-06
0.99085937499999999 1.6687962483237781e-06
0.99089843750000006 1.6622329387025579e-06
0.99093750000000003 1.655665012631304e-06
0.99097656249999999 1.6490924668629157e-06
0.99101562499999996 1.6425152981480238e-06
0.99105468749999992 1.6359335032349766e-06
0.99109375 1.629347078869818e-06
0.99113281250000007 1.6227560217963374e-06
0.99117187500000004 1.6161603287560355e-06
0.9912109375 1.6095599964880826e-06
0.99124999999999996 1.6029550217293749e-06
0.99128906249999993 1.596345401214515e-06
0.99132812499999989 1.5897311316758056e-06
0.99136718749999986 1.5831122098432525e-06
0.99140624999999993 1.5764886324445423e-06
0.99144531250000001 1.5698603962050992e-06
0.99148437499999997 1.5632274978480429e-06
0.99152343749999994 1.5565899340941481e-06
0.9915624999999999 1.5499477016619081e-06
0.99160156249999987 1.5433007972675004e-06
0.99164062499999994 1.5366492176247808e-06
0.99167968750000002 1.5299929594453256e-06
0.99171874999999998 1.5233320194384036e-06
0.99175781249999995 1.5166663943109262e-06
0.99179687499999991 1.5099960807675123e-06
0.99183593749999988 1.503321075510457e-06
0.99187499999999995 1.4966413752397231e-06
0.99191406250000003 1.4899569766529869e-06
0.99195312499999999 1.483267876445602e-06
0.99199218749999996 1.4765740713105598e-06
0.99203124999999992 1.4698755579385443e-06
0.99207031249999988 1.4631723330179147e-06
0.99210937499999996 1.4564643932346769e-06
0.99214843750000004 1.4497517352725479e-06
0.9921875 1.4430343558129109e-06
0.99222656249999996 1.4363122515347764e-06
0.99226562499999993 1.4295854191148373e-06
0.99230468749999989 1.4228538552274516e-06
0.99234374999999997 1.4161175565446177e-06
0.99238281250000004 1.4093765197360291e-06
0.99242187500000001 1.4026307414690396e-06
0.99246093749999997 1.3958802184086208e-06
0.99249999999999994 1.389124947217417e-06
0.9925390624999999 1.3823649245557236e-06
0.99257812499999987 1.3756001470814882e-06
0.99261718749999983 1.3688306114503099e-06
0.99265624999999991 1.3620563143154107e-06
0.99269531249999998 1.3552772523277029e-06
0.99273437499999995 1.348493422135741e-06
0.99277343749999991 1.3417048203856813e-06
0.99281249999999988 1.334911443721343e-06
0.99285156249999984 1.3281132887841852e-06
0.99289062499999992 1.3213103522132836e-06
0.99292968749999999 1.3145026306453884e-06
0.99296874999999996 1.3076901207148854e-06
0.99300781249999992 1.3008728190537549e-06
0.99304687499999988 1.2940507222916245e-06
0.99308593749999985 1.287223827055756e-06
0.99312499999999992 1.2803921299710155e-06
0.9931640625 1.273555627659934e-06
0.99320312499999996 1.2667143167426714e-06
0.99324218749999993 1.2598681938369659e-06
0.99328124999999989 1.2530172555581993e-06
0.99332031249999986 1.2461614985193709e-06
0.99335937499999993 1.23930091933108e-06
0.99339843750000001 1.2324355146015805e-06
0.99343749999999997 1.2255652809367407e-06
0.99347656249999994 1.2186902149400001e-06
0.9935156249999999 1.2118103132124323e-06
0.99355468749999987 1.2049255723527176e-06
0.99359374999999994 1.1980359889571266e-06
0.99363281250000002 1.1911415596195733e-06
0.99367187499999998 1.1842422809315745e-06
0.99371093749999995 1.1773381494822147e-06
0.99374999999999991 1.1704291618581948e-06
0.99378906249999988 1.1635153146438171e-06
0.99382812499999995 1.1565966044209604e-06
0.99386718750000003 1.1496730277691399e-06
0.99390624999999999 1.1427445812654641e-06
0.99394531249999996 1.1358112614845942e-06
0.99398437499999992 1.1288730649988043e-06
0.99402343749999988 1.1219299883779537e-06
0.99406249999999996 1.1149820281894708e-06
0.99410156250000004 1.1080291809984121e-06
0.994140625 1.1010714433674135e-06
0.99417968749999996 1.0941088118566549e-06
0.99421874999999993 1.0871412830239194e-06
0.99425781249999989 1.0801688534245662e-06
0.99429687499999997 1.0731915196115118e-06
0.99433593750000004 1.0662092781352867e-06
0.99437500000000001 1.0592221255440008e-06
0.99441406249999997 1.0522300583832884e-06
0.99445312499999994 1.0452330731963805e-06
0.9944921874999999 1.0382311665240718e-06
0.99453124999999998 1.0312243349047078e-06
0.99457031250000005 1.0242125748742381e-06
0.99460937500000002 1.0171958829661741e-06
0.99464843749999998 1.0101742557115494e-06
0.99468749999999995 1.0031476896389803e-06
0.99472656249999991 9.961161812746369e-07
0.99476562499999999 9.8907972714223105e-07
0.99480468750000006 9.8203832376306496e-07
0.99484375000000003 9.7499196765599754e-07
0.99488281249999999 9.6794065533739574e-07
0.99492187499999996 9.6088438332119995e-07
0.99496093749999992 9.5382314811889525e-07
0.995 9.4675694623949431e-07
0.99503906250000007 9.3968577418959471e-07
0.99507812500000004 9.3260962847333743e-07
0.9951171875 9.2552850559236162e-07
0.99515624999999996 9.1844240204587132e-07
0.99519531249999993 9.1135131433060095e-07
0.995234375 9.0425523894080681e-07
0.99527343750000008 8.9715417236831677e-07
0.99531250000000004 8.9004811110249266e-07
0.99535156250000001 8.8293705163018276e-07
0.99539062499999997 8.7582099043579068e-07
0.99542968749999994 8.6869992400124236e-07
0.99546875000000001 8.615738488059719e-07
0.99550781250000009 8.5444276132697497e-07
0.99554687500000005 8.4730665803877011e-07
0.99558593750000002 8.4016553541335847e-07
0.99562499999999998 8.3301938992027688e-07
0.99566406249999995 8.2586821802657885e-07
0.99570312500000002 8.187120161968142e-07
0.9957421875000001 8.1155078089308524e-07
0.99578125000000006 8.0438450857500705e-07
0.99582031250000003 7.9721319569966359e-07
0.99585937499999999 7.9003683872166653e-07
0.99589843749999996 7.8285543409313431e-07
0.99593750000000003 7.7566897826366861e-07
0.99597656250000011 7.6847746768041673e-07
0.99601562500000007 7.6128089878802448e-07
0.99605468750000004 7.5407926802859782e-07
0.99609375 7.4687257184175924e-07
0.99613281249999996 7.3966080666462875e-07
0.99617187500000004 7.3244396893179967e-07
0.99621093750000012 7.2522205507539559e-07
0.99625000000000008 7.1799506152503372e-07
0.99628906250000004 7.1076298470777927e-07
0.99632812500000001 7.0352582104820156e-07
0.99636718749999997 6.962835669683574e-07
0.99640625000000005 6.8903621888776578e-07
0.99644531250000012 6.8178377322346866e-07
0.99648437500000009 6.7452622638998997e-07
0.99652343750000005 6.6726357479928544e-07
0.99656250000000002 6.5999581486081205e-07
0.99660156249999998 6.527229429814986e-07
0.99664062500000006 6.4544495556572909e-07
0.99667968750000013 6.3816184901539745e-07
0.9967187500000001 6.3087361972986583e-07
0.99675781250000006 6.2358026410592563e-07
0.99679687500000003 6.1628177853785258e-07
0.99683593749999999 6.0897815941738563e-07
0.99687500000000007 6.016694031337056e-07
0.99691406250000014 5.9435550607349666e-07
0.99695312500000011 5.8703646462089874e-07
0.99699218750000007 5.7971227515746998e-07
0.99703125000000004 5.7238293406224056e-07
0.9970703125 5.6504843771169703e-07
0.99710937500000008 5.5770878247975508e-07
0.99714843750000015 5.5036396473782191e-07
0.99718750000000012 5.4301398085475103e-07
0.9972070312500001 5.393370504748436e-07
0.99722656250000008 5.3565882719680234e-07
0.99724609375000006 5.3197931056601268e-07
0.99726562500000004 5.2829850012770001e-07
0.99728515625000003 5.2461639542692948e-07
0.99730468750000001 5.2093299600860893e-07
0.99732421874999999 5.1724830141748272e-07
0.99734375000000008 5.1356231119811668e-07
0.99736328125000018 5.0987502489495575e-07
0.99738281250000016 5.0618644205228847e-07
0.99740234375000014 5.0249656221419714e-07
0.99742187500000012 4.9880538492462851e-07
0.99744140625000011 4.9511290972736578e-07
0.99746093750000009 4.9141913616603299e-07
0.99748046875000007 4.8772406378409443e-07
0.99750000000000005 4.8402769212485352e-07
0.99751953125000004 4.8033002073145195e-07
0.99753906250000002 4.7663104914687281e-07
0.99755859375 4.7293077691393568e-07
0.99757812499999998 4.6922920357530133e-07
0.99759765624999996 4.6552632867347159e-07
0.99761718749999995 4.6182215175078116e-07
0.99763671874999993 4.5811667234941213e-07
0.99765625000000002 4.5440989001135715e-07
0.99767578125000012 4.5070180427849539e-07
0.9976953125000001 4.46992414692541e-07
0.99771484375000008 4.4328172079500694e-07
0.99773437500000006 4.3956972212726533e-07
0.99775390625000004 4.3585641823052866e-07
0.99777343750000003 4.3214180864584425e-07
0.99779296875000001 4.284258929141033e-07
0.99781249999999999 4.2470867057603094e-07
0.99783203124999997 4.2099014117219216e-07
0.99785156249999996 4.1727030424299329e-07
0.99787109374999994 4.1354915932867453e-07
0.99789062500000003 4.0982670596929535e-07
0.99791015625000012 4.061029437047969e-07
0.99792968750000011 4.0237787207495764e-07
0.99794921875000009 3.9865149061935101e-07
0.99796875000000007 3.9492379887741121e-07
0.99798828125000005 3.9119479638840757e-07
0.99800781250000004 3.8746448269145196e-07
0.99802734375000002 3.8373285732549115e-07
0.998046875 3.7999991982931099e-07
0.99806640624999998 3.7626566974153349e-07
0.99808593749999996 3.7253010660061955e-07
0.99810546874999995 3.6879322994486887e-07
0.99812500000000004 3.6505503931239535e-07
0.99814453125000013 3.6131553424119465e-07
0.99816406250000012 3.5757471426910003e-07
0.9981835937500001 3.5383257893373796e-07
0.99820312500000008 3.5008912777259505e-07
0.99822265625000006 3.4634436032299622e-07
0.99824218750000004 3.425982761221006e-07
0.99826171875000003 3.3885087470690833e-07
0.99828125000000001 3.3510215561425248e-07
0.99830078124999999 3.313521183808084e-07
0.99832031249999997 3.2760076254308418e-07
0.99833984374999996 3.2384808763742546e-07
0.99835937500000005 3.2009409319999726e-07
0.99837890625000014 3.1633877876683984e-07
0.99839843750000012 3.1258214387383238e-07
0.99841796875000011 3.0882418805664653e-07
0.99843750000000009 3.0506491085081572e-07
0.99845703125000007 3.0130431179170497e-07
0.99847656250000005 2.9754239041452044e-07
0.99849609375000004 2.9377914625430253e-07
0.99851562500000002 2.9001457884592876e-07
0.99853515625 2.8624868772411207e-07
0.99855468749999998 2.8248147242340299e-07
0.99857421874999996 2.7871293247818809e-07
0.99859375000000006 2.7494306742267003e-07
0.99861328125000015 2.7117187679092632e-07
0.99863281250000013 2.6739936011687634e-07
0.99865234375000012 2.6362551693423014e-07
0.9986718750000001 2.5985034677655253e-07
0.99869140625000008 2.5607384917724861e-07
0.99871093750000006 2.5229602366955713e-07
0.99873046875000004 2.4851686978655435e-07
0.99875000000000003 2.4473638706114951e-07
0.99876953125000001 2.4095457502608927e-07
0.99878906249999999 2.3717143321395786e-07
0.99880859374999997 2.3338696115717336e-07
0.99882812499999996 2.2960115838798787e-07
0.99884765624999994 2.2581402443848979e-07
0.99886718749999992 2.2202555884060753e-07
0.9988867187499999 2.1823576112609735e-07
0.99890625 2.1444463082653474e-07
0.99892578125000009 2.1065216747337177e-07
0.99894531250000007 2.06858370597897e-07
0.99896484375000005 2.0306323973118768e-07
0.99898437500000004 1.9926677440418295e-07
0.99900390625000002 1.9546897414765235e-07
0.9990234375 1.916698384922016e-07
0.99904296874999998 1.8786936696827418e-07
0.99906249999999996 1.8406755910614365e-07
0.99908203124999995 1.8026441443592376e-07
0.99910156249999993 1.764599324875583e-07
0.99912109374999991 1.7265411279082883e-07
0.999140625 1.6884695487532879e-07
0.9991601562500001 1.6503845827052813e-07
0.99917968750000008 1.6122862250573455e-07
0.99919921875000006 1.5741744711004559e-07
0.99921875000000004 1.536049316124123e-07
0.99923828125000003 1.4979107554162455e-07
0.99925781250000001 1.4597587842630357e-07
0.99927734374999999 1.4215933979490459e-07
0.99929687499999997 1.3834145917571794e-07
0.99931640624999996 1.345222360968691e-07
0.99933593749999994 1.3070167008631742e-07
0.99935546874999992 1.2687976067185257e-07
0.99937500000000001 1.2305650738108216e-07
0.99939453125000011 1.1923190974148812e-07
0.99941406250000009 1.1540596728038495e-07
0.99943359375000007 1.1157867952487961e-07
0.99945312500000005 1.0775004600193375e-07
0.99947265625000004 1.0392006623834415e-07
0.99949218750000002 1.0008873976073774e-07
0.99951171875 9.6256066095579131e-08
0.99953124999999998 9.2422044769163123e-08
0.99955078124999996 8.8586675307619705e-08
0.99957031249999995 8.4749957236912711e-08
0.99958984374999993 8.0911890082837481e-08
0.99960937500000002 7.707247337100129e-08
0.99962890625000012 7.3231706626889239e-08
0.9996484375000001 6.9389589375819181e-08
0.99965820312500009 6.7468024161776186e-08
0.99966796875000008 6.5546121142897647e-08
0.99967773437500007 6.3623880259800532e-08
0.99968750000000006 6.1701301453087106e-08
0.99969726562500005 5.9778384663353572e-08
0.99970703125000004 5.7855129831182673e-08
0.99971679687500004 5.5931536897148616e-08
0.99972656250000003 5.4007605801812161e-08
0.99973632812500002 5.2083336485726767e-08
0.99974609375000001 5.0158728889434879e-08
0.999755859375 4.8233782953467948e-08
0.99976562499999999 4.6308498618346453e-08
0.99977539062499998 4.4382875824581086e-08
0.99978515624999997 4.2456914512671555e-08
0.99979492187499996 4.0530614623107807e-08
0.99980468749999996 3.860397609636877e-08
0.99981445312499995 3.6676998872923638e-08
0.99982421874999994 3.4749682893230582e-08
0.99983398437499993 3.282202809773803e-08
0.99984375000000003 3.0894034426858974e-08
0.99985351562500013 2.8965701821044263e-08
0.99986328125000012 2.703703022073256e-08
0.99987304687500012 2.5108019566306318e-08
0.99988281250000011 2.3178669798161448e-08
0.9998925781250001 2.1248980856682857e-08
0.99990234375000009 1.9318952682245685e-08
0.99991210937500008 1.7388585215212858e-08
0.99992187500000007 1.5457878395938758e-08
0.99993164062500006 1.3526832164765551e-08
0.99994140625000005 1.1595446462026852e-08
0.99995117187500004 9.6637212280428473e-09
0.99996093750000004 7.7316564031276169e-09
0.99997070312500003 5.7992519275793617e-09
0.99998046875000002 3.8665077416913978e-09
0.99999023437500001 1.9334237857411653e-09
0.9999951171875 9.6675437532794893e-10
0.99999755859374995 4.8338780875658623e-10
0.99999877929687497 2.4169655970701276e-10
0.99999938964843749 1.2084894369255577e-10
0.99999969482421869 6.0424637818405355e-11
0.99999984741210934 3.0212360399181425e-11
0.99999992370605462 1.5106190583839888e-11
0.99999996185302731 7.5530978852344357e-12
0.99999998092651365 3.7765495904878736e-12
0.99999999046325683 1.9799998014918428e-12
1 1.9799998014918428e-12
