# Silicon chemical_potential; sampled from pre-migration BESFEM model.
# concentration value; solver units (see ../README.md)
0 -482516264.3043642
9.5367431640625002e-09 -482516264.3043642
9.8347663879394519e-09 -482516264.3043642
9.9837779998779286e-09 -482516264.3043642
9.9930912256240832e-09 -482516264.3043642
9.9977478384971613e-09 -482516264.3043642
9.9989119917154296e-09 -482516264.3043642
9.9994940683245638e-09 -482516264.3043642
9.9997851066291308e-09 -482516264.3043642
9.9999306257814144e-09 -482516264.3043642
1.0000003385357558e-08 -482516100.98573798
1.00000761449337e-08 -482512590.89755994
1.0002404451370238e-08 -482400295.038831
1.0021030902862547e-08 -481503806.72425711
1.0039657354354856e-08 -480610644.8969357
1.0058283805847167e-08 -479720791.07638204
1.0076910257339478e-08 -478834226.91875088
1.0095536708831787e-08 -477950934.21557599
1.0114163160324096e-08 -477070894.89252317
1.0132789611816405e-08 -476194091.00815809
1.0151416063308714e-08 -475320504.75272638
1.0170042514801024e-08 -474450118.44694829
1.0188668966293333e-08 -473582914.54082549
1.0207295417785644e-08 -472718875.6124624
1.0225921869277954e-08 -471857984.3668983
1.0244548320770264e-08 -471000223.63495439
1.0263174772262573e-08 -470145576.37209195
1.0281801223754882e-08 -469294025.65728331
1.0300427675247191e-08 -468445554.69189519
1.03190541267395e-08 -467600146.7985844
1.033768057823181e-08 -466757785.42020434
1.035630702972412e-08 -465918454.11872482
1.0374933481216431e-08 -465082136.57416254
1.039355993270874e-08 -464248816.58352345
1.041218638420105e-08 -463418478.0597561
1.0430812835693359e-08 -462591105.03071648
1.0449439287185668e-08 -461766681.63814396
1.0468065738677977e-08 -460945192.13664806
1.0486692190170286e-08 -460126620.89270633
1.0505318641662597e-08 -459310952.38367206
1.0523945093154908e-08 -458498171.19679374
1.0542571544647217e-08 -457688262.02824354
1.0561197996139526e-08 -456881209.68215728
1.0579824447631835e-08 -456076999.06968403
1.0598450899124145e-08 -455275615.20804542
1.0617077350616454e-08 -454477043.21960551
1.0635703802108763e-08 -453681268.33095002
1.0654330253601074e-08 -452888275.871975
1.0672956705093385e-08 -452098051.27498579
1.0691583156585694e-08 -451310580.07380497
1.0710209608078003e-08 -450525847.90288907
1.0728836059570312e-08 -449743840.49645543
1.0747462511062621e-08 -448964543.6876179
1.076608896255493e-08 -448187943.40753049
1.078471541404724e-08 -447414025.68454176
1.080334186553955e-08 -446642776.64335644
1.0821968317031861e-08 -445874182.504206
1.084059476852417e-08 -445108229.58202875
1.085922122001648e-08 -444344904.28565657
1.0877847671508789e-08 -443584193.11701149
1.0896474123001098e-08 -442826082.67031056
1.0915100574493407e-08 -442070559.63127738
1.0933727025985716e-08 -441317610.77636355
1.0952353477478027e-08 -440567222.97197664
1.0970979928970338e-08 -439819383.17371672
1.0989606380462647e-08 -439074078.42562026
1.1008232831954956e-08 -438331295.85941243
1.1026859283447265e-08 -437591022.69376606
1.1045485734939575e-08 -436853246.23356879
1.1064112186431884e-08 -436117953.86919701
1.1082738637924193e-08 -435385133.07579786
1.1101365089416504e-08 -434654771.41257787
1.1119991540908815e-08 -433926856.52209884
1.1138617992401124e-08 -433201376.12958139
1.1157244443893433e-08 -432478318.0422141
1.1175870895385742e-08 -431757670.14847136
1.1194497346878051e-08 -431039420.41743666
1.1213123798370361e-08 -430323556.8981328
1.123175024986267e-08 -429610067.71885991
1.1250376701354981e-08 -428898941.08653796
1.1269003152847291e-08 -428190165.28605843
1.1287629604339601e-08 -427483728.67963994
1.130625605583191e-08 -426779619.7061916
1.1324882507324219e-08 -426077826.88068205
1.1343508958816528e-08 -425378338.79351568
1.1362135410308837e-08 -424681144.10991371
1.1380761861801146e-08 -423986231.56930226
1.1399388313293457e-08 -423293589.98470587
1.1418014764785768e-08 -422603208.24214727
1.1436641216278077e-08 -421915075.30005294
1.1455267667770386e-08 -421229180.18866462
1.1473894119262696e-08 -420545512.0094561
1.1492520570755005e-08 -419864059.93455619
1.1511147022247314e-08 -419184813.206177
1.1529773473739623e-08 -418507761.13604766
1.1548399925231934e-08 -417832893.10485423
1.1567026376724245e-08 -417160198.56168365
1.1585652828216554e-08 -416489667.02347535
1.1604279279708863e-08 -415821288.07447469
1.1622905731201172e-08 -415155051.36569518
1.1641532182693481e-08 -414490946.61438364
1.1660158634185791e-08 -413828963.60349166
1.16787850856781e-08 -413169092.18115109
1.1697411537170411e-08 -412511322.26015544
1.1716037988662721e-08 -411855643.81744587
1.1734664440155031e-08 -411202046.89360225
1.175329089164734e-08 -410550521.59233803
1.1771917343139649e-08 -409901058.08000165
1.1790543794631958e-08 -409253646.58508193
1.1809170246124267e-08 -408608277.39771706
1.1827796697616576e-08 -407964940.86921012
1.1846423149108887e-08 -407323627.41154748
1.1865049600601198e-08 -406684327.49692291
1.1883676052093507e-08 -406047031.65726572
1.1902302503585816e-08 -405411730.48377341
1.1920928955078126e-08 -404778414.62644827
1.1939555406570435e-08 -404147074.79363889
1.1958181858062744e-08 -403517701.7515859
1.1976808309555053e-08 -402890286.32397157
1.1995434761047364e-08 -402264819.39147383
1.2014061212539675e-08 -401641291.89132506
1.2032687664031984e-08 -401019694.81687331
1.2051314115524293e-08 -400400019.21714944
1.2069940567016602e-08 -399782256.19643706
1.2088567018508912e-08 -399166396.91384685
1.2107193470001221e-08 -398552432.58289552
1.212581992149353e-08 -397940354.47108668
1.2144446372985841e-08 -397330153.89949816
1.2163072824478152e-08 -396721822.24237067
1.2181699275970461e-08 -396115350.9267025
1.220032572746277e-08 -395510731.43184531
1.2218952178955079e-08 -394907955.28910667
1.2237578630447388e-08 -394307014.08135343
1.2256205081939697e-08 -393707899.44262069
1.2274831533432007e-08 -393110603.05772328
1.2293457984924317e-08 -392515116.66187084
1.2312084436416628e-08 -391921432.04028732
1.2330710887908937e-08 -391329541.02783239
1.2349337339401247e-08 -390739435.50862765
1.2367963790893556e-08 -390151107.41568565
1.2386590242385865e-08 -389564548.73054183
1.2405216693878174e-08 -388979751.4828909
1.2423843145370483e-08 -388396707.75022548
1.2442469596862794e-08 -387815409.65747803
1.2461096048355105e-08 -387235849.37666702
1.2479722499847414e-08 -386658019.12654513
1.2498348951339723e-08 -386081911.17225051
1.2516975402832032e-08 -385507517.82496285
1.2535601854324342e-08 -384934831.44156009
1.2554228305816651e-08 -384363844.42428005
1.257285475730896e-08 -383794549.22038448
1.2591481208801271e-08 -383226938.32182598
1.2610107660293582e-08 -382661004.26491743
1.2628734111785891e-08 -382096739.63000566
1.26473605632782e-08 -381534137.0411467
1.2665987014770509e-08 -380973189.16578424
1.2684613466262818e-08 -380413888.71443164
1.2703239917755127e-08 -379856228.44035578
1.2721866369247437e-08 -379300201.13926399
1.2740492820739747e-08 -378745799.64899397
1.2759119272232058e-08 -378193016.84920645
1.2777745723724367e-08 -377641845.66108018
1.2796372175216677e-08 -377092279.04700953
1.2814998626708986e-08 -376544310.01030535
1.2833625078201295e-08 -375997931.59489781
1.2852251529693604e-08 -375453136.88504219
1.2870877981185913e-08 -374909919.00502682
1.2889504432678224e-08 -374368271.11888421
1.2908130884170535e-08 -373828186.43010432
1.2926757335662844e-08 -373289658.18134964
1.2945383787155153e-08 -372752679.65417409
1.2964010238647463e-08 -372217244.16874337
1.2982636690139772e-08 -371683345.08355761
1.3001263141632081e-08 -371150975.79517758
1.301988959312439e-08 -370620129.7379517
1.3038516044616699e-08 -370090800.38374639
1.3057142496109008e-08 -369562981.2416786
1.3075768947601318e-08 -369036665.85785025
1.3094395399093627e-08 -368511847.81508541
1.3113021850585938e-08 -367988520.73266929
1.3131648302078248e-08 -367466678.26608974
1.3150274753570558e-08 -366946314.10678095
1.3168901205062867e-08 -366427421.98186904
1.3187527656555176e-08 -365909995.65392017
1.3206154108047485e-08 -365394028.92069036
1.3224780559539794e-08 -364879515.61487812
1.3243407011032103e-08 -364366449.60387832
1.3262033462524413e-08 -363854824.7895385
1.3280659914016722e-08 -363344635.10791779
1.3299286365509031e-08 -362835874.52904665
1.331791281700134e-08 -362328537.05668974
1.3336539268493651e-08 -361822616.72811031
1.3355165719985962e-08 -361318107.61383659
1.3373792171478271e-08 -360815003.8174299
1.339241862297058e-08 -360313299.47525513
1.3411045074462889e-08 -359812988.756253
1.3429671525955198e-08 -359314065.86171418
1.3448297977447508e-08 -358816525.02505487
1.3466924428939817e-08 -358320360.51159531
1.3485550880432128e-08 -357825566.61833841
1.3504177331924438e-08 -357332137.67375261
1.3522803783416748e-08 -356840068.03755409
1.3541430234909057e-08 -356349352.10049224
1.3560056686401366e-08 -355859984.28413659
1.3578683137893675e-08 -355371959.04066527
1.3597309589385984e-08 -354885270.85265553
1.3615936040878294e-08 -354399914.23287559
1.3634562492370604e-08 -353915883.7240786
1.3653188943862915e-08 -353433173.89879799
1.3671815395355224e-08 -352951779.35914493
1.3690441846847534e-08 -352471694.73660654
1.3709068298339843e-08 -351992914.69184679
1.3727694749832152e-08 -351515433.91450822
1.3746321201324461e-08 -351039247.12301612
1.376494765281677e-08 -350564349.06438327
1.3783574104309081e-08 -350090734.51401687
1.3802200555801392e-08 -349618398.27552736
1.3820827007293701e-08 -349147335.1805377
1.383945345878601e-08 -348677540.08849561
1.3858079910278319e-08 -348209007.88648582
1.3876706361770629e-08 -347741733.48904508
1.3895332813262938e-08 -347275711.83797824
1.3913959264755247e-08 -346810937.90217531
1.3932585716247558e-08 -346347406.67743045
1.3951212167739869e-08 -345885113.18626308
1.3969838619232178e-08 -345424052.4777388
1.3988465070724487e-08 -344964219.62729317
1.4007091522216796e-08 -344505609.73655611
1.4025717973709105e-08 -344048217.93317825
1.4044344425201414e-08 -343592039.37065798
1.4062970876693724e-08 -343137069.22817099
1.4081597328186034e-08 -342683302.71039951
1.4100223779678345e-08 -342230735.04736435
1.4118850231170654e-08 -341779361.49425828
1.4137476682662964e-08 -341329177.33127874
1.4156103134155273e-08 -340880177.86346495
1.4174729585647582e-08 -340432358.42053378
1.4193356037139891e-08 -339985714.35671788
1.42119824886322e-08 -339540241.05060524
1.4230608940124511e-08 -339095933.90497971
1.4249235391616822e-08 -338652788.34666294
1.4267861843109131e-08 -338210799.82635742
1.428648829460144e-08 -337769963.81849086
1.4305114746093749e-08 -337330275.82106137
1.4323741197586059e-08 -336891731.35548472
1.4342367649078368e-08 -336454325.96644205
1.4360994100570677e-08 -336018055.2217288
1.4379620552062988e-08 -335582914.71210551
1.4398247003555299e-08 -335148900.05114871
1.4416873455047608e-08 -334716006.87510395
1.4435499906539917e-08 -334284230.84273922
1.4454126358032226e-08 -333853567.6352002
1.4472752809524535e-08 -333424012.95586586
1.4491379261016845e-08 -332995562.53020591
1.4510005712509154e-08 -332568212.1056388
1.4528632164001465e-08 -332141957.45139092
1.4547258615493775e-08 -331716794.35835755
1.4565885066986085e-08 -331292718.63896364
1.4584511518478394e-08 -330869726.12702662
1.4603137969970703e-08 -330447812.67761999
1.4621764421463012e-08 -330026974.16693801
1.4640390872955321e-08 -329607206.49216098
1.465901732444763e-08 -329188505.57132244
1.4677643775939941e-08 -328770867.34317625
1.4696270227432252e-08 -328354287.76706588
1.4714896678924561e-08 -327938762.82279378
1.473352313041687e-08 -327524288.51049209
1.475214958190918e-08 -327110860.85049409
1.4770776033401489e-08 -326698475.88320726
1.4789402484893798e-08 -326287129.66898662
1.4808028936386107e-08 -325876818.28800923
1.4826655387878418e-08 -325467537.84014994
1.4845281839370729e-08 -325059284.4448573
1.4863908290863038e-08 -324652054.24103159
1.4882534742355347e-08 -324245843.38690257
1.4901161193847656e-08 -323840648.05990881
1.4919787645339965e-08 -323436464.4565779
1.4938414096832275e-08 -323033288.79240745
1.4957040548324584e-08 -322631117.30174667
1.4975666999816893e-08 -322229946.23767954
1.4994293451309202e-08 -321829771.87190825
1.5012919902801511e-08 -321430590.49463755
1.5031546354293824e-08 -321032398.41446036
1.5050172805786133e-08 -320635191.95824409
1.5068799257278442e-08 -320238967.47101718
1.5087425708770755e-08 -319843721.31585741
1.5106052160263064e-08 -319449449.87378073
1.5124678611755373e-08 -319056149.54363024
1.5143305063247682e-08 -318663816.7419672
1.5161931514739991e-08 -318272447.90296179
1.51805579662323e-08 -317882039.47828519
1.519918441772461e-08 -317492587.93700236
1.5217810869216919e-08 -317104089.76546562
1.5236437320709228e-08 -316716541.46720892
1.5255063772201537e-08 -316329939.56284291
1.5273690223693846e-08 -315944280.58995092
1.5292316675186156e-08 -315559561.10298556
1.5310943126678465e-08 -315175777.67316604
1.5329569578170777e-08 -314792926.88837641
1.5348196029663086e-08 -314411005.35306454
1.5366822481155396e-08 -314030009.68814117
1.5385448932647708e-08 -313649936.53088099
1.5404075384140017e-08 -313270782.53482336
1.5422701835632326e-08 -312892544.36967409
1.5441328287124636e-08 -312515218.72120792
1.5459954738616945e-08 -312138802.29117173
1.5478581190109254e-08 -311763291.79718858
1.5497207641601563e-08 -311388683.97266209
1.5515834093093872e-08 -311014975.5666818
1.5534460544586181e-08 -310642163.34392929
1.5553086996078491e-08 -310270244.08458459
1.55717134475708e-08 -309899214.58423346
1.5590339899063109e-08 -309529071.65377557
1.5608966350555418e-08 -309159812.11933315
1.5627592802047731e-08 -308791432.82215977
1.564621925354004e-08 -308423930.61855119
1.5664845705032349e-08 -308057302.37975502
1.5683472156524661e-08 -307691544.99188221
1.5702098608016971e-08 -307326655.35581934
1.572072505950928e-08 -306962630.38714045
1.5739351511001589e-08 -306599467.01602054
1.5757977962493898e-08 -306237162.18714917
1.5776604413986207e-08 -305875712.85964459
1.5795230865478516e-08 -305515116.00696903
1.5813857316970826e-08 -305155368.61684394
1.5832483768463135e-08 -304796467.69116604
1.5851110219955444e-08 -304438410.24592459
1.5869736671447753e-08 -304081193.31111801
1.5888363122940062e-08 -303724813.93067199
1.5906989574432371e-08 -303369269.16235805
1.5925616025924684e-08 -303014556.07771266
1.5944242477416993e-08 -302660671.76195669
1.5962868928909302e-08 -302307613.31391537
1.5981495380401615e-08 -301955377.84593934
1.6000121831893924e-08 -301603962.48382586
1.6018748283386233e-08 -301253364.36674058
1.6037374734878542e-08 -300903580.64713979
1.6056001186370851e-08 -300554608.49069345
1.6074627637863161e-08 -300206445.07620883
1.609325408935547e-08 -299859087.59555393
1.6111880540847779e-08 -299512533.2535826
1.6130506992340088e-08 -299166779.26805919
1.6149133443832397e-08 -298821822.86958432
1.6167759895324707e-08 -298477661.30152059
1.6186386346817016e-08 -298134291.81991965
1.6205012798309325e-08 -297791711.69344878
1.6223639249801637e-08 -297449918.20331872
1.6242265701293947e-08 -297108908.64321184
1.6260892152786256e-08 -296768680.31921071
1.6279518604278568e-08 -296429230.54972661
1.6298145055770877e-08 -296090556.66542989
1.6316771507263187e-08 -295752656.00917959
1.6335397958755496e-08 -295415525.93595362
1.6354024410247805e-08 -295079163.81278062
1.6372650861740114e-08 -294743567.01867056
1.6391277313232423e-08 -294408732.94454712
1.6409903764724732e-08 -294074658.9931798
1.6428530216217042e-08 -293741342.57911724
1.6447156667709351e-08 -293408781.12861985
1.646578311920166e-08 -293076972.07959414
1.6484409570693969e-08 -292745912.88152671
1.6503036022186278e-08 -292415600.99541873
1.6521662473678591e-08 -292086033.89372122
1.65402889251709e-08 -291757209.06027097
1.6558915376663209e-08 -291429123.99022537
1.6577541828155522e-08 -291101776.19000012
1.6596168279647831e-08 -290775163.17720526
1.661479473114014e-08 -290449282.48058254
1.6633421182632449e-08 -290124131.63994318
1.6652047634124758e-08 -289799708.20610625
1.6670674085617067e-08 -289476009.74083644
1.6689300537109377e-08 -289153033.81678379
1.6707926988601686e-08 -288830778.01742238
1.6726553440093995e-08 -288509239.93699044
1.6745179891586304e-08 -288188417.18043053
1.6763806343078613e-08 -287868307.36332947
1.6782432794570922e-08 -287548908.11186022
1.6801059246063232e-08 -287230217.06272238
1.6819685697555544e-08 -286912231.86308414
1.6838312149047853e-08 -286594950.17052478
1.6856938600540162e-08 -286278369.65297669
1.6875565052032475e-08 -285962487.98866796
1.6894191503524784e-08 -285647302.86606675
1.6912817955017093e-08 -285332811.98382372
1.6931444406509402e-08 -285019013.0507164
1.6950070858001712e-08 -284705903.78559399
1.6968697309494021e-08 -284393481.9173215
1.698732376098633e-08 -284081745.18472487
1.7005950212478639e-08 -283770691.336537
1.7024576663970948e-08 -283460318.13134307
1.7043203115463257e-08 -283150623.33752644
1.7061829566955567e-08 -282841604.73321605
1.7080456018447876e-08 -282533260.10623229
1.7099082469940185e-08 -282225587.254035
1.7117708921432497e-08 -281918583.98367041
1.7136335372924807e-08 -281612248.11171979
1.7154961824417116e-08 -281306577.46424681
1.7173588275909428e-08 -281001569.87674648
1.7192214727401738e-08 -280697223.19409454
1.7210841178894047e-08 -280393535.27049589
1.7229467630386356e-08 -280090503.96943474
1.7248094081878665e-08 -279788127.16362435
1.7266720533370974e-08 -279486402.73495686
1.7285346984863283e-08 -279185328.57445467
1.7303973436355593e-08 -278884902.58222038
1.7322599887847902e-08 -278585122.6673888
1.7341226339340211e-08 -278285986.74807775
1.735985279083252e-08 -277987492.75134039
1.7378479242324829e-08 -277689638.61311674
1.7397105693817138e-08 -277392422.27818698
1.7415732145309451e-08 -277095841.70012337
1.743435859680176e-08 -276799894.84124362
1.7452985048294069e-08 -276504579.67256421
1.7471611499786382e-08 -276209894.17375404
1.7490237951278691e-08 -275915836.33308834
1.7508864402771e-08 -275622404.14740264
1.7527490854263309e-08 -275329595.6220479
1.7546117305755618e-08 -275037408.77084458
1.7564743757247928e-08 -274745841.61603838
1.7583370208740237e-08 -274454892.18825495
1.7601996660232546e-08 -274164558.52645624
1.7620623111724855e-08 -273874838.67789602
1.7639249563217164e-08 -273585730.69807607
1.7657876014709473e-08 -273297232.65070295
1.7676502466201783e-08 -273009342.6076448
1.7695128917694092e-08 -272722058.64888757
1.7713755369186404e-08 -272435378.86249369
1.7732381820678713e-08 -272149301.34455866
1.7751008272171023e-08 -271863824.19916904
1.7769634723663335e-08 -271578945.53836089
1.7788261175155644e-08 -271294663.48207814
1.7806887626647953e-08 -271010976.15813053
1.7825514078140263e-08 -270727881.70215356
1.7844140529632572e-08 -270445378.25756699
1.7862766981124881e-08 -270163463.9755342
1.788139343261719e-08 -269882137.01492238
1.7900019884109499e-08 -269601395.54226178
1.7918646335601808e-08 -269321237.73170644
1.7937272787094118e-08 -269041661.76499444
1.7955899238586427e-08 -268762665.83140844
1.7974525690078736e-08 -268484248.12773645
1.7993152141571045e-08 -268206406.85823363
1.8011778593063358e-08 -267929140.23458287
1.8030405044555667e-08 -267652446.47585699
1.8049031496047976e-08 -267376323.80848032
1.8067657947540288e-08 -267100770.46619105
1.8086284399032598e-08 -266825784.69000331
1.8104910850524907e-08 -266551364.7281698
1.8123537302017216e-08 -266277508.83614478
1.8142163753509525e-08 -266004215.27654684
1.8160790205001834e-08 -265731482.31912246
1.8179416656494144e-08 -265459308.24070922
1.8198043107986453e-08 -265187691.32519951
1.8216669559478762e-08 -264916629.86350468
1.8235296010971071e-08 -264646122.15351918
1.825392246246338e-08 -264376166.50008461
1.8272548913955689e-08 -264106761.2149547
1.8291175365447999e-08 -263837904.61675987
1.8309801816940311e-08 -263569595.03097227
1.832842826843262e-08 -263301830.78987125
1.8347054719924929e-08 -263034610.23250845
1.8365681171417242e-08 -262767931.70467371
1.8384307622909551e-08 -262501793.55886096
1.840293407440186e-08 -262236194.15423408
1.8421560525894169e-08 -261971131.85659325
1.8440186977386479e-08 -261706605.03834158
1.8458813428878788e-08 -261442612.07845157
1.8477439880371097e-08 -261179151.36243236
1.8496066331863406e-08 -260916221.2822963
1.8514692783355715e-08 -260653820.23652679
1.8533319234848024e-08 -260391946.63004512
1.8551945686340334e-08 -260130598.87417883
1.8570572137832643e-08 -259869775.38662928
1.8589198589324952e-08 -259609474.59143955
1.8607825040817264e-08 -259349694.91896284
1.8626451492309574e-08 -259090434.80583099
1.8663704395294195e-08 -258573467.03533459
1.8700957298278814e-08 -258058558.89738986
1.8738210201263432e-08 -257545698.10790616
1.877546310424805e-08 -257034872.48028532
1.8812716007232669e-08 -256526069.92445692
1.8849968910217287e-08 -256019278.44592425
1.8887221813201905e-08 -255514486.14482158
1.8924474716186524e-08 -255011681.21498299
1.8961727619171142e-08 -254510851.94302192
1.899898052215576e-08 -254011986.70742136
1.9036233425140379e-08 -253515073.97763509
1.9073486328125e-08 -253020102.31319958
1.9110739231109622e-08 -252527060.36285523
1.914799213409424e-08 -252035936.8636795
1.9185245037078859e-08 -251546720.64022866
1.9222497940063477e-08 -251059400.60369033
1.9259750843048095e-08 -250573965.75104567
1.9297003746032714e-08 -250090405.16424122
1.9334256649017332e-08 -249608708.00937048
1.937150955200195e-08 -249128863.53586447
1.9408762454986569e-08 -248650861.07569236
1.9446015357971187e-08 -248174690.04257068
1.9483268260955806e-08 -247700339.9311817
1.9520521163940427e-08 -247227800.31640086
1.9557774066925049e-08 -246757060.85253346
1.9595026969909667e-08 -246288111.27255905
1.9632279872894286e-08 -245820941.38738513
1.9669532775878904e-08 -245355541.08510959
1.9706785678863522e-08 -244891900.33029053
1.9744038581848141e-08 -244430009.16322541
1.9781291484832759e-08 -243969857.69923773
1.9818544387817381e-08 -243511436.12797162
1.9855797290802002e-08 -243054734.71269515
1.9893050193786621e-08 -242599743.78961074
1.9930303096771239e-08 -242146453.76717323
1.9967555999755857e-08 -241694855.12541634
2.0004808902740476e-08 -241244938.41528609
2.0042061805725094e-08 -240796694.25798151
2.0079314708709712e-08 -240350113.34430319
2.0116567611694334e-08 -239905186.43400875
2.0153820514678956e-08 -239461904.35517555
2.0191073417663574e-08 -239020258.00357047
2.0228326320648192e-08 -238580238.34202644
2.0265579223632811e-08 -238141836.39982629
2.0302832126617429e-08 -237705043.27209279
2.0340085029602047e-08 -237269850.11918607
2.0377337932586666e-08 -236836248.16610709
2.0414590835571287e-08 -236404228.70190787
2.0451843738555909e-08 -235973783.07910818
2.0489096641540527e-08 -235544902.71311864
2.0526349544525146e-08 -235117579.08166981
2.0563602447509764e-08 -234691803.72424781
2.0600855350494382e-08 -234267568.2415362
2.0638108253479001e-08 -233844864.29486316
2.0675361156463619e-08 -233423683.60565546
2.0712614059448241e-08 -233004017.95489809
2.0749866962432862e-08 -232585859.18259937
2.0787119865417481e-08 -232169199.18726215
2.0824372768402099e-08 -231754029.92536086
2.0861625671386717e-08 -231340343.41082337
2.0898878574371336e-08 -230928131.71451947
2.0936131477355954e-08 -230517386.96375394
2.0973384380340572e-08 -230108101.34176543
2.1010637283325194e-08 -229700267.08723068
2.1047890186309816e-08 -229293876.49377391
2.1085143089294434e-08 -228888921.90948117
2.1122395992279052e-08 -228485395.73642039
2.1159648895263671e-08 -228083290.43016618
2.1196901798248289e-08 -227682598.49932924
2.1234154701232908e-08 -227283312.50509164
2.1271407604217526e-08 -226885425.06074625
2.1308660507202148e-08 -226488928.83124113
2.1345913410186769e-08 -226093816.53272888
2.1383166313171388e-08 -225700080.93212086
2.1420419216156006e-08 -225307714.84664527
2.1457672119140624e-08 -224916711.14341089
2.1494925022125243e-08 -224527062.73897439
2.1532177925109861e-08 -224138762.5989131
2.1569430828094479e-08 -223751803.73740116
2.1606683731079101e-08 -223366179.2167908
2.1643936634063723e-08 -222981882.14719802
2.1681189537048341e-08 -222598905.68609178
2.1718442440032959e-08 -222217243.03788796
2.1755695343017578e-08 -221836887.45354784
2.1792948246002196e-08 -221457832.23017976
2.1830201148986814e-08 -221080070.71064553
2.1867454051971433e-08 -220703596.28317106
2.1904706954956054e-08 -220328402.38095996
2.1941959857940676e-08 -219954482.4818123
2.1979212760925294e-08 -219581830.10774648
2.2016465663909913e-08 -219210438.82462499
2.2053718566894531e-08 -218840302.2417841
2.2090971469879149e-08 -218471414.01166782
2.2128224372863768e-08 -218103767.82946432
2.2165477275848386e-08 -217737357.4327471
2.2202730178833008e-08 -217372176.60111952
2.2239983081817629e-08 -217008219.15586236
2.2277235984802248e-08 -216645478.95958596
2.2314488887786866e-08 -216283949.91588476
2.2351741790771484e-08 -215923625.96899572
2.2388994693756103e-08 -215564501.10346079
2.2426247596740721e-08 -215206569.34379122
2.2463500499725339e-08 -214849824.75413707
2.2500753402709961e-08 -214494261.43795857
2.2538006305694583e-08 -214139873.53770116
2.2575259208679201e-08 -213786655.23447427
2.2612512111663819e-08 -213434600.74773246
2.2649765014648438e-08 -213083704.33496001
2.2687017917633056e-08 -212733960.29135925
2.2724270820617674e-08 -212385362.9495407
2.2761523723602293e-08 -212037906.67921728
2.2798776626586914e-08 -211691585.8869015
2.2836029529571536e-08 -211346395.01560456
2.2873282432556154e-08 -211002328.54453972
2.2910535335540773e-08 -210659380.98882797
2.2947788238525391e-08 -210317546.8992061
2.298504114151001e-08 -209976820.86173847
2.3022294044494628e-08 -209637197.49753124
2.3059546947479246e-08 -209298671.46244895
2.3096799850463868e-08 -208961237.44683456
2.313405275344849e-08 -208624890.17523172
2.3171305656433108e-08 -208289624.40610999
2.3208558559417726e-08 -207955434.93159196
2.3245811462402345e-08 -207622316.57718459
2.3283064365386963e-08 -207290264.20151117
2.3320317268371581e-08 -206959272.69604757
2.33575701713562e-08 -206629336.98485965
2.3394823074340821e-08 -206300452.02434418
2.3432075977325443e-08 -205972612.80297181
2.3469328880310061e-08 -205645814.34103236
2.350658178329468e-08 -205320051.69038257
2.3543834686279298e-08 -204995319.93419683
2.3581087589263916e-08 -204671614.18671936
2.3618340492248535e-08 -204348929.59301928
2.3655593395233153e-08 -204027261.3287482
2.3692846298217775e-08 -203706604.5998992
2.3730099201202396e-08 -203386954.64256924
2.3767352104187015e-08 -203068306.7227231
2.3804605007171633e-08 -202750656.13595924
2.3841857910156251e-08 -202433998.20727909
2.387911081314087e-08 -202118328.29085681
2.3916363716125488e-08 -201803641.76981258
2.3953616619110106e-08 -201489934.05598781
2.3990869522094728e-08 -201177200.58972141
2.402812242507935e-08 -200865436.83962935
2.4065375328063968e-08 -200554638.30238587
2.4102628231048586e-08 -200244800.50250635
2.4139881134033205e-08 -199935918.99213243
2.4177134037017823e-08 -199627989.35081974
2.4214386940002441e-08 -199321007.1853264
2.425163984298706e-08 -199014968.12940434
2.4288892745971681e-08 -198709867.84359249
2.4326145648956303e-08 -198405702.01501116
2.4363398551940921e-08 -198102466.35715941
2.440065145492554e-08 -197800156.60971323
2.4437904357910158e-08 -197498768.53832626
2.4475157260894776e-08 -197198297.934432
2.4512410163879395e-08 -196898740.61504802
2.4549663066864013e-08 -196600092.42258167
2.4586915969848635e-08 -196302349.22463784
2.4624168872833256e-08 -196005506.91382843
2.4661421775817875e-08 -195709561.40758336
2.4698674678802493e-08 -195414508.64796337
2.4735927581787111e-08 -195120344.6014747
2.477318048477173e-08 -194827065.2588852
2.4810433387756348e-08 -194534666.6350421
2.4847686290740967e-08 -194243144.76869175
2.4884939193725588e-08 -193952495.72230038
2.492219209671021e-08 -193662715.58187729
2.4959444999694828e-08 -193373800.4567987
2.4996697902679447e-08 -193085746.47963375
2.5033950805664065e-08 -192798549.80597234
2.5071203708648683e-08 -192512206.61425328
2.5108456611633302e-08 -192226713.10559562
2.514570951461792e-08 -191942065.50363025
2.5182962417602542e-08 -191658260.05433336
2.5220215320587163e-08 -191375293.02586147
2.5257468223571782e-08 -191093160.70838794
2.52947211265564e-08 -190811859.41394082
2.5331974029541018e-08 -190531385.47624198
2.5369226932525637e-08 -190251735.25054806
2.5406479835510255e-08 -189972905.11349249
2.5443732738494873e-08 -189694891.46292895
2.5480985641479495e-08 -189417690.71777633
2.5518238544464117e-08 -189141299.31786492
2.5555491447448735e-08 -188865713.72378421
2.5592744350433353e-08 -188590930.41673124
2.5629997253417972e-08 -188316945.89836147
2.566725015640259e-08 -188043756.69064012
2.5704503059387208e-08 -187771359.33569467
2.5741755962371827e-08 -187499750.39566931
2.5779008865356448e-08 -187228926.45258045
2.581626176834107e-08 -186958884.10817283
2.5853514671325688e-08 -186689619.98377788
2.5890767574310307e-08 -186421130.72017246
2.5928020477294925e-08 -186153412.97743949
2.5965273380279543e-08 -185886463.434829
2.6002526283264162e-08 -185620278.79062134
2.603977918624878e-08 -185354855.76199073
2.6077032089233398e-08 -185090191.08487046
2.6114284992218017e-08 -184826281.51381892
2.6151537895202635e-08 -184563123.82188711
2.6188790798187253e-08 -184300714.8004871
2.6226043701171875e-08 -184039051.2592614
2.6263296604156497e-08 -183778130.02595395
2.6300549507141115e-08 -183517947.94628197
2.6337802410125733e-08 -183258501.8838084
2.6375055313110352e-08 -182999788.71981633
2.641230821609497e-08 -182741805.35318381
2.6449561119079589e-08 -182484548.70026007
2.6486814022064207e-08 -182228015.69474256
2.6524066925048825e-08 -181972203.28755501
2.6561319828033444e-08 -181717108.44672698
2.6598572731018062e-08 -181462728.1572738
2.663582563400268e-08 -181209059.42107773
2.6673078536987302e-08 -180956099.25677037
2.6710331439971924e-08 -180703844.6996159
2.6747584342956542e-08 -180452292.80139488
2.678483724594116e-08 -180201440.63028988
2.6822090148925779e-08 -179951285.27077124
2.6859343051910397e-08 -179701823.82348418
2.6896595954895015e-08 -179453053.40513691
2.6933848857879634e-08 -179204971.14838946
2.6971101760864255e-08 -178957574.20174339
2.7008354663848877e-08 -178710859.72943285
2.7045607566833495e-08 -178464824.91131598
2.7082860469818114e-08 -178219466.94276747
2.7120113372802732e-08 -177974783.03457201
2.715736627578735e-08 -177730770.4128187
2.7194619178771969e-08 -177487426.31879619
2.7231872081756587e-08 -177244748.0088886
2.7269124984741209e-08 -177002732.75447246
2.730637788772583e-08 -176761377.84181455
2.7343630790710449e-08 -176520680.5719704
2.7380883693695067e-08 -176280638.26068357
2.7418136596679685e-08 -176041248.23828605
2.7455389499664304e-08 -175802507.84959918
2.7492642402648922e-08 -175564414.45383549
2.752989530563354e-08 -175326965.42450142
2.7567148208618162e-08 -175090158.14930061
2.7604401111602784e-08 -174853990.03003821
2.7641654014587402e-08 -174618458.48252577
2.767890691757202e-08 -174383560.93648708
2.7716159820556639e-08 -174149294.83546457
2.7753412723541257e-08 -173915657.63672659
2.7790665626525875e-08 -173682646.8111755
2.7827918529510494e-08 -173450259.84325638
2.7865171432495115e-08 -173218494.23086637
2.7902424335479737e-08 -172987347.48526505
2.7939677238464355e-08 -172756817.13098529
2.7976930141448974e-08 -172526900.70574486
2.8014183044433592e-08 -172297595.76035866
2.8051435947418211e-08 -172068899.85865211
2.8088688850402829e-08 -171840810.57737437
2.8125941753387447e-08 -171613325.5061132
2.8163194656372069e-08 -171386442.24720985
2.8200447559356691e-08 -171160158.41567466
2.8237700462341309e-08 -170934471.63910398
2.8274953365325927e-08 -170709379.55759662
2.8312206268310546e-08 -170484879.82367209
2.8349459171295164e-08 -170260970.10218889
2.8386712074279782e-08 -170037648.0702633
2.8423964977264401e-08 -169814911.41718933
2.8461217880249022e-08 -169592757.84435892
2.8498470783233644e-08 -169371185.06518295
2.8535723686218262e-08 -169150190.80501255
2.8572976589202881e-08 -168929772.80106166
2.8610229492187499e-08 -168709928.80232927
2.8647482395172117e-08 -168490656.5695233
2.8684735298156736e-08 -168271953.87498435
2.8721988201141354e-08 -168053818.50261012
2.8759241104125976e-08 -167836248.24778083
2.8796494007110597e-08 -167619240.91728482
2.8833746910095216e-08 -167402794.32924476
2.8870999813079834e-08 -167186906.31304482
2.8908252716064452e-08 -166971574.70925769
2.8945505619049071e-08 -166756797.36957288
2.8982758522033689e-08 -166542572.15672529
2.9020011425018307e-08 -166328896.94442406
2.9057264328002929e-08 -166115769.61728254
2.9094517230987551e-08 -165903188.07074821
2.9131770133972169e-08 -165691150.21103361
2.9169023036956787e-08 -165479653.95504746
2.9206275939941406e-08 -165268697.23032653
2.9243528842926024e-08 -165058277.97496793
2.9280781745910642e-08 -164848394.1375618
2.9318034648895261e-08 -164639043.67712486
2.9355287551879882e-08 -164430224.56303415
2.9392540454864504e-08 -164221934.77496135
2.9429793357849122e-08 -164014172.30280769
2.9467046260833741e-08 -163806935.14663917
2.9504299163818359e-08 -163600221.31662259
2.9541552066802977e-08 -163394028.83296153
2.9578804969787596e-08 -163188355.72583356
2.9616057872772214e-08 -162983200.03532729
2.9653310775756836e-08 -162778559.81137997
2.9690563678741457e-08 -162574433.11371601
2.9727816581726076e-08 -162370818.01178557
2.9765069484710694e-08 -162167712.58470342
2.9802322387695312e-08 -161965114.92118889
2.9839575290679931e-08 -161763023.11950579
2.9876828193664549e-08 -161561435.28740293
2.9914081096649168e-08 -161360349.54205495
2.9951333999633786e-08 -161159764.01000375
2.9988586902618404e-08 -160959676.82710046
3.0025839805603023e-08 -160760086.13844752
3.0063092708587648e-08 -160560990.09834129
3.0100345611572266e-08 -160362386.87021554
3.0137598514556884e-08 -160164274.62658444
3.0174851417541509e-08 -159966651.54898691
3.0212104320526128e-08 -159769515.82793093
3.0249357223510746e-08 -159572865.66283807
3.0286610126495364e-08 -159376699.26198894
3.0323863029479983e-08 -159181014.84246862
3.0361115932464601e-08 -158985810.63011268
3.0398368835449219e-08 -158791084.85945365
3.0435621738433838e-08 -158596835.77366766
3.0472874641418456e-08 -158403061.62452164
3.0510127544403074e-08 -158209760.67232102
3.0547380447387693e-08 -158016931.18585745
3.0584633350372311e-08 -157824571.44235709
3.0621886253356929e-08 -157632679.72742972
3.0659139156341554e-08 -157441254.33501732
3.0696392059326173e-08 -157250293.56734368
3.0733644962310791e-08 -157059795.73486438
3.0770897865295416e-08 -156869759.15621665
3.0808150768280034e-08 -156680182.15817022
3.0845403671264653e-08 -156491063.07557797
3.0882656574249271e-08 -156302400.25132725
3.0919909477233889e-08 -156114192.03629154
3.0957162380218508e-08 -155926436.78928232
3.0994415283203126e-08 -155739132.87700143
3.1031668186187744e-08 -155552278.67399368
3.1068921089172363e-08 -155365872.56259984
3.1106173992156981e-08 -155179912.93290979
3.1143426895141599e-08 -154994398.18271661
3.1180679798126218e-08 -154809326.71747011
3.1217932701110836e-08 -154624696.95023122
3.1255185604095461e-08 -154440507.30162695
3.1292438507080079e-08 -154256756.19980502
3.1329691410064698e-08 -154073442.08038926
3.1366944313049323e-08 -153890563.38643524
3.1404197216033941e-08 -153708118.56838617
3.1441450119018559e-08 -153526106.08402911
3.1478703022003178e-08 -153344524.39845154
3.1515955924987796e-08 -153163371.98399818
3.1553208827972414e-08 -152982647.32022831
3.1590461730957033e-08 -152802348.89387289
3.1627714633941651e-08 -152622475.19879267
3.166496753692627e-08 -152443024.73593614
3.1702220439910888e-08 -152263996.0132978
3.1739473342895506e-08 -152085387.54587683
3.1776726245880125e-08 -151907197.85563621
3.1813979148864743e-08 -151729425.47146162
3.1851232051849368e-08 -151552068.92912132
3.1888484954833986e-08 -151375126.77122569
3.1925737857818605e-08 -151198597.54718736
3.196299076080323e-08 -151022479.81318173
3.2000243663787848e-08 -150846772.13210741
3.2037496566772466e-08 -150671473.07354712
3.2074749469757085e-08 -150496581.21372911
3.2112002372741703e-08 -150322095.13548833
3.2149255275726321e-08 -150148013.42822835
3.218650817871094e-08 -149974334.68788329
3.2223761081695558e-08 -149801057.51688001
3.2261013984680176e-08 -149628180.52410066
3.2298266887664795e-08 -149455702.32484558
3.2335519790649413e-08 -149283621.5407961
3.2372772693634031e-08 -149111936.79997799
3.241002559661865e-08 -148940646.73672491
3.2447278499603275e-08 -148769749.99164227
3.2484531402587893e-08 -148599245.21157125
3.2521784305572511e-08 -148429131.04955301
3.2559037208557136e-08 -148259406.16479331
3.2596290111541755e-08 -148090069.22262737
3.2633543014526373e-08 -147921118.89448455
3.2670795917510991e-08 -147752553.85785395
3.270804882049561e-08 -147584372.79624987
3.2745301723480228e-08 -147416574.39917719
3.2782554626464846e-08 -147249157.36209783
3.2819807529449465e-08 -147082120.38639656
3.2857060432434083e-08 -146915462.17934763
3.2894313335418701e-08 -146749181.4540813
3.293156623840332e-08 -146583276.92955086
3.2968819141387938e-08 -146417747.33049947
3.3006072044372556e-08 -146252591.38742787
3.3043324947357181e-08 -146087807.83656153
3.30805778503418e-08 -145923395.41981873
3.3117830753326418e-08 -145759352.88477835
3.3155083656311043e-08 -145595678.98464805
3.3192336559295661e-08 -145432372.47823298
3.322958946228028e-08 -145269432.129904
3.3266842365264898e-08 -145106856.70956674
3.3304095268249516e-08 -144944644.9926306
3.3341348171234135e-08 -144782795.75997812
3.3378601074218753e-08 -144621307.79793411
3.3415853977203372e-08 -144460179.89823577
3.345310688018799e-08 -144299410.85800222
3.3490359783172608e-08 -144138999.47970462
3.3527612686157227e-08 -143978944.57113647
3.3564865589141845e-08 -143819244.94538423
3.3602118492126463e-08 -143659899.42079765
3.3639371395111088e-08 -143500906.82096091
3.3676624298095707e-08 -143342265.97466362
3.3713877201080325e-08 -143183975.71587187
3.375113010406495e-08 -143026034.88369995
3.3788383007049568e-08 -142868442.32238171
3.3825635910034187e-08 -142711196.88124254
3.3862888813018805e-08 -142554297.4146713
3.3900141716003423e-08 -142397742.78209245
3.3937394618988042e-08 -142241531.84793854
3.397464752197266e-08 -142085663.48162264
3.4011900424957278e-08 -141930136.55751109
3.4049153327941897e-08 -141774949.95489645
3.4086406230926515e-08 -141620102.55797052
3.4123659133911133e-08 -141465593.25579768
3.4160912036895752e-08 -141311420.94228819
3.419816493988037e-08 -141157584.5161719
3.4235417842864995e-08 -141004082.88097203
3.4272670745849613e-08 -140850914.94497907
3.4309923648834232e-08 -140698079.62122491
3.4347176551818857e-08 -140545575.82745713
3.4384429454803475e-08 -140393402.48611355
3.4421682357788093e-08 -140241558.52429661
3.4458935260772712e-08 -140090042.87374839
3.449618816375733e-08 -139938854.47082555
3.4533441066741948e-08 -139787992.2564742
3.4570693969726567e-08 -139637455.17620546
3.4607946872711185e-08 -139487242.1800707
3.4645199775695803e-08 -139337352.22263727
3.4682452678680422e-08 -139187784.26296416
3.471970558166504e-08 -139038537.26457778
3.4756958484649658e-08 -138889610.1954484
3.4794211387634277e-08 -138741002.0279659
3.4831464290618902e-08 -138592711.73891643
3.486871719360352e-08 -138444738.30945891
3.4905970096588138e-08 -138297080.72510162
3.4943222999572763e-08 -138149737.97567886
3.4980475902557382e-08 -138002709.0553284
3.5017728805542e-08 -137855992.96246794
3.5054981708526618e-08 -137709588.69977295
3.5092234611511237e-08 -137563495.27415368
3.5129487514495855e-08 -137417711.69673291
3.5166740417480474e-08 -137272236.98282358
3.5203993320465092e-08 -137127070.15190661
3.524124622344971e-08 -136982210.22760883
3.5278499126434329e-08 -136837656.23768124
3.5315752029418947e-08 -136693407.2139771
3.5353004932403565e-08 -136549462.19243032
3.5390257835388184e-08 -136405820.21303409
3.5427510738372809e-08 -136262480.31981954
3.5464763641357427e-08 -136119441.56083438
3.5502016544342045e-08 -135976702.98812196
3.553926944732667e-08 -135834263.65770027
3.5576522350311289e-08 -135692122.62954122
3.5613775253295907e-08 -135550278.96754983
3.5651028156280525e-08 -135408731.73954374
3.5688281059265144e-08 -135267480.01723278
3.5725533962249762e-08 -135126522.87619877
3.576278686523438e-08 -134985859.39587519
3.5800039768218999e-08 -134845488.65952727
3.5837292671203617e-08 -134705409.75423202
3.5874545574188235e-08 -134565621.77085838
3.5911798477172854e-08 -134426123.80404773
3.5949051380157472e-08 -134286914.95219415
3.598630428314209e-08 -134147994.31742509
3.6023557186126715e-08 -134009361.00558211
3.6060810089111334e-08 -133871014.12620151
3.6098062992095952e-08 -133732952.79249556
3.6135315895080577e-08 -133595176.1213333
3.6172568798065195e-08 -133457683.2332218
3.6209821701049814e-08 -133320473.2522874
3.6247074604034432e-08 -133183545.30625726
3.628432750701905e-08 -133046898.52644071
3.6321580410003669e-08 -132910532.04771087
3.6358833312988287e-08 -132774445.00848661
3.6396086215972905e-08 -132638636.55071412
3.6433339118957524e-08 -132503105.81984912
3.6470592021942142e-08 -132367851.96483871
3.650784492492676e-08 -132232874.1381038
3.6545097827911379e-08 -132098171.49552123
3.6582350730895997e-08 -131963743.19640616
3.6619603633880622e-08 -131829588.40349473
3.665685653686524e-08 -131695706.2829266
3.6694109439849859e-08 -131562096.00422759
3.6731362342834484e-08 -131428756.74029258
3.6768615245819102e-08 -131295687.66736859
3.680586814880372e-08 -131162887.96503751
3.6843121051788339e-08 -131030356.81619945
3.6880373954772957e-08 -130898093.40705599
3.6917626857757576e-08 -130766096.92709337
3.6954879760742194e-08 -130634366.56906615
3.6992132663726812e-08 -130502901.52898051
3.7029385566711431e-08 -130371701.00607808
3.7066638469696049e-08 -130240764.20281966
3.7103891372680667e-08 -130110090.3248689
3.7141144275665286e-08 -129979678.58107646
3.7178397178649904e-08 -129849528.18346396
3.7215650081634529e-08 -129719638.34720795
3.7252902984619147e-08 -129590008.29062444
3.7327408790588391e-08 -129331524.405341
3.7401914596557627e-08 -129074070.33633338
3.7476420402526864e-08 -128817639.94155626
3.7550926208496101e-08 -128562227.12771057
3.7625432014465337e-08 -128307825.84976116
3.7699937820434574e-08 -128054430.11045957
3.7774443626403811e-08 -127802033.95987293
3.7848949432373047e-08 -127550631.49491841
3.7923455238342284e-08 -127300216.85890259
3.7997961044311521e-08 -127050784.24106708
3.8072466850280757e-08 -126802327.87613872
3.8146972656250001e-08 -126554842.04388565
3.8221478462219244e-08 -126308321.06867826
3.8295984268188481e-08 -126062759.31905511
3.8370490074157717e-08 -125818151.20729448
3.8444995880126954e-08 -125574491.18899003
3.8519501686096191e-08 -125331773.76263246
3.8594007492065428e-08 -125089993.46919498
3.8668513298034664e-08 -124849144.89172432
3.8743019104003901e-08 -124609222.65493609
3.8817524909973138e-08 -124370221.42481478
3.8892030715942374e-08 -124132135.90821868
3.8966536521911611e-08 -123894960.85248893
3.9041042327880854e-08 -123658691.04506329
3.9115548133850098e-08 -123423321.31309429
3.9190053939819334e-08 -123188846.52307181
3.9264559745788571e-08 -122955261.58044961
3.9339065551757808e-08 -122722561.42927657
3.9413571357727044e-08 -122490741.0518318
3.9488077163696281e-08 -122259795.46826401
3.9562582969665518e-08 -122029719.73623487
3.9637088775634761e-08 -121800508.95056656
3.9711594581604004e-08 -121572158.24289307
3.9786100387573241e-08 -121344662.78131562
3.9860606193542478e-08 -121118017.77006164
3.9935111999511715e-08 -120892218.44914792
4.0009617805480951e-08 -120667260.09404755
4.0084123611450188e-08 -120443138.01536
4.0158629417419425e-08 -120219847.55848557
4.0233135223388668e-08 -119997384.10330307
4.0307641029357911e-08 -119775743.06385125
4.0382146835327148e-08 -119554919.88801345
4.0456652641296385e-08 -119334910.05720617
4.0531158447265621e-08 -119115709.08607085
4.0605664253234858e-08 -118897312.52216883
4.0680170059204095e-08 -118679715.94568028
4.0754675865173331e-08 -118462914.96910548
4.0829181671142575e-08 -118246905.23697063
4.0903687477111818e-08 -118031682.42553553
4.0978193283081055e-08 -117817242.24250549
4.1052699089050291e-08 -117603580.4267458
4.1127204895019528e-08 -117390692.74799959
4.1201710700988765e-08 -117178575.0066085
4.1276216506958001e-08 -116967223.03323674
4.1350722312927238e-08 -116756632.68859763
4.1425228118896481e-08 -116546799.86318369
4.1499733924865725e-08 -116337720.47699904
4.1574239730834961e-08 -116129390.47929522
4.1648745536804198e-08 -115921805.84830931
4.1723251342773435e-08 -115714962.59100531
4.1797757148742672e-08 -115508856.7428181
4.1872262954711908e-08 -115303484.36740008
4.1946768760681145e-08 -115098841.5563706
4.2021274566650388e-08 -114894924.42906794
4.2095780372619632e-08 -114691729.1323043
4.2170286178588868e-08 -114489251.8401227
4.2244791984558105e-08 -114287488.75355706
4.2319297790527342e-08 -114086436.10039468
4.2393803596496578e-08 -113886090.13494094
4.2468309402465815e-08 -113686447.13778692
4.2542815208435052e-08 -113487503.41557893
4.2617321014404295e-08 -113289255.3007911
4.2691826820373538e-08 -113091699.15149976
4.2766332626342775e-08 -112894831.35116047
4.2840838432312012e-08 -112698648.30838741
4.2915344238281248e-08 -112503146.45673496
4.2989850044250485e-08 -112308322.25448149
4.3064355850219722e-08 -112114172.18441559
4.3138861656188958e-08 -111920692.75362432
4.3213367462158202e-08 -111727880.49328393
4.3287873268127445e-08 -111535731.95845225
4.3362379074096682e-08 -111344243.72786385
4.3436884880065918e-08 -111153412.4037267
4.3511390686035155e-08 -110963234.61152139
4.3585896492004392e-08 -110773706.99980211
4.3660402297973629e-08 -110584826.23999973
4.3734908103942865e-08 -110396589.02622725
4.3809413909912109e-08 -110208992.07508643
4.3883919715881352e-08 -110022032.12547736
4.3958425521850589e-08 -109835705.93840919
4.4032931327819825e-08 -109650010.29681316
4.4107437133789062e-08 -109464942.00535752
4.4181942939758299e-08 -109280497.89026408
4.4256448745727535e-08 -109096674.7991271
4.4330954551696772e-08 -108913469.60073322
4.4405460357666015e-08 -108730879.18488416
4.4479966163635259e-08 -108548900.46222034
4.4554471969604495e-08 -108367530.3640469
4.4628977775573732e-08 -108186765.84216103
4.4703483581542969e-08 -108006603.86868125
4.4777989387512205e-08 -107827041.43587853
4.4852495193481442e-08 -107648075.55600852
4.4927000999450679e-08 -107469703.26114616
4.5001506805419922e-08 -107291921.60302165
4.5076012611389165e-08 -107114727.65285769
4.5150518417358402e-08 -106938118.50120902
4.5225024223327639e-08 -106762091.25780281
4.5299530029296876e-08 -106586643.05138138
4.5374035835266112e-08 -106411771.02954574
4.5448541641235349e-08 -106237472.35860118
4.5523047447204586e-08 -106063744.22340424
4.5597553253173829e-08 -105890583.82721105
4.5672059059143072e-08 -105717988.39152735
4.5746564865112309e-08 -105545955.15595971
4.5821070671081546e-08 -105374481.37806855
4.5895576477050782e-08 -105203564.33322237
4.5970082283020019e-08 -105033201.31445332
4.6044588088989256e-08 -104863389.63231443
4.6119093894958492e-08 -104694126.614738
4.6193599700927736e-08 -104525409.6068956
4.6268105506896979e-08 -104357235.97105891
4.6342611312866216e-08 -104189603.08646274
4.6417117118835452e-08 -104022508.34916852
4.6491622924804689e-08 -103855949.17192954
4.6566128730773926e-08 -103689922.98405759
4.6640634536743162e-08 -103524427.23129053
4.6715140342712399e-08 -103359459.37566131
4.6789646148681642e-08 -103195016.89536832
4.6864151954650886e-08 -103031097.28464687
4.6938657760620122e-08 -102867698.0536419
4.7013163566589359e-08 -102704816.72828177
4.7087669372558596e-08 -102542450.85015361
4.7162175178527833e-08 -102380597.97637963
4.7236680984497069e-08 -102219255.67949434
4.7311186790466306e-08 -102058421.54732352
4.7385692596435549e-08 -101898093.18286377
4.7460198402404793e-08 -101738268.20416358
4.7534704208374029e-08 -101578944.24420524
4.7609210014343266e-08 -101420118.95078805
4.7683715820312503e-08 -101261789.98641272
4.7758221626281739e-08 -101103955.02816631
4.7832727432250976e-08 -100946611.76760897
4.7907233238220213e-08 -100789757.9106613
4.7981739044189456e-08 -100633391.17749284
4.8056244850158699e-08 -100477509.3024116
4.8130750656127936e-08 -100322110.03375456
4.8205256462097173e-08 -100167191.13377954
4.8279762268066409e-08 -100012750.37855735
4.8354268074035646e-08 -99858785.557865754
4.8428773880004883e-08 -99705294.475083828
4.850327968597412e-08 -99552274.947087541
4.8577785491943363e-08 -99399724.804146364
4.8652291297912606e-08 -99247641.889820397
4.8726797103881843e-08 -99096024.060859293
4.880130290985108e-08 -98944869.187100932
4.8875808715820316e-08 -98794175.151372209
4.8950314521789553e-08 -98643939.849389836
4.902482032775879e-08 -98494161.189662576
4.9099326133728026e-08 -98344837.093394145
4.917383193969727e-08 -98195965.494386986
4.9248337745666513e-08 -98047544.338947028
4.932284355163575e-08 -97899571.585789219
4.9397349357604986e-08 -97752045.205943972
4.9471855163574223e-08 -97604963.182664394
4.954636096954346e-08 -97458323.511334389
4.9620866775512696e-08 -97312124.199377581
4.9695372581481933e-08 -97166363.266167149
4.9769878387451176e-08 -97021038.742936209
4.984438419342042e-08 -96876148.672689423
4.9918889999389656e-08 -96731691.110114843
4.9993395805358893e-08 -96587664.121497139
5.006790161132813e-08 -96444065.784631163
5.0142407417297366e-08 -96300894.188736379
5.0216913223266603e-08 -96158147.434372306
5.029141902923584e-08 -96015823.633354351
5.0365924835205083e-08 -95873920.908670619
5.0440430641174326e-08 -95732437.394399419
5.0514936447143563e-08 -95591371.235627428
5.05894422531128e-08 -95450720.588368595
5.0663948059082037e-08 -95310483.619483933
5.0738453865051273e-08 -95170658.506601706
5.081295967102051e-08 -95031243.438038662
5.0887465476989747e-08 -94892236.612721652
5.096197128295899e-08 -94753636.240110099
5.1036477088928233e-08 -94615440.540119141
5.111098289489747e-08 -94477647.743043497
5.1185488700866707e-08 -94340256.089481771
5.1259994506835943e-08 -94203263.830261648
5.133450031280518e-08 -94066669.226365685
5.1409006118774417e-08 -93930470.548857719
5.1483511924743653e-08 -93794666.078809798
5.1558017730712897e-08 -93659254.107230112
5.163252353668214e-08 -93524232.934991032
5.1707029342651377e-08 -93389600.872758314
5.1781535148620613e-08 -93255356.24092035
5.185604095458985e-08 -93121497.369518608
5.1930546760559087e-08 -92988022.598178089
5.2005052566528323e-08 -92854930.276039019
5.207955837249756e-08 -92722218.761688456
5.2154064178466797e-08 -92589886.423093066
5.2228569984436034e-08 -92457931.637532055
5.230307579040527e-08 -92326352.791530907
5.2377581596374507e-08 -92195148.280795634
5.245208740234375e-08 -92064316.510147527
5.2526593208312994e-08 -91933855.89345856
5.260109901428223e-08 -91803764.8535873
5.2675604820251467e-08 -91674041.822315261
5.2750110626220704e-08 -91544685.240283981
5.282461643218994e-08 -91415693.556932464
5.2899122238159177e-08 -91287065.230435327
5.2973628044128414e-08 -91158798.727641314
5.304813385009765e-08 -91030892.524012297
5.3122639656066887e-08 -90903345.103563026
5.3197145462036124e-08 -90776154.95880118
5.3271651268005361e-08 -90649320.590667889
5.3346157073974604e-08 -90522840.508478954
5.3420662879943847e-08 -90396713.229866445
5.3495168685913084e-08 -90270937.280720696
5.3569674491882321e-08 -90145511.195132956
5.3644180297851557e-08 -90020433.515338361
5.3718686103820794e-08 -89895702.791659594
5.3793191909790031e-08 -89771317.582450688
5.3867697715759267e-08 -89647276.454041719
5.3942203521728511e-08 -89523577.980683431
5.4016709327697754e-08 -89400220.744492874
5.4091215133666991e-08 -89277203.335399196
5.4165720939636227e-08 -89154524.351089671
5.4240226745605464e-08 -89032182.396956682
5.4314732551574701e-08 -88910176.086044773
5.4389238357543937e-08 -88788504.038998291
5.4463744163513174e-08 -88667164.884009227
5.4538249969482417e-08 -88546157.256765887
5.4612755775451661e-08 -88425479.800401703
5.4687261581420897e-08 -88305131.165444359
5.4761767387390134e-08 -88185110.009765685
5.4836273193359371e-08 -88065414.998531669
5.4910778999328607e-08 -87946044.80415298
5.4985284805297844e-08 -87826998.106235877
5.5059790611267081e-08 -87708273.591533601
5.5134296417236324e-08 -87589869.953897923
5.5208802223205567e-08 -87471785.894231454
5.5283308029174804e-08 -87354020.120439991
5.5357813835144041e-08 -87236571.347385392
5.5432319641113278e-08 -87119438.296838894
5.5506825447082514e-08 -87002619.697434634
5.5581331253051751e-08 -86886114.284623846
5.5655837059020988e-08 -86769920.80062905
5.5730342864990231e-08 -86654037.994398773
5.5804848670959474e-08 -86538464.621562853
5.5879354476928711e-08 -86423199.444387719
5.5953860282897948e-08 -86308241.231732249
5.6028366088867184e-08 -86193588.759003893
5.6102871894836421e-08 -86079240.808115363
5.6177377700805658e-08 -85965196.167441234
5.6251883506774894e-08 -85851453.631775409
5.6326389312744138e-08 -85738012.002288476
5.6400895118713381e-08 -85624870.086485624
5.6475400924682618e-08 -85512026.698165014
5.6549906730651854e-08 -85399480.657376081
5.6624412536621091e-08 -85287230.790378571
5.6698918342590328e-08 -85175275.929601699
5.6773424148559564e-08 -85063614.913603663
5.6847929954528801e-08 -84952246.587031424
5.6922435760498044e-08 -84841169.800580963
5.6996941566467288e-08 -84730383.410957724
5.7071447372436524e-08 -84619886.280837268
5.7145953178405761e-08 -84509677.278826565
5.7220458984374998e-08 -84399755.279425129
5.7294964790344235e-08 -84290119.162986889
5.7369470596313471e-08 -84180767.815682143
5.7443976402282708e-08 -84071700.129459769
5.7518482208251951e-08 -83962915.002009884
5.7592988014221195e-08 -83854411.336726591
5.7667493820190431e-08 -83746188.042671338
5.7741999626159668e-08 -83638244.034536079
5.7816505432128905e-08 -83530578.23260726
5.7891011238098141e-08 -83423189.562729597
5.7965517044067378e-08 -83316076.956270546
5.8040022850036615e-08 -83209239.350084677
5.8114528656005858e-08 -83102675.68647866
5.8189034461975101e-08 -82996384.913176239
5.8263540267944338e-08 -82890365.983283684
5.8338046073913575e-08 -82784617.85525538
5.8412551879882811e-08 -82679139.492859647
5.8487057685852048e-08 -82573929.865145072
5.8561563491821285e-08 -82468987.946406752
5.8636069297790522e-08 -82364312.716153055
5.8710575103759765e-08 -82259903.159072429
5.8785080909729008e-08 -82155758.265000775
5.8859586715698245e-08 -82051877.028888673
5.8934092521667482e-08 -81948258.450769171
5.9008598327636718e-08 -81844901.535725638
5.9083104133605955e-08 -81741805.293859839
5.9157609939575192e-08 -81638968.740260616
5.9232115745544428e-08 -81536390.894972205
5.9306621551513672e-08 -81434070.782963306
5.9381127357482915e-08 -81332007.434096068
5.9455633163452152e-08 -81230199.883095577
5.9530138969421388e-08 -81128647.169519261
5.9604644775390625e-08 -81027348.337726742
5.9679150581359862e-08 -80926302.436849952
5.9753656387329098e-08 -80825508.520763248
5.9828162193298335e-08 -80724965.648054004
5.9902667999267572e-08 -80624672.88199316
5.9977173805236808e-08 -80524629.290506259
6.0051679611206045e-08 -80424833.946144521
6.0126185417175295e-08 -80325285.926056147
6.0200691223144532e-08 -80225984.311958015
6.0275197029113768e-08 -80126928.190107211
6.0349702835083018e-08 -80028116.651273221
6.0424208641052255e-08 -79929548.790709957
6.0498714447021492e-08 -79831223.708128288
6.0573220252990728e-08 -79733140.507668436
6.0647726058959965e-08 -79635298.297873005
6.0722231864929202e-08 -79537696.191659793
6.0796737670898439e-08 -79440333.306295022
6.0871243476867675e-08 -79343208.763366774
6.0945749282836912e-08 -79246321.688758522
6.1020255088806149e-08 -79149671.212622955
6.1094760894775385e-08 -79053256.469355881
6.1169266700744622e-08 -78957076.597570464
6.1243772506713859e-08 -78861130.740071535
6.1318278312683109e-08 -78765418.043830067
6.1392784118652345e-08 -78669937.659958005
6.1467289924621582e-08 -78574688.7436831
6.1541795730590832e-08 -78479670.454323977
6.1616301536560069e-08 -78384881.955265507
6.1690807342529305e-08 -78290322.413934126
6.1765313148498542e-08 -78195991.001773521
6.1839818954467779e-08 -78101886.894220397
6.1914324760437015e-08 -78008009.270680532
6.1988830566406252e-08 -77914357.314504832
6.2063336372375489e-08 -77820930.212965712
6.2137842178344726e-08 -77727727.157233521
6.2212347984313962e-08 -77634747.342353255
6.2286853790283199e-08 -77541989.967221409
6.2361359596252436e-08 -77449454.234562874
6.2435865402221672e-08 -77357139.35090819
6.2510371208190922e-08 -77265044.526570782
6.2584877014160159e-08 -77173168.975624576
6.2659382820129396e-08 -77081511.91588144
6.2733888626098646e-08 -76990072.568869188
6.2808394432067882e-08 -76898850.159809381
6.2882900238037119e-08 -76807843.91759561
6.2957406044006356e-08 -76717053.074771553
6.3031911849975592e-08 -76626476.867509648
6.3106417655944829e-08 -76536114.535589427
6.3180923461914066e-08 -76445965.32237646
6.3255429267883302e-08 -76356028.474801108
6.3329935073852539e-08 -76266303.243337587
6.3404440879821776e-08 -76176788.881983161
6.3478946685791012e-08 -76087484.648237437
6.3553452491760249e-08 -75998389.803081855
6.3627958297729486e-08 -75909503.610959321
6.3702464103698736e-08 -75820825.339753881
6.3776969909667972e-08 -75732354.260770828
6.3851475715637209e-08 -75644089.64871642
6.3925981521606459e-08 -75556030.781678364
6.4000487327575696e-08 -75468176.941105917
6.4074993133544932e-08 -75380527.411790535
6.4149498939514169e-08 -75293081.481846273
6.4224004745483406e-08 -75205838.442690611
6.4298510551452643e-08 -75118797.589025363
6.4373016357421879e-08 -75031958.218817577
6.4447522163391116e-08 -74945319.63328068
6.4522027969360353e-08 -74858881.136855766
6.4596533775329589e-08 -74772642.037192971
6.4671039581298826e-08 -74686601.645132974
6.4745545387268063e-08 -74600759.274688661
6.4820051193237299e-08 -74515114.243026868
6.4894556999206549e-08 -74429665.870450273
6.4969062805175786e-08 -74344413.480379522
6.5043568611145023e-08 -74259356.399335146
6.5118074417114273e-08 -74174493.956920058
6.5192580223083509e-08 -74089825.485801801
6.5267086029052746e-08 -74005350.321695164
6.5341591835021983e-08 -73921067.803344607
6.5416097640991219e-08 -73836977.27250728
6.5490603446960456e-08 -73753078.073935717
6.5565109252929693e-08 -73669369.555360764
6.5639615058898929e-08 -73585851.067474872
6.5714120864868166e-08 -73502521.963915154
6.5788626670837403e-08 -73419381.601246759
6.586313247680664e-08 -73336429.338946253
6.5937638282775876e-08 -73253664.539385334
6.6012144088745113e-08 -73171086.567814261
6.6086649894714363e-08 -73088694.792345822
6.61611557006836e-08 -73006488.58393918
6.6235661506652836e-08 -72924467.316383705
6.6310167312622086e-08 -72842630.366283327
6.6384673118591323e-08 -72760977.113040522
6.645917892456056e-08 -72679506.938840792
6.6533684730529796e-08 -72598219.228636891
6.6608190536499033e-08 -72517113.370133564
6.668269634246827e-08 -72436188.75377208
6.6757202148437506e-08 -72355444.772714823
6.6831707954406743e-08 -72274880.822830394
6.690621376037598e-08 -72194496.302678362
6.6980719566345216e-08 -72114290.613494292
6.7055225372314453e-08 -72034263.159174964
6.712973117828369e-08 -71954413.346263602
6.7204236984252927e-08 -71874740.583935052
6.7278742790222176e-08 -71795244.283981428
6.7353248596191413e-08 -71715923.860797524
6.742775440216065e-08 -71636778.731366411
6.75022602081299e-08 -71557808.315245181
6.7576766014099136e-08 -71479012.034550816
6.7651271820068373e-08 -71400389.313945979
6.772577762603761e-08 -71321939.580625087
6.7800283432006847e-08 -71243662.264300406
6.7874789237976083e-08 -71165556.797188208
6.794929504394532e-08 -71087622.613994986
6.8023800849914557e-08 -71009859.151903957
6.8098306655883793e-08 -70932265.850561395
6.817281246185303e-08 -70854842.152063176
6.8247318267822267e-08 -70777587.5009415
6.8321824073791503e-08 -70700501.344151497
6.839632987976074e-08 -70623583.131058097
6.847083568572999e-08 -70546832.313422903
6.8545341491699227e-08 -70470248.345391169
6.8619847297668463e-08 -70393830.683478832
6.8694353103637713e-08 -70317578.786559701
6.876885890960695e-08 -70241492.115852639
6.8843364715576187e-08 -70165570.134908915
6.8917870521545423e-08 -70089812.309599563
6.899237632751466e-08 -70014218.108102873
6.9066882133483897e-08 -69938787.000891939
6.9141387939453133e-08 -69863518.460722312
6.921589374542237e-08 -69788411.962619677
6.9290399551391607e-08 -69713466.98386772
6.9364905357360844e-08 -69638683.003995895
6.943941116333008e-08 -69564059.504767478
6.9513916969299317e-08 -69489595.970167503
6.9588422775268554e-08 -69415291.886390999
6.9662928581237804e-08 -69341146.741831005
6.973743438720704e-08 -69267160.027067006
6.9811940193176277e-08 -69193331.234853104
6.9886445999145527e-08 -69119659.860106468
6.9960951805114764e-08 -69046145.399895966
7.0035457611084e-08 -68972787.353430495
7.0109963417053237e-08 -68899585.222047731
7.0184469223022474e-08 -68826538.509202823
7.025897502899171e-08 -68753646.720457211
7.0333480834960947e-08 -68680909.363467276
7.0407986640930184e-08 -68608325.947973549
7.048249244689942e-08 -68535895.985789403
7.0556998252868657e-08 -68463618.990790352
7.0631504058837894e-08 -68391494.47890301
7.070600986480713e-08 -68319521.968094394
7.0780515670776367e-08 -68247700.978361025
7.0855021476745617e-08 -68176031.031718478
7.0929527282714854e-08 -68104511.652190641
7.1004033088684091e-08 -68033142.365799174
7.107853889465334e-08 -67961922.700553074
7.1153044700622577e-08 -67890852.186438307
7.1227550506591814e-08 -67819930.355407357
7.1302056312561051e-08 -67749156.741369054
7.1376562118530287e-08 -67678530.880178317
7.1451067924499524e-08 -67608052.309626058
7.1525573730468761e-08 -67537720.569429025
7.1600079536437997e-08 -67467535.201219812
7.1674585342407234e-08 -67397495.748536929
7.1749091148376471e-08 -67327601.756814837
7.1823596954345707e-08 -67257852.773374259
7.1898102760314944e-08 -67188248.347412214
7.1972608566284181e-08 -67118788.029992417
7.2047114372253431e-08 -67049471.374035671
7.2121620178222667e-08 -66980297.934310131
7.2196125984191904e-08 -66911267.267421901
7.2270631790161154e-08 -66842378.931805499
7.2345137596130391e-08 -66773632.487714484
7.2419643402099627e-08 -66705027.497212045
7.2494149208068864e-08 -66636563.524161726
7.2568655014038101e-08 -66568240.134218194
7.2643160820007337e-08 -66500056.894818023
7.2717666625976574e-08 -66432013.375170633
7.2792172431945811e-08 -66364109.146249138
7.2866678237915048e-08 -66296343.780781358
7.2941184043884284e-08 -66228716.853240922
7.3015689849853521e-08 -66161227.939838216
7.3090195655822758e-08 -66093876.618511669
7.3164701461791994e-08 -66026662.468918875
7.3239207267761244e-08 -65959585.072427899
7.3313713073730481e-08 -65892644.012108579
7.3388218879699718e-08 -65825838.872723825
7.3462724685668968e-08 -65759169.240721077
7.3537230491638204e-08 -65692634.704223819
7.3611736297607441e-08 -65626234.853023015
7.3686242103576678e-08 -65559969.27856873
7.3760747909545914e-08 -65493837.573961742
7.3835253715515151e-08 -65427839.333945177
7.3909759521484388e-08 -65361974.154896297
7.3984265327453624e-08 -65296241.634818234
7.4058771133422861e-08 -65230641.37333177
7.4133276939392098e-08 -65165172.97166729
7.4207782745361334e-08 -65099836.032656647
7.4282288551330571e-08 -65034630.160725206
7.4356794357299808e-08 -64969554.961883679
7.4431300163269058e-08 -64904610.043720424
7.4505805969238294e-08 -64839795.015393421
7.4654817581176781e-08 -64710553.072681181
7.4803829193115254e-08 -64581826.038106866
7.4952840805053728e-08 -64453610.840647794
7.5101852416992201e-08 -64325904.433654435
7.5250864028930675e-08 -64198703.794609219
7.5399875640869148e-08 -64072005.924887896
7.5548887252807621e-08 -63945807.849524081
7.5697898864746095e-08 -63820106.616976306
7.5846910476684568e-08 -63694899.298897892
7.5995922088623042e-08 -63570182.989909612
7.6144933700561515e-08 -63445954.807374932
7.6293945312500002e-08 -63322211.891177878
7.6442956924438488e-08 -63198951.403503656
7.6591968536376962e-08 -63076170.528621599
7.6740980148315435e-08 -62953866.472670764
7.6889991760253908e-08 -62832036.463448033
7.7039003372192382e-08 -62710677.750198737
7.7188014984130855e-08 -62589787.603409484
7.7337026596069329e-08 -62469363.314603634
7.7486038208007802e-08 -62349402.196139015
7.7635049819946275e-08 -62229901.581007846
7.7784061431884749e-08 -62110858.822639279
7.7933073043823222e-08 -61992271.294703893
7.8082084655761709e-08 -61874136.390920557
7.8231096267700195e-08 -61756451.52486556
7.8380107879638669e-08 -61639214.129783824
7.8529119491577142e-08 -61522421.658402219
7.8678131103515615e-08 -61406071.58274518
7.8827142715454089e-08 -61290161.39395228
7.8976154327392562e-08 -61174688.602097869
7.9125165939331036e-08 -61059650.736012794
7.9274177551269522e-08 -60945045.343108132
7.9423189163208009e-08 -60830869.989200883
7.9572200775146482e-08 -60717122.258341625
7.9721212387084956e-08 -60603799.752644122
7.9870223999023429e-08 -60490900.092116758
8.0019235610961902e-08 -60378420.914496049
8.0168247222900376e-08 -60266359.875081778
8.0317258834838849e-08 -60154714.646574058
8.0466270446777336e-08 -60043482.918912306
8.0615282058715822e-08 -59932662.399115875
8.0764293670654296e-08 -59822250.811126456
8.0913305282592769e-08 -59712245.895652317
8.1062316894531243e-08 -59602645.410014123
8.1211328506469716e-08 -59493447.127992615
8.1360340118408189e-08 -59384648.839677803
8.1509351730346663e-08 -59276248.351319931
8.1658363342285149e-08 -59168243.48518198
8.1807374954223636e-08 -59060632.079393916
8.1956386566162109e-08 -58953411.987808391
8.2105398178100583e-08 -58846581.079858042
8.2254409790039056e-08 -58740137.240414403
8.240342140197753e-08 -58634078.369648367
8.2552433013916003e-08 -58528402.38289196
8.2701444625854476e-08 -58423107.210501902
8.2850456237792963e-08 -58318190.797724426
8.299946784973145e-08 -58213651.104561597
8.3148479461669923e-08 -58109486.10563916
8.3297491073608396e-08 -58005693.790075697
8.344650268554687e-08 -57902272.161353178
8.3595514297485343e-08 -57799219.237189069
8.3744525909423816e-08 -57696533.049409553
8.389353752136229e-08 -57594211.643824287
8.4042549133300776e-08 -57492253.080102466
8.4191560745239263e-08 -57390655.431650124
8.4340572357177736e-08 -57289416.785488807
8.448958396911621e-08 -57188535.242135473
8.4638595581054683e-08 -57088008.915483788
8.4787607192993157e-08 -56987835.932686396
8.493661880493163e-08 -56888014.434038855
8.5085630416870103e-08 -56788542.572864383
8.523464202880859e-08 -56689418.515399948
8.5383653640747077e-08 -56590640.44068376
8.553266525268555e-08 -56492206.540443614
8.5681676864624023e-08 -56394115.01898659
8.5830688476562497e-08 -56296364.093089834
8.597970008850097e-08 -56198951.991892584
8.6128711700439444e-08 -56101876.956789114
8.6277723312377917e-08 -56005137.241323002
8.6426734924316404e-08 -55908731.111082286
8.657574653625489e-08 -55812656.843595937
8.6724758148193364e-08 -55716912.728231229
8.6873769760131837e-08 -55621497.066092141
8.702278137207031e-08 -55526408.169918969
8.7171792984008784e-08 -55431644.363988802
8.7320804595947257e-08 -55337203.984017119
8.7469816207885731e-08 -55243085.377060354
8.7618827819824217e-08 -55149286.901419453
8.7767839431762704e-08 -55055806.926544398
8.7916851043701177e-08 -54962643.832939789
8.8065862655639651e-08 -54869796.012071282
8.8214874267578124e-08 -54777261.866272934
8.8363885879516597e-08 -54685039.808655724
8.8512897491455071e-08 -54593128.263016693
8.8661909103393544e-08 -54501525.663749263
8.8810920715332031e-08 -54410230.455754206
8.8959932327270517e-08 -54319241.094351806
8.9108943939208991e-08 -54228556.045194574
8.9257955551147464e-08 -54138173.784181111
8.9406967163085938e-08 -54048092.797370739
8.9555978775024411e-08 -53958311.580898844
8.9704990386962884e-08 -53868828.640893318
8.9854001998901358e-08 -53779642.493391655
9.0003013610839844e-08 -53690751.664258875
9.0152025222778331e-08 -53602154.68910639
9.0301036834716804e-08 -53513850.113211542
9.0450048446655278e-08 -53425836.491437927
9.0599060058593751e-08 -53338112.38815669
9.0748071670532224e-08 -53250676.37716835
9.0897083282470698e-08 -53163527.041625567
9.1046094894409171e-08 -53076662.973956585
9.1195106506347658e-08 -52990082.775789507
9.1344118118286144e-08 -52903785.057877116
9.1493129730224618e-08 -52817768.440022789
9.1642141342163091e-08 -52732031.551006712
9.1791152954101565e-08 -52646573.028513104
9.1940164566040038e-08 -52561391.519058049
9.2089176177978511e-08 -52476485.677918106
9.2238187789916985e-08 -52391854.169059381
9.2387199401855471e-08 -52307495.66506765
9.2536211013793958e-08 -52223408.847078823
9.2685222625732431e-08 -52139592.404710226
9.2834234237670905e-08 -52056045.035992593
9.2983245849609378e-08 -51972765.44730261
9.3132257461547852e-08 -51889752.353296116
9.3281269073486325e-08 -51807004.476842068
9.3430280685424798e-08 -51724520.54895696
9.3579292297363285e-08 -51642299.308739953
9.3728303909301772e-08 -51560339.503308728
9.3877315521240245e-08 -51478639.887735717
9.4026327133178718e-08 -51397199.224985145
9.4175338745117192e-08 -51316016.285850555
9.4324350357055665e-08 -51235089.848893054
9.4473361968994139e-08 -51154418.700379893
9.4622373580932612e-08 -51074001.634223968
9.4771385192871099e-08 -50993837.451923586
9.4920396804809585e-08 -50913924.962502971
9.5069408416748059e-08 -50834262.982453294
9.5218420028686532e-08 -50754850.335674211
9.5367431640625005e-08 -50675685.853416018
9.5516443252563479e-08 -50596768.374222301
9.5665454864501952e-08 -50518096.743873112
9.5814466476440425e-08 -50439669.815328777
9.5963478088378912e-08 -50361486.448674031
9.6112489700317399e-08 -50283545.511062898
9.6261501312255872e-08 -50205845.876663879
9.6410512924194345e-08 -50128386.42660585
9.6559524536132819e-08 -50051166.048924245
9.6708536148071292e-08 -49974183.638507925
9.6857547760009766e-08 -49897438.097046442
9.7006559371948239e-08 -49820928.332977816
9.7155570983886726e-08 -49744653.261436693
9.7304582595825212e-08 -49668611.804203212
9.7453594207763686e-08 -49592802.889652155
9.7602605819702159e-08 -49517225.452702463
9.7751617431640632e-08 -49441878.434767596
9.7900629043579106e-08 -49366760.783705875
9.8049640655517579e-08 -49291871.453771748
9.8198652267456053e-08 -49217209.40556702
9.8347663879394539e-08 -49142773.605992921
9.8496675491333026e-08 -49068563.028202437
9.8645687103271499e-08 -48994576.65155302
9.8794698715209973e-08 -48920813.461559892
9.8943710327148446e-08 -48847272.449849583
9.9092721939086919e-08 -48773952.614114068
9.9241733551025393e-08 -48700852.95806516
9.9390745162963866e-08 -48627972.491389431
9.9539756774902353e-08 -48555310.229703456
9.9688768386840839e-08 -48482865.194509529
9.9837779998779313e-08 -48410636.413151748
9.9986791610717786e-08 -48338622.918772385
1.0013580322265626e-07 -48266823.750268869
1.0028481483459473e-07 -48195237.95225098
1.0043382644653321e-07 -48123864.574998431
1.0058283805847168e-07 -48052702.674418949
1.0073184967041017e-07 -47981751.312006578
1.0088086128234865e-07 -47911009.554800473
1.0102987289428713e-07 -47840476.47534395
1.011788845062256e-07 -47770151.151644036
1.0132789611816407e-07 -47700032.667131186
1.0147690773010255e-07 -47630120.110619567
1.0162591934204102e-07 -47560412.576267526
1.0177493095397949e-07 -47490909.163538516
1.0192394256591798e-07 -47421608.977162212
1.0207295417785647e-07 -47352511.127096228
1.0222196578979494e-07 -47283614.728487901
1.0237097740173341e-07 -47214918.901636526
1.0251998901367189e-07 -47146422.771955952
1.0266900062561036e-07 -47078125.469937466
1.0281801223754883e-07 -47010026.131112963
1.0296702384948731e-07 -46942123.896018498
1.0311603546142579e-07 -46874417.910158142
1.0326504707336428e-07 -46806907.32396809
1.0341405868530275e-07 -46739591.292781211
1.0356307029724123e-07 -46672468.976791725
1.037120819091797e-07 -46605539.541020334
1.0386109352111817e-07 -46538802.155279577
1.0401010513305665e-07 -46472255.994139522
1.0415911674499512e-07 -46405900.236893736
1.0430812835693359e-07 -46339734.067525528
1.0445713996887207e-07 -46273756.674674511
1.0460615158081054e-07 -46207967.251603425
1.0475516319274901e-07 -46142364.996165276
1.049041748046875e-07 -46076949.110770717
1.0505318641662599e-07 -46011718.802355722
1.0520219802856446e-07 -45946673.282349586
1.0535120964050293e-07 -45881811.766643047
1.0550022125244141e-07 -45817133.475556888
1.0564923286437988e-07 -45752637.633810624
1.0579824447631835e-07 -45688323.470491551
1.0594725608825683e-07 -45624190.219024025
1.060962677001953e-07 -45560237.117139004
1.0624527931213377e-07 -45496463.406843863
1.0639429092407225e-07 -45432868.334392421
1.0654330253601072e-07 -45369451.150255278
1.0669231414794921e-07 -45306211.109090306
1.0684132575988769e-07 -45243147.469713531
1.0699033737182617e-07 -45180259.495070145
1.0713934898376464e-07 -45117546.452205762
1.0728836059570311e-07 -45055007.612237945
1.0743737220764159e-07 -44992642.250328049
1.0758638381958006e-07 -44930449.645653091
1.0773539543151853e-07 -44868429.081378087
1.0788440704345702e-07 -44806579.844628446
1.0803341865539551e-07 -44744901.22646267
1.0818243026733398e-07 -44683392.521845311
1.0833144187927245e-07 -44622053.029620036
1.0848045349121093e-07 -44560882.052483037
1.086294651031494e-07 -44499878.89695657
1.0877847671508787e-07 -44439042.873362809
1.0892748832702635e-07 -44378373.295797773
1.0907649993896483e-07 -44317869.482105598
1.0922551155090332e-07 -44257530.753852978
1.0937452316284179e-07 -44197356.436303802
1.0952353477478027e-07 -44137345.85839396
1.0967254638671874e-07 -44077498.352706432
1.0982155799865721e-07 -44017813.255446576
1.0997056961059569e-07 -43958289.906417519
1.1011958122253416e-07 -43898927.648995861
1.1026859283447265e-07 -43839725.830107525
1.1041760444641113e-07 -43780683.800203785
1.1056661605834961e-07 -43721800.913237534
1.1071562767028808e-07 -43663076.52663973
1.1086463928222656e-07 -43604510.001295954
1.1101365089416503e-07 -43546100.701523311
1.111626625061035e-07 -43487847.995047413
1.1131167411804198e-07 -43429751.252979502
1.1146068572998046e-07 -43371809.849793851
1.1160969734191895e-07 -43314023.163305387
1.1175870895385742e-07 -43256390.574647307
1.119077205657959e-07 -43198911.468249053
1.1205673217773437e-07 -43141585.231814377
1.1220574378967284e-07 -43084411.2562996
1.1235475540161132e-07 -43027388.935892023
1.1250376701354979e-07 -42970517.667988598
1.1265277862548828e-07 -42913796.853174627
1.1280179023742676e-07 -42857225.895202681
1.1295080184936524e-07 -42800804.200971864
1.1309981346130371e-07 -42744531.180506885
1.1324882507324218e-07 -42688406.246937618
1.1339783668518066e-07 -42632428.81647867
1.1354684829711913e-07 -42576598.30840914
1.136958599090576e-07 -42520914.145052508
1.1384487152099609e-07 -42465375.751756772
1.1399388313293458e-07 -42409982.556874648
1.1414289474487305e-07 -42354733.9917439
1.1429190635681152e-07 -42299629.490668043
1.1444091796875e-07 -42244668.490896814
1.1458992958068847e-07 -42189850.432607174
1.1473894119262694e-07 -42135174.758884288
1.1488795280456542e-07 -42080640.915702596
1.150369644165039e-07 -42026248.351907134
1.1518597602844239e-07 -41971996.51919499
1.1533498764038086e-07 -41917884.872096844
1.1548399925231934e-07 -41863912.86795871
1.1563301086425781e-07 -41810079.966923796
1.1578202247619628e-07 -41756385.631914459
1.1593103408813476e-07 -41702829.328614421
1.1608004570007323e-07 -41649410.525450975
1.1622905731201172e-07 -41596128.693577461
1.163780689239502e-07 -41542983.306855738
1.1652708053588868e-07 -41489973.841838941
1.1667609214782715e-07 -41437099.77775427
1.1682510375976562e-07 -41384360.596485905
1.169741153717041e-07 -41331755.782558106
1.1712312698364257e-07 -41279284.823118426
1.1727213859558104e-07 -41226947.207921065
1.1742115020751953e-07 -41174742.429310247
1.1757016181945802e-07 -41122669.982203908
1.1771917343139649e-07 -41070729.364077352
1.1786818504333496e-07 -41018920.074947089
1.1801719665527344e-07 -40967241.617354803
1.1816620826721191e-07 -40915693.496351406
1.1831521987915038e-07 -40864275.219481267
1.1846423149108886e-07 -40812986.296766557
1.1861324310302734e-07 -40761826.240691587
1.1876225471496583e-07 -40710794.566187464
1.189112663269043e-07 -40659890.790616713
1.1906027793884278e-07 -40609114.433758035
1.1920928955078125e-07 -40558465.017791264
1.1935830116271972e-07 -40507942.067282364
1.195073127746582e-07 -40457545.109168507
1.1965632438659667e-07 -40407273.672743365
1.1980533599853514e-07 -40357127.289642431
1.1995434761047362e-07 -40307105.493828468
1.2010335922241209e-07 -40257207.821577094
1.2025237083435059e-07 -40207433.811462395
1.2040138244628906e-07 -40157783.004342824
1.2055039405822754e-07 -40108254.94334691
1.2069940567016604e-07 -40058849.173859395
1.2084841728210451e-07 -40009565.243507251
1.2099742889404298e-07 -39960402.702145904
1.2114644050598146e-07 -39911361.101845481
1.2129545211791993e-07 -39862439.996877261
1.214444637298584e-07 -39813638.943700135
1.2159347534179688e-07 -39764957.500947237
1.2174248695373535e-07 -39716395.2294126
1.2189149856567382e-07 -39667951.692037962
1.220405101776123e-07 -39619626.453899659
1.2218952178955077e-07 -39571419.082195625
1.2233853340148924e-07 -39523329.146232411
1.2248754501342772e-07 -39475356.217412427
1.2263655662536622e-07 -39427499.869221173
1.2278556823730469e-07 -39379759.677214637
1.2293457984924316e-07 -39332135.219006673
1.2308359146118166e-07 -39284626.074256606
1.2323260307312014e-07 -39237231.824656859
1.2338161468505861e-07 -39189952.053920656
1.2353062629699708e-07 -39142786.347769834
1.2367963790893556e-07 -39095734.293922774
1.2382864952087403e-07 -39048795.482082322
1.239776611328125e-07 -39001969.503923967
1.2412667274475098e-07 -38955255.953083895
1.2427568435668945e-07 -38908654.425147288
1.2442469596862792e-07 -38862164.517636634
1.245737075805664e-07 -38815785.830000207
1.2472271919250487e-07 -38769517.963600427
1.2487173080444334e-07 -38723360.52170258
1.2502074241638184e-07 -38677313.109463371
1.2516975402832032e-07 -38631375.333919749
1.2531876564025879e-07 -38585546.803977668
1.2546777725219729e-07 -38539827.13040103
1.2561678886413576e-07 -38494215.925800622
1.2576580047607424e-07 -38448712.804623216
1.2591481208801271e-07 -38403317.383140683
1.2606382369995118e-07 -38358029.279439218
1.2621283531188966e-07 -38312848.113408595
1.2636184692382813e-07 -38267773.5067316
1.265108585357666e-07 -38222805.082873419
1.2665987014770508e-07 -38177942.467071146
1.2680888175964355e-07 -38133185.286323428
1.2695789337158202e-07 -38088533.169380046
1.271069049835205e-07 -38043985.746731743
1.2725591659545897e-07 -37999542.650599964
1.2740492820739747e-07 -37955203.514926746
1.2755393981933594e-07 -37910967.975364693
1.2770295143127442e-07 -37866835.669266991
1.2785196304321292e-07 -37822806.235677436
1.2800097465515139e-07 -37778879.315320715
1.2814998626708986e-07 -37735054.550592504
1.2829899787902834e-07 -37691331.585549854
1.2844800949096681e-07 -37647710.065901525
1.2859702110290529e-07 -37604189.638998404
1.2874603271484376e-07 -37560769.953823984
1.2889504432678223e-07 -37517450.66098503
1.2904405593872071e-07 -37474231.412702054
1.2919306755065918e-07 -37431111.862800151
1.2934207916259765e-07 -37388091.666699633
1.2949109077453613e-07 -37345170.481406972
1.296401023864746e-07 -37302347.96550557
1.297891139984131e-07 -37259623.779146768
1.2993812561035157e-07 -37216997.584040865
1.3008713722229005e-07 -37174469.043448173
1.3023614883422855e-07 -37132037.822170116
1.3038516044616702e-07 -37089703.58654049
1.3053417205810549e-07 -37047466.004416645
1.3068318367004397e-07 -37005324.745170854
1.3083219528198244e-07 -36963279.479681693
1.3098120689392091e-07 -36921329.880325392
1.3113021850585939e-07 -36879475.620967403
1.3127923011779786e-07 -36837716.376953945
1.3142824172973633e-07 -36796051.825103581
1.3157725334167481e-07 -36754481.643698864
1.3172626495361328e-07 -36713005.512478106
1.3187527656555175e-07 -36671623.112627126
1.3202428817749023e-07 -36630334.126771085
1.3217329978942873e-07 -36589138.238966361
1.323223114013672e-07 -36548035.13469252
1.3247132301330567e-07 -36507024.500844277
1.3262033462524417e-07 -36466106.025723577
1.3276934623718265e-07 -36425279.399031676
1.3291835784912112e-07 -36384544.311861277
1.3306736946105959e-07 -36343900.456688821
1.3321638107299807e-07 -36303347.527366661
1.3336539268493654e-07 -36262885.219115391
1.3351440429687501e-07 -36222513.228516266
1.3366341590881349e-07 -36182231.253503539
1.3381242752075196e-07 -36142038.993357003
1.3396143913269043e-07 -36101936.148694463
1.3411045074462891e-07 -36061922.421464294
1.3425946235656738e-07 -36021997.514938086
1.3440847396850585e-07 -35982161.133703306
1.3455748558044435e-07 -35942412.983655989
1.3470649719238283e-07 -35902752.771993533
1.348555088043213e-07 -35863180.207207449
1.350045204162598e-07 -35823694.999076329
1.3515353202819827e-07 -35784296.858658634
1.3530254364013675e-07 -35744985.498285711
1.3545155525207522e-07 -35705760.631554753
1.3560056686401369e-07 -35666621.9733219
1.3574957847595217e-07 -35627569.239695281
1.3589859008789064e-07 -35588602.148028173
1.3604760169982911e-07 -35549720.416912146
1.3619661331176759e-07 -35510923.766170345
1.3634562492370606e-07 -35472211.916850731
1.3649463653564453e-07 -35433584.59121938
1.3664364814758301e-07 -35395041.512753859
1.3679265975952148e-07 -35356582.406136654
1.3694167137145998e-07 -35318206.997248553
1.3709068298339845e-07 -35279915.013162166
1.3723969459533693e-07 -35241706.182135493
1.3738870620727543e-07 -35203580.233605407
1.375377178192139e-07 -35165536.898181371
1.3768672943115237e-07 -35127575.907638997
1.3783574104309085e-07 -35089696.994913809
1.3798475265502932e-07 -35051899.894094959
1.3813376426696779e-07 -35014184.34041898
1.3828277587890627e-07 -34976550.070263661
1.3843178749084474e-07 -34938996.821141824
1.3858079910278321e-07 -34901524.331695333
1.3872981071472169e-07 -34864132.341688909
1.3887882232666016e-07 -34826820.592004187
1.3902783393859863e-07 -34789588.824633695
1.3917684555053711e-07 -34752436.782674931
1.3932585716247561e-07 -34715364.210324422
1.3947486877441408e-07 -34678370.85287191
1.3962388038635255e-07 -34641456.456694447
1.3977289199829105e-07 -34604620.769250624
1.3992190361022953e-07 -34567863.539074861
1.40070915222168e-07 -34531184.515771613
1.4021992683410647e-07 -34494583.450009726
1.4036893844604495e-07 -34458060.09351676
1.4051795005798342e-07 -34421614.199073434
1.4066696166992189e-07 -34385245.520507969
1.4081597328186037e-07 -34348953.812690586
1.4096498489379884e-07 -34312738.831528001
1.4111399650573731e-07 -34276600.33395797
1.4126300811767579e-07 -34240538.077943787
1.4141201972961426e-07 -34204551.822468959
1.4156103134155273e-07 -34168641.32753177
1.4171004295349123e-07 -34132806.354139984
1.4185905456542971e-07 -34097046.66430556
1.4200806617736818e-07 -34061362.021039322
1.4215707778930668e-07 -34025752.188345745
1.4230608940124515e-07 -33990216.931217849
1.4245510101318363e-07 -33954756.015631869
1.426041126251221e-07 -33919369.208542198
1.4275312423706057e-07 -33884056.277876325
1.4290213584899905e-07 -33848816.99252969
1.4305114746093752e-07 -33813651.122360654
1.4320015907287599e-07 -33778558.438185543
1.4334917068481447e-07 -33743538.711773582
1.4349818229675294e-07 -33708591.715842031
1.4364719390869141e-07 -33673717.224051237
1.4379620552062989e-07 -33638915.010999702
1.4394521713256836e-07 -33604184.852219291
1.4409422874450686e-07 -33569526.524170399
1.4424324035644533e-07 -33534939.804237127
1.4439225196838381e-07 -33500424.4707225
1.4454126358032231e-07 -33465980.302843787
1.4469027519226078e-07 -33431607.080727775
1.4483928680419925e-07 -33397304.585406039
1.4498829841613773e-07 -33363072.598810364
1.451373100280762e-07 -33328910.903768085
1.4528632164001467e-07 -33294819.283997495
1.4543533325195315e-07 -33260797.524103288
1.4558434486389162e-07 -33226845.409572035
1.457333564758301e-07 -33192962.726767641
1.4588236808776857e-07 -33159149.262926891
1.4603137969970704e-07 -33125404.806155033
1.4618039131164552e-07 -33091729.145421248
1.4632940292358399e-07 -33058122.070554342
1.4647841453552249e-07 -33024583.372238349
1.4662742614746096e-07 -32991112.842008181
1.4677643775939944e-07 -32957710.27224528
1.4692544937133794e-07 -32924375.456173398
1.4707446098327641e-07 -32891108.187854256
1.4722347259521488e-07 -32857908.262183346
1.4737248420715336e-07 -32824775.474885698
1.4752149581909183e-07 -32791709.6225117
1.476705074310303e-07 -32758710.502432894
1.4781951904296878e-07 -32725777.912837952
1.4796853065490725e-07 -32692911.652728405
1.4811754226684572e-07 -32660111.521914661
1.482665538787842e-07 -32627377.321011908
1.4841556549072267e-07 -32594708.851436086
1.4856457710266114e-07 -32562105.915399842
1.4871358871459962e-07 -32529568.315908574
1.4901161193847659e-07 -32464688.342522416
1.4930963516235356e-07 -32400067.371025279
1.4960765838623051e-07 -32335703.853597093
1.4990568161010746e-07 -32271596.254726544
1.502037048339844e-07 -32207743.051088843
1.5050172805786135e-07 -32144142.731425207
1.507997512817383e-07 -32080793.796423528
1.5109777450561524e-07 -32017694.758600604
1.5139579772949219e-07 -31954844.142185681
1.5169382095336914e-07 -31892240.48300546
1.5199184417724608e-07 -31829882.328370295
1.5228986740112303e-07 -31767768.236961927
1.52587890625e-07 -31705896.778722394
1.5288591384887698e-07 -31644266.534744259
1.5318393707275392e-07 -31582876.097162213
1.5348196029663087e-07 -31521724.069045763
1.5377998352050782e-07 -31460809.064293373
1.5407800674438476e-07 -31400129.707527712
1.5437602996826171e-07 -31339684.633992054
1.5467405319213866e-07 -31279472.489448119
1.549720764160156e-07 -31219491.930074781
1.5527009963989255e-07 -31159741.622368176
1.555681228637695e-07 -31100220.243042868
1.5586614608764644e-07 -31040926.478934161
1.5616416931152342e-07 -30981859.026901461
1.5646219253540039e-07 -30923016.593732949
1.5676021575927734e-07 -30864397.896051053
1.5705823898315428e-07 -30806001.660219219
1.5735626220703123e-07 -30747826.622249693
1.5765428543090818e-07 -30689871.527712218
1.5795230865478512e-07 -30632135.131643988
1.5825033187866207e-07 -30574616.19846043
1.5854835510253904e-07 -30517313.501867082
1.5884637832641602e-07 -30460225.824772425
1.5914440155029296e-07 -30403351.959201787
1.5944242477416991e-07 -30346690.706212003
1.5974044799804686e-07 -30290240.8758073
1.600384712219238e-07 -30234001.286855929
1.6033649444580075e-07 -30177970.767007768
1.606345176696777e-07 -30122148.152612891
1.6093254089355467e-07 -30066532.288640987
1.6123056411743164e-07 -30011122.028601743
1.6152858734130859e-07 -29955916.234466027
1.6182661056518554e-07 -29900913.776587926
1.6212463378906249e-07 -29846113.533627812
1.6242265701293943e-07 -29791514.392476037
1.6272068023681638e-07 -29737115.248177614
1.6301870346069333e-07 -29682915.003857642
1.633167266845703e-07 -29628912.570647657
1.6361474990844727e-07 -29575106.867612597
1.6391277313232422e-07 -29521496.821678817
1.6421079635620117e-07 -29468081.367562618
1.6450881958007811e-07 -29414859.447699778
1.6480684280395506e-07 -29361830.012175735
1.6510486602783201e-07 -29308992.018656515
1.6540288925170895e-07 -29256344.432320453
1.6570091247558593e-07 -29203886.225790698
1.659989356994629e-07 -29151616.379068259
1.6629695892333985e-07 -29099533.87946602
1.6659498214721679e-07 -29047637.721543271
1.6689300537109374e-07 -28995926.907040995
1.6719102859497069e-07 -28944400.444817912
1.6748905181884763e-07 -28893057.350787133
1.6778707504272458e-07 -28841896.647853479
1.6808509826660155e-07 -28790917.365851548
1.6838312149047853e-07 -28740118.541484356
1.6868114471435547e-07 -28689499.218262669
1.6897916793823242e-07 -28639058.446444992
1.6927719116210937e-07 -28588795.282978114
1.6957521438598631e-07 -28538708.791438404
1.6987323760986326e-07 -28488798.041973621
1.7017126083374021e-07 -28439062.111245349
1.7046928405761718e-07 -28389500.082372118
1.7076730728149415e-07 -28340111.044872999
1.710653305053711e-07 -28290894.094611898
1.7136335372924805e-07 -28241848.333742369
1.7166137695312499e-07 -28192972.87065297
1.7195940017700194e-07 -28144266.81991332
1.7225742340087889e-07 -28095729.302220564
1.7255544662475583e-07 -28047359.444346484
1.7285346984863281e-07 -27999156.379085097
1.7315149307250978e-07 -27951119.24520091
1.7344951629638673e-07 -27903247.187377531
1.7374753952026367e-07 -27855539.35616697
1.7404556274414062e-07 -27807994.90793936
1.7434358596801757e-07 -27760613.004833259
1.7464160919189451e-07 -27713392.814706389
1.7493963241577146e-07 -27666333.511086989
1.7523765563964843e-07 -27619434.273125507
1.7553567886352541e-07 -27572694.28554697
1.7583370208740235e-07 -27526112.73860364
1.761317253112793e-07 -27479688.828028359
1.7642974853515625e-07 -27433421.754988167
1.7672777175903319e-07 -27387310.726038542
1.7702579498291014e-07 -27341354.953078009
1.7732381820678709e-07 -27295553.653303273
1.7762184143066406e-07 -27249906.049164716
1.7791986465454103e-07 -27204411.368322495
1.7821788787841798e-07 -27159068.843602862
1.7851591110229493e-07 -27113877.712955102
1.7881393432617188e-07 -27068837.219408896
1.7911195755004882e-07 -27023946.611031931
1.7940998077392577e-07 -26979205.140888147
1.7970800399780272e-07 -26934612.066996284
1.8000602722167969e-07 -26890166.65228888
1.8030405044555666e-07 -26845868.164571609
1.8060207366943361e-07 -26801715.876483165
1.8090009689331056e-07 -26757709.065455336
1.811981201171875e-07 -26713847.013673704
1.8149614334106445e-07 -26670129.008038502
1.817941665649414e-07 -26626554.340126093
1.8209218978881834e-07 -26583122.306150585
1.8239021301269532e-07 -26539832.206926014
1.8268823623657229e-07 -26496683.347828802
1.8298625946044924e-07 -26453675.038760621
1.8328428268432618e-07 -26410806.594111547
1.8358230590820313e-07 -26368077.332723729
1.8388032913208008e-07 -26325486.577855181
1.8417835235595702e-07 -26283033.657144185
1.8447637557983397e-07 -26240717.902573805
1.8477439880371094e-07 -26198538.650436919
1.8507242202758792e-07 -26156495.241301473
1.8537044525146486e-07 -26114587.019976165
1.8566846847534181e-07 -26072813.335476324
1.8596649169921876e-07 -26031173.540990308
1.862645149230957e-07 -25989666.99384604
1.8656253814697265e-07 -25948293.055477995
1.868605613708496e-07 -25907051.091394413
1.8715858459472657e-07 -25865940.471144896
1.8745660781860354e-07 -25824960.568288259
1.8775463104248049e-07 -25784110.760360725
1.8805265426635744e-07 -25743390.428844418
1.8835067749023438e-07 -25702798.959136114
1.8864870071411133e-07 -25662335.740516335
1.8894672393798828e-07 -25622000.16611873
1.8924474716186522e-07 -25581791.632899754
1.895427703857422e-07 -25541709.541608535
1.8984079360961917e-07 -25501753.296757203
1.9013881683349612e-07 -25461922.306591343
1.9043684005737306e-07 -25422215.983060781
1.9073486328125001e-07 -25382633.741790663
1.9103288650512696e-07 -25343175.002052784
1.913309097290039e-07 -25303839.186737169
1.9162893295288085e-07 -25264625.72232398
1.9192695617675782e-07 -25225534.038855586
1.922249794006348e-07 -25186563.569908991
1.9252300262451174e-07 -25147713.752568465
1.9282102584838869e-07 -25108984.02739843
1.9311904907226564e-07 -25070373.838416602
1.9341707229614258e-07 -25031882.633067425
1.9371509552001953e-07 -24993509.862195659
1.9401311874389648e-07 -24955254.980020326
1.9431114196777345e-07 -24917117.444108743
1.9460916519165042e-07 -24879096.715350982
1.9490718841552737e-07 -24841192.257934425
1.9520521163940432e-07 -24803403.539318558
1.9550323486328126e-07 -24765730.030210093
1.9580125808715821e-07 -24728171.20453823
1.9609928131103516e-07 -24690726.539430134
1.9639730453491211e-07 -24653395.515186749
1.9669532775878908e-07 -24616177.615258683
1.9699335098266605e-07 -24579072.326222416
1.97291374206543e-07 -24542079.137756683
1.9758939743041995e-07 -24505197.542619102
1.9788742065429689e-07 -24468427.036622927
1.9818544387817384e-07 -24431767.118614145
1.9848346710205079e-07 -24395217.290448666
1.9878149032592773e-07 -24358777.05696978
1.9907951354980471e-07 -24322445.925985772
1.9937753677368168e-07 -24286223.408247795
1.9967555999755863e-07 -24250109.017427877
1.9997358322143557e-07 -24214102.27009717
2.0027160644531252e-07 -24178202.685704399
2.0056962966918947e-07 -24142409.78655443
2.0086765289306641e-07 -24106723.097787131
2.0116567611694336e-07 -24071142.147356372
2.0146369934082033e-07 -24035666.466009166
2.0176172256469731e-07 -24000295.587265085
2.0205974578857425e-07 -23965029.047395803
2.023577690124512e-07 -23929866.385404825
2.0265579223632815e-07 -23894807.143007375
2.0295381546020509e-07 -23859850.864610549
2.0325183868408204e-07 -23824997.097293511
2.0354986190795899e-07 -23790245.390787974
2.0384788513183596e-07 -23755595.297458809
2.0414590835571293e-07 -23721046.372284792
2.0444393157958988e-07 -23686598.172839604
2.0474195480346683e-07 -23652250.259272896
2.0503997802734377e-07 -23618002.194291588
2.0533800125122072e-07 -23583853.543141324
2.0563602447509767e-07 -23549803.873588048
2.0593404769897461e-07 -23515852.755899794
2.0623207092285159e-07 -23481999.762828592
2.0653009414672856e-07 -23448244.469592549
2.0682811737060551e-07 -23414586.453858089
2.0712614059448245e-07 -23381025.295722324
2.074241638183594e-07 -23347560.577695604
2.0772218704223635e-07 -23314191.884684205
2.0802021026611329e-07 -23280918.803973157
2.0831823348999024e-07 -23247740.925209239
2.0861625671386719e-07 -23214657.840384115
2.0891427993774413e-07 -23181669.143817585
2.0921230316162108e-07 -23148774.432141017
2.0951032638549803e-07 -23115973.304280922
2.09808349609375e-07 -23083265.361442622
2.1010637283325197e-07 -23050650.207094103
2.1040439605712892e-07 -23018127.446950015
2.1070241928100587e-07 -22985696.688955724
2.1100044250488281e-07 -22953357.54327162
2.1129846572875976e-07 -22921109.622257467
2.1159648895263671e-07 -22888952.540456913
2.1189451217651365e-07 -22856885.914582126
2.121925354003906e-07 -22824909.363498595
2.1249055862426755e-07 -22793022.508210003
2.127885818481445e-07 -22761224.971843265
2.1308660507202144e-07 -22729516.379633661
2.1338462829589842e-07 -22697896.358910155
2.1368265151977539e-07 -22666364.53908075
2.1398067474365234e-07 -22634920.551618032
2.1427869796752928e-07 -22603564.030044816
2.1457672119140623e-07 -22572294.609919894
2.1487474441528318e-07 -22541111.928823918
2.1517276763916012e-07 -22510015.626345422
2.1547079086303707e-07 -22479005.344066899
2.1576881408691404e-07 -22448080.725551046
2.1606683731079102e-07 -22417241.416327141
2.1636486053466796e-07 -22386487.063877441
2.1666288375854491e-07 -22355817.317623779
2.1696090698242186e-07 -22325231.828914259
2.172589302062988e-07 -22294730.251010008
2.1755695343017575e-07 -22264312.239072107
2.178549766540527e-07 -22233977.45014856
2.1815299987792967e-07 -22203725.543161456
2.1845102310180664e-07 -22173556.178894125
2.1874904632568359e-07 -22143469.019978516
2.1904706954956054e-07 -22113463.73088257
2.1934509277343748e-07 -22083539.977897786
2.1964311599731443e-07 -22053697.429126836
2.1994113922119138e-07 -22023935.754471287
2.2023916244506832e-07 -21994254.625619441
2.205371856689453e-07 -21964653.716034241
2.2083520889282227e-07 -21935132.70094135
2.2113323211669922e-07 -21905691.257317208
2.2143125534057616e-07 -21876329.063877281
2.2172927856445311e-07 -21847045.801064372
2.2202730178833006e-07 -21817841.151037034
2.22325325012207e-07 -21788714.797658056
2.2262334823608395e-07 -21759666.42648308
2.2292137145996092e-07 -21730695.724749234
2.232193946838379e-07 -21701802.381363977
2.2351741790771484e-07 -21672986.08689392
2.2381544113159179e-07 -21644246.533553772
2.2411346435546874e-07 -21615583.415195402
2.2441148757934568e-07 -21586996.427296992
2.2470951080322263e-07 -21558485.266952187
2.2500753402709958e-07 -21530049.63285945
2.2530555725097655e-07 -21501689.225311443
2.2560358047485352e-07 -21473403.746184453
2.2590160369873047e-07 -21445192.898928024
2.2619962692260742e-07 -21417056.388554517
2.2649765014648436e-07 -21388993.921628863
2.2679567337036131e-07 -21361005.20625836
2.2709369659423826e-07 -21333089.952082574
2.273917198181152e-07 -21305247.870263241
2.2768974304199218e-07 -21277478.673474349
2.2798776626586915e-07 -21249782.075892258
2.282857894897461e-07 -21222157.793185871
2.2858381271362304e-07 -21194605.542506918
2.2888183593749999e-07 -21167125.042480279
2.2917985916137694e-07 -21139716.013194442
2.2947788238525389e-07 -21112378.176191978
2.2977590560913083e-07 -21085111.254460108
2.3007392883300781e-07 -21057914.972421359
2.3037195205688478e-07 -21030789.055924263
2.3066997528076173e-07 -21003733.232234165
2.3096799850463867e-07 -20976747.230024077
2.3126602172851562e-07 -20949830.779365599
2.3156404495239257e-07 -20922983.611719906
2.3186206817626951e-07 -20896205.459928863
2.3216009140014646e-07 -20869496.058206122
2.3245811462402343e-07 -20842855.142128337
2.3275613784790041e-07 -20816282.448626459
2.3305416107177735e-07 -20789777.715977043
2.333521842956543e-07 -20763340.683793686
2.3365020751953125e-07 -20736971.09301848
2.3394823074340819e-07 -20710668.685913559
2.3424625396728514e-07 -20684433.206052698
2.3454427719116209e-07 -20658264.398312993
2.3484230041503906e-07 -20632162.008866567
2.3514032363891603e-07 -20606125.785172377
2.3543834686279298e-07 -20580155.475968074
2.3573637008666993e-07 -20554250.831261918
2.3603439331054687e-07 -20528411.602324754
2.3633241653442382e-07 -20502637.541682031
2.3663043975830077e-07 -20476928.403105948
2.3692846298217771e-07 -20451283.941607568
2.3722648620605469e-07 -20425703.913429059
2.3752450942993166e-07 -20400188.07603598
2.3782253265380861e-07 -20374736.18810958
2.3812055587768555e-07 -20349348.00953922
2.384185791015625e-07 -20324023.301414814
2.3871660232543945e-07 -20298761.826019339
2.3901462554931639e-07 -20273563.346821386
2.3931264877319334e-07 -20248427.628467798
2.3961067199707029e-07 -20223354.436776306
2.3990869522094723e-07 -20198343.538728304
2.4020671844482418e-07 -20173394.702461597
2.4050474166870118e-07 -20148507.69726323
2.4080276489257813e-07 -20123682.29356242
2.4110078811645507e-07 -20098918.262923438
2.4139881134033207e-07 -20074215.37803866
2.4169683456420902e-07 -20049573.412721571
2.4199485778808597e-07 -20024992.141899873
2.4229288101196291e-07 -20000471.341608636
2.4259090423583986e-07 -19976010.788983501
2.4288892745971681e-07 -19951610.262253921
2.4318695068359375e-07 -19927269.540736452
2.434849739074707e-07 -19902988.404828113
2.4378299713134765e-07 -19878766.635999773
2.4408102035522459e-07 -19854604.0167896
2.4437904357910154e-07 -19830500.330796558
2.4467706680297849e-07 -19806455.362673931
2.4497509002685543e-07 -19782468.898122914
2.4527311325073243e-07 -19758540.72388627
2.4557113647460938e-07 -19734670.627741981
2.4586915969848633e-07 -19710858.398496974
2.4616718292236333e-07 -19687103.825980917
2.4646520614624027e-07 -19663406.701040022
2.4676322937011722e-07 -19639766.8155309
2.4706125259399417e-07 -19616183.962314468
2.4735927581787111e-07 -19592657.935249913
2.4765729904174806e-07 -19569188.52918867
2.4795532226562501e-07 -19545775.539968468
2.4825334548950196e-07 -19522418.764407411
2.485513687133789e-07 -19499118.000298087
2.4884939193725585e-07 -19475873.046401743
2.491474151611328e-07 -19452683.702442504
2.4944543838500974e-07 -19429549.769101594
2.4974346160888669e-07 -19406471.048011649
2.5004148483276369e-07 -19383447.34175102
2.5033950805664064e-07 -19360478.453838188
2.5063753128051758e-07 -19337564.188726127
2.5093555450439458e-07 -19314704.351796784
2.5123357772827153e-07 -19291898.749355558
2.5153160095214848e-07 -19269147.188625839
2.5182962417602542e-07 -19246449.477743547
2.5212764739990237e-07 -19223805.42575179
2.5242567062377932e-07 -19201214.842595458
2.5272369384765626e-07 -19178677.539115943
2.5302171707153321e-07 -19156193.327045828
2.5331974029541016e-07 -19133762.019003671
2.536177635192871e-07 -19111383.428488784
2.5391578674316405e-07 -19089057.369876076
2.54213809967041e-07 -19066783.658410907
2.5451183319091794e-07 -19044562.110203989
2.5480985641479494e-07 -19022392.542226363
2.5510787963867189e-07 -19000274.772304315
2.5540590286254884e-07 -18978208.619114444
2.5570392608642584e-07 -18956193.902178645
2.5600194931030278e-07 -18934230.441859256
2.5629997253417973e-07 -18912318.059354134
2.5659799575805668e-07 -18890456.576691791
2.5689601898193362e-07 -18868645.816726599
2.5719404220581057e-07 -18846885.603134014
2.5749206542968752e-07 -18825175.760405786
2.5779008865356446e-07 -18803516.113845289
2.5808811187744141e-07 -18781906.48956278
2.5838613510131836e-07 -18760346.714470804
2.586841583251953e-07 -18738836.616279524
2.5898218154907225e-07 -18717376.023492172
2.592802047729492e-07 -18695964.765400447
2.595782279968262e-07 -18674602.672080025
2.5987625122070314e-07 -18653289.574386057
2.6017427444458009e-07 -18632025.303948686
2.6047229766845709e-07 -18610809.693168636
2.6077032089233404e-07 -18589642.575212799
2.6106834411621098e-07 -18568523.784009855
2.6136636734008793e-07 -18547453.154245943
2.6166439056396488e-07 -18526430.521360334
2.6196241378784182e-07 -18505455.721541163
2.6226043701171877e-07 -18484528.591721151
2.6255846023559572e-07 -18463648.969573405
2.6285648345947266e-07 -18442816.693507195
2.6315450668334961e-07 -18422031.602663811
2.6345252990722656e-07 -18401293.536912411
2.6375055313110351e-07 -18380602.336845905
2.6404857635498045e-07 -18359957.843776863
2.6434659957885745e-07 -18339359.899733473
2.646446228027344e-07 -18318808.347455535
2.6494264602661135e-07 -18298303.030390393
2.6524066925048834e-07 -18277843.792689022
2.6553869247436529e-07 -18257430.479202047
2.6583671569824224e-07 -18237062.935475826
2.6613473892211919e-07 -18216741.007748578
2.6643276214599613e-07 -18196464.542946473
2.6673078536987308e-07 -18176233.388679821
2.6702880859375003e-07 -18156047.393239234
2.6732683181762697e-07 -18135906.405591849
2.6762485504150392e-07 -18115810.27537756
2.6792287826538087e-07 -18095758.85290527
2.6822090148925781e-07 -18075751.989149164
2.6851892471313476e-07 -18055789.53574504
2.6881694793701171e-07 -18035871.344986629
2.6911497116088871e-07 -18015997.269821942
2.6941299438476565e-07 -17996167.163849693
2.697110176086426e-07 -17976380.881315637
2.700090408325196e-07 -17956638.277109053
2.7030706405639655e-07 -17936939.206759181
2.7060508728027349e-07 -17917283.526431695
2.7090311050415044e-07 -17897671.092925195
2.7120113372802739e-07 -17878101.763667751
2.7149915695190433e-07 -17858575.396713417
2.7179718017578128e-07 -17839091.850738838
2.7209520339965823e-07 -17819650.985039804
2.7239322662353517e-07 -17800252.659527887
2.7269124984741212e-07 -17780896.734727055
2.7298927307128907e-07 -17761583.071770359
2.7328729629516601e-07 -17742311.532396577
2.7358531951904296e-07 -17723081.978946958
2.7388334274291996e-07 -17703894.274361882
2.7418136596679691e-07 -17684748.282177668
2.7447938919067385e-07 -17665643.866523307
2.7477741241455085e-07 -17646580.892117247
2.750754356384278e-07 -17627559.224264205
2.7537345886230475e-07 -17608578.728851996
2.7567148208618169e-07 -17589639.272348382
2.7596950531005864e-07 -17570740.721797932
2.7626752853393559e-07 -17551882.944818925
2.7656555175781253e-07 -17533065.809600238
2.7686357498168948e-07 -17514289.184898306
2.7716159820556643e-07 -17495552.940034036
2.7745962142944337e-07 -17476856.944889799
2.7775764465332032e-07 -17458201.069906417
2.7805566787719727e-07 -17439585.186080147
2.7835369110107421e-07 -17421009.164959747
2.7865171432495121e-07 -17402472.878643475
2.7894973754882816e-07 -17383976.199776191
2.7924776077270511e-07 -17365519.001546435
2.7954578399658211e-07 -17347101.157683507
2.7984380722045905e-07 -17328722.542454604
2.80141830444336e-07 -17310383.030661959
2.8043985366821295e-07 -17292082.497639991
2.8073787689208989e-07 -17273820.819252491
2.8103590011596684e-07 -17255597.871889807
2.8133392333984379e-07 -17237413.53246605
2.8163194656372073e-07 -17219267.678416338
2.8192996978759768e-07 -17201160.187694024
2.8222799301147463e-07 -17183090.938767985
2.8252601623535158e-07 -17165059.810619872
2.8282403945922852e-07 -17147066.682741437
2.8312206268310547e-07 -17129111.435131818
2.8342008590698247e-07 -17111193.948294908
2.8371810913085942e-07 -17093314.103236672
2.8401613235473636e-07 -17075471.781462528
2.8431415557861336e-07 -17057666.864974726
2.8461217880249031e-07 -17039899.236269753
2.8491020202636726e-07 -17022168.778335735
2.852082252502442e-07 -17004475.374649882
2.8550624847412115e-07 -16986818.909175925
2.858042716979981e-07 -16969199.266361587
2.8610229492187504e-07 -16951616.331136055
2.8640031814575199e-07 -16934069.988907471
2.8669834136962894e-07 -16916560.12556047
2.8699636459350588e-07 -16899086.627453674
2.8729438781738283e-07 -16881649.381417252
2.8759241104125978e-07 -16864248.274750464
2.8789043426513672e-07 -16846883.195219241
2.8818845748901372e-07 -16829554.03105377
2.8848648071289067e-07 -16812260.67094611
2.8878450393676762e-07 -16795003.004047774
2.8908252716064462e-07 -16777780.919967398
2.8938055038452156e-07 -16760594.308768371
2.8967857360839851e-07 -16743443.060966481
2.8997659683227546e-07 -16726327.067527622
2.902746200561524e-07 -16709246.219865462
2.9057264328002935e-07 -16692200.409839142
2.908706665039063e-07 -16675189.529751018
2.9116868972778324e-07 -16658213.472344365
2.9146671295166019e-07 -16641272.130801147
2.9176473617553714e-07 -16624365.398739759
2.9206275939941408e-07 -16607493.170212805
2.9236078262329103e-07 -16590655.339704892
2.9265880584716798e-07 -16573851.802130418
2.9295682907104498e-07 -16557082.452831399
2.9325485229492192e-07 -16540347.18757529
2.9355287551879887e-07 -16523645.902552824
2.9385089874267587e-07 -16506978.494375858
2.9414892196655282e-07 -16490344.860075265
2.9444694519042976e-07 -16473744.897098789
2.9474496841430671e-07 -16457178.503308944
2.9504299163818366e-07 -16440645.576980917
2.953410148620606e-07 -16424146.0168005
2.9563903808593755e-07 -16407679.721862005
2.959370613098145e-07 -16391246.591666207
2.9623508453369144e-07 -16374846.526118316
2.9653310775756839e-07 -16358479.425525919
2.9683113098144534e-07 -16342145.190596985
2.9712915420532228e-07 -16325843.722437844
2.9742717742919923e-07 -16309574.922551183
2.9802322387695318e-07 -16277134.935576068
2.9861927032470712e-07 -16244824.449545456
2.9921531677246102e-07 -16212642.690549318
2.9981136322021491e-07 -16180588.890831998
3.0040740966796881e-07 -16148662.288731107
3.010034561157227e-07 -16116862.128617246
3.0159950256347659e-07 -16085187.660834363
3.0219554901123049e-07 -16053638.141640855
3.0279159545898438e-07 -16022212.833151355
3.0338764190673827e-07 -15990911.003279202
3.0398368835449217e-07 -15959731.925679574
3.0457973480224606e-07 -15928674.87969335
3.0517578125000001e-07 -15897739.150291538
3.0577182769775395e-07 -15866924.028020425
3.0636787414550785e-07 -15836228.808947358
3.0696392059326174e-07 -15805652.794607094
3.0755996704101563e-07 -15775195.291948855
3.0815601348876953e-07 -15744855.613283975
3.0875205993652342e-07 -15714633.076234106
3.0934810638427731e-07 -15684527.003680101
3.0994415283203121e-07 -15654536.723711386
3.105401992797851e-07 -15624661.56957604
3.1113624572753899e-07 -15594900.879631348
3.1173229217529289e-07 -15565253.997294946
3.1232833862304683e-07 -15535720.270996554
3.1292438507080078e-07 -15506299.054130251
3.1352043151855467e-07 -15476989.705007264
3.1411647796630857e-07 -15447791.586809304
3.1471252441406246e-07 -15418704.067542497
3.1530857086181636e-07 -15389726.51999172
3.1590461730957025e-07 -15360858.32167556
3.1650066375732414e-07 -15332098.854801737
3.1709671020507809e-07 -15303447.506223019
3.1769275665283204e-07 -15274903.667393651
3.1828880310058593e-07 -15246466.734326284
3.1888484954833982e-07 -15218136.107549351
3.1948089599609372e-07 -15189911.192064958
3.2007694244384761e-07 -15161791.397307232
3.206729888916015e-07 -15133776.137101104
3.212690353393554e-07 -15105864.82962162
3.2186508178710934e-07 -15078056.897353629
3.2246112823486329e-07 -15050351.767051965
3.2305717468261718e-07 -15022748.869702058
3.2365322113037108e-07 -14995247.640480971
3.2424926757812497e-07 -14967847.51871887
3.2484531402587886e-07 -14940547.947860938
3.2544136047363276e-07 -14913348.375429684
3.2603740692138665e-07 -14886248.252987659
3.266334533691406e-07 -14859247.036100619
3.2722949981689454e-07 -14832344.184301049
3.2782554626464844e-07 -14805539.16105211
3.2842159271240233e-07 -14778831.433711968
3.2901763916015622e-07 -14752220.47349851
3.2961368560791012e-07 -14725705.75545444
3.3020973205566401e-07 -14699286.758412788
3.3080577850341791e-07 -14672962.964962723
3.3140182495117185e-07 -14646733.861415792
3.319978713989258e-07 -14620598.937772535
3.3259391784667969e-07 -14594557.687689375
3.3318996429443359e-07 -14568609.60844595
3.3378601074218748e-07 -14542754.20091277
3.3438205718994137e-07 -14516990.969519189
3.3497810363769527e-07 -14491319.422221754
3.3557415008544916e-07 -14465739.070472885
3.3617019653320311e-07 -14440249.429189878
3.3676624298095705e-07 -14414850.016724236
3.3736228942871095e-07 -14389540.354831355
3.3795833587646484e-07 -14364319.968640465
3.3855438232421873e-07 -14339188.386624986
3.3915042877197263e-07 -14314145.140573092
3.3974647521972652e-07 -14289189.765558653
3.4034252166748041e-07 -14264321.799912477
3.4093856811523436e-07 -14239540.785193818
3.4153461456298831e-07 -14214846.266162217
3.421306610107422e-07 -14190237.790749624
3.4272670745849609e-07 -14165714.910032811
3.4332275390624999e-07 -14141277.178206073
3.4391880035400388e-07 -14116924.152554205
3.4451484680175777e-07 -14092655.393425785
3.4511089324951167e-07 -14068470.464206697
3.4570693969726561e-07 -14044368.93129397
3.4630298614501956e-07 -14020350.364069827
3.4689903259277345e-07 -13996414.334876098
3.4749507904052735e-07 -13972560.418988774
3.4809112548828124e-07 -13948788.194592921
3.4868717193603514e-07 -13925097.242757829
3.4928321838378903e-07 -13901487.147412356
3.4987926483154292e-07 -13877957.495320613
3.5047531127929687e-07 -13854507.876057828
3.5107135772705082e-07 -13831137.881986514
3.5166740417480471e-07 -13807847.108232809
3.522634506225586e-07 -13784635.152663125
3.528594970703125e-07 -13761501.615860986
3.5345554351806639e-07 -13738446.101104131
3.5405158996582028e-07 -13715468.214341819
3.5464763641357418e-07 -13692567.564172406
3.5524368286132812e-07 -13669743.761821089
3.5583972930908207e-07 -13646996.421117935
3.5643577575683596e-07 -13624325.158476071
3.5703182220458986e-07 -13601729.592870155
3.5762786865234375e-07 -13579209.345815005
3.5822391510009764e-07 -13556764.041344479
3.5881996154785154e-07 -13534393.305990541
3.5941600799560543e-07 -13512096.768762574
3.6001205444335938e-07 -13489874.061126824
3.6060810089111332e-07 -13467724.816986151
3.6120414733886722e-07 -13445648.672659881
3.6180019378662111e-07 -13423645.266863927
3.62396240234375e-07 -13401714.240691066
3.629922866821289e-07 -13379855.237591425
3.6358833312988279e-07 -13358067.903353177
3.6418437957763668e-07 -13336351.886083376
3.6478042602539063e-07 -13314706.83618905
3.6537647247314458e-07 -13293132.4063584
3.6597251892089847e-07 -13271628.251542268
3.6656856536865236e-07 -13250194.028935689
3.6716461181640626e-07 -13228829.397959735
3.6776065826416015e-07 -13207534.020243421
3.6835670471191405e-07 -13186307.55960588
3.6895275115966794e-07 -13165149.682038646
3.6954879760742189e-07 -13144060.055688163
3.7014484405517583e-07 -13123038.350838399
3.7074089050292973e-07 -13102084.239893695
3.7133693695068362e-07 -13081197.397361737
3.7193298339843751e-07 -13060377.499836683
3.7252902984619141e-07 -13039624.22598251
3.731250762939453e-07 -13018937.25651644
3.7372112274169919e-07 -12998316.274192609
3.7431716918945314e-07 -12977760.963785807
3.7491321563720709e-07 -12957271.012075445
3.7550926208496098e-07 -12936846.107829638
3.7610530853271487e-07 -12916485.941789441
3.7670135498046877e-07 -12896190.206653241
3.7729740142822266e-07 -12875958.59706131
3.7789344787597655e-07 -12855790.809580468
3.7848949432373045e-07 -12835686.542688936
3.7908554077148439e-07 -12815645.496761288
3.7968158721923834e-07 -12795667.374053579
3.8027763366699223e-07 -12775751.878688604
3.8087368011474613e-07 -12755898.716641277
3.8146972656250002e-07 -12736107.595724177
3.8206577301025391e-07 -12716378.225573193
3.8266181945800781e-07 -12696710.317633342
3.832578659057617e-07 -12677103.58514471
3.8385391235351565e-07 -12657557.743128467
3.8444995880126959e-07 -12638072.508373126
3.8504600524902349e-07 -12618647.599420823
3.8564205169677738e-07 -12599282.736553762
3.8623809814453128e-07 -12579977.641780803
3.8683414459228517e-07 -12560732.038824169
3.8743019104003906e-07 -12541545.65310625
3.8802623748779296e-07 -12522418.211736539
3.886222839355469e-07 -12503349.443498703
3.8921833038330085e-07 -12484339.07883778
3.8981437683105474e-07 -12465386.849847458
3.9041042327880864e-07 -12446492.490257485
3.9100646972656253e-07 -12427655.735421209
3.9160251617431642e-07 -12408876.322303232
3.9219856262207032e-07 -12390153.989467144
3.9279460906982421e-07 -12371488.477063408
3.9339065551757816e-07 -12352879.526817331
3.939867019653321e-07 -12334326.882017156
3.94582748413086e-07 -12315830.28750225
3.9517879486083989e-07 -12297389.489651412
3.9577484130859378e-07 -12279004.236371282
3.9637088775634768e-07 -12260674.277084848
3.9696693420410157e-07 -12242399.362720069
3.9756298065185546e-07 -12224179.245698582
3.9815902709960941e-07 -12206013.679924536
3.9875507354736336e-07 -12187902.420773502
3.9935111999511725e-07 -12169845.2250815
3.9994716644287114e-07 -12151841.851134105
4.0054321289062504e-07 -12133892.058655676
4.0113925933837893e-07 -12115995.608798649
4.0173530578613283e-07 -12098152.264132958
4.0233135223388672e-07 -12080361.788635533
4.0292739868164067e-07 -12062623.947679888
4.0352344512939461e-07 -12044938.508025806
4.0411949157714851e-07 -12027305.237809123
4.047155380249024e-07 -12009723.906531591
4.0531158447265629e-07 -11992194.285050826
4.0590763092041019e-07 -11974716.145570368
4.0650367736816408e-07 -11957289.261629805
4.0709972381591797e-07 -11939913.408094998
4.0769577026367192e-07 -11922588.361148367
4.0829181671142587e-07 -11905313.898279319
4.0888786315917976e-07 -11888089.798274683
4.0948390960693365e-07 -11870915.841209287
4.1007995605468755e-07 -11853791.808436587
4.1067600250244144e-07 -11836717.482579414
4.1127204895019533e-07 -11819692.647520736
4.1186809539794923e-07 -11802717.088394564
4.1246414184570317e-07 -11785790.591576921
4.1306018829345712e-07 -11768912.944676856
4.1365623474121101e-07 -11752083.936527586
4.1425228118896491e-07 -11735303.357177658
4.148483276367188e-07 -11718570.997882256
4.1544437408447269e-07 -11701886.651094513
4.1604042053222659e-07 -11685250.110456947
4.1663646697998048e-07 -11668661.170792947
4.1723251342773438e-07 -11652119.628098341
4.1782855987548827e-07 -11635625.279533032
4.1842460632324216e-07 -11619177.923412707
4.1902065277099606e-07 -11602777.359200617
4.1961669921875e-07 -11586423.387499422
4.2021274566650395e-07 -11570115.810043123
4.2080879211425784e-07 -11553854.429689035
4.2140483856201174e-07 -11537639.050409846
4.2200088500976563e-07 -11521469.477285754
4.2259693145751952e-07 -11505345.516496632
4.2319297790527342e-07 -11489266.97531431
4.2378902435302731e-07 -11473233.662094878
4.243850708007812e-07 -11457245.386271069
4.249811172485351e-07 -11441301.95834473
4.2557716369628899e-07 -11425403.189879317
4.2617321014404288e-07 -11409548.893492475
4.2676925659179683e-07 -11393738.88284868
4.2736530303955078e-07 -11377972.972651931
4.2796134948730467e-07 -11362250.978638532
4.2855739593505856e-07 -11346572.717569884
4.2915344238281246e-07 -11330938.007225377
4.2974948883056635e-07 -11315346.666395348
4.3034553527832024e-07 -11299798.514874058
4.3094158172607414e-07 -11284293.373452755
4.3153762817382808e-07 -11268831.063912785
4.3213367462158203e-07 -11253411.409018788
4.3272972106933592e-07 -11238034.232511895
4.3332576751708982e-07 -11222699.359103022
4.3392181396484371e-07 -11207406.61446622
4.3451786041259761e-07 -11192155.825232051
4.351139068603515e-07 -11176946.818981057
4.3570995330810539e-07 -11161779.424237244
4.3630599975585934e-07 -11146653.470461648
4.3690204620361329e-07 -11131568.788045941
4.3749809265136718e-07 -11116525.208306089
4.3809413909912107e-07 -11101522.563476076
4.3869018554687497e-07 -11086560.686701644
4.3928623199462886e-07 -11071639.412034124
4.3988227844238275e-07 -11056758.574424306
4.4047832489013665e-07 -11041918.009716341
4.4107437133789059e-07 -11027117.554641701
4.4167041778564454e-07 -11012357.046813214
4.4226646423339843e-07 -10997636.324719097
4.4286251068115233e-07 -10982955.227717092
4.4345855712890622e-07 -10968313.596028598
4.4405460357666011e-07 -10953711.270732882
4.4465065002441401e-07 -10939148.093761355
4.452466964721679e-07 -10924623.907891823
4.4584274291992185e-07 -10910138.556742856
4.4643878936767579e-07 -10895691.884768186
4.4703483581542969e-07 -10881283.737251114
4.4763088226318358e-07 -10866913.960298996
4.4822692871093747e-07 -10852582.400837773
4.4882297515869137e-07 -10838288.906606523
4.4941902160644526e-07 -10824033.326152079
4.5001506805419916e-07 -10809815.50882367
4.506111145019531e-07 -10795635.304767618
4.5120716094970705e-07 -10781492.564922083
4.5180320739746094e-07 -10767387.141011829
4.5239925384521484e-07 -10753318.885543028
4.5299530029296873e-07 -10739287.651798157
4.5359134674072262e-07 -10725293.29383087
4.5418739318847652e-07 -10711335.666460931
4.5478343963623041e-07 -10697414.625269221
4.5537948608398436e-07 -10683530.026592733
4.559755325317383e-07 -10669681.727519646
4.565715789794922e-07 -10655869.585884411
4.5716762542724609e-07 -10642093.460262889
4.5776367187499998e-07 -10628353.209967528
4.5835971832275388e-07 -10614648.695042569
4.5895576477050777e-07 -10600979.776259294
4.5955181121826166e-07 -10587346.315111315
4.6014785766601561e-07 -10573748.173809899
4.6074390411376956e-07 -10560185.215279309
4.6133995056152345e-07 -10546657.303152217
4.6193599700927734e-07 -10533164.301765133
4.6253204345703124e-07 -10519706.07615385
4.6312808990478513e-07 -10506282.492048962
4.6372413635253902e-07 -10492893.415871399
4.6432018280029292e-07 -10479538.714727985
4.6491622924804686e-07 -10466218.256407052
4.6551227569580081e-07 -10452931.909374064
4.661083221435547e-07 -10439679.542767318
4.667043685913086e-07 -10426461.026393598
4.6730041503906249e-07 -10413276.230723947
4.6789646148681639e-07 -10400125.026889445
4.6849250793457028e-07 -10387007.286676977
4.6908855438232417e-07 -10373922.882525081
4.6968460083007812e-07 -10360871.68751982
4.7028064727783207e-07 -10347853.575390685
4.7087669372558596e-07 -10334868.420506492
4.7147274017333985e-07 -10321916.097871372
4.7206878662109375e-07 -10308996.483120747
4.7266483306884764e-07 -10296109.452517346
4.7326087951660153e-07 -10283254.882947259
4.7385692596435543e-07 -10270432.651916027
4.7445297241210937e-07 -10257642.637544733
4.7504901885986332e-07 -10244884.718566149
4.7564506530761721e-07 -10232158.774320908
4.7624111175537111e-07 -10219464.684753684
4.76837158203125e-07 -10206802.330409437
4.7743320465087889e-07 -10194171.592429658
4.7802925109863279e-07 -10181572.35254864
4.7862529754638668e-07 -10169004.493089803
4.7922134399414057e-07 -10156467.896962019
4.7981739044189447e-07 -10143962.447655972
4.8041343688964836e-07 -10131488.029240575
4.8100948333740236e-07 -10119044.526359349
4.8160552978515625e-07 -10106631.824226903
4.8220157623291015e-07 -10094249.808625368
4.8279762268066415e-07 -10081898.365900937
4.8339366912841804e-07 -10069577.382960351
4.8398971557617193e-07 -10057286.747267459
4.8458576202392583e-07 -10045026.3468398
4.8518180847167972e-07 -10032796.07024519
4.8577785491943361e-07 -10020595.806598358
4.8637390136718751e-07 -10008425.445557579
4.869699478149414e-07 -9996284.8773213662
4.875659942626953e-07 -9984173.9926251546
4.8816204071044919e-07 -9972092.6827380285
4.8875808715820308e-07 -9960040.839459464
4.8935413360595698e-07 -9948018.3551161047
4.8995018005371087e-07 -9936025.1225585584
4.9054622650146487e-07 -9924061.0351581927
4.9114227294921876e-07 -9912125.9868040048
4.9173831939697266e-07 -9900219.8718994595
4.9233436584472666e-07 -9888342.585359389
4.9293041229248055e-07 -9876494.0226069
4.9352645874023444e-07 -9864674.0795702972
4.9412250518798834e-07 -9852882.6526800375
4.9471855163574223e-07 -9841119.6388657168
4.9531459808349612e-07 -9829384.9355530553
4.9591064453125002e-07 -9817678.4406609107
4.9650669097900391e-07 -9806000.0525983404
4.971027374267578e-07 -9794349.6702616345
4.976987838745117e-07 -9782727.1930314191
4.9829483032226559e-07 -9771132.52076976
4.9889087677001948e-07 -9759565.553817261
4.9948692321777338e-07 -9748026.1929902453
5.0008296966552738e-07 -9736514.3395778891
5.0067901611328127e-07 -9725029.8953394331
5.0127506256103516e-07 -9713572.7625013608
5.0187110900878916e-07 -9702142.8437546454
5.0246715545654306e-07 -9690740.0422519911
5.0306320190429695e-07 -9679364.2616050858
5.0365924835205084e-07 -9668015.4058819003
5.0425529479980474e-07 -9656693.3796039782
5.0485134124755863e-07 -9645398.0877437722
5.0544738769531253e-07 -9634129.4357219711
5.0604343414306642e-07 -9622887.32940487
5.0663948059082031e-07 -9611671.6751017496
5.0723552703857421e-07 -9600482.3795622662
5.078315734863281e-07 -9589319.3499738686
5.0842761993408199e-07 -9578182.4939592406
5.0902366638183589e-07 -9567071.7195737418
5.0961971282958989e-07 -9555986.9353028834
5.1021575927734378e-07 -9544928.0500598215
5.1081180572509767e-07 -9533894.9731828403
5.1140785217285167e-07 -9522887.6144328993
5.1200389862060557e-07 -9511905.8839911632
5.1259994506835946e-07 -9500949.6924565583
5.1319599151611335e-07 -9490018.9508433435
5.1379203796386725e-07 -9479113.5705787092
5.1438808441162114e-07 -9468233.4635003749
5.1498413085937503e-07 -9457378.5418542158
5.1558017730712893e-07 -9446548.7182919253
5.1617622375488282e-07 -9435743.905868629
5.1677227020263671e-07 -9424964.0180405993
5.1736831665039061e-07 -9414208.9686629195
5.179643630981445e-07 -9403478.6719872002
5.185604095458984e-07 -9392773.0426592939
5.1915645599365239e-07 -9382091.9957170393
5.1975250244140629e-07 -9371435.4465880133
5.2034854888916018e-07 -9360803.3110872861
5.2094459533691418e-07 -9350195.5054152198
5.2154064178466807e-07 -9339611.9461552575
5.2213668823242197e-07 -9329052.5502717439
5.2273273468017586e-07 -9318517.2351077441
5.2332878112792976e-07 -9308005.9183828998
5.2392482757568365e-07 -9297518.5181912724
5.2452087402343754e-07 -9287054.952999223
5.2511692047119144e-07 -9276615.1416433081
5.2571296691894533e-07 -9266199.0033281613
5.2630901336669922e-07 -9255806.457624428
5.2690505981445312e-07 -9245437.4244666863
5.2750110626220701e-07 -9235091.8241513874
5.280971527099609e-07 -9224769.5773348268
5.286931991577149e-07 -9214470.6050310899
5.292892456054688e-07 -9204194.8286100794
5.2988529205322269e-07 -9193942.1697954666
5.3048133850097669e-07 -9183712.5506627355
5.3107738494873058e-07 -9173505.8936372045
5.3167343139648448e-07 -9163322.1214920562
5.3226947784423837e-07 -9153161.1573463902
5.3286552429199226e-07 -9143022.9246632941
5.3346157073974616e-07 -9132907.3472479265
5.3405761718750005e-07 -9122814.3492455892
5.3465366363525394e-07 -9112743.8551398572
5.3524971008300784e-07 -9102695.7897506692
5.3584575653076173e-07 -9092670.0782324802
5.3644180297851562e-07 -9082666.6460723858
5.3703784942626952e-07 -9072685.4190882817
5.3763389587402341e-07 -9062726.3234270327
5.3822994232177741e-07 -9052789.2855626494
5.3882598876953131e-07 -9042874.2322944812
5.394220352172852e-07 -9032981.0907454118
5.400180816650392e-07 -9023109.7883600779
5.4061412811279309e-07 -9013260.2529030982
5.4121017456054699e-07 -9003432.4124573153
5.4180622100830088e-07 -8993626.1954220235
5.4240226745605477e-07 -8983841.5305112563
5.4299831390380867e-07 -8974078.3467520513
5.4359436035156256e-07 -8964336.5734827183
5.4419040679931645e-07 -8954616.1403511595
5.4478645324707035e-07 -8944916.9773131572
5.4538249969482424e-07 -8935239.0146306995
5.4597854614257813e-07 -8925582.1828703098
5.4657459259033203e-07 -8915946.4129013773
5.4717063903808592e-07 -8906331.6358945239
5.4776668548583992e-07 -8896737.7833199427
5.4836273193359381e-07 -8887164.7869457956
5.4895877838134771e-07 -8877612.5788365752
5.4955482482910171e-07 -8868081.0913515016
5.501508712768556e-07 -8858570.2571429368
5.5074691772460949e-07 -8849080.009154791
5.5134296417236339e-07 -8839610.2806209419
5.5193901062011728e-07 -8830161.0050636753
5.5253505706787117e-07 -8820732.1162921283
5.5313110351562507e-07 -8811323.5484007448
5.5372714996337896e-07 -8801935.2357677352
5.5432319641113285e-07 -8792567.1130535565
5.5491924285888675e-07 -8783219.1151994001
5.5551528930664064e-07 -8773891.1774256658
5.5611133575439454e-07 -8764583.2352304887
5.5670738220214843e-07 -8755295.2243882455
5.5730342864990243e-07 -8746027.080948066
5.5789947509765632e-07 -8736778.7412323877
5.5849552154541022e-07 -8727550.141835466
5.5909156799316421e-07 -8718341.2196219582
5.5968761444091811e-07 -8709151.9117254652
5.60283660888672e-07 -8699982.1555470992
5.608797073364259e-07 -8690831.8887540735
5.6147575378417979e-07 -8681701.0492782816
5.6207180023193368e-07 -8672589.575314898
5.6266784667968758e-07 -8663497.4053209759
5.6326389312744147e-07 -8654424.4780140761
5.6385993957519536e-07 -8645370.7323708776
5.6445598602294926e-07 -8636336.1076258179
5.6505203247070315e-07 -8627320.5432697199
5.6564807891845704e-07 -8618323.9790484607
5.6624412536621094e-07 -8609346.3549616095
5.6684017181396494e-07 -8600387.6112611089
5.6743621826171883e-07 -8591447.6884499509
5.6803226470947272e-07 -8582526.5272808354
5.6862831115722672e-07 -8573624.0687548947
5.6922435760498062e-07 -8564740.2541203666
5.6982040405273451e-07 -8555875.0248713158
5.704164505004884e-07 -8547028.3227463476
5.710124969482423e-07 -8538200.0897273272
5.7160854339599619e-07 -8529390.2680381145
5.7220458984375008e-07 -8520598.8001433033
5.7280063629150398e-07 -8511825.6287469715
5.7339668273925787e-07 -8503070.6967914291
5.7399272918701177e-07 -8494333.9474559911
5.7458877563476566e-07 -8485615.3241557367
5.7518482208251955e-07 -8476914.7705403008
5.7578086853027345e-07 -8468232.2304926459
5.7637691497802745e-07 -8459567.6481278706
5.7697296142578134e-07 -8450920.9677919988
5.7756900787353523e-07 -8442292.1340607889
5.7816505432128923e-07 -8433681.0917385593
5.7876110076904313e-07 -8425087.7858570013
5.7935714721679702e-07 -8416512.1616740171
5.7995319366455091e-07 -8407954.1646725442
5.8054924011230481e-07 -8399413.7405594233
5.811452865600587e-07 -8390890.8352642208
5.8174133300781259e-07 -8382385.3949381169
5.8233737945556649e-07 -8373897.3659527497
5.8293342590332038e-07 -8365426.694899098
5.8352947235107427e-07 -8356973.3285863614
5.8412551879882817e-07 -8348537.214040841
5.8472156524658206e-07 -8340118.2985048443
5.8531761169433595e-07 -8331716.5294355648
5.8591365814208995e-07 -8323331.8545040125
5.8650970458984385e-07 -8314964.2215939173
5.8710575103759774e-07 -8306613.578800641
5.8770179748535174e-07 -8298279.8744301172
5.8829784393310563e-07 -8289963.0569977798
5.8889389038085953e-07 -8281663.075227499
5.8948993682861342e-07 -8273379.878050535
5.9008598327636731e-07 -8265113.4146044794
5.9068202972412121e-07 -8256863.6342322286
5.912780761718751e-07 -8248630.4864809373
5.91874122619629e-07 -8240413.9211009983
5.9247016906738289e-07 -8232213.8880450111
5.9366226196289068e-07 -8215863.2197202612
5.9485435485839846e-07 -8199578.0851332787
5.9604644775390636e-07 -8183358.0910816323
5.9723854064941425e-07 -8167202.8475022418
5.9843063354492204e-07 -8151111.9674400929
5.9962272644042982e-07 -8135085.0670173494
6.0081481933593761e-07 -8119121.7654028209
6.020069122314454e-07 -8103221.6847818047
6.0319900512695318e-07 -8087384.4503262788
6.0439109802246097e-07 -8071609.6901654433
6.0558319091796876e-07 -8055897.0353566082
6.0677528381347655e-07 -8040246.1198564461
6.0796737670898433e-07 -8024656.5804925505
6.0915946960449212e-07 -8009128.056935356
6.1035156250000001e-07 -7993660.1916703656
6.1154365539550791e-07 -7978252.6299707247
6.1273574829101569e-07 -7962905.0198701061
6.1392784118652348e-07 -7947617.0121358894
6.1511993408203127e-07 -7932388.2602426875
6.1631202697753905e-07 -7917218.4203461669
6.1750411987304684e-07 -7902107.1512571499
6.1869621276855463e-07 -7887054.1144160591
6.1988830566406242e-07 -7872058.9738676194
6.210803985595702e-07 -7857121.3962358618
6.2227249145507799e-07 -7842241.0506994324
6.2346458435058578e-07 -7827417.6089671478
6.2465667724609367e-07 -7812650.7452538703
6.2584877014160156e-07 -7797940.1362566352
6.2704086303710935e-07 -7783285.4611310577
6.2823295593261714e-07 -7768686.4014679957
6.2942504882812492e-07 -7754142.6412705053
6.3061714172363271e-07 -7739653.8669310315
6.318092346191405e-07 -7725219.7672088696
6.3300132751464829e-07 -7710840.0332078757
6.3419342041015618e-07 -7696514.3583544316
6.3538551330566407e-07 -7682242.4383756639
6.3657760620117186e-07 -7668023.9712779
6.3776969909667965e-07 -7653858.6573253497
6.3896179199218743e-07 -7639746.1990190707
6.4015388488769522e-07 -7625686.3010761216
6.4134597778320301e-07 -7611678.6704089744
6.4253807067871079e-07 -7597723.016105148
6.4373016357421869e-07 -7583819.0494070696
6.4492225646972658e-07 -7569966.4836921543
6.4611434936523437e-07 -7556165.0344531182
6.4730644226074215e-07 -7542414.4192784904
6.4849853515624994e-07 -7528714.3578333575
6.4969062805175773e-07 -7515064.5718403086
6.5088272094726551e-07 -7501464.7850605967
6.520748138427733e-07 -7487914.7232755003
6.5326690673828119e-07 -7474414.1142678959
6.5445899963378909e-07 -7460962.6878040275
6.5565109252929688e-07 -7447560.1756154774
6.5684318542480466e-07 -7434206.3113813223
6.5803527832031245e-07 -7420900.8307105089
6.5922737121582024e-07 -7407643.4711243929
6.6041946411132802e-07 -7394433.9720394826
6.6161155700683581e-07 -7381272.0747503638
6.628036499023437e-07 -7368157.5224128198
6.639957427978516e-07 -7355090.0600271057
6.6518783569335938e-07 -7342069.4344214434
6.6637992858886717e-07 -7329095.3942356491
6.6757202148437496e-07 -7316167.6899049738
6.6876411437988274e-07 -7303286.0736441007
6.6995620727539053e-07 -7290450.2994312989
6.7114830017089832e-07 -7277660.122992781
6.7234039306640621e-07 -7264915.301787192
6.735324859619141e-07 -7252215.5949902888
6.7472457885742189e-07 -7239560.7634797636
6.7591667175292968e-07 -7226950.5698202392
6.7710876464843747e-07 -7214384.7782484163
6.7830085754394525e-07 -7201863.1546583856
6.7949295043945304e-07 -7189385.4665870834
6.8068504333496083e-07 -7176951.4831999112
6.8187713623046872e-07 -7164560.9752764981
6.8306922912597661e-07 -7152213.7151966151
6.842613220214844e-07 -7139909.4769262346
6.8545341491699219e-07 -7127648.036003747
6.8664550781249997e-07 -7115429.1695262948
6.8783760070800776e-07 -7103252.6561362781
6.8902969360351555e-07 -7091118.2760079848
6.9022178649902334e-07 -7079025.8108343594
6.9141387939453123e-07 -7066975.0438139085
6.9260597229003912e-07 -7054965.7596377563
6.9379806518554691e-07 -7042997.7444768082
6.949901580810547e-07 -7031070.7859690636
6.9618225097656248e-07 -7019184.6732070558
6.9737434387207027e-07 -7007339.1967254262
6.9856643676757806e-07 -6995534.1484886054
6.9975852966308584e-07 -6983769.3218786493
7.0095062255859374e-07 -6972044.5116831744
7.0214271545410163e-07 -6960359.514083432
7.0333480834960942e-07 -6948714.1266424982
7.045269012451172e-07 -6937108.1482935734
7.0571899414062499e-07 -6925541.3793284204
7.0691108703613278e-07 -6914013.6213859115
7.0810317993164057e-07 -6902524.677440674
7.0929527282714835e-07 -6891074.3517918829
7.1048736572265625e-07 -6879662.4500521421
7.1167945861816414e-07 -6868288.7791364798
7.1287155151367193e-07 -6856953.1472514663
7.1406364440917971e-07 -6845655.3638844248
7.152557373046875e-07 -6834395.2397927679
7.1644783020019529e-07 -6823172.5869934233
7.1763992309570307e-07 -6811987.2187523711
7.1883201599121086e-07 -6800838.9495743038
7.2002410888671875e-07 -6789727.5951923486
7.2121620178222665e-07 -6778652.9725579256
7.2240829467773443e-07 -6767614.8998307092
7.2360038757324222e-07 -6756613.1963686487
7.2479248046875001e-07 -6745647.6827181363
7.259845733642578e-07 -6734718.1806042334
7.2717666625976558e-07 -6723824.5129210269
7.2836875915527337e-07 -6712966.5037220456
7.2956085205078126e-07 -6702143.9782107985
7.3075294494628916e-07 -6691356.7627313919
7.3194503784179694e-07 -6680604.6847592397
7.3313713073730473e-07 -6669887.5728918696
7.3432922363281252e-07 -6659205.2568398099
7.355213165283203e-07 -6648557.5674175695
7.3671340942382809e-07 -6637944.3365347162
7.3790550231933588e-07 -6627365.397187016
7.3909759521484377e-07 -6616820.583447692
7.4028968811035166e-07 -6606309.7304587262
7.4148178100585945e-07 -6595832.674422293
7.4267387390136724e-07 -6585389.2525922302
7.4386596679687503e-07 -6574979.3032656219
7.4505805969238281e-07 -6564602.6657744516
7.462501525878906e-07 -6554259.1804773342
7.4744224548339839e-07 -6543948.6887513371
7.4863433837890628e-07 -6533671.0329838526
7.4982643127441417e-07 -6523426.056564589
7.5101852416992196e-07 -6513213.6038776031
7.5221061706542975e-07 -6503033.5202934202
7.5340270996093753e-07 -6492885.6521612396
7.5459480285644532e-07 -6482769.8468011916
7.5578689575195311e-07 -6472685.9524966907
7.569789886474609e-07 -6462633.8184868405
7.5817108154296879e-07 -6452613.2949589323
7.5936317443847668e-07 -6442624.233040995
7.6055526733398447e-07 -6432666.4847944239
7.6174736022949226e-07 -6422739.903206679
7.6293945312500004e-07 -6412844.3421840472
7.6413154602050783e-07 -6402979.6565444721
7.6532363891601562e-07 -6393145.7020104667
7.665157318115234e-07 -6383342.3352020653
7.677078247070313e-07 -6373569.4136298625
7.6889991760253919e-07 -6363826.7956881095
7.7009201049804698e-07 -6354114.3406478744
7.7128410339355476e-07 -6344431.9086502595
7.7247619628906255e-07 -6334779.3606997011
7.7366828918457034e-07 -6325156.5586573025
7.7486038208007812e-07 -6315563.3652342604
7.7605247497558591e-07 -6305999.6439853199
7.7724456787109381e-07 -6296465.2593023218
7.784366607666017e-07 -6286960.0764077781
7.7962875366210949e-07 -6277483.9613485346
7.8082084655761727e-07 -6268036.7809894625
7.8201293945312506e-07 -6258618.4030072447
7.8320503234863285e-07 -6249228.6958841728
7.8439712524414063e-07 -6239867.5289020492
7.8558921813964842e-07 -6230534.7721360996
7.8678131103515631e-07 -6221230.2964489777
7.8797340393066421e-07 -6211953.9734848067
7.8916549682617199e-07 -6202705.675663271
7.9035758972167978e-07 -6193485.2761737714
7.9154968261718757e-07 -6184292.6489696223
7.9274177551269535e-07 -6175127.6687623244
7.9393386840820314e-07 -6165990.2110158522
7.9512596130371093e-07 -6156880.1519410266
7.9631805419921882e-07 -6147797.3684899211
7.9751014709472671e-07 -6138741.7383503225
7.987022399902345e-07 -6129713.1399402404
7.9989433288574229e-07 -6120711.4524024585
8.0108642578125008e-07 -6111736.5555991624
8.0227851867675786e-07 -6102788.3301065657
8.0347061157226565e-07 -6093866.6572096385
8.0466270446777344e-07 -6084971.4188968455
8.0585479736328133e-07 -6076102.4978549397
8.0704689025878922e-07 -6067259.777463818
8.0823898315429701e-07 -6058443.1417913949
8.094310760498048e-07 -6049652.4755885443
8.1062316894531258e-07 -6040887.6642840793
8.1181526184082037e-07 -6032148.5939797675
8.1300735473632816e-07 -6023435.1514454046
8.1419944763183595e-07 -6014747.2241139188
8.1539154052734384e-07 -6006084.7000765232
8.1658363342285173e-07 -5997447.4680779167
8.1777572631835952e-07 -5988835.4175115163
8.1896781921386731e-07 -5980248.4384147357
8.2015991210937509e-07 -5971686.4214643044
8.2135200500488288e-07 -5963149.2579716351
8.2254409790039067e-07 -5954636.8398782127
8.2373619079589845e-07 -5946149.0597510468
8.2492828369140635e-07 -5937685.8107781429
8.2612037658691424e-07 -5929246.9867640277
8.2731246948242203e-07 -5920832.4821253112
8.2850456237792981e-07 -5912442.1918862658
8.296966552734376e-07 -5904076.0116744824
8.3088874816894539e-07 -5895733.8377165291
8.3208084106445318e-07 -5887415.5668336637
8.3327293395996096e-07 -5879121.0964375818
8.3446502685546875e-07 -5870850.3245261982
8.3565711975097654e-07 -5862603.1496794615
8.3684921264648432e-07 -5854379.4710552171
8.3804130554199211e-07 -5846179.1883850908
8.392333984375e-07 -5838002.2019704115
8.404254913330079e-07 -5829848.4126781775
8.4161758422851568e-07 -5821717.721937052
8.4280967712402347e-07 -5813610.0317333769
8.4400177001953126e-07 -5805525.2446072483
8.4519386291503905e-07 -5797463.2636486068
8.4638595581054683e-07 -5789423.992493364
8.4757804870605462e-07 -5781407.3353195656
8.4877014160156241e-07 -5773413.1968435794
8.4996223449707019e-07 -5765441.4823163273
8.5115432739257798e-07 -5757492.0975195384
8.5234642028808577e-07 -5749564.9487620359
8.5353851318359366e-07 -5741659.9428760568
8.5473060607910155e-07 -5733776.9872136023
8.5592269897460934e-07 -5725915.9896428203
8.5711479187011713e-07 -5718076.8585444149
8.5830688476562492e-07 -5710259.5028080791
8.594989776611327e-07 -5702463.8318289835
8.6069107055664049e-07 -5694689.7555042552
8.6188316345214828e-07 -5686937.184229522
8.6307525634765617e-07 -5679206.0288954573
8.6426734924316406e-07 -5671496.2008843767
8.6545944213867185e-07 -5663807.6120668491
8.6665153503417964e-07 -5656140.1747983322
8.6784362792968742e-07 -5648493.8019158477
8.6903572082519521e-07 -5640868.4067346817
8.70227813720703e-07 -5633263.903045102
8.7141990661621079e-07 -5625680.2051091138
8.7261199951171868e-07 -5618117.2276572343
8.7380409240722657e-07 -5610574.8858852992
8.7499618530273436e-07 -5603053.0954512935
8.7618827819824215e-07 -5595551.7724722046
8.7738037109374993e-07 -5588070.833520906
8.7857246398925772e-07 -5580610.1956230663
8.7976455688476551e-07 -5573169.7762540746
8.8095664978027329e-07 -5565749.4933360098
8.8214874267578119e-07 -5558349.2652346082
8.8334083557128908e-07 -5550969.0107562831
8.8453292846679687e-07 -5543608.6491451431
8.8572502136230465e-07 -5536268.1000800598
8.8691711425781244e-07 -5528947.2836717302
8.8810920715332023e-07 -5521646.1204597931
8.8930130004882801e-07 -5514364.5314099453
8.904933929443358e-07 -5507102.4379110988
8.9168548583984369e-07 -5499859.7617725339
8.9287757873535159e-07 -5492636.4252211181
8.9406967163085938e-07 -5485432.3508984996
8.9526176452636716e-07 -5478247.461858361
8.9645385742187495e-07 -5471081.681563667
8.9764595031738274e-07 -5463934.9338839622
8.9883804321289052e-07 -5456807.1430926584
9.0003013610839831e-07 -5449698.2338643707
9.012222290039062e-07 -5442608.1312722638
9.024143218994141e-07 -5435536.7607854158
9.0360641479492188e-07 -5428484.048266205
9.0479850769042967e-07 -5421449.9199677259
9.0599060058593746e-07 -5414434.3025312088
9.0718269348144524e-07 -5407437.1229834836
9.0837478637695303e-07 -5400458.3087344337
9.0956687927246082e-07 -5393497.7875744952
9.1075897216796871e-07 -5386555.4876721706
9.119510650634766e-07 -5379631.3375715455
9.1314315795898439e-07 -5372725.2661898462
9.1433525085449218e-07 -5365837.2028150046
9.1552734374999997e-07 -5358967.0771032432
9.1671943664550775e-07 -5352114.8190766815
9.1791152954101554e-07 -5345280.3591209641
9.1910362243652333e-07 -5338463.627982894
9.2029571533203122e-07 -5331664.5567681026
9.2148780822753911e-07 -5324883.0769387269
9.226799011230469e-07 -5318119.1203111
9.2387199401855469e-07 -5311372.6190534765
9.2506408691406247e-07 -5304643.5056837546
9.2625617980957026e-07 -5297931.713067228
9.2744827270507805e-07 -5291237.1744143665
9.2864036560058584e-07 -5284559.8232785789
9.2983245849609373e-07 -5277899.5935540292
9.3102455139160162e-07 -5271256.4194734562
9.3221664428710941e-07 -5264630.2356060008
9.334087371826172e-07 -5258020.9768550582
9.3460083007812498e-07 -5251428.578456155
9.3579292297363277e-07 -5244852.9759748224
9.3698501586914056e-07 -5238294.1053045066
9.3817710876464834e-07 -5231751.902664477
9.3936920166015624e-07 -5225226.3045977661
9.4056129455566413e-07 -5218717.247969117
9.4175338745117192e-07 -5212224.6699629398
9.429454803466797e-07 -5205748.5080812993
9.4413757324218749e-07 -5199288.7001419049
9.4532966613769528e-07 -5192845.1842761226
9.4652175903320307e-07 -5186417.8989269994
9.4771385192871085e-07 -5180006.782847303
9.4890594482421875e-07 -5173611.7750975732
9.5009803771972664e-07 -5167232.815044201
9.5129013061523443e-07 -5160869.8423574986
9.5248222351074221e-07 -5154522.7970098061
9.5367431640625e-07 -5148191.619273603
9.5486640930175779e-07 -5141876.2497196328
9.5605850219726557e-07 -5135576.6292150421
9.5725059509277336e-07 -5129292.6989215417
9.5844268798828115e-07 -5123024.4002935681
9.5963478088378894e-07 -5116771.6750764661
9.6082687377929672e-07 -5110534.4653046858
9.6201896667480472e-07 -5104312.7132999906
9.6321105957031251e-07 -5098106.3616696866
9.644031524658203e-07 -5091915.3533048406
9.6559524536132829e-07 -5085739.6313785436
9.6678733825683608e-07 -5079579.1393441688
9.6797943115234387e-07 -5073433.8209336428
9.6917152404785166e-07 -5067303.6201557321
9.7036361694335944e-07 -5061188.481294347
9.7155570983886723e-07 -5055088.3489068495
9.7274780273437502e-07 -5049003.1678223787
9.739398956298828e-07 -5042932.8831401914
9.7513198852539059e-07 -5036877.4402280059
9.7632408142089838e-07 -5030836.7847203612
9.7751617431640617e-07 -5024810.8625169983
9.7870826721191395e-07 -5018799.619781239
9.7990036010742174e-07 -5012803.0029383842
9.8109245300292974e-07 -5006820.9586741207
9.8228454589843753e-07 -5000853.4339329461
9.8347663879394531e-07 -4994900.3759165928
9.8466873168945331e-07 -4988961.7320824768
9.858608245849611e-07 -4983037.4501421526
9.8705291748046889e-07 -4977127.4780597687
9.8824501037597667e-07 -4971231.7640505591
9.8943710327148446e-07 -4965350.2565793181
9.9062919616699225e-07 -4959482.9043589067
9.9182128906250003e-07 -4953629.6563487537
9.9301338195800782e-07 -4947790.461753387
9.9420547485351561e-07 -4941965.2700209534
9.953975677490234e-07 -4936154.0308417659
9.9658966064453118e-07 -4930356.6941468557
9.9778175354003897e-07 -4924573.2101065265
9.9897384643554676e-07 -4918803.529128938
1.0001659393310548e-06 -4913047.6018586783
1.0013580322265625e-06 -4907305.3791753687
1.0025501251220703e-06 -4901576.8121922528
1.0037422180175783e-06 -4895861.8522548154
1.0049343109130861e-06 -4890160.4509394076
1.0061264038085939e-06 -4884472.5600518743
1.0073184967041017e-06 -4878798.1316262009
1.0085105895996095e-06 -4873137.1179231601
1.0097026824951173e-06 -4867489.4714289764
1.0108947753906251e-06 -4861855.1448539943
1.0120868682861328e-06 -4856234.091131364
1.0132789611816406e-06 -4850626.263415724
1.0144710540771484e-06 -4845031.6150818998
1.0156631469726562e-06 -4839450.0997236213
1.016855239868164e-06 -4833881.6711522276
1.0180473327636718e-06 -4828326.2833953975
1.0192394256591798e-06 -4822783.8906958885
1.0204315185546876e-06 -4817254.447510276
1.0216236114501953e-06 -4811737.9085077047
1.0228157043457033e-06 -4806234.2285686536
1.0240077972412111e-06 -4800743.3627837058
1.0251998901367189e-06 -4795265.2664523236
1.0263919830322267e-06 -4789799.8950816356
1.0275840759277345e-06 -4784347.2043852368
1.0287761688232423e-06 -4778907.150281989
1.0299682617187501e-06 -4773479.6888948316
1.0311603546142579e-06 -4768064.7765496047
1.0323524475097656e-06 -4762662.3697738759
1.0335445404052734e-06 -4757272.4252957813
1.0347366333007812e-06 -4751894.9000428608
1.035928726196289e-06 -4746529.7511409195
1.0371208190917968e-06 -4741176.9359128866
1.0383129119873048e-06 -4735836.4118776806
1.0395050048828126e-06 -4730508.1367490869
1.0406970977783204e-06 -4725192.0684346426
1.0418891906738284e-06 -4719888.1650345298
1.0430812835693361e-06 -4714596.3848404679
1.0442733764648439e-06 -4709316.6863346314
1.0454654693603517e-06 -4704049.0281885518
1.0466575622558595e-06 -4698793.369262049
1.0478496551513673e-06 -4693549.6686021537
1.0490417480468751e-06 -4688317.8854420502
1.0502338409423829e-06 -4683097.9792000111
1.0514259338378907e-06 -4677889.909478358
1.0526180267333984e-06 -4672693.6360624116
1.0538101196289062e-06 -4667509.1189194601
1.055002212524414e-06 -4662336.3181977309
1.0561943054199218e-06 -4657175.19422537
1.0573863983154298e-06 -4652025.7075094217
1.0585784912109376e-06 -4646887.8187348358
1.0597705841064454e-06 -4641761.4887634497
1.0609626770019534e-06 -4636646.6786330044
1.0621547698974612e-06 -4631543.3495561592
1.063346862792969e-06 -4626451.4629195044
1.0645389556884767e-06 -4621370.9802825907
1.0657310485839845e-06 -4616301.863376963
1.0669231414794923e-06 -4611244.0741051994
1.0681152343750001e-06 -4606197.574539951
1.0693073272705079e-06 -4601162.3269230044
1.0704994201660157e-06 -4596138.2936643306
1.0716915130615235e-06 -4591125.4373411555
1.0728836059570312e-06 -4586123.7206970286
1.074075698852539e-06 -4581133.1066408977
1.0752677917480468e-06 -4576153.5582461935
1.0764598846435548e-06 -4571185.0387499202
1.0776519775390626e-06 -4566227.5115517564
1.0788440704345704e-06 -4561280.9402131429
1.0800361633300784e-06 -4556345.2884563953
1.0812282562255862e-06 -4551420.5201638257
1.082420349121094e-06 -4546506.5993768545
1.0836124420166018e-06 -4541603.4902951289
1.0848045349121095e-06 -4536711.1572756665
1.0859966278076173e-06 -4531829.5648319814
1.0871887207031251e-06 -4526958.6776332362
1.0883808135986329e-06 -4522098.460503377
1.0895729064941407e-06 -4517248.8784202971
1.0907649993896485e-06 -4512409.8965149866
1.0919570922851563e-06 -4507581.480070712
1.0931491851806641e-06 -4502763.594522167
1.0943412780761718e-06 -4497956.2054546596
1.0955333709716798e-06 -4493159.2786032893
1.0967254638671876e-06 -4488372.7798521351
1.0979175567626954e-06 -4483596.6752334461
1.0991096496582034e-06 -4478830.9309268296
1.1003017425537112e-06 -4474075.5132584674
1.101493835449219e-06 -4469330.3887003148
1.1026859283447268e-06 -4464595.5238693096
1.1038780212402346e-06 -4459870.8855265975
1.1050701141357423e-06 -4455156.4405767443
1.1062622070312501e-06 -4450452.1560669718
1.1074542999267579e-06 -4445757.9991863882
1.1086463928222657e-06 -4441073.9372652201
1.1098384857177735e-06 -4436399.9377740612
1.1110305786132813e-06 -4431735.9683231134
1.1122226715087891e-06 -4427081.9966614461
1.1134147644042969e-06 -4422437.9906762457
1.1146068572998049e-06 -4417803.9183920752
1.1157989501953126e-06 -4413179.7479701545
1.1169910430908204e-06 -4408565.4477076149
1.1181831359863284e-06 -4403960.9860367822
1.1193752288818362e-06 -4399366.3315244569
1.120567321777344e-06 -4394781.4528711941
1.1217594146728518e-06 -4390206.3189106015
1.1229515075683596e-06 -4385640.8986086259
1.1241436004638674e-06 -4381085.1610628534
1.1253356933593752e-06 -4376539.0755018136
1.1265277862548829e-06 -4372002.6112842849
1.1277198791503907e-06 -4367475.7378986068
1.1289119720458985e-06 -4362958.4249619963
1.1301040649414063e-06 -4358450.6422198666
1.1312961578369141e-06 -4353952.3595451573
1.1324882507324219e-06 -4349463.5469376538
1.1336803436279299e-06 -4344984.1745233247
1.1348724365234377e-06 -4340514.212553666
1.1360645294189454e-06 -4336053.6314050285
1.1372566223144534e-06 -4331602.4015779775
1.1384487152099612e-06 -4327160.4936966347
1.139640808105469e-06 -4322727.8785080304
1.1408329010009768e-06 -4318304.5268814657
1.1420249938964846e-06 -4313890.4098078758
1.1432170867919924e-06 -4309485.4983991897
1.1444091796875002e-06 -4305089.7638877062
1.145601272583008e-06 -4300703.1776254596
1.1467933654785157e-06 -4296325.7110836096
1.1479854583740235e-06 -4291957.3358518099
1.1491775512695313e-06 -4287598.0236376049
1.1503696441650391e-06 -4283247.7462658072
1.1515617370605469e-06 -4278906.4756779009
1.1527538299560549e-06 -4274574.1839314336
1.1539459228515627e-06 -4270250.8431994189
1.1551380157470705e-06 -4265936.4257697333
1.1563301086425785e-06 -4261630.9040445397
1.1575222015380863e-06 -4257334.2505396809
1.158714294433594e-06 -4253046.43788411
1.1599063873291018e-06 -4248767.4388192948
1.1610984802246096e-06 -4244497.2261986537
1.1622905731201174e-06 -4240235.7729869736
1.1634826660156252e-06 -4235983.0522598429
1.164674758911133e-06 -4231739.03720308
1.1658668518066408e-06 -4227503.7011121744
1.1670589447021485e-06 -4223277.0173917273
1.1682510375976563e-06 -4219058.9595548883
1.1694431304931641e-06 -4214849.5012228098
1.1706352233886719e-06 -4210648.6161240907
1.1718273162841799e-06 -4206456.2780942358
1.1730194091796877e-06 -4202272.4610751094
1.1742115020751955e-06 -4198097.139114392
1.1754035949707035e-06 -4193930.2863650508
1.1765956878662113e-06 -4189771.8770848024
1.1777877807617191e-06 -4185621.8856355832
1.1789798736572268e-06 -4181480.2864830219
1.1801719665527346e-06 -4177347.0541959149
1.1825561523437502e-06 -4169105.5890059872
1.1849403381347658e-06 -4160897.2886598641
1.1873245239257814e-06 -4152721.953369332
1.1897087097167969e-06 -4144579.3849476823
1.1920928955078127e-06 -4136469.386793701
1.1944770812988285e-06 -4128391.7638758486
1.1968612670898441e-06 -4120346.3227166147
1.1992454528808596e-06 -4112332.8713770849
1.2016296386718752e-06 -4104351.2194416616
1.2040138244628908e-06 -4096401.1780029978
1.2063980102539064e-06 -4088482.5596470768
1.2087821960449219e-06 -4080595.1784385014
1.2111663818359375e-06 -4072738.8499059253
1.2135505676269531e-06 -4064913.3910276871
1.2159347534179687e-06 -4057118.6202175813
1.2183189392089842e-06 -4049354.3573108255
1.220703125e-06 -4041620.4235501722
1.2230873107910158e-06 -4033916.6415721965
1.2254714965820314e-06 -4026242.8353937292
1.227855682373047e-06 -4018598.8303984636
1.2302398681640625e-06 -4010984.4533237047
1.2326240539550781e-06 -4003399.5322472858
1.2350082397460937e-06 -3995843.8965746192
1.2373924255371093e-06 -3988317.3770259172
1.2397766113281248e-06 -3980819.8056235402
1.2421607971191404e-06 -3973351.0156795052
1.244544982910156e-06 -3965910.8417831324
1.2469291687011716e-06 -3958499.119788833
1.2493133544921873e-06 -3951115.6868040361
1.2516975402832031e-06 -3943760.3811772619
1.2540817260742187e-06 -3936433.0424863156
1.2564659118652343e-06 -3929133.5115266284
1.2588500976562498e-06 -3921861.6302997265
1.2612342834472654e-06 -3914617.2420018329
1.263618469238281e-06 -3907400.1910125953
1.2660026550292966e-06 -3900210.3228839403
1.2683868408203124e-06 -3893047.484329062
1.2707710266113281e-06 -3885911.5232115211
1.2731552124023437e-06 -3878802.2885344825
1.2755393981933593e-06 -3871719.6304300502
1.2779235839843749e-06 -3864663.4001487535
1.2803077697753904e-06 -3857633.4500491223
1.282691955566406e-06 -3850629.633587393
1.2850761413574216e-06 -3843651.805307324
1.2874603271484374e-06 -3836699.8208301272
1.2898445129394532e-06 -3829773.5368445129
1.2922286987304687e-06 -3822872.8110968377
1.2946128845214843e-06 -3815997.5023813676
1.2969970703124999e-06 -3809147.4705306455
1.2993812561035155e-06 -3802322.5764059634
1.301765441894531e-06 -3795522.6818879521
1.3041496276855466e-06 -3788747.6498672469
1.3065338134765624e-06 -3781997.3442352898
1.3089179992675782e-06 -3775271.6298751989
1.3113021850585938e-06 -3768570.3726527672
1.3136863708496093e-06 -3761893.439407534
1.3160705566406249e-06 -3755240.697943971
1.3184547424316405e-06 -3748612.0170227573
1.320838928222656e-06 -3742007.2663521455
1.3232231140136716e-06 -3735426.3165794313
1.3256072998046874e-06 -3728869.0392825021
1.3279914855957032e-06 -3722335.3069614898
1.3303756713867188e-06 -3715824.993030502
1.3327598571777343e-06 -3709337.9718094487
1.3351440429687499e-06 -3702874.1185159562
1.3375282287597655e-06 -3696433.309257363
1.3399124145507811e-06 -3690015.4210228077
1.3422966003417966e-06 -3683620.3316753926
1.3446807861328124e-06 -3677247.9199444423
1.3470649719238282e-06 -3670898.0654178364
1.3494491577148438e-06 -3664570.6485344176
1.3518333435058594e-06 -3658265.5505764997
1.3542175292968749e-06 -3651982.653662432
1.3566017150878905e-06 -3645721.8407392614
1.3589859008789061e-06 -3639482.995575455
1.3613700866699217e-06 -3633266.0027537141
1.3637542724609374e-06 -3627070.7476638514
1.3661384582519532e-06 -3620897.116495755
1.3685226440429688e-06 -3614744.9962324095
1.3709068298339844e-06 -3608614.2746430105
1.3732910156249999e-06 -3602504.8402761291
1.3756752014160155e-06 -3596416.5824529654
1.3780593872070311e-06 -3590349.3912606635
1.3804435729980467e-06 -3584303.1575456951
1.3828277587890625e-06 -3578277.7729073158
1.3852119445800782e-06 -3572273.1296910844
1.3875961303710938e-06 -3566289.120982456
1.3899803161621094e-06 -3560325.6406004271
1.392364501953125e-06 -3554382.5830912692
1.3947486877441405e-06 -3548459.8437222983
1.3971328735351561e-06 -3542557.3184757349
1.3995170593261717e-06 -3536674.9040426016
1.4019012451171875e-06 -3530812.4978167103
1.4042854309082033e-06 -3524969.9978886852
1.4066696166992188e-06 -3519147.303040063
1.4090538024902344e-06 -3513344.3127374463
1.41143798828125e-06 -3507560.9271267145
1.4138221740722656e-06 -3501797.0470273048
1.4162063598632811e-06 -3496052.5739265317
1.4185905456542967e-06 -3490327.4099739823
1.4209747314453125e-06 -3484621.4579759575
1.4233589172363283e-06 -3478934.6213899716
1.4257431030273439e-06 -3473266.8043193109
1.4281272888183594e-06 -3467617.9115076354
1.430511474609375e-06 -3461987.8483336535
1.4328956604003906e-06 -3456376.5208058264
1.4352798461914061e-06 -3450783.835557146
1.4376640319824217e-06 -3445209.6998399585
1.4400482177734375e-06 -3439654.0215208256
1.4424324035644533e-06 -3434116.7090754621
1.4448165893554689e-06 -3428597.6715836995
1.4472007751464844e-06 -3423096.8187245149
1.4495849609375e-06 -3417614.0607711039
1.4519691467285156e-06 -3412149.3085859991
1.4543533325195312e-06 -3406702.473616241
1.4567375183105467e-06 -3401273.4678885969
1.4591217041015625e-06 -3395862.2040048186
1.4615058898925783e-06 -3390468.5951369628
1.4638900756835939e-06 -3385092.5550227333
1.4662742614746095e-06 -3379733.9979608944
1.468658447265625e-06 -3374392.8388067097
1.4710426330566406e-06 -3369068.9929674375
1.4734268188476562e-06 -3363762.376397857
1.4758110046386718e-06 -3358472.9055958535
1.4781951904296875e-06 -3353200.4975980371
1.4805793762207033e-06 -3347945.0699754008
1.4829635620117189e-06 -3342706.5408290303
1.4853477478027345e-06 -3337484.8287858474
1.4877319335937501e-06 -3332279.8529943889
1.4901161193847656e-06 -3327091.5331206503
1.4925003051757812e-06 -3321919.7893439396
1.4948844909667968e-06 -3316764.5423527863
1.4972686767578126e-06 -3311625.713340892
1.4996528625488283e-06 -3306503.2240031059
1.5020370483398439e-06 -3301396.9965314609
1.5044212341308595e-06 -3296306.9536112165
1.5068054199218751e-06 -3291233.0184169733
1.5091896057128906e-06 -3286175.1146087954
1.5115737915039062e-06 -3281133.1663283915
1.5139579772949218e-06 -3276107.0981953139
1.5163421630859376e-06 -3271096.8353032065
1.5187263488769534e-06 -3266102.3032160853
1.5211105346679689e-06 -3261123.4279646482
1.5234947204589845e-06 -3256160.1360426224
1.5258789062500001e-06 -3251212.3544031535
1.5282630920410157e-06 -3246280.010455214
1.5306472778320312e-06 -3241363.0320600579
1.5330314636230468e-06 -3236461.3475277037
1.5354156494140626e-06 -3231574.8856134508
1.5377998352050784e-06 -3226703.5755144213
1.540184020996094e-06 -3221847.3468661522
1.5425682067871095e-06 -3217006.1297391923
1.5449523925781251e-06 -3212179.8546357593
1.5473365783691407e-06 -3207368.4524864084
1.5497207641601562e-06 -3202571.8546467349
1.5521049499511718e-06 -3197789.9928941126
1.5544891357421876e-06 -3193022.7994244602
1.5568733215332034e-06 -3188270.2068490367
1.559257507324219e-06 -3183532.1481912625
1.5616416931152345e-06 -3178808.5568835759
1.5640258789062501e-06 -3174099.3667643135
1.5664100646972657e-06 -3169404.5120746265
1.5687942504882813e-06 -3164723.9274554108
1.5711784362792968e-06 -3160057.547944284
1.5735626220703126e-06 -3155405.308972571
1.5759468078613284e-06 -3150767.146362335
1.578330993652344e-06 -3146142.9963234146
1.5807151794433596e-06 -3141532.7954505133
1.5830993652343751e-06 -3136936.4807202872
1.5854835510253907e-06 -3132353.9894884857
1.5878677368164063e-06 -3127785.2594870976
1.5902519226074219e-06 -3123230.2288215337
1.5926361083984376e-06 -3118688.8359678295
1.5950202941894534e-06 -3114161.0197698781
1.597404479980469e-06 -3109646.7194366851
1.5997886657714846e-06 -3105145.8745396435
1.6021728515625002e-06 -3100658.4250098439
1.6045570373535157e-06 -3096184.311135394
1.6069412231445313e-06 -3091723.4735587789
1.6093254089355469e-06 -3087275.8532742304
1.6117095947265627e-06 -3082841.3916251264
1.6140937805175784e-06 -3078420.030301414
1.616477966308594e-06 -3074011.7113370514
1.6188621520996096e-06 -3069616.3771074754
1.6212463378906252e-06 -3065233.9703270919
1.6236305236816407e-06 -3060864.4340467849
1.6260147094726563e-06 -3056507.7116514524
1.6283988952636719e-06 -3052163.7468575579
1.6307830810546877e-06 -3047832.4837107095
1.6331672668457035e-06 -3043513.8665832547
1.635551452636719e-06 -3039207.8401719038
1.6379356384277346e-06 -3034914.3494953625
1.6403198242187502e-06 -3030633.3398919962
1.6427040100097658e-06 -3026364.7570175105
1.6450881958007813e-06 -3022108.5468426491
1.6474723815917969e-06 -3017864.6556509142
1.6498565673828127e-06 -3013633.0300363125
1.6522407531738285e-06 -3009413.6169011039
1.6546249389648441e-06 -3005206.363453595
1.6570091247558596e-06 -3001011.2172059212
1.6593933105468752e-06 -2996828.1259718798
1.6617774963378908e-06 -2992657.0378647521
1.6641616821289064e-06 -2988497.9012951693
1.6665458679199219e-06 -2984350.6649689777
1.6689300537109375e-06 -2980215.2778851348
1.6713142395019531e-06 -2976091.6893336163
1.6736984252929686e-06 -2971979.8488933439
1.6760826110839842e-06 -2967879.7064301297
1.678466796875e-06 -2963791.2120946404
1.6808509826660158e-06 -2959714.3163203741
1.6832351684570314e-06 -2955648.9698216603
1.6856193542480469e-06 -2951595.1235916731
1.6880035400390625e-06 -2947552.7289004582
1.6903877258300781e-06 -2943521.7372929878
1.6927719116210937e-06 -2939502.1005872162
1.6951560974121092e-06 -2935493.7708721664
1.6975402832031248e-06 -2931496.7005060231
1.6999244689941404e-06 -2927510.8421142483
1.702308654785156e-06 -2923536.1485877042
1.7046928405761715e-06 -2919572.5730808028
1.7070770263671873e-06 -2915620.0690096621
1.7094612121582031e-06 -2911678.5900502857
1.7118453979492187e-06 -2907748.090136745
1.7142295837402343e-06 -2903828.5234593921
1.7166137695312498e-06 -2899919.844463075
1.7189979553222654e-06 -2896022.007845378
1.721382141113281e-06 -2892134.9685548637
1.7237663269042966e-06 -2888258.6817893479
1.7261505126953123e-06 -2884393.1029941654
1.7285346984863281e-06 -2880538.1878604763
1.7309188842773437e-06 -2876693.8923235624
1.7333030700683593e-06 -2872860.1725611547
1.7356872558593748e-06 -2869036.9849917637
1.7380714416503904e-06 -2865224.286273031
1.740455627441406e-06 -2861422.0333000929
1.7428398132324216e-06 -2857630.1832039487
1.7452239990234374e-06 -2853848.6933498597
1.7476081848144531e-06 -2850077.5213357429
1.7499923706054687e-06 -2846316.6249905913
1.7523765563964843e-06 -2842565.9623728972
1.7547607421874999e-06 -2838825.4917690996
1.7571449279785154e-06 -2835095.17169203
1.759529113769531e-06 -2831374.9608793859
1.7619132995605466e-06 -2827664.8182922043
1.7642974853515624e-06 -2823964.7031133547
1.7666816711425782e-06 -2820274.5747460425
1.7690658569335937e-06 -2816594.3928123242
1.7714500427246093e-06 -2812924.1171516334
1.7738342285156249e-06 -2809263.7078193203
1.7762184143066405e-06 -2805613.1250852025
1.778602600097656e-06 -2801972.3294321308
1.7809867858886716e-06 -2798341.2815545583
1.7833709716796874e-06 -2794719.942357128
1.7857551574707032e-06 -2791108.2729532709
1.7881393432617188e-06 -2787506.2346638134
1.7905235290527343e-06 -2783913.7890155949
1.7929077148437499e-06 -2780330.8977401
1.7952919006347655e-06 -2776757.5227720989
1.797676086425781e-06 -2773193.6262482987
1.8000602722167966e-06 -2769639.1705060075
1.8024444580078124e-06 -2766094.1180818053
1.8048286437988282e-06 -2762558.431710233
1.8072128295898438e-06 -2759032.0743224793
1.8095970153808593e-06 -2755515.0090450919
1.8119812011718749e-06 -2752007.1991986847
1.8143653869628905e-06 -2748508.6082966737
1.8167495727539061e-06 -2745019.2000440005
1.8191337585449216e-06 -2741538.9383358844
1.8215179443359374e-06 -2738067.7872565738
1.8239021301269532e-06 -2734605.7110781139
1.8262863159179688e-06 -2731152.6742591159
1.8286705017089844e-06 -2727708.6414435473
1.8310546874999999e-06 -2724273.5774595179
1.8334388732910155e-06 -2720847.4473180901
1.8358230590820311e-06 -2717430.2162120831
1.8382072448730467e-06 -2714021.8495149007
1.8405914306640624e-06 -2710622.3127793572
1.8429756164550782e-06 -2707231.571736522
1.8453598022460938e-06 -2703849.5922945612
1.8477439880371094e-06 -2700476.3405376021
1.8501281738281249e-06 -2697111.7827245924
1.8525123596191405e-06 -2693755.8852881826
1.8548965454101561e-06 -2690408.6148336041
1.8572807312011717e-06 -2687069.9381375625
1.8596649169921875e-06 -2683739.8221471412
1.8620491027832032e-06 -2680418.2339787069
1.8644332885742188e-06 -2677105.1409168318
1.8668174743652344e-06 -2673800.5104132136
1.86920166015625e-06 -2670504.3100856151
1.8715858459472655e-06 -2667216.507716801
1.8739700317382811e-06 -2663937.0712534958
1.8763542175292967e-06 -2660665.9688053341
1.8787384033203125e-06 -2657403.1686438322
1.8811225891113283e-06 -2654148.6392013598
1.8835067749023438e-06 -2650902.3490701248
1.8858909606933594e-06 -2647664.2670011572
1.888275146484375e-06 -2644434.3619033131
1.8906593322753906e-06 -2641212.6028422751
1.8930435180664061e-06 -2637998.9590395666
1.8954277038574217e-06 -2634793.399871571
1.8978118896484375e-06 -2631595.8948685606
1.9001960754394533e-06 -2628406.4137137267
1.9025802612304689e-06 -2625224.9262422295
1.9049644470214844e-06 -2622051.4024402369
1.9073486328125e-06 -2618885.8124439884
1.9097328186035156e-06 -2615728.1265388564
1.9121170043945311e-06 -2612578.3151584151
1.9145011901855467e-06 -2609436.3488835185
1.9168853759765623e-06 -2606302.1984413848
1.9192695617675779e-06 -2603175.8347046874
1.9216537475585934e-06 -2600057.2286906508
1.9240379333496094e-06 -2596946.3515601577
1.926422119140625e-06 -2593843.1746168588
1.9288063049316406e-06 -2590747.6693062894
1.9311904907226566e-06 -2587659.8072149949
1.9335746765136722e-06 -2584579.5600696611
1.9359588623046877e-06 -2581506.8997362517
1.9383430480957033e-06 -2578441.7982191504
1.9407272338867189e-06 -2575384.2276603114
1.9431114196777345e-06 -2572334.1603384172
1.94549560546875e-06 -2569291.5686680367
1.9478797912597656e-06 -2566256.4251987971
1.9502639770507812e-06 -2563228.7026145579
1.9526481628417968e-06 -2560208.3737325897
1.9550323486328123e-06 -2557195.4115027622
1.9574165344238279e-06 -2554189.7890067371
1.9598007202148435e-06 -2551191.4794571637
1.9621849060058595e-06 -2548200.456196886
1.9645690917968751e-06 -2545216.6926981532
1.9669532775878906e-06 -2542240.1625618306
1.9693374633789066e-06 -2539270.8395166276
1.9717216491699222e-06 -2536308.6974183191
1.9741058349609378e-06 -2533353.7102489821
1.9764900207519533e-06 -2530405.8521162318
1.9788742065429689e-06 -2527465.0972524658
1.9812583923339845e-06 -2524531.4200141146
1.9836425781250001e-06 -2521604.7948808931
1.9860267639160156e-06 -2518685.1964550642
1.9884109497070312e-06 -2515772.5994607024
1.9907951354980468e-06 -2512866.9787429632
1.9931793212890624e-06 -2509968.3092673626
1.9955635070800779e-06 -2507076.5661190529
1.9979476928710935e-06 -2504191.7245021127
2.0003318786621095e-06 -2501313.7597388383
2.0027160644531251e-06 -2498442.6472690389
2.0051002502441407e-06 -2495578.3626493355
2.0074844360351567e-06 -2492720.8815524718
2.0098686218261722e-06 -2489870.1797666233
2.0122528076171878e-06 -2487026.2331947121
2.0146369934082034e-06 -2484189.0178537299
2.017021179199219e-06 -2481358.5098740649
2.0194053649902345e-06 -2478534.6854988281
2.0217895507812501e-06 -2475717.521083192
2.0241737365722657e-06 -2472906.9930937323
2.0265579223632812e-06 -2470103.0781077673
2.0289421081542968e-06 -2467305.7528127115
2.0313262939453124e-06 -2464514.9940054272
2.033710479736328e-06 -2461730.7785915853
2.0360946655273435e-06 -2458953.0835850262
2.0384788513183595e-06 -2456181.8861071272
2.0408630371093751e-06 -2453417.1633861763
2.0432472229003907e-06 -2450658.8927567466
2.0456314086914067e-06 -2447907.0516590769
2.0480155944824223e-06 -2445161.617638458
2.0503997802734378e-06 -2442422.5683446229
2.0527839660644534e-06 -2439689.8815311347
2.055168151855469e-06 -2436963.5350547913
2.0575523376464846e-06 -2434243.5068750228
2.0599365234375001e-06 -2431529.7750533
2.0623207092285157e-06 -2428822.3177525424
2.0647048950195313e-06 -2426121.1132365344
2.0670890808105469e-06 -2423426.1398693426
2.0694732666015624e-06 -2420737.3761147386
2.071857452392578e-06 -2418054.8005356244
2.0742416381835936e-06 -2415378.3917934638
2.0766258239746096e-06 -2412708.1286477167
2.0790100097656252e-06 -2410043.9899552758
2.0813941955566407e-06 -2407385.9546699105
2.0837783813476567e-06 -2404734.0018417095
2.0861625671386723e-06 -2402088.1106165354
2.0885467529296879e-06 -2399448.260235473
2.0909309387207034e-06 -2396814.4300342901
2.093315124511719e-06 -2394186.5994428946
2.0956993103027346e-06 -2391564.7479848037
2.0980834960937502e-06 -2388948.8552766084
2.1004676818847657e-06 -2386338.9010274452
2.1028518676757813e-06 -2383734.8650384755
2.1052360534667969e-06 -2381136.7272023587
2.1076202392578125e-06 -2378544.4675027397
2.110004425048828e-06 -2375958.0660137315
2.1123886108398436e-06 -2373377.5028994079
2.1147727966308596e-06 -2370802.7584132906
2.1171569824218752e-06 -2368233.812897854
2.1195411682128908e-06 -2365670.6467840178
2.1219253540039068e-06 -2363113.2405906525
2.1243095397949223e-06 -2360561.5749240872
2.1266937255859379e-06 -2358015.6304776166
2.1290779113769535e-06 -2355475.3880310166
2.1314620971679691e-06 -2352940.82845006
2.1338462829589846e-06 -2350411.9326860346
2.1362304687500002e-06 -2347888.6817752677
2.1386146545410158e-06 -2345371.0568386512
2.1409988403320314e-06 -2342859.0390811721
2.1433830261230469e-06 -2340352.6097914423
2.1457672119140625e-06 -2337851.7503412352
2.1481513977050781e-06 -2335356.4421850261
2.1505355834960936e-06 -2332866.6668595313
2.1529197692871096e-06 -2330382.4059832534
2.1553039550781252e-06 -2327903.6412560283
2.1576881408691408e-06 -2325430.3544585784
2.1600723266601568e-06 -2322962.5274520623
2.1624565124511724e-06 -2320500.1421776353
2.1648406982421879e-06 -2318043.180656007
2.1672248840332035e-06 -2315591.6249870015
2.1696090698242191e-06 -2313145.4573491276
2.1719932556152347e-06 -2310704.6599991438
2.1743774414062502e-06 -2308269.2152716289
2.1767616271972658e-06 -2305839.1055785567
2.1791458129882814e-06 -2303414.313408874
2.181529998779297e-06 -2300994.8213280775
2.1839141845703125e-06 -2298580.6119777979
2.1862983703613281e-06 -2296171.6680753832
2.1886825561523437e-06 -2293767.9724134877
2.1910667419433597e-06 -2291369.5078596603
2.1934509277343753e-06 -2288976.2573559415
2.1958351135253908e-06 -2286588.2039184542
2.1982192993164068e-06 -2284205.3306370042
2.2006034851074224e-06 -2281827.6206746814
2.202987670898438e-06 -2279455.0572674628
2.2053718566894535e-06 -2277087.6237238194
2.2077560424804691e-06 -2274725.3034243211
2.2101402282714847e-06 -2272368.0798212527
2.2125244140625003e-06 -2270015.9364382252
2.2149085998535158e-06 -2267668.8568697912
2.2172927856445314e-06 -2265326.8247810658
2.219676971435547e-06 -2262989.8239073441
2.2220611572265626e-06 -2260657.8380537294
2.2244453430175781e-06 -2258330.8510947544
2.2268295288085937e-06 -2256008.846974012
2.2292137145996097e-06 -2253691.8097037859
2.2315979003906253e-06 -2251379.7233646843
2.2339820861816409e-06 -2249072.5721052731
2.2363662719726569e-06 -2246770.3401417146
2.2387504577636724e-06 -2244473.0117574106
2.241134643554688e-06 -2242180.5713026384
2.2435188293457036e-06 -2239893.0031942017
2.2459030151367192e-06 -2237610.2919150721
2.2482872009277347e-06 -2235332.4220140451
2.2506713867187503e-06 -2233059.3781053838
2.2530555725097659e-06 -2230791.1448684786
2.2554397583007815e-06 -2228527.7070474979
2.257823944091797e-06 -2226269.0494510517
2.2602081298828126e-06 -2224015.156951847
2.2625923156738282e-06 -2221766.0144863511
2.2649765014648438e-06 -2219521.607054458
2.2673606872558597e-06 -2217281.9197191531
2.2697448730468753e-06 -2215046.9376061824
2.2721290588378909e-06 -2212816.6459037233
2.2745132446289069e-06 -2210591.0298620574
2.2768974304199225e-06 -2208370.0747932447
2.279281616210938e-06 -2206153.7660708018
2.2816658020019536e-06 -2203942.0891293795
2.2840499877929692e-06 -2201735.0294644441
2.2864341735839848e-06 -2199532.5726319603
2.2888183593750003e-06 -2197334.7042480777
2.2912025451660159e-06 -2195141.409988814
2.2935867309570315e-06 -2192952.6755897491
2.2959709167480471e-06 -2190768.4868457089
2.2983551025390626e-06 -2188588.829610466
2.3007392883300782e-06 -2186413.6897964263
2.3031234741210938e-06 -2184243.0533743333
2.3055076599121098e-06 -2182076.9063729597
2.3078918457031254e-06 -2179915.2348788115
2.3102760314941409e-06 -2177758.0250358293
2.3126602172851569e-06 -2175605.2630450921
2.3150444030761725e-06 -2173456.9351645233
2.3174285888671881e-06 -2171313.027708597
2.3198127746582037e-06 -2169173.5270480495
2.3221969604492192e-06 -2167038.4196095895
2.3245811462402348e-06 -2164907.6918756091
2.3269653320312504e-06 -2162781.3303839038
2.3293495178222659e-06 -2160659.321727383
2.3317337036132815e-06 -2158541.6525537907
2.3365020751953127e-06 -2154319.2795188678
2.3412704467773438e-06 -2150114.1055471902
2.3460388183593754e-06 -2145926.0257664197
2.350807189941407e-06 -2141754.9361551115
2.3555755615234381e-06 -2137600.7335340991
2.3603439331054693e-06 -2133463.3155579865
2.3651123046875004e-06 -2129342.5807067435
2.3698806762695316e-06 -2125238.4282774045
2.3746490478515627e-06 -2121150.7583758598
2.3794174194335939e-06 -2117079.4719087565
2.3841857910156254e-06 -2113024.4705754891
2.388954162597657e-06 -2108985.656860284
2.3937225341796881e-06 -2104962.9340243898
2.3984909057617193e-06 -2100956.2060983474
2.4032592773437504e-06 -2096965.3778743586
2.4080276489257816e-06 -2092990.3548987494
2.4127960205078127e-06 -2089031.0434645119
2.4175643920898439e-06 -2085087.3506039472
2.422332763671875e-06 -2081159.184081383
2.4271011352539062e-06 -2077246.4523859869
2.4318695068359373e-06 -2073349.0647246579
2.4366378784179685e-06 -2069466.9310150037
2.4414062500000001e-06 -2065599.9618784012
2.4461746215820316e-06 -2061748.0686331368
2.4509429931640628e-06 -2057911.1632876282
2.4557113647460939e-06 -2054089.1585337194
2.4604797363281251e-06 -2050281.9677400647
2.4652481079101562e-06 -2046489.5049455799
2.4700164794921874e-06 -2042711.6848529717
2.4747848510742185e-06 -2038948.4228223453
2.4795532226562497e-06 -2035199.6348648821
2.4843215942382808e-06 -2031465.2376365899
2.489089965820312e-06 -2027745.1484321288
2.4938583374023431e-06 -2024039.2851787047
2.4986267089843747e-06 -2020347.5664300327
2.5033950805664062e-06 -2016669.9113603712
2.5081634521484374e-06 -2013006.2397586242
2.5129318237304685e-06 -2009356.4720225059
2.5177001953124997e-06 -2005720.5291527817
2.5224685668945308e-06 -2002098.3327475612
2.527236938476562e-06 -1998489.8049966693
2.5320053100585931e-06 -1994894.8686760687
2.5367736816406247e-06 -1991313.4471423568
2.5415420532226563e-06 -1987745.4643273139
2.5463104248046874e-06 -1984190.8447325213
2.5510787963867186e-06 -1980649.5134240328
2.5558471679687497e-06 -1977121.3960271124
2.5606155395507809e-06 -1973606.4187210246
2.565383911132812e-06 -1970104.5082338876
2.5701522827148432e-06 -1966615.5918375812
2.5749206542968747e-06 -1963139.5973427107
2.5796890258789063e-06 -1959676.4530936324
2.5844573974609375e-06 -1956226.0879635231
2.5892257690429686e-06 -1952788.4313495171
2.5939941406249998e-06 -1949363.4131678841
2.5987625122070309e-06 -1945950.9638492728
2.6035308837890621e-06 -1942551.0143339962
2.6082992553710932e-06 -1939163.4960673733
2.6130676269531248e-06 -1935788.3409951241
2.6178359985351564e-06 -1932425.4815588081
2.6226043701171875e-06 -1929074.8506913218
2.6273727416992186e-06 -1925736.3818124349
2.6321411132812498e-06 -1922410.0088243836
2.6369094848632809e-06 -1919095.6661075067
2.6416778564453121e-06 -1915793.2885159315
2.6464462280273432e-06 -1912502.8113733048
2.6512145996093748e-06 -1909224.1704685704
2.6559829711914064e-06 -1905957.3020517952
2.6607513427734375e-06 -1902702.1428300326
2.6655197143554687e-06 -1899458.6299632376
2.6702880859374998e-06 -1896226.7010602227
2.675056457519531e-06 -1893006.2941746574
2.6798248291015621e-06 -1889797.3478011112
2.6845932006835933e-06 -1886599.800871135
2.6893615722656248e-06 -1883413.5927493921
2.6941299438476564e-06 -1880238.663229821
2.6988983154296876e-06 -1877074.9525318444
2.7036666870117187e-06 -1873922.4012966172
2.7084350585937499e-06 -1870780.9505833166
2.713203430175781e-06 -1867650.5418654631
2.7179718017578122e-06 -1864531.117027293
2.7227401733398433e-06 -1861422.6183601557
2.7275085449218749e-06 -1858324.9885589576
2.7322769165039065e-06 -1855238.1707186424
2.7370452880859376e-06 -1852162.1083307033
2.7418136596679688e-06 -1849096.7452797373
2.7465820312499999e-06 -1846042.0258400301
2.751350402832031e-06 -1842997.8946721826
2.7561187744140622e-06 -1839964.2968197654
2.7608871459960933e-06 -1836941.177706016
2.7656555175781249e-06 -1833928.4831305598
2.7704238891601565e-06 -1830926.159266179
2.7751922607421876e-06 -1827934.1526555987
2.7799606323242188e-06 -1824952.4102083202
2.7847290039062499e-06 -1821980.8791974757
2.7894973754882811e-06 -1819019.5072567263
2.7942657470703122e-06 -1816068.242377179
2.7990341186523434e-06 -1813127.0329043481
2.8038024902343749e-06 -1810195.827535138
2.8085708618164065e-06 -1807274.575314861
2.8133392333984377e-06 -1804363.2256342857
2.8181076049804688e-06 -1801461.7282267131
2.8228759765625e-06 -1798570.0331650842
2.8276443481445311e-06 -1795688.0908591151
2.8324127197265623e-06 -1792815.8520524651
2.8371810913085934e-06 -1789953.2678199273
2.841949462890625e-06 -1787100.2895646519
2.8467178344726566e-06 -1784256.8690153959
2.8514862060546877e-06 -1781422.9582238027
2.8562545776367189e-06 -1778598.5095617024
2.86102294921875e-06 -1775783.4757184484
2.8657913208007811e-06 -1772977.809698272
2.8705596923828123e-06 -1770181.4648176702
2.8753280639648434e-06 -1767394.3947028138
2.880096435546875e-06 -1764616.5532869857
2.8848648071289066e-06 -1761847.8948080419
2.8896331787109377e-06 -1759088.3738058994
2.8944015502929689e-06 -1756337.9451200452
2.899169921875e-06 -1753596.5638870783
2.9039382934570312e-06 -1750864.1855382649
2.9087066650390623e-06 -1748140.7657971256
2.9134750366210935e-06 -1745426.2606770422
2.9182434082031251e-06 -1742720.6264788925
2.9230117797851566e-06 -1740023.8197887032
2.9277801513671878e-06 -1737335.7974753287
2.9325485229492189e-06 -1734656.516688149
2.9373168945312501e-06 -1731985.9348547964
2.9420852661132812e-06 -1729324.0096789
2.9468536376953124e-06 -1726670.69913785
2.9516220092773435e-06 -1724025.9614805887
2.9563903808593751e-06 -1721389.7552254207
2.9611587524414067e-06 -1718762.0391578439
2.9659271240234378e-06 -1716142.7723283996
2.970695495605469e-06 -1713531.9140505479
2.9754638671875001e-06 -1710929.4238985602
2.9802322387695312e-06 -1708335.2617054326
2.9850006103515624e-06 -1705749.3875608181
2.9897689819335935e-06 -1703171.7618089835
2.9945373535156251e-06 -1700602.3450467773
2.9993057250976567e-06 -1698041.0981216265
3.0040740966796878e-06 -1695487.9821295459
3.008842468261719e-06 -1692942.958413166
3.0136108398437501e-06 -1690405.9885597867
3.0183792114257813e-06 -1687877.0343994405
3.0231475830078124e-06 -1685356.0580029809
3.0279159545898436e-06 -1682843.0216801851
3.0326843261718752e-06 -1680337.8879778748
3.0374526977539067e-06 -1677840.619678057
3.0422210693359379e-06 -1675351.1797960817
3.046989440917969e-06 -1672869.5315788118
3.0517578125000002e-06 -1670395.6385028211
3.0565261840820313e-06 -1667929.4642725948
3.0612945556640625e-06 -1665470.9728187609
3.0660629272460936e-06 -1663020.128296328
3.0708312988281252e-06 -1660576.8950829457
3.0755996704101568e-06 -1658141.2377771754
3.0803680419921879e-06 -1655713.1211967852
3.0851364135742191e-06 -1653292.5103770501
3.0899047851562502e-06 -1650879.3705690787
3.0946731567382814e-06 -1648473.6672381477
3.0994415283203125e-06 -1646075.3660620558
3.1042098999023436e-06 -1643684.43292949
3.1089782714843752e-06 -1641300.8339384096
3.1137466430664068e-06 -1638924.535394443
3.1185150146484379e-06 -1636555.5038093021
3.1232833862304691e-06 -1634193.7058992041
3.1280517578125002e-06 -1631839.1085833195
3.1328201293945314e-06 -1629491.6789822215
3.1375885009765625e-06 -1627151.3844163599
3.1423568725585937e-06 -1624818.1924045433
3.1471252441406253e-06 -1622492.070662434
3.1518936157226568e-06 -1620172.9871010624
3.156661987304688e-06 -1617860.9098253492
3.1614303588867191e-06 -1615555.807132645
3.1661987304687503e-06 -1613257.6475112794
3.1709671020507814e-06 -1610966.3996391266
3.1757354736328126e-06 -1608682.0323821798
3.1805038452148437e-06 -1606404.5147931455
3.1852722167968753e-06 -1604133.8161100408
3.1900405883789069e-06 -1601869.9057548135
3.194808959960938e-06 -1599612.7533319648
3.1995773315429692e-06 -1597362.3286271931
3.2043457031250003e-06 -1595118.6016060412
3.2091140747070315e-06 -1592881.5424125649
3.2138824462890626e-06 -1590651.1213680063
3.2186508178710938e-06 -1588427.3089694809
3.2234191894531253e-06 -1586210.075888678
3.2281875610351569e-06 -1583999.3929705711
3.232955932617188e-06 -1581795.2312321388
3.2377243041992192e-06 -1579597.5618611008
3.2424926757812503e-06 -1577406.3562146584
3.2472610473632815e-06 -1575221.5858182551
3.2520294189453126e-06 -1573043.2223643386
3.2567977905273438e-06 -1570871.2377111418
3.2615661621093754e-06 -1568705.6038814678
3.2663345336914069e-06 -1566546.2930614909
3.2711029052734381e-06 -1564393.2775995659
3.2758712768554692e-06 -1562246.5300050462
3.2806396484375004e-06 -1560106.0229471137
3.2854080200195315e-06 -1557971.729253622
3.2901763916015627e-06 -1555843.6219099425
3.2949447631835938e-06 -1553721.6740578266
3.2997131347656254e-06 -1551605.8589942767
3.304481506347657e-06 -1549496.1501704245
3.3092498779296881e-06 -1547392.5211904217
3.3140182495117193e-06 -1545294.9458103369
3.3187866210937504e-06 -1543203.3979370683
3.3235549926757816e-06 -1541117.851627257
3.3283233642578127e-06 -1539038.2810862178
3.3330917358398439e-06 -1536964.6606668746
3.337860107421875e-06 -1534896.9648687062
3.3426284790039061e-06 -1532835.1683366999
3.3473968505859373e-06 -1530779.2458603166
3.3521652221679684e-06 -1528729.1723724627
3.35693359375e-06 -1526684.9229484713
3.3617019653320316e-06 -1524646.4728050914
3.3664703369140627e-06 -1522613.7972994887
3.3712387084960939e-06 -1520586.8719282486
3.376007080078125e-06 -1518565.6723263953
3.3807754516601562e-06 -1516550.174266414
3.3855438232421873e-06 -1514540.3536572827
3.3903121948242185e-06 -1512536.1865435124
3.3950805664062496e-06 -1510537.6491041954
3.3998489379882808e-06 -1508544.7176520624
3.4046173095703119e-06 -1506557.368632545
3.4093856811523431e-06 -1504575.5786228494
3.4141540527343746e-06 -1502599.3243310349
3.4189224243164062e-06 -1500628.5825951018
3.4236907958984374e-06 -1498663.330382087
3.4284591674804685e-06 -1496703.5447871662
3.4332275390624997e-06 -1494749.2030327634
3.4379959106445308e-06 -1492800.2824676705
3.442764282226562e-06 -1490856.7605661701
3.4475326538085931e-06 -1488918.6149271685
3.4523010253906247e-06 -1486985.8232733337
3.4570693969726562e-06 -1485058.3634502457
3.4618377685546874e-06 -1483136.2134255455
3.4666061401367185e-06 -1481219.3512880984
3.4713745117187497e-06 -1479307.7552471599
3.4761428833007808e-06 -1477401.4036315507
3.480911254882812e-06 -1475500.2748888389
3.4856796264648431e-06 -1473604.3475845242
3.4904479980468747e-06 -1471713.6004012376
3.4952163696289063e-06 -1469828.0121379369
3.4999847412109374e-06 -1467947.5617091192
3.5047531127929686e-06 -1466072.2281440306
3.5095214843749997e-06 -1464201.9905858897
3.5142898559570309e-06 -1462336.8282911135
3.519058227539062e-06 -1460476.7206285496
3.5238265991210932e-06 -1458621.6470787176
3.5285949707031247e-06 -1456771.5872330519
3.5333633422851563e-06 -1454926.5207931551
3.5381317138671875e-06 -1453086.427570055
3.5429000854492186e-06 -1451251.2874834687
3.5476684570312498e-06 -1449421.0805610716
3.5524368286132809e-06 -1447595.7869377725
3.5572052001953121e-06 -1445775.3868549964
3.5619735717773432e-06 -1443959.8606599704
3.5667419433593748e-06 -1442149.1888050153
3.5715103149414064e-06 -1440343.351846847
3.5762786865234375e-06 -1438542.3304458787
3.5810470581054686e-06 -1436746.1053655301
3.5858154296874998e-06 -1434954.6574715432
3.5905838012695309e-06 -1433167.9677313035
3.5953521728515621e-06 -1431386.0172131641
3.6001205444335932e-06 -1429608.7870857795
3.6048889160156248e-06 -1427836.2586174405
3.6096572875976564e-06 -1426068.4131754152
3.6144256591796875e-06 -1424305.2322253003
3.6191940307617187e-06 -1422546.6973303682
3.6239624023437498e-06 -1420792.7901509271
3.628730773925781e-06 -1419043.4924436836
3.6334991455078121e-06 -1417298.7860611093
3.6382675170898433e-06 -1415558.6529508135
3.6430358886718748e-06 -1413823.0751549208
3.6478042602539064e-06 -1412092.0348094534
3.6525726318359376e-06 -1410365.5141437172
3.6573410034179687e-06 -1408643.495479696
3.6621093749999999e-06 -1406925.9612314447
3.666877746582031e-06 -1405212.8939044939
3.6716461181640622e-06 -1403504.2760952539
3.6764144897460933e-06 -1401800.0904904262
3.6811828613281249e-06 -1400100.3198664191
3.6859512329101565e-06 -1398404.947088765
3.6907196044921876e-06 -1396713.9551115485
3.6954879760742188e-06 -1395027.3269768329
3.7002563476562499e-06 -1393345.045814093
3.705024719238281e-06 -1391667.0948396523
3.7097930908203122e-06 -1389993.4573561279
3.7145614624023433e-06 -1388324.1167518718
3.7193298339843749e-06 -1386659.0565004263
3.7240982055664065e-06 -1384998.2601599745
3.7288665771484376e-06 -1383341.7113728023
3.7336349487304688e-06 -1381689.3938647585
3.7384033203124999e-06 -1380041.2914447247
3.7431716918945311e-06 -1378397.3880040837
3.7479400634765622e-06 -1376757.6675161971
3.7527084350585934e-06 -1375122.1140358825
3.7574768066406249e-06 -1373490.7116988974
3.7622451782226565e-06 -1371863.444721428
3.7670135498046877e-06 -1370240.2973995768
3.7717819213867188e-06 -1368621.2541088597
3.77655029296875e-06 -1367006.2993037046
3.7813186645507811e-06 -1365395.4175169524
3.7860870361328123e-06 -1363788.5933593654
3.7908554077148434e-06 -1362185.811519135
3.795623779296875e-06 -1360587.056761397
3.8003921508789066e-06 -1358992.3139277482
3.8051605224609377e-06 -1357401.5679357671
3.8099288940429689e-06 -1355814.8037785387
3.814697265625e-06 -1354232.0065241826
3.8194656372070311e-06 -1352653.1613153848
3.8242340087890623e-06 -1351078.2533689323
3.8290023803710934e-06 -1349507.2679752528
3.8337707519531246e-06 -1347940.1904979548
3.8385391235351557e-06 -1346377.0063733745
3.8433074951171869e-06 -1344817.7011101255
3.8480758666992189e-06 -1343262.2602886481
3.85284423828125e-06 -1341710.6695607679
3.8576126098632812e-06 -1340162.9146492528
3.8623809814453132e-06 -1338618.9813473751
3.8671493530273443e-06 -1337078.855518478
3.8719177246093755e-06 -1335542.523095543
3.8766860961914066e-06 -1334009.9700807626
3.8814544677734378e-06 -1332481.1825451134
3.8862228393554689e-06 -1330956.1466279365
3.8909912109375001e-06 -1329434.8485365168
3.8957595825195312e-06 -1327917.2745456677
3.9005279541015624e-06 -1326403.410997319
3.9052963256835935e-06 -1324893.2443001058
3.9100646972656247e-06 -1323386.7609289633
3.9148330688476558e-06 -1321883.9474247219
3.919601440429687e-06 -1320384.7903937066
3.924369812011719e-06 -1318889.2765073394
3.9291381835937501e-06 -1317397.3925017449
3.9339065551757812e-06 -1315909.1251773557
3.9386749267578132e-06 -1314424.4613985261
3.9434432983398444e-06 -1312943.3880931442
3.9482116699218755e-06 -1311465.892252248
3.9529800415039067e-06 -1309991.9609296455
3.9577484130859378e-06 -1308521.581241535
3.962516784667969e-06 -1307054.7403661322
3.9672851562500001e-06 -1305591.4255432943
3.9720535278320313e-06 -1304131.6240741534
3.9768218994140624e-06 -1302675.3233207457
3.9815902709960936e-06 -1301222.5107056496
3.9863586425781247e-06 -1299773.1737116228
3.9911270141601559e-06 -1298327.2998812415
3.995895385742187e-06 -1296884.8768165461
4.000663757324219e-06 -1295445.8921786828
4.0054321289062502e-06 -1294010.3336875569
4.0102005004882813e-06 -1292578.1891214799
4.0149688720703133e-06 -1291149.4463168222
4.0197372436523445e-06 -1289724.0931676724
4.0245056152343756e-06 -1288302.1176254917
4.0292739868164068e-06 -1286883.507698776
4.0340423583984379e-06 -1285468.2514527184
4.0388107299804691e-06 -1284056.3370088751
4.0435791015625002e-06 -1282647.7525448329
4.0483474731445314e-06 -1281242.4862938786
4.0531158447265625e-06 -1279840.5265446717
4.0578842163085936e-06 -1278441.8616409197
4.0626525878906248e-06 -1277046.4799810539
4.0674209594726559e-06 -1275654.3700179092
4.0721893310546871e-06 -1274265.5202584057
4.0769577026367191e-06 -1272879.9192632325
4.0817260742187502e-06 -1271497.5556465336
4.0864944458007814e-06 -1270118.418075596
4.0912628173828134e-06 -1268742.4952705381
4.0960311889648445e-06 -1267369.7760040057
4.1007995605468757e-06 -1266000.2491008656
4.1055679321289068e-06 -1264633.903437899
4.110336303710938e-06 -1263270.7279435045
4.1151046752929691e-06 -1261910.7115973982
4.1198730468750003e-06 -1260553.8434303144
4.1246414184570314e-06 -1259200.1125237141
4.1294097900390626e-06 -1257849.508009488
4.1341781616210937e-06 -1256502.0190696707
4.1389465332031249e-06 -1255157.6349361469
4.143714904785156e-06 -1253816.3448903684
4.1484832763671872e-06 -1252478.1382630672
4.1532516479492192e-06 -1251143.0044339728
4.1580200195312503e-06 -1249810.9328315314
4.1627883911132815e-06 -1248481.9129326278
4.1675567626953134e-06 -1247155.9342623067
4.1723251342773446e-06 -1245832.9863934994
4.1770935058593757e-06 -1244513.058946748
4.1818618774414069e-06 -1243196.1415899361
4.186630249023438e-06 -1241882.2240380186
4.1913986206054692e-06 -1240571.2960527535
4.1961669921875003e-06 -1239263.347442436
4.2009353637695315e-06 -1237958.3680616352
4.2057037353515626e-06 -1236656.3478109308
4.2104721069335938e-06 -1235357.2766366533
4.2152404785156249e-06 -1234061.1445306248
4.2200088500976561e-06 -1232767.9415299017
4.2247772216796872e-06 -1231477.6577165211
4.2295455932617192e-06 -1230190.2832172439
4.2343139648437504e-06 -1228905.8082033074
4.2390823364257815e-06 -1227624.222890171
4.2438507080078135e-06 -1226345.51753727
4.2486190795898447e-06 -1225069.682447769
4.2533874511718758e-06 -1223796.7079683163
4.258155822753907e-06 -1222526.5844887984
4.2629241943359381e-06 -1221259.3024421027
4.2676925659179693e-06 -1219994.8523038726
4.2724609375000004e-06 -1218733.224592272
4.2772293090820316e-06 -1217474.4098677468
4.2819976806640627e-06 -1216218.3987327903
4.2867660522460939e-06 -1214965.1818317084
4.291534423828125e-06 -1213714.7498503884
4.2963027954101561e-06 -1212467.0935160678
4.3010711669921873e-06 -1211222.2035971044
4.3058395385742193e-06 -1209980.070902749
4.3106079101562504e-06 -1208740.6862829204
4.3153762817382816e-06 -1207504.0406279799
4.3201446533203136e-06 -1206270.1248685056
4.3249130249023447e-06 -1205038.9299750768
4.3296813964843759e-06 -1203810.4469580473
4.334449768066407e-06 -1202584.6668673295
4.3392181396484382e-06 -1201361.5807921777
4.3439865112304693e-06 -1200141.1798609707
4.3487548828125005e-06 -1198923.4552409982
4.3535232543945316e-06 -1197708.3981382477
4.3582916259765628e-06 -1196495.9997971919
4.3630599975585939e-06 -1195286.2515005793
4.3678283691406251e-06 -1194079.1445692256
4.3725967407226562e-06 -1192874.6703618041
4.3773651123046874e-06 -1191672.8202746422
4.3821334838867194e-06 -1190473.5857415153
4.3869018554687505e-06 -1189276.9582334424
4.3916702270507817e-06 -1188082.9292584856
4.3964385986328137e-06 -1186891.4903615469
4.4012069702148448e-06 -1185702.6331241727
4.4059753417968759e-06 -1184516.3491643507
4.4107437133789071e-06 -1183332.6301363157
4.4155120849609382e-06 -1182151.4677303538
4.4202804565429694e-06 -1180972.8536726076
4.4250488281250005e-06 -1179796.7797248815
4.4298171997070317e-06 -1178623.2376844524
4.4345855712890628e-06 -1177452.2193838772
4.439353942871094e-06 -1176283.716690805
4.4441223144531251e-06 -1175117.7215077858
4.4488906860351563e-06 -1173954.2257720868
4.4536590576171874e-06 -1172793.2214555042
4.4584274291992194e-06 -1171634.70056418
4.4631958007812506e-06 -1170478.6551384183
4.4679641723632817e-06 -1169325.0772525019
4.4727325439453137e-06 -1168173.9590145119
4.4775009155273449e-06 -1167025.292566149
4.482269287109376e-06 -1165879.0700825525
4.4870376586914072e-06 -1164735.2837721237
4.4918060302734383e-06 -1163593.925876349
4.4965744018554695e-06 -1162454.9886696253
4.5013427734375006e-06 -1161318.4644590849
4.5061111450195318e-06 -1160184.3455844226
4.5108795166015629e-06 -1159052.6244177229
4.5156478881835941e-06 -1157923.2933632906
4.5204162597656252e-06 -1156796.3448574787
4.5251846313476564e-06 -1155671.7713685217
4.5299530029296875e-06 -1154549.5653963659
4.5347213745117195e-06 -1153429.7194725049
4.5394897460937506e-06 -1152312.2261598113
4.5442581176757818e-06 -1151197.0780523731
4.5490264892578138e-06 -1150084.2677753316
4.5537948608398449e-06 -1148973.7879847172
4.5585632324218761e-06 -1147865.6313672878
4.5633316040039072e-06 -1146759.7906403688
4.5680999755859384e-06 -1145656.2585516935
4.5728683471679695e-06 -1144555.0278792444
4.5776367187500007e-06 -1143456.0914310955
4.587173461914063e-06 -1141265.0725895166
4.5967102050781253e-06 -1139083.1450874617
4.6062469482421876e-06 -1136910.2524569819
4.6157836914062507e-06 -1134746.3386968088
4.6253204345703139e-06 -1132591.3482675371
4.6348571777343762e-06 -1130445.2260868785
4.6443939208984384e-06 -1128307.9175249639
4.6539306640625007e-06 -1126179.3683997111
4.663467407226563e-06 -1124059.5249722449
4.6730041503906253e-06 -1121948.3339423749
4.6825408935546876e-06 -1119845.7424441276
4.6920776367187508e-06 -1117751.6980413352
4.7016143798828139e-06 -1115666.148723274
4.7111511230468762e-06 -1113589.0429003614
4.7206878662109385e-06 -1111520.3293998993
4.7302246093750008e-06 -1109459.9574618728
4.7397613525390631e-06 -1107407.8767347985
4.7492980957031254e-06 -1105364.0372716223
4.7588348388671877e-06 -1103328.3895256675
4.7683715820312508e-06 -1101300.8843466309
4.777908325195314e-06 -1099281.4729766268
4.7874450683593763e-06 -1097270.1070462782
4.7969818115234386e-06 -1095266.7385708559
4.8065185546875009e-06 -1093271.3199464616
4.8160552978515632e-06 -1091283.8039462571
4.8255920410156255e-06 -1089304.1437167395
4.8351287841796878e-06 -1087332.2927740586
4.8446655273437501e-06 -1085368.2050003789
4.8542022705078124e-06 -1083411.8346402838
4.8637390136718747e-06 -1081463.1362972227
4.873275756835937e-06 -1079522.0649299999
4.8828125000000001e-06 -1077588.575849303
4.8923492431640632e-06 -1075662.6247142761
4.9018859863281255e-06 -1073744.1675291276
4.9114227294921878e-06 -1071833.1606397799
4.9209594726562501e-06 -1069929.5607305598
4.9304962158203124e-06 -1068033.324820925
4.9400329589843747e-06 -1066144.4102622296
4.949569702148437e-06 -1064262.774734525
4.9591064453124993e-06 -1062388.3762434032
4.9686431884765616e-06 -1060521.1731168674
4.9781799316406239e-06 -1058661.1240022476
4.9877166748046862e-06 -1056808.1878631471
4.9972534179687494e-06 -1054962.3239764229
5.0067901611328125e-06 -1053123.4919292047
5.0163269042968748e-06 -1051291.6516159445
5.0258636474609371e-06 -1049466.7632354996
5.0354003906249994e-06 -1047648.7872882518
5.0449371337890617e-06 -1045837.6845732568
5.054473876953124e-06 -1044033.4161854265
5.0640106201171863e-06 -1042235.9435127428
5.0735473632812494e-06 -1040445.2282335033
5.0830841064453126e-06 -1038661.2323135996
5.0926208496093749e-06 -1036883.9180038214
5.1021575927734372e-06 -1035113.247837196
5.1116943359374995e-06 -1033349.1846263552
5.1212310791015618e-06 -1031591.6914609313
5.1307678222656241e-06 -1029840.7317049835
5.1403045654296863e-06 -1028096.2689944516
5.1498413085937495e-06 -1026358.2672346382
5.1593780517578126e-06 -1024626.6905977215
5.1689147949218749e-06 -1022901.5035202903
5.1784515380859372e-06 -1021182.6707009105
5.1879882812499995e-06 -1019470.1570977184
5.1975250244140618e-06 -1017763.9279260376
5.2070617675781241e-06 -1016063.948656025
5.2165985107421864e-06 -1014370.1850103397
5.2261352539062496e-06 -1012682.6029618416
5.2356719970703127e-06 -1011001.168731311
5.245208740234375e-06 -1009325.848785196
5.2547454833984373e-06 -1007656.6098333811
5.2642822265624996e-06 -1005993.4188269848
5.2738189697265619e-06 -1004336.2429561763
5.2833557128906242e-06 -1002685.049648019
5.2928924560546865e-06 -1001039.8065643368
5.3024291992187496e-06 -999400.48159960145
5.3119659423828128e-06 -997767.04287884594
5.3215026855468751e-06 -996139.45875559771
5.3310394287109374e-06 -994517.69780983322
5.3405761718749997e-06 -992901.72884595988
5.350112915039062e-06 -991291.52089081239
5.3596496582031243e-06 -989687.0431916744
5.3691864013671866e-06 -988088.2652143226
5.3787231445312497e-06 -986495.15664108761
5.3882598876953128e-06 -984907.68736893917
5.3977966308593751e-06 -983325.82750758855
5.4073333740234374e-06 -981749.54737761337
5.4168701171874997e-06 -980178.81750860205
5.426406860351562e-06 -978613.60863731534
5.4359436035156243e-06 -977053.89170587028
5.4454803466796866e-06 -975499.63785994262
5.4550170898437498e-06 -973950.81844698498
5.4645538330078129e-06 -972407.4050144694
5.4740905761718752e-06 -970869.36930814269
5.4836273193359375e-06 -969336.68327030272
5.4931640624999998e-06 -967809.31903809321
5.5027008056640621e-06 -966287.24894181394
5.5122375488281244e-06 -964770.44550325081
5.5217742919921867e-06 -963258.8814340214
5.5313110351562498e-06 -961752.52963394008
5.540847778320313e-06 -960251.36318939668
5.5503845214843753e-06 -958755.35537175415
5.5599212646484376e-06 -957264.47963576298
5.5694580078124999e-06 -955778.70961798972
5.5789947509765622e-06 -954298.01913526421
5.5885314941406245e-06 -952822.38218314061
5.5980682373046868e-06 -951351.77293437603
5.6076049804687499e-06 -949886.16573742195
5.617141723632813e-06 -948425.53511493548
5.6266784667968753e-06 -946969.85576230055
5.6362152099609376e-06 -945519.10254616744
5.6457519531249999e-06 -944073.25050300639
5.6552886962890622e-06 -942632.27483767678
5.6648254394531245e-06 -941196.15092200646
5.6743621826171868e-06 -939764.85429339309
5.68389892578125e-06 -938338.36065341171
5.6934356689453131e-06 -936916.64586644026
5.7029724121093754e-06 -935499.68595830118
5.7125091552734377e-06 -934087.45711490896
5.7220458984375e-06 -932679.93568094075
5.7315826416015623e-06 -931277.09815851192
5.7411193847656246e-06 -929878.92120587081
5.7506561279296869e-06 -928485.38163610327
5.76019287109375e-06 -927096.4564158502
5.7697296142578132e-06 -925712.12266403984
5.7792663574218755e-06 -924332.35765063111
5.7888031005859378e-06 -922957.13879536698
5.7983398437500001e-06 -921586.44366654719
5.8078765869140624e-06 -920220.24997980439
5.8174133300781247e-06 -918858.53559689934
5.826950073242187e-06 -917501.27852452302
5.8364868164062501e-06 -916148.45691311464
5.8460235595703132e-06 -914800.04905568634
5.8555603027343755e-06 -913456.03338666633
5.8650970458984378e-06 -912116.38848074421
5.8746337890625001e-06 -910781.09305173659
5.8841705322265624e-06 -909450.12595145742
5.8937072753906247e-06 -908123.46616860211
5.903244018554687e-06 -906801.09282764187
5.9127807617187502e-06 -905482.98518772877
5.9223175048828133e-06 -904169.12264161196
5.9318542480468756e-06 -902859.48471456184
5.9413909912109379e-06 -901554.05106330873
5.9509277343750002e-06 -900252.80147498811
5.9604644775390625e-06 -898955.7158660983
5.9700012207031248e-06 -897662.77428146591
5.9795379638671871e-06 -896373.9568932238
5.9890747070312502e-06 -895089.24399979657
5.9986114501953134e-06 -893808.61602489755
6.0081481933593757e-06 -892532.05351653416
6.017684936523438e-06 -891259.53714602196
6.0272216796875003e-06 -889991.04770701041
6.0367584228515626e-06 -888726.56611451611
6.0462951660156249e-06 -887466.07340396603
6.0558319091796872e-06 -886209.5507302481
6.0653686523437503e-06 -884956.97936677362
6.0749053955078134e-06 -883708.34070454631
6.0844421386718757e-06 -882463.61625124048
6.093978881835938e-06 -881222.78763028816
6.1035156250000003e-06 -879985.83657997602
6.1130523681640626e-06 -878752.74495254667
6.1225891113281249e-06 -877523.49471331399
6.1321258544921872e-06 -876298.06793978263
6.1416625976562504e-06 -875076.44682077691
6.1511993408203135e-06 -873858.61365557823
6.1607360839843758e-06 -872644.55085306976
6.1702728271484381e-06 -871434.24093088973
6.1798095703125004e-06 -870227.66651459213
6.1893463134765627e-06 -869024.81033681531
6.198883056640625e-06 -867825.65523645876
6.2084197998046873e-06 -866630.18415786582
6.2179565429687504e-06 -865438.38015001616
6.2274932861328136e-06 -864250.22636572411
6.2370300292968759e-06 -863065.70606084529
6.2465667724609382e-06 -861884.8025934886
6.2561035156250005e-06 -860707.49942323915
6.2656402587890628e-06 -859533.78011038387
6.2751770019531251e-06 -858363.62831514736
6.2847137451171874e-06 -857197.02779693413
6.2942504882812505e-06 -856033.96241357457
6.3037872314453137e-06 -854874.4161205847
6.3133239746093759e-06 -853718.37297042483
6.3228607177734382e-06 -852565.81711177016
6.3323974609375005e-06 -851416.73278878524
6.3419342041015628e-06 -850271.10434040707
6.3514709472656251e-06 -849128.91619963315
6.3610076904296874e-06 -847990.15289281565
6.3705444335937506e-06 -846854.79903896374
6.3800811767578137e-06 -845722.83934905101
6.389617919921876e-06 -844594.25862532854
6.3991546630859383e-06 -843469.04176064429
6.4086914062500006e-06 -842347.17373777146
6.4182281494140629e-06 -841228.63962873677
6.4277648925781252e-06 -840113.42459416122
6.4373016357421875e-06 -839001.51388260338
6.4468383789062506e-06 -837892.89282990713
6.4563751220703138e-06 -836787.54685855948
6.4659118652343761e-06 -835685.46147705009
6.4754486083984384e-06 -834586.62227923772
6.4849853515625007e-06 -833491.01494372438
6.494522094726563e-06 -832398.625233231
6.5040588378906253e-06 -831309.43899398181
6.5135955810546876e-06 -830223.44215509284
6.5231323242187507e-06 -829140.62072796596
6.5326690673828139e-06 -828060.96080568829
6.5422058105468762e-06 -826984.4485624372
6.5517425537109384e-06 -825911.07025288942
6.5612792968750007e-06 -824840.81221163587
6.570816040039063e-06 -823773.66085260303
6.5803527832031253e-06 -822709.60266847699
6.5898895263671876e-06 -821648.62423013384
6.5994262695312508e-06 -820590.712186074
6.6089630126953139e-06 -819535.85326186346
6.6184997558593762e-06 -818484.03425957833
6.6280364990234385e-06 -817435.24205725291
6.6375732421875008e-06 -816389.46360833594
6.6471099853515631e-06 -815346.68594114855
6.6566467285156254e-06 -814306.89615834772
6.6661834716796877e-06 -813270.0814363953
6.67572021484375e-06 -812236.22902503097
6.6852569580078123e-06 -811205.32624674856
6.6947937011718746e-06 -810177.36049627804
6.7043304443359369e-06 -809152.31924007286
6.7138671875e-06 -808130.19001579972
6.7234039306640632e-06 -807110.9604318327
6.7329406738281255e-06 -806094.61816675484
6.7424774169921878e-06 -805081.15096885932
6.7520141601562501e-06 -804070.54665565747
6.7615509033203124e-06 -803062.79311339231
6.7710876464843747e-06 -802057.87829655269
6.780624389648437e-06 -801055.7902273942
6.7901611328124993e-06 -800056.51699546294
6.7996978759765616e-06 -799060.0467571246
6.8092346191406238e-06 -798066.36773509451
6.8187713623046861e-06 -797075.46821797593
6.8283081054687493e-06 -796087.33655979834
6.8378448486328124e-06 -795101.96117956215
6.8473815917968747e-06 -794119.33056078583
6.856918334960937e-06 -793139.43325105682
6.8664550781249993e-06 -792162.25786158792
6.8759918212890616e-06 -791187.79306677438
6.8855285644531239e-06 -790216.02760375733
6.8950653076171862e-06 -789246.95027199062
6.9046020507812494e-06 -788280.5499328078
6.9141387939453125e-06 -787316.81550899905
6.9236755371093748e-06 -786355.73598438513
6.9332122802734371e-06 -785397.300403398
6.9427490234374994e-06 -784441.49787066574
6.9522857666015617e-06 -783488.31755059911
6.961822509765624e-06 -782537.74866698147
6.9713592529296863e-06 -781589.78050256323
6.9808959960937494e-06 -780644.4023986595
6.9904327392578126e-06 -779701.60375474941
6.9999694824218749e-06 -778761.37402808131
7.0095062255859372e-06 -777823.70273327839
7.0190429687499995e-06 -776888.57944195007
7.0285797119140618e-06 -775955.99378230434
7.0381164550781241e-06 -775025.93543876579
7.0476531982421863e-06 -774098.39415159379
7.0571899414062495e-06 -773173.35971650528
7.0667266845703126e-06 -772250.82198430202
7.0762634277343749e-06 -771330.77086049772
7.0858001708984372e-06 -770413.1963049511
7.0953369140624995e-06 -769498.08833149937
7.1048736572265618e-06 -768585.43700759741
7.1144104003906241e-06 -767675.23245395755
7.1239471435546864e-06 -766767.46484419308
7.1334838867187496e-06 -765862.12440446508
7.1430206298828127e-06 -764959.20141313085
7.152557373046875e-06 -764058.68620039732
7.1620941162109373e-06 -763160.56914797437
7.1716308593749996e-06 -762264.84068873269
7.1811676025390619e-06 -761371.49130636535
7.1907043457031242e-06 -760480.51153504883
7.2002410888671865e-06 -759591.89195911027
7.2097778320312496e-06 -758705.62321269501
7.2193145751953128e-06 -757821.69597943721
7.2288513183593751e-06 -756940.10099213535
7.2383880615234374e-06 -756060.82903242542
7.2479248046874997e-06 -755183.87093046145
7.257461547851562e-06 -754309.21756459714
7.2669982910156243e-06 -753436.85986106796
7.2765350341796866e-06 -752566.78879367863
7.2860717773437497e-06 -751698.99538349151
7.2956085205078128e-06 -750833.47069851763
7.3051452636718751e-06 -749970.20585341007
7.3146820068359374e-06 -749109.19200916053
7.3242187499999997e-06 -748250.42037279659
7.333755493164062e-06 -747393.88219708332
7.3432922363281243e-06 -746539.56878022628
7.3528289794921866e-06 -745687.47146557586
7.3623657226562498e-06 -744837.58164133609
7.3719024658203129e-06 -743989.89074027387
7.3814392089843752e-06 -743144.39023943117
7.3909759521484375e-06 -742301.07165983948
7.4005126953124998e-06 -741459.92656623584
7.4100494384765621e-06 -740620.94656678289
7.4195861816406244e-06 -739784.12331278832
7.4291229248046867e-06 -738949.4484984288
7.4386596679687498e-06 -738116.91386047495
7.448196411132813e-06 -737286.51117801876
7.4577331542968753e-06 -736458.23227220273
7.4672698974609376e-06 -735632.06900595187
7.4768066406249999e-06 -734808.01328370639
7.4863433837890622e-06 -733986.05705115793
7.4958801269531245e-06 -733166.19229498738
7.5054168701171868e-06 -732348.41104260331
7.5149536132812499e-06 -731532.70536188479
7.524490356445313e-06 -730719.06736092467
7.5340270996093753e-06 -729907.48918777413
7.5435638427734376e-06 -729097.96303019125
7.5531005859374999e-06 -728290.48111539008
7.5626373291015622e-06 -727485.03570979112
7.5721740722656245e-06 -726681.61911877512
7.5817108154296868e-06 -725880.22368643817
7.59124755859375e-06 -725080.8417953481
7.6007843017578131e-06 -724283.46586630307
7.6103210449218754e-06 -723488.08835809247
7.6198577880859377e-06 -722694.70176725904
7.62939453125e-06 -721903.29862786224
7.6389312744140623e-06 -721113.87151124526
7.6484680175781246e-06 -720326.41302580154
7.6580047607421869e-06 -719540.91581674479
7.6675415039062492e-06 -718757.37256587949
7.6770782470703115e-06 -717975.77599137381
7.6866149902343738e-06 -717196.11884753429
7.6961517333984378e-06 -716418.393924581
7.7056884765625001e-06 -715642.5940484273
7.7152252197265624e-06 -714868.71208045643
7.7247619628906264e-06 -714096.74091730488
7.7342987060546887e-06 -713326.67349064455
7.7438354492187509e-06 -712558.50276696577
7.7533721923828132e-06 -711792.22174736473
7.7629089355468755e-06 -711027.82346732996
7.7724456787109378e-06 -710265.30099653197
7.7819824218750001e-06 -709504.64743861312
7.7915191650390624e-06 -708745.85593098041
7.8010559082031247e-06 -707988.91964459827
7.810592651367187e-06 -707233.83178378467
7.8201293945312493e-06 -706480.58558600699
7.8296661376953116e-06 -705729.17432168045
7.8392028808593739e-06 -704979.59129396768
7.8487396240234379e-06 -704231.8298385794
7.8582763671875002e-06 -703485.88332357805
7.8678131103515625e-06 -702741.74514917994
7.8773498535156265e-06 -701999.40874756232
7.8868865966796888e-06 -701258.86758266925
7.8964233398437511e-06 -700520.11515001976
7.9059600830078134e-06 -699783.14497651742
7.9154968261718757e-06 -699047.95062026195
7.925033569335938e-06 -698314.52567036089
7.9345703125000003e-06 -697582.86374674283
7.9441070556640626e-06 -696852.95849997376
7.9536437988281249e-06 -696124.80361107213
7.9631805419921872e-06 -695398.39279132674
7.9727172851562495e-06 -694673.71978211671
7.9822540283203118e-06 -693950.77835473011
7.9917907714843741e-06 -693229.5623101868
8.001327514648438e-06 -692510.06547906052
8.0108642578125003e-06 -691792.28172130336
8.0204010009765626e-06 -691076.20492607111
8.0299377441406266e-06 -690361.82901154936
8.0394744873046889e-06 -689649.14792478224
8.0490112304687512e-06 -688938.15564150014
8.0585479736328135e-06 -688228.84616595099
8.0680847167968758e-06 -687521.21353073174
8.0776214599609381e-06 -686815.25179662032
8.0871582031250004e-06 -686110.95505240979
8.0966949462890627e-06 -685408.31741474406
8.106231689453125e-06 -684707.33302795258
8.1157684326171873e-06 -684007.99606388912
8.1253051757812496e-06 -683310.30072176934
8.1348419189453119e-06 -682614.24122801062
8.1443786621093742e-06 -681919.81183607329
8.1539154052734382e-06 -681227.00682630192
8.1634521484375005e-06 -680535.82050576818
8.1729888916015628e-06 -679846.2472081153
8.1825256347656268e-06 -679158.28129340312
8.1920623779296891e-06 -678471.91714795458
8.2015991210937514e-06 -677787.14918420243
8.2111358642578137e-06 -677103.97184053797
8.2206726074218759e-06 -676422.37958116003
8.2302093505859382e-06 -675742.36689592677
8.2397460937500005e-06 -675063.92830020539
8.2492828369140628e-06 -674387.05833472626
8.2588195800781251e-06 -673711.7515654352
8.2683563232421874e-06 -673038.00258334877
8.2778930664062497e-06 -672365.80600440991
8.287429809570312e-06 -671695.15646934416
8.2969665527343743e-06 -671026.04864351777
8.3065032958984383e-06 -670358.47721679532
8.3160400390625006e-06 -669692.4369034
8.3255767822265629e-06 -669027.9224417744
8.3351135253906269e-06 -668364.92859444057
8.3446502685546892e-06 -667703.45014786406
8.3541870117187515e-06 -667043.48191231617
8.3637237548828138e-06 -666385.01872173883
8.3732604980468761e-06 -665728.05543360906
8.3827972412109384e-06 -665072.58692880627
8.3923339843750007e-06 -664418.60811147781
8.401870727539063e-06 -663766.11390890833
8.4114074707031253e-06 -663115.09927138779
8.4209442138671876e-06 -662465.55917208118
8.4304809570312499e-06 -661817.48860689974
8.4400177001953122e-06 -661170.88259437168
8.4495544433593745e-06 -660525.73617551522
8.4590911865234384e-06 -659882.04441371141
8.4686279296875007e-06 -659239.80239457835
8.478164672851563e-06 -658599.00522584596
8.487701416015627e-06 -657959.64803723188
8.4972381591796893e-06 -657321.72598031862
8.5067749023437516e-06 -656685.23422842973
8.5163116455078139e-06 -656050.16797650931
8.5258483886718762e-06 -655416.52244100033
8.5353851318359385e-06 -654784.29285972472
8.5449218750000008e-06 -654153.47449176456
8.5544586181640631e-06 -653524.06261734269
8.5639953613281254e-06 -652896.05253770587
8.5735321044921877e-06 -652269.43957500695
8.58306884765625e-06 -651644.21907218965
8.5926055908203123e-06 -651020.38639287243
8.6021423339843746e-06 -650397.93692123436
8.6116790771484386e-06 -649776.86606190121
8.6212158203125009e-06 -649157.16923983197
8.6307525634765632e-06 -648538.84190020722
8.6402893066406272e-06 -647921.87950831663
8.6498260498046895e-06 -647306.27754944901
8.6593627929687518e-06 -646692.03152878175
8.6688995361328141e-06 -646079.13697127101
8.6784362792968764e-06 -645467.58942154376
8.6879730224609387e-06 -644857.3844437896
8.6975097656250009e-06 -644248.51762165327
8.7070465087890632e-06 -643640.98455812864
8.7165832519531255e-06 -643034.78087545186
8.7261199951171878e-06 -642429.90221499733
8.7356567382812501e-06 -641826.34423717286
8.7451934814453124e-06 -641224.10262131516
8.7547302246093747e-06 -640623.17306558799
8.7642669677734387e-06 -640023.55128687865
8.773803710937501e-06 -639425.23302069702
8.7833404541015633e-06 -638828.214021074
8.7928771972656273e-06 -638232.49006046087
8.8024139404296896e-06 -637638.05692963034
8.8119506835937519e-06 -637044.91043757671
8.8214874267578142e-06 -636453.04641141731
8.8310241699218765e-06 -635862.46069629479
8.8500976562500011e-06 -634685.10766927758
8.8691711425781257e-06 -633512.81847449695
8.8882446289062503e-06 -632345.56051217497
8.9073181152343749e-06 -631183.3014617603
8.9263916015625012e-06 -630026.00927894621
8.9454650878906274e-06 -628873.65219272417
8.964538574218752e-06 -627726.19870247797
8.9836120605468766e-06 -626583.61757511226
9.0026855468750012e-06 -625445.87784221873
9.0217590332031258e-06 -624312.9487972788
9.0408325195312504e-06 -623184.79999290011
9.059906005859375e-06 -622061.40123808966
9.0789794921875013e-06 -620942.7225955606
9.0980529785156276e-06 -619828.73437907163
9.1171264648437522e-06 -618719.40715080302
9.1361999511718768e-06 -617614.71171876148
9.1552734375000014e-06 -616514.61913422053
9.1743469238281259e-06 -615419.10068919172
9.1934204101562505e-06 -614328.12791392719
9.2124938964843751e-06 -613241.67257445306
9.2315673828125014e-06 -612159.70667013421
9.2506408691406277e-06 -611082.20243126911
9.2697143554687523e-06 -610009.13231671241
9.2887878417968769e-06 -608940.46901153051
9.3078613281250015e-06 -607876.18542468187
9.3269348144531261e-06 -606816.25468672905
9.3460083007812507e-06 -605760.6501475767
9.3650817871093753e-06 -604709.34537423821
9.3841552734375016e-06 -603662.31414862955
9.4032287597656278e-06 -602619.5304653889
9.4223022460937524e-06 -601580.96852972521
9.441375732421877e-06 -600546.60275528906
9.4604492187500016e-06 -599516.40776207321
9.4795227050781262e-06 -598490.35837433604
9.4985961914062508e-06 -597468.42961855012
9.5176696777343754e-06 -596450.59672137746
9.5367431640625017e-06 -595436.83510766644
9.555816650390628e-06 -594427.12039847381
9.5748901367187526e-06 -593421.42840911169
9.5939636230468772e-06 -592419.73514721519
9.6130371093750018e-06 -591422.01681083499
9.6321105957031264e-06 -590428.24978655239
9.6511840820312509e-06 -589438.41064761521
9.6702575683593755e-06 -588452.47615209932
9.6893310546875001e-06 -587470.42324108619
9.7084045410156247e-06 -586492.22903686785
9.7274780273437493e-06 -585517.87084116903
9.7465515136718739e-06 -584547.3261333917
9.7656250000000002e-06 -583580.57256888016
9.7846984863281265e-06 -582617.58797720575
9.8037719726562511e-06 -581658.35036047292
9.8228454589843757e-06 -580702.83789164305
9.8419189453125003e-06 -579751.02891287941
9.8609924316406249e-06 -578802.90193391114
9.8800659179687495e-06 -577858.43563041452
9.8991394042968741e-06 -576917.60884241632
9.9182128906249986e-06 -575980.4005727116
9.9372863769531232e-06 -575046.78998530225
9.9563598632812478e-06 -574116.75640385353
9.9754333496093724e-06 -573190.27931016695
9.9945068359374987e-06 -572267.33834267082
1.0013580322265625e-05 -571347.91329493036
1.003265380859375e-05 -570431.98411417112
1.0051727294921874e-05 -569519.53089982213
1.0070800781249999e-05 -568610.53390207409
1.0089874267578123e-05 -567704.97352045495
1.0108947753906248e-05 -566802.83030242054
1.0128021240234373e-05 -565904.0849419618
1.0147094726562499e-05 -565008.71827822796
1.0166168212890625e-05 -564116.71129416418
1.018524169921875e-05 -563228.04511516553
1.0204315185546874e-05 -562342.70100774593
1.0223388671874999e-05 -561460.66037822096
1.0242462158203124e-05 -560581.9047714069
1.0261535644531248e-05 -559706.41586933343
1.0280609130859373e-05 -558834.17548997037
1.0299682617187499e-05 -557965.16558596911
1.0318756103515625e-05 -557099.3682434184
1.033782958984375e-05 -556236.76568061288
1.0356903076171874e-05 -555377.34024683584
1.0375976562499999e-05 -554521.0744211548
1.0395050048828124e-05 -553667.95081123197
1.0414123535156248e-05 -552817.95215214568
1.0433197021484373e-05 -551971.06130522548
1.0452270507812499e-05 -551127.26125690143
1.0471343994140625e-05 -550286.53511756356
1.049041748046875e-05 -549448.86612043576
1.0509490966796875e-05 -548614.23762046068
1.0528564453124999e-05 -547782.63309319725
1.0547637939453124e-05 -546954.03613372997
1.0566711425781248e-05 -546128.43045559106
1.0585784912109373e-05 -545305.79988969199
1.0604858398437499e-05 -544486.12838326907
1.0623931884765626e-05 -543669.3999988382
1.064300537109375e-05 -542855.5989131633
1.0662078857421875e-05 -542044.70941623324
1.0681152343749999e-05 -541236.7159102509
1.0700225830078124e-05 -540431.60290863388
1.0719299316406249e-05 -539629.35503502411
1.0738372802734373e-05 -538829.95702231
1.0757446289062499e-05 -538033.39371165668
1.0776519775390626e-05 -537239.65005154896
1.079559326171875e-05 -536448.71109684266
1.0814666748046875e-05 -535660.56200782675
1.0833740234374999e-05 -534875.18804929499
1.0852813720703124e-05 -534092.57458962791
1.0871887207031249e-05 -533312.7070998844
1.0890960693359373e-05 -532535.57115290186
1.09100341796875e-05 -531761.15242240683
1.0929107666015626e-05 -530989.43668213522
1.094818115234375e-05 -530220.4098049606
1.0967254638671875e-05 -529454.05776203179
1.0986328125e-05 -528690.36662192072
1.1005401611328124e-05 -527929.32254977699
1.1024475097656249e-05 -527170.91180649376
1.1043548583984373e-05 -526415.1207478802
1.10626220703125e-05 -525661.935823843
1.1081695556640626e-05 -524911.34357757703
1.1100769042968751e-05 -524163.33064476412
1.1119842529296875e-05 -523417.88375277916
1.1138916015625e-05 -522674.98971990583
1.1157989501953124e-05 -521934.63545455877
1.1177062988281249e-05 -521196.80795451504
1.1196136474609374e-05 -520461.49430615333
1.12152099609375e-05 -519728.68168369937
1.1234283447265626e-05 -518998.35734848166
1.1253356933593751e-05 -518270.50864819204
1.1272430419921875e-05 -517545.12301615591
1.129150390625e-05 -516822.18797060824
1.1310577392578124e-05 -516101.69111397851
1.1329650878906249e-05 -515383.62013218115
1.1348724365234374e-05 -514667.96279391472
1.13677978515625e-05 -513954.70694996655
1.1386871337890626e-05 -513243.84053252614
1.1405944824218751e-05 -512535.35155450396
1.1425018310546875e-05 -511829.22810885799
1.1444091796875e-05 -511125.45836792619
1.1463165283203125e-05 -510424.03058276681
1.1482238769531249e-05 -509724.9330825035
1.1501312255859374e-05 -509028.15427367954
1.15203857421875e-05 -508333.68263961532
1.1539459228515626e-05 -507641.50673977489
1.1558532714843751e-05 -506951.61520913744
1.1577606201171876e-05 -506263.99675757514
1.15966796875e-05 -505578.64016923739
1.1615753173828125e-05 -504895.53430194041
1.1634826660156249e-05 -504214.66808656487
1.1653900146484374e-05 -503536.03052645625
1.16729736328125e-05 -502859.6106968337
1.1692047119140626e-05 -502185.39774420403
1.1711120605468751e-05 -501513.38088578073
1.1730194091796876e-05 -500843.54940890905
1.1749267578125e-05 -500175.89267049683
1.1768341064453125e-05 -499510.40009645134
1.1787414550781249e-05 -498847.06118112028
1.1806488037109374e-05 -498185.8654867392
1.18255615234375e-05 -497526.80264288431
1.1844635009765627e-05 -496869.86234592961
1.1863708496093751e-05 -496215.03435851104
1.1882781982421876e-05 -495562.30850899348
1.190185546875e-05 -494911.67469094455
1.1920928955078125e-05 -494263.12286261329
1.194000244140625e-05 -493616.6430464132
1.1959075927734374e-05 -492972.22532841086
1.19781494140625e-05 -492329.85985781829
1.1997222900390627e-05 -491689.53684649244
1.2016296386718751e-05 -491051.24656843679
1.2035369873046876e-05 -490414.97935930913
1.2054443359375001e-05 -489780.72561593424
1.2073516845703125e-05 -489148.47579582053
1.209259033203125e-05 -488518.2204166812
1.2111663818359374e-05 -487889.95005596062
1.2130737304687501e-05 -487263.6553503641
1.2149810791015627e-05 -486639.32699539361
1.2168884277343751e-05 -486016.95574488631
1.2187957763671876e-05 -485396.53241055837
1.2207031250000001e-05 -484778.04786155268
1.2226104736328125e-05 -484161.49302399112
1.224517822265625e-05 -483546.85888053011
1.2264251708984374e-05 -482934.13646992249
1.2283325195312501e-05 -482323.31688657991
1.2302398681640627e-05 -481714.39128014335
1.2321472167968752e-05 -481107.35085505439
1.2340545654296876e-05 -480502.18687013217
1.2359619140625001e-05 -479898.89063815342
1.2378692626953125e-05 -479297.45352543762
1.239776611328125e-05 -478697.86695143435
1.2416839599609375e-05 -478100.1223883155
1.2435913085937501e-05 -477504.21136057057
1.2454986572265627e-05 -476910.12544460694
1.2474060058593752e-05 -476317.85626835236
1.2493133544921876e-05 -475727.39551086153
1.2512207031250001e-05 -475138.73490192665
1.2531280517578126e-05 -474551.86622169119
1.255035400390625e-05 -473966.78130026767
1.2569427490234375e-05 -473383.472017358
1.2588500976562501e-05 -472801.9303018779
1.2607574462890627e-05 -472222.14813158498
1.2626647949218752e-05 -471644.11753270956
1.2645721435546876e-05 -471067.8305795893
1.2664794921875001e-05 -470493.27939430624
1.2683868408203126e-05 -469920.45614632906
1.270294189453125e-05 -469349.35305215628
1.2722015380859375e-05 -468779.96237496426
1.2741088867187501e-05 -468212.27642425749
1.2760162353515627e-05 -467646.28755552281
1.2779235839843752e-05 -467081.98816988559
1.2798309326171877e-05 -466519.37071377027
1.2817382812500001e-05 -465958.42767856282
1.2836456298828126e-05 -465399.15160027688
1.285552978515625e-05 -464841.53505922313
1.2874603271484375e-05 -464285.57067968056
1.2893676757812501e-05 -463731.25112957123
1.2912750244140628e-05 -463178.56912013871
1.2931823730468752e-05 -462627.51740562759
1.2950897216796877e-05 -462078.08878296782
1.2969970703125001e-05 -461530.27609145973
1.2989044189453126e-05 -460984.07221246406
1.3008117675781251e-05 -460439.47006909299
1.3027191162109375e-05 -459896.46262590465
1.3046264648437501e-05 -459355.04288859962
1.3065338134765628e-05 -458815.20390372159
1.3084411621093752e-05 -458276.93875835947
1.3103485107421877e-05 -457740.24057985132
1.3122558593750001e-05 -457205.10253549286
1.3141632080078126e-05 -456671.51783224719
1.3160705566406251e-05 -456139.47971645743
1.3179779052734375e-05 -455608.98147356126
1.3198852539062502e-05 -455080.01642780937
1.3217926025390628e-05 -454552.57794198475
1.3236999511718752e-05 -454026.65941712511
1.3256072998046877e-05 -453502.25429224788
1.3275146484375002e-05 -452979.35604407737
1.3294219970703126e-05 -452457.95818677376
1.3313293457031251e-05 -451938.05427166622
1.3332366943359375e-05 -451419.63788698538
1.33514404296875e-05 -450902.70265760092
1.3370513916015625e-05 -450387.24224475969
1.3389587402343749e-05 -449873.25034582708
1.3408660888671874e-05 -449360.72069402953
1.3427734375e-05 -448849.6470582005
1.3446807861328126e-05 -448340.02324252704
1.3465881347656251e-05 -447831.84308630048
1.3484954833984376e-05 -447325.10046366742
1.35040283203125e-05 -446819.78928338387
1.3523101806640625e-05 -446315.90348857112
1.3542175292968749e-05 -445813.43705647346
1.3561248779296874e-05 -445312.38399821881
1.3580322265624999e-05 -444812.73835858039
1.3599395751953123e-05 -444314.49421574071
1.3618469238281248e-05 -443817.64568105765
1.3637542724609372e-05 -443322.18689883291
1.3656616210937499e-05 -442828.11204608111
1.3675689697265625e-05 -442335.41533230239
1.3694763183593749e-05 -441844.09099925595
1.3713836669921874e-05 -441354.13332073594
1.3732910156249999e-05 -440865.53660234809
1.3751983642578123e-05 -440378.29518129048
1.3771057128906248e-05 -439892.40342613368
1.3790130615234372e-05 -439407.85573660437
1.3809204101562499e-05 -438924.64654336963
1.3828277587890625e-05 -438442.77030782425
1.384735107421875e-05 -437962.22152187862
1.3866424560546874e-05 -437482.99470774893
1.3885498046874999e-05 -437005.08441774931
1.3904571533203123e-05 -436528.48523408466
1.3923645019531248e-05 -436053.19176864711
1.3942718505859373e-05 -435579.19866281172
1.3961791992187499e-05 -435106.50058723608
1.3980865478515625e-05 -434635.09224165959
1.399993896484375e-05 -434164.96835470654
1.4019012451171874e-05 -433696.12368368852
1.4038085937499999e-05 -433228.55301441043
1.4057159423828124e-05 -432762.25116097607
1.4076232910156248e-05 -432297.21296559775
1.4095306396484373e-05 -431833.43329840497
1.4114379882812499e-05 -431370.90705725661
1.4133453369140625e-05 -430909.62916755315
1.415252685546875e-05 -430449.59458205174
1.4171600341796874e-05 -429990.79828068137
1.4190673828124999e-05 -429533.23527036124
1.4209747314453124e-05 -429076.90058481833
1.4228820800781248e-05 -428621.78928440885
1.4247894287109373e-05 -428167.89645593963
1.4266967773437499e-05 -427715.21721249091
1.4286041259765625e-05 -427263.7466932417
1.430511474609375e-05 -426813.48006329528
1.4324188232421875e-05 -426364.41251350642
1.4343261718749999e-05 -425916.53926031082
1.4362335205078124e-05 -425469.85554555501
1.4381408691406248e-05 -425024.35663632676
1.4400482177734373e-05 -424580.03782478999
1.4419555664062499e-05 -424136.89442801732
1.4438629150390626e-05 -423694.92178782605
1.445770263671875e-05 -423254.11527061497
1.4476776123046875e-05 -422814.47026720236
1.4495849609374999e-05 -422375.98219266522
1.4514923095703124e-05 -421938.64648618043
1.4533996582031249e-05 -421502.45861086558
1.4553070068359373e-05 -421067.4140536231
1.4572143554687499e-05 -420633.50832498411
1.4591217041015626e-05 -420200.73695895443
1.461029052734375e-05 -419769.09551286005
1.4629364013671875e-05 -419338.5795671973
1.4648437499999999e-05 -418909.1847254798
1.4667510986328124e-05 -418480.90661409014
1.4686584472656249e-05 -418053.74088213086
1.4705657958984373e-05 -417627.68320127751
1.47247314453125e-05 -417202.72926563193
1.4743804931640626e-05 -416778.87479157757
1.476287841796875e-05 -416356.11551763525
1.4781951904296875e-05 -415934.4472043211
1.4801025390625e-05 -415513.8656340033
1.4820098876953124e-05 -415094.3666107633
1.4839172363281249e-05 -414675.94596025505
1.4858245849609373e-05 -414258.59952956671
1.48773193359375e-05 -413842.3231870837
1.4896392822265626e-05 -413427.1128223518
1.4915466308593751e-05 -413012.96434594278
1.4934539794921875e-05 -412599.87368931843
1.495361328125e-05 -412187.83680469933
1.4972686767578124e-05 -411776.84966493124
1.4991760253906249e-05 -411366.90826335462
1.5010833740234374e-05 -410958.00861367362
1.50299072265625e-05 -410550.14674982789
1.5048980712890626e-05 -410143.3187258637
1.5068054199218751e-05 -409737.52061580692
1.5087127685546875e-05 -409332.74851353641
1.5106201171875e-05 -408928.99853265914
1.5125274658203124e-05 -408526.26680638525
1.5144348144531249e-05 -408124.54948740563
1.5163421630859374e-05 -407723.84274776786
1.51824951171875e-05 -407324.14277875581
1.5201568603515626e-05 -406925.44579076878
1.5220642089843751e-05 -406527.74801320164
1.5239715576171875e-05 -406131.04569432535
1.52587890625e-05 -405735.33510116988
1.5277862548828125e-05 -405340.61251940671
1.5296936035156249e-05 -404946.87425323273
1.5316009521484374e-05 -404554.11662525462
1.5335083007812498e-05 -404162.33597637468
1.5354156494140623e-05 -403771.52866567706
1.5373229980468748e-05 -403381.69107031496
1.5392303466796876e-05 -402992.81958539842
1.5411376953125e-05 -402604.91062388412
1.5430450439453125e-05 -402217.96061646362
1.5449523925781253e-05 -401831.96601145534
1.5468597412109377e-05 -401446.92327469506
1.5487670898437502e-05 -401062.828889428
1.5506744384765626e-05 -400679.67935620231
1.5525817871093751e-05 -400297.4711927622
1.5544891357421876e-05 -399916.20093394292
1.556396484375e-05 -399535.8651315656
1.5583038330078125e-05 -399156.46035433386
1.5602111816406249e-05 -398777.9831877299
1.5621185302734374e-05 -398400.43023391266
1.5640258789062499e-05 -398023.7981116157
1.5659332275390623e-05 -397648.08345604694
1.5678405761718748e-05 -397273.28291878739
1.5697479248046876e-05 -396899.39316769264
1.5716552734375e-05 -396526.41088679369
1.5735626220703125e-05 -396154.33277619898
1.5754699707031253e-05 -395783.15555199672
1.5773773193359378e-05 -395412.87594615942
1.5792846679687502e-05 -395043.49070644611
1.5811920166015627e-05 -394674.99659630912
1.5830993652343751e-05 -394307.39039479784
1.5850067138671876e-05 -393940.6688964662
1.5869140625000001e-05 -393574.82891127857
1.5888214111328125e-05 -393209.86726451799
1.590728759765625e-05 -392845.78079669341
1.5926361083984374e-05 -392482.56636344956
1.5945434570312499e-05 -392120.22083547572
1.5964508056640624e-05 -391758.74109841604
1.5983581542968748e-05 -391398.12405278056
1.6002655029296876e-05 -391038.36661385588
1.6021728515625001e-05 -390679.46571161831
1.6040802001953125e-05 -390321.41829064582
1.6059875488281253e-05 -389964.22131003079
1.6078948974609378e-05 -389607.87174329569
1.6098022460937502e-05 -389252.36657830537
1.6117095947265627e-05 -388897.70281718409
1.6136169433593752e-05 -388543.87747623026
1.6155242919921876e-05 -388190.88758583268
1.6174316406250001e-05 -387838.7301903881
1.6193389892578125e-05 -387487.40234821825
1.621246337890625e-05 -387136.90113148803
1.6231536865234375e-05 -386787.22362612427
1.6250610351562499e-05 -386438.36693173484
1.6269683837890624e-05 -386090.32816152845
1.6288757324218748e-05 -385743.10444223514
1.6307830810546876e-05 -385396.6929140272
1.6326904296875001e-05 -385051.09073044063
1.6345977783203126e-05 -384706.29505829688
1.6365051269531254e-05 -384362.30307762598
1.6384124755859378e-05 -384019.11198158935
1.6403198242187503e-05 -383676.7189764033
1.6422271728515627e-05 -383335.12128126353
1.6441345214843752e-05 -382994.31612826959
1.6460418701171876e-05 -382654.30076235038
1.6479492187500001e-05 -382315.07244118967
1.6498565673828126e-05 -381976.62843515229
1.651763916015625e-05 -381638.96602721146
1.6536712646484375e-05 -381302.08251287555
1.6555786132812499e-05 -380965.97520011576
1.6574859619140624e-05 -380630.64140929515
1.6593933105468749e-05 -380296.07847309648
1.6613006591796877e-05 -379962.28373645229
1.6632080078125001e-05 -379629.25455647416
1.6670227050781254e-05 -378965.48235544073
1.6708374023437503e-05 -378304.74096783472
1.6746520996093752e-05 -377647.00968194712
1.6784667968750001e-05 -376992.2679743573
1.6822814941406251e-05 -376340.49550779781
1.68609619140625e-05 -375691.6721290492
1.6899108886718749e-05 -375045.77786686219
1.6937255859375001e-05 -374402.79292990867
1.6975402832031254e-05 -373762.6977047603
1.7013549804687503e-05 -373125.47275389382
1.7051696777343752e-05 -372491.09881372354
1.7089843750000002e-05 -371859.55679265998
1.7127990722656251e-05 -371230.82776919461
1.71661376953125e-05 -370604.89299001038
1.7204284667968749e-05 -369981.7338681164
1.7242431640625002e-05 -369361.3319810087
1.7280578613281254e-05 -368743.6690688543
1.7318725585937504e-05 -368128.72703269991
1.7356872558593753e-05 -367516.48793270387
1.7395019531250002e-05 -366906.93398639141
1.7433166503906251e-05 -366300.04756693321
1.74713134765625e-05 -365695.81120144605
1.7509460449218749e-05 -365094.20756931574
1.7547607421875002e-05 -364495.21950054221
1.7585754394531255e-05 -363898.82997410593
1.7623901367187504e-05 -363305.02211635537
1.7662048339843753e-05 -362713.77919941588
1.7700195312500002e-05 -362125.08463961835
1.7738342285156251e-05 -361538.92199594906
1.7776489257812501e-05 -360955.27496851882
1.781463623046875e-05 -360374.12739705219
1.7852783203125002e-05 -359795.4632593955
1.7890930175781255e-05 -359219.26667004469
1.7929077148437504e-05 -358645.52187869174
1.7967224121093753e-05 -358074.21326878871
1.8005371093750002e-05 -357505.32535613159
1.8043518066406252e-05 -356938.84278746112
1.8081665039062501e-05 -356374.75033908099
1.811981201171875e-05 -355813.03291549493
1.8157958984375003e-05 -355253.67554805923
1.8196105957031255e-05 -354696.66339365352
1.8234252929687504e-05 -354141.98173336766
1.8272399902343754e-05 -353589.61597120529
1.8310546875000003e-05 -353039.55163280293
1.8348693847656252e-05 -352491.77436416649
1.8386840820312501e-05 -351946.2699304219
1.842498779296875e-05 -351403.0242145824
1.8463134765625003e-05 -350862.02321633045
1.8501281738281255e-05 -350323.25305081491
1.8539428710937505e-05 -349786.6999474637
1.8577575683593754e-05 -349252.3502488095
1.8615722656250003e-05 -348720.19040933182
1.8653869628906252e-05 -348190.20699431183
1.8692016601562501e-05 -347662.38667870179
1.8730163574218751e-05 -347136.7162460087
1.8768310546875003e-05 -346613.18258719007
1.8806457519531256e-05 -346091.77269956551
1.8844604492187505e-05 -345572.47368573904
1.8882751464843754e-05 -345055.27275253629
1.8920898437500003e-05 -344540.15720995341
1.8959045410156252e-05 -344027.11447011965
1.8997192382812502e-05 -343516.13204627141
1.9035339355468751e-05 -343007.19755173969
1.9073486328125003e-05 -342500.29869894841
1.9111633300781256e-05 -341995.42329842626
1.9149780273437505e-05 -341492.55925782915
1.9187927246093754e-05 -340991.69458097464
1.9226074218750004e-05 -340492.81736688805
1.9264221191406253e-05 -339995.91580886004
1.9302368164062502e-05 -339500.97819351475
1.9340515136718751e-05 -339007.99289988971
1.9378662109375e-05 -338516.94839852594
1.9416809082031249e-05 -338027.83325056935
1.9454956054687499e-05 -337540.63610688242
1.9493103027343748e-05 -337055.34570716589
1.953125e-05 -336571.95087909215
1.9569396972656253e-05 -336090.44053744676
1.9607543945312502e-05 -335610.80368328205
1.9645690917968751e-05 -335133.02940307854
1.9683837890625001e-05 -334657.10686791799
1.972198486328125e-05 -334183.02533266484
1.9760131835937499e-05 -333710.77413515741
1.9798278808593748e-05 -333240.34269540897
1.9836425781249997e-05 -332771.72051481711
1.9874572753906246e-05 -332304.89717538276
1.9912719726562496e-05 -331839.86233893852
1.9950866699218745e-05 -331376.60574638512
1.9989013671874997e-05 -330915.11721693684
2.002716064453125e-05 -330455.38664737606
2.0065307617187499e-05 -329997.40401131584
2.0103454589843748e-05 -329541.15935847047
2.0141601562499998e-05 -329086.64281393547
2.0179748535156247e-05 -328633.84457747464
2.0217895507812496e-05 -328182.75492281601
2.0256042480468745e-05 -327733.36419695505
2.0294189453124998e-05 -327285.66281946632
2.033233642578125e-05 -326839.64128182235
2.0370483398437499e-05 -326395.29014672094
2.0408630371093749e-05 -325952.60004741873
2.0446777343749998e-05 -325511.56168707373
2.0484924316406247e-05 -325072.16583809402
2.0523071289062496e-05 -324634.40334149427
2.0561218261718745e-05 -324198.2651062595
2.0599365234374998e-05 -323763.74210871552
2.0637512207031251e-05 -323330.82539190666
2.06756591796875e-05 -322899.50606498023
2.0713806152343749e-05 -322469.77530257776
2.0751953124999998e-05 -322041.62434423319
2.0790100097656247e-05 -321615.0444937775
2.0828247070312496e-05 -321190.02711874986
2.0866394042968746e-05 -320766.56364981504
2.0904541015624998e-05 -320344.64558018814
2.0942687988281251e-05 -319924.26446506416
2.09808349609375e-05 -319505.41192105506
2.1018981933593749e-05 -319088.07962563209
2.1057128906249998e-05 -318672.25931657472
2.1095275878906248e-05 -318257.94279142527
2.1133422851562497e-05 -317845.12190694985
2.1171569824218746e-05 -317433.78857860412
2.1209716796874999e-05 -317023.93478000612
2.1247863769531251e-05 -316615.55254241423
2.12860107421875e-05 -316208.63395420997
2.1324157714843749e-05 -315803.17116038798
2.1362304687499999e-05 -315399.15636204957
2.1400451660156248e-05 -314996.58181590372
2.1438598632812497e-05 -314595.43983377132
2.1476745605468746e-05 -314195.72278209648
2.1514892578124999e-05 -313797.42308146192
2.1553039550781251e-05 -313400.53320610995
2.1591186523437501e-05 -313005.04568346858
2.162933349609375e-05 -312610.95309368207
2.1667480468749999e-05 -312218.24806914752
2.1705627441406248e-05 -311826.92329405516
2.1743774414062497e-05 -311436.97150393424
2.1781921386718746e-05 -311048.3854852037
2.1820068359374999e-05 -310661.15807472682
2.1858215332031252e-05 -310275.2821593713
2.1896362304687501e-05 -309890.75067557412
2.193450927734375e-05 -309507.55660890974
2.1972656249999999e-05 -309125.69299366389
2.2010803222656248e-05 -308745.15291241166
2.2048950195312498e-05 -308365.92949559953
2.2087097167968747e-05 -307988.01592113188
2.2125244140624999e-05 -307611.40541396226
2.2163391113281252e-05 -307236.09124568815
2.2201538085937501e-05 -306862.06673415034
2.223968505859375e-05 -306489.32524303632
2.2277832031249999e-05 -306117.86018148786
2.2315979003906249e-05 -305747.66500371241
2.2354125976562498e-05 -305378.73320859845
2.2392272949218747e-05 -305011.0583393352
2.2430419921875e-05 -304644.63398303563
2.2468566894531252e-05 -304279.45377036411
2.2506713867187501e-05 -303915.51137516636
2.2544860839843751e-05 -303552.80051410524
2.25830078125e-05 -303191.31494629814
2.2621154785156249e-05 -302831.04847295978
2.2659301757812498e-05 -302471.99493704748
2.2697448730468747e-05 -302114.14822291041
2.2735595703125e-05 -301757.50225594227
2.2773742675781252e-05 -301402.05100223771
2.2811889648437502e-05 -301047.78846825229
2.2850036621093751e-05 -300694.70870046463
2.288818359375e-05 -300342.80578504392
2.2926330566406249e-05 -299992.07384751923
2.2964477539062498e-05 -299642.50705245236
2.3002624511718748e-05 -299294.09960311506
2.3040771484375e-05 -298946.84574116732
2.3078918457031253e-05 -298600.73974634131
2.3117065429687502e-05 -298255.77593612665
2.3155212402343751e-05 -297911.94866545935
2.3193359375e-05 -297569.25232641411
2.3231506347656249e-05 -297227.68134789914
2.3269653320312499e-05 -296887.23019535461
2.3307800292968748e-05 -296547.89337045338
2.3345947265625e-05 -296209.66541080503
2.3384094238281253e-05 -295872.54088966281
2.3422241210937502e-05 -295536.51441563369
2.3460388183593751e-05 -295201.58063239005
2.3498535156250001e-05 -294867.73421838618
2.353668212890625e-05 -294534.96988657536
2.3574829101562499e-05 -294203.28238413163
2.3612976074218748e-05 -293872.66649217258
2.3651123046875001e-05 -293543.11702548643
2.3689270019531253e-05 -293214.6288322602
2.3727416992187502e-05 -292887.19679381192
2.3765563964843752e-05 -292560.81582432386
2.3803710937500001e-05 -292235.48087058001
2.384185791015625e-05 -291911.18691170483
2.3880004882812499e-05 -291587.92895890499
2.3918151855468748e-05 -291265.7020552138
2.3956298828125001e-05 -290944.50127523736
2.3994445800781254e-05 -290624.32172490406
2.4032592773437503e-05 -290305.15854121564
2.4070739746093752e-05 -289987.00689200108
2.4108886718750001e-05 -289669.86197567271
2.414703369140625e-05 -289353.71902098478
2.4185180664062499e-05 -289038.57328679372
2.4223327636718749e-05 -288724.42006182193
2.4261474609375001e-05 -288411.2546644219
2.4299621582031254e-05 -288099.07244234474
2.4337768554687503e-05 -287787.86877250898
2.4375915527343752e-05 -287477.63906077272
2.4414062500000001e-05 -287168.37874170742
2.4452209472656251e-05 -286860.08327837393
2.44903564453125e-05 -286552.74816210067
2.4528503417968749e-05 -286246.36891226372
2.4566650390625001e-05 -285940.94107606926
2.4604797363281254e-05 -285636.4602283375
2.4642944335937503e-05 -285332.92197128938
2.4681091308593752e-05 -285030.32193433441
2.4719238281250002e-05 -284728.65577386104
2.4757385253906251e-05 -284427.9191730289
2.47955322265625e-05 -284128.10784156295
2.4833679199218749e-05 -283829.21751554887
2.4871826171875002e-05 -283531.24395723164
2.4909973144531254e-05 -283234.18295481481
2.4948120117187504e-05 -282938.03032226244
2.4986267089843753e-05 -282642.78189910162
2.5024414062500002e-05 -282348.4335502286
2.5062561035156251e-05 -282054.9811657152
2.51007080078125e-05 -281762.42066061747
2.5138854980468749e-05 -281470.7479747865
2.5177001953125002e-05 -281179.95907268015
2.5215148925781255e-05 -280890.0499431772
2.5253295898437504e-05 -280601.01659939281
2.5291442871093753e-05 -280312.85507849575
2.5329589843750002e-05 -280025.5614415271
2.5367736816406251e-05 -279739.13177322125
2.5405883789062501e-05 -279453.56218182744
2.544403076171875e-05 -279168.84879893373
2.5482177734375002e-05 -278884.98777929257
2.5520324707031255e-05 -278601.97530064714
2.5558471679687504e-05 -278319.80756356037
2.5596618652343753e-05 -278038.48079124413
2.5634765625000002e-05 -277757.99122939177
2.5672912597656252e-05 -277478.3351460101
2.5711059570312501e-05 -277199.50883125421
2.574920654296875e-05 -276921.50859726366
2.5787353515625003e-05 -276644.33077799971
2.5825500488281255e-05 -276367.97172908386
2.5863647460937504e-05 -276092.42782763857
2.5901794433593754e-05 -275817.69547212863
2.5939941406250003e-05 -275543.77108220448
2.5978088378906252e-05 -275270.65109854628
2.6016235351562501e-05 -274998.33198271028
2.605438232421875e-05 -274726.81021697528
2.6092529296875003e-05 -274456.08230419183
2.6130676269531255e-05 -274186.14476763178
2.6168823242187505e-05 -273916.9941508394
2.6206970214843754e-05 -273648.62701748387
2.6245117187500003e-05 -273381.03995121288
2.6283264160156252e-05 -273114.22955550824
2.6321411132812501e-05 -272848.19245354121
2.6359558105468751e-05 -272582.92528803088
2.6397705078125003e-05 -272318.42472110246
2.6435852050781256e-05 -272054.68743414752
2.6473999023437505e-05 -271791.71012768487
2.6512145996093754e-05 -271529.48952122324
2.6550292968750003e-05 -271268.02235312475
2.6588439941406252e-05 -271007.30538046954
2.6626586914062502e-05 -270747.33537892211
2.6664733886718751e-05 -270488.10914259794
2.6702880859375e-05 -270229.6234839317
2.6741027832031249e-05 -269971.87523354695
2.6779174804687498e-05 -269714.86124012625
2.6817321777343748e-05 -269458.57837028295
2.685546875e-05 -269203.0235084336
2.6893615722656253e-05 -268948.1935566719
2.6931762695312502e-05 -268694.08543464349
2.6969909667968751e-05 -268440.69607942167
2.7008056640625e-05 -268188.02244538435
2.7046203613281249e-05 -267936.0615040923
2.7084350585937499e-05 -267684.81024416751
2.7122497558593748e-05 -267434.2656711741
2.7160644531249997e-05 -267184.42480749864
2.7198791503906246e-05 -266935.28469223226
2.7236938476562495e-05 -266686.84238105413
2.7275085449218745e-05 -266439.09494611481
2.7313232421874997e-05 -266192.03947592183
2.735137939453125e-05 -265945.6730752252
2.7389526367187499e-05 -265699.99286490458
2.7427673339843748e-05 -265454.99598185689
2.7465820312499997e-05 -265210.6795788852
2.7503967285156246e-05 -264967.04082458833
2.7542114257812496e-05 -264724.0769032517
2.7580261230468745e-05 -264481.78501473862
2.7618408203124997e-05 -264240.16237438266
2.765655517578125e-05 -263999.20621288114
2.7694702148437499e-05 -263758.91377618938
2.7732849121093748e-05 -263519.28232541541
2.7770996093749998e-05 -263280.30913671613
2.7809143066406247e-05 -263041.99150119431
2.7847290039062496e-05 -262804.3267247958
2.7885437011718745e-05 -262567.31212820823
2.7923583984374998e-05 -262330.9450467602
2.796173095703125e-05 -262095.22283032161
2.7999877929687499e-05 -261860.14284320458
2.8038024902343749e-05 -261625.7024640649
2.8076171874999998e-05 -261391.89908580494
2.8114318847656247e-05 -261158.73011547665
2.8152465820312496e-05 -260926.19297418621
2.8190612792968745e-05 -260694.2850969983
2.8228759765624998e-05 -260463.00393284246
2.8266906738281251e-05 -260232.34694441888
2.83050537109375e-05 -260002.31160810607
2.8343200683593749e-05 -259772.89541386874
2.8381347656249998e-05 -259544.09586516622
2.8419494628906247e-05 -259315.91047886206
2.8457641601562496e-05 -259088.33678513454
2.8495788574218746e-05 -258861.37232738693
2.8533935546874998e-05 -258635.01466215934
2.8572082519531251e-05 -258409.26135904135
2.86102294921875e-05 -258184.11000058451
2.8648376464843749e-05 -257959.55818221634
2.8686523437499998e-05 -257735.60351215457
2.8724670410156248e-05 -257512.24361132245
2.8762817382812497e-05 -257289.47611326398
2.8800964355468746e-05 -257067.29866406109
2.8839111328124999e-05 -256845.70892224996
2.8877258300781251e-05 -256624.70455873935
2.89154052734375e-05 -256404.28325672876
2.8953552246093749e-05 -256184.44271162711
2.8991699218749999e-05 -255965.18063097307
2.9029846191406248e-05 -255746.49473435484
2.9067993164062497e-05 -255528.38275333156
2.9106140136718746e-05 -255310.84243135425
2.9144287109374999e-05 -255093.87152368849
2.9182434082031251e-05 -254877.4677973371
2.9220581054687501e-05 -254661.62903096332
2.925872802734375e-05 -254446.35301481502
2.9296874999999999e-05 -254231.6375506492
2.9335021972656248e-05 -254017.48045165715
2.9373168945312497e-05 -253803.87954239012
2.9411315917968746e-05 -253590.83265868577
2.9449462890624999e-05 -253378.33764759512
2.9487609863281252e-05 -253166.39236730992
2.9525756835937501e-05 -252954.99468709063
2.956390380859375e-05 -252744.14248719509
2.9602050781249999e-05 -252533.83365880765
2.9640197753906248e-05 -252324.06610396883
2.9678344726562498e-05 -252114.83773550572
2.9716491699218747e-05 -251906.1464769624
2.9754638671874999e-05 -251697.99026253153
2.9792785644531252e-05 -251490.36703698605
2.9830932617187501e-05 -251283.27475561172
2.986907958984375e-05 -251076.71138413963
2.9907226562499999e-05 -250870.67489867998
2.9945373535156249e-05 -250665.16328565564
2.9983520507812498e-05 -250460.17454173681
3.0021667480468747e-05 -250255.7066737756
3.0059814453125e-05 -250051.7576987418
3.0097961425781252e-05 -249848.32564365864
3.0136108398437501e-05 -249645.40854553893
3.0174255371093751e-05 -249443.00445132219
3.021240234375e-05 -249241.11141781192
3.0250549316406249e-05 -249039.72751161316
3.0288696289062498e-05 -248838.85080907121
3.0326843261718747e-05 -248638.47939621008
3.0364990234375e-05 -248438.61136867164
3.0403137207031252e-05 -248239.24483165555
3.0441284179687502e-05 -248040.3778998591
3.0517578125e-05 -247644.135357847
3.0593872070312498e-05 -247249.86884792146
3.0670166015624997e-05 -246857.56362357468
3.0746459960937495e-05 -246467.2050846662
3.082275390625e-05 -246078.77877561154
3.0899047851562505e-05 -245692.27038359712
3.0975341796875004e-05 -245307.66573682256
3.1051635742187502e-05 -244924.95080276803
3.1127929687500001e-05 -244544.11168648736
3.1204223632812499e-05 -244165.13462892632
3.1280517578124997e-05 -243788.0060052654
3.1356811523437496e-05 -243412.71232328648
3.1433105468750001e-05 -243039.24022176416
3.1509399414062506e-05 -242667.5764688795
3.1585693359375004e-05 -242297.70796065719
3.1661987304687503e-05 -241929.62171942528
3.1738281250000001e-05 -241563.30489229711
3.1814575195312499e-05 -241198.74474967516
3.1890869140624998e-05 -240835.92868377626
3.1967163085937496e-05 -240474.84420717778
3.2043457031250001e-05 -240115.4789513851
3.2119750976562507e-05 -239757.82066541893
3.2196044921875005e-05 -239401.85721442307
3.2272338867187503e-05 -239047.57657829154
3.2348632812500002e-05 -238694.96685031574
3.24249267578125e-05 -238344.01623585029
3.2501220703124998e-05 -237994.71305099741
3.2577514648437497e-05 -237647.04572131054
3.2653808593750002e-05 -237301.00278051547
3.2730102539062507e-05 -236956.57286924959
3.2806396484375005e-05 -236613.74473381898
3.2882690429687504e-05 -236272.50722497198
3.2958984375000002e-05 -235932.84929669113
3.3035278320312501e-05 -235594.76000500043
3.3111572265624999e-05 -235258.22850679021
3.3187866210937497e-05 -234923.24405865732
3.3264160156250002e-05 -234589.79601576223
3.3340454101562508e-05 -234257.87383070079
3.3416748046875006e-05 -233927.46705239231
3.3493041992187504e-05 -233598.56532498222
3.3569335937500003e-05 -233271.15838676027
3.3645629882812501e-05 -232945.23606909273
3.3721923828124999e-05 -232620.7882953698
3.3798217773437498e-05 -232297.80507996699
3.3874511718750003e-05 -231976.27652722012
3.3950805664062508e-05 -231656.19283041504
3.4027099609375007e-05 -231337.54427079018
3.4103393554687505e-05 -231020.32121655258
3.4179687500000003e-05 -230704.51412190756
3.4255981445312502e-05 -230390.11352610093
3.4332275390625e-05 -230077.11005247408
3.4408569335937498e-05 -229765.49440753154
3.4484863281250004e-05 -229455.25738002142
3.4561157226562509e-05 -229146.38984002714
3.4637451171875007e-05 -228838.88273807216
3.4713745117187505e-05 -228532.72710423547
3.4790039062500004e-05 -228227.91404727989
3.4866333007812502e-05 -227924.43475379067
3.4942626953125001e-05 -227622.28048732612
3.5018920898437499e-05 -227321.44258757928
3.5095214843750004e-05 -227021.91246955006
3.5171508789062509e-05 -226723.68162272868
3.5247802734375008e-05 -226426.74161028943
3.5324096679687506e-05 -226131.08406829485
3.5400390625000004e-05 -225836.70070491056
3.5476684570312503e-05 -225543.58329962956
3.5552978515625001e-05 -225251.72370250741
3.5629272460937499e-05 -224961.11383340618
3.5705566406250005e-05 -224671.74568124922
3.578186035156251e-05 -224383.61130328444
3.5858154296875008e-05 -224096.70282435772
3.5934448242187507e-05 -223811.01243619528
3.6010742187500005e-05 -223526.53239669502
3.6087036132812503e-05 -223243.25502922726
3.6163330078125002e-05 -222961.17272194393
3.62396240234375e-05 -222680.2779270969
3.6315917968750005e-05 -222400.5631603642
3.639221191406251e-05 -222122.02100018575
3.6468505859375009e-05 -221844.64408710648
3.6544799804687507e-05 -221568.42512312814
3.6621093750000005e-05 -221293.35687106909
3.6697387695312504e-05 -221019.4321539322
3.6773681640625002e-05 -220746.64385428047
3.6849975585937501e-05 -220474.98491362049
3.6926269531250006e-05 -220204.44833179351
3.7002563476562511e-05 -219935.027166374
3.7078857421875009e-05 -219666.71453207583
3.7155151367187508e-05 -219399.50360016542
3.7231445312500006e-05 -219133.38759788251
3.7307739257812504e-05 -218868.35980786762
3.7384033203125003e-05 -218604.41356759696
3.7460327148437501e-05 -218341.54226882401
3.7536621093750006e-05 -218079.73935702757
3.7612915039062511e-05 -217818.9983308673
3.768920898437501e-05 -217559.31274164538
3.7765502929687508e-05 -217300.67619277452
3.7841796875000007e-05 -217043.08233925281
3.7918090820312505e-05 -216786.52488714489
3.7994384765625003e-05 -216530.99759306895
3.8070678710937502e-05 -216276.49426369046
3.8146972656250007e-05 -216023.00875522153
3.8223266601562512e-05 -215770.53497292631
3.829956054687501e-05 -215519.06687063281
3.8375854492187509e-05 -215268.59845024988
3.8452148437500007e-05 -215019.12376129013
3.8528442382812505e-05 -214770.63690039894
3.8604736328125004e-05 -214523.13201088828
3.8681030273437502e-05 -214276.60328227698
3.8757324218750001e-05 -214031.04494983557
3.8833618164062499e-05 -213786.45129413696
3.8909912109374997e-05 -213542.81664061235
3.8986206054687496e-05 -213300.13535911229
3.9062500000000001e-05 -213058.40186347274
3.9138793945312506e-05 -212817.61061108662
3.9215087890625004e-05 -212577.75610248011
3.9291381835937503e-05 -212338.83288089337
3.9367675781250001e-05 -212100.8355318674
3.9443969726562499e-05 -211863.75868283428
3.9520263671874998e-05 -211627.59700271333
3.9596557617187496e-05 -211392.34520151102
3.9672851562499995e-05 -211157.99802992624
3.9749145507812493e-05 -210924.5502789595
3.9825439453124991e-05 -210691.99677952702
3.990173339843749e-05 -210460.33240207913
3.9978027343749995e-05 -210229.5520562231
4.00543212890625e-05 -209999.65069035001
4.0130615234374998e-05 -209770.62329126644
4.0206909179687497e-05 -209542.46488382953
4.0283203124999995e-05 -209315.170530587
4.0359497070312493e-05 -209088.73533142076
4.0435791015624992e-05 -208863.15442319488
4.051208496093749e-05 -208638.42297940707
4.0588378906249995e-05 -208414.53620984461
4.0664672851562501e-05 -208191.48936024372
4.0740966796874999e-05 -207969.27771195333
4.0817260742187497e-05 -207747.89658160182
4.0893554687499996e-05 -207527.34132076809
4.0969848632812494e-05 -207307.60731565618
4.1046142578124992e-05 -207088.68998677359
4.1122436523437491e-05 -206870.58478861267
4.1198730468749996e-05 -206653.28720933641
4.1275024414062501e-05 -206436.79277046688
4.1351318359374999e-05 -206221.09702657777
4.1427612304687498e-05 -206006.19556498993
4.1503906249999996e-05 -205792.08400547027
4.1580200195312495e-05 -205578.75799993423
4.1656494140624993e-05 -205366.21323215144
4.1732788085937491e-05 -205154.44541745429
4.1809082031249996e-05 -204943.45030245034
4.1885375976562502e-05 -204733.22366473707
4.1961669921875e-05 -204523.76131262042
4.2037963867187498e-05 -204315.05908483613
4.2114257812499997e-05 -204107.11285027381
4.2190551757812495e-05 -203899.91850770477
4.2266845703124993e-05 -203693.47198551186
4.2343139648437492e-05 -203487.76924142306
4.2419433593749997e-05 -203282.80626224738
4.2495727539062502e-05 -203078.57906361393
4.2572021484375001e-05 -202875.08368971356
4.2648315429687499e-05 -202672.31621304349
4.2724609374999997e-05 -202470.27273415454
4.2800903320312496e-05 -202268.94938140101
4.2877197265624994e-05 -202068.34231069344
4.2953491210937492e-05 -201868.44770525393
4.3029785156249998e-05 -201669.26177537371
4.3106079101562503e-05 -201470.78075817408
4.3182373046875001e-05 -201273.00091736892
4.3258666992187499e-05 -201075.91854303042
4.3334960937499998e-05 -200879.52995135711
4.3411254882812496e-05 -200683.83148444418
4.3487548828124995e-05 -200488.81951005617
4.3563842773437493e-05 -200294.49042140253
4.3640136718749998e-05 -200100.84063691497
4.3716430664062503e-05 -199907.86660002737
4.3792724609375002e-05 -199715.5647789581
4.38690185546875e-05 -199523.93166649446
4.3945312499999998e-05 -199332.96377977933
4.4021606445312497e-05 -199142.6576601002
4.4097900390624995e-05 -198953.00987268036
4.4174194335937493e-05 -198764.01700647202
4.4250488281249999e-05 -198575.67567395189
4.4326782226562504e-05 -198387.98251091872
4.4403076171875002e-05 -198200.93417629291
4.4479370117187501e-05 -198014.52735191828
4.4555664062499999e-05 -197828.75874236564
4.4631958007812497e-05 -197643.62507473869
4.4708251953124996e-05 -197459.12309848177
4.4784545898437494e-05 -197275.24958518939
4.4860839843749999e-05 -197092.00132841812
4.4937133789062504e-05 -196909.37514350002
4.5013427734375003e-05 -196727.36786735806
4.5089721679687501e-05 -196545.97635832365
4.5166015624999999e-05 -196365.19749595545
4.5242309570312498e-05 -196185.02818086091
4.5318603515624996e-05 -196005.46533451855
4.5394897460937495e-05 -195826.50589910307
4.547119140625e-05 -195648.14683731124
4.5547485351562505e-05 -195470.38513219051
4.5623779296875003e-05 -195293.21778696845
4.5700073242187502e-05 -195116.64182488454
4.57763671875e-05 -194940.65428902337
4.5852661132812498e-05 -194765.25224214938
4.5928955078124997e-05 -194590.43276654356
4.6005249023437495e-05 -194416.19296384169
4.608154296875e-05 -194242.5299548739
4.6157836914062505e-05 -194069.44087950618
4.6234130859375004e-05 -193896.92289648336
4.6310424804687502e-05 -193724.97318327343
4.6386718750000001e-05 -193553.58893591372
4.6463012695312499e-05 -193382.76736885842
4.6539306640624997e-05 -193212.50571482751
4.6615600585937496e-05 -193042.80122465757
4.6691894531250001e-05 -192873.65116715318
4.6768188476562506e-05 -192705.05282894117
4.6844482421875004e-05 -192537.00351432487
4.6920776367187503e-05 -192369.50054514059
4.6997070312500001e-05 -192202.54126061531
4.7073364257812499e-05 -192036.12301722588
4.7149658203124998e-05 -191870.24318855914
4.7225952148437496e-05 -191704.89916517405
4.7302246093750001e-05 -191540.08835446462
4.7378540039062507e-05 -191375.80818052436
4.7454833984375005e-05 -191212.05608401226
4.7531127929687503e-05 -191048.82952201954
4.7607421875000002e-05 -190886.12596793807
4.76837158203125e-05 -190723.94291133023
4.7760009765624998e-05 -190562.27785779923
4.7836303710937497e-05 -190401.12832886184
4.7912597656250002e-05 -190240.49186182104
4.7988891601562507e-05 -190080.366009641
4.8065185546875005e-05 -189920.74834082261
4.8141479492187504e-05 -189761.63643928038
4.8217773437500002e-05 -189603.02790422051
4.8294067382812501e-05 -189444.92035002002
4.8370361328124999e-05 -189287.31140610727
4.8446655273437497e-05 -189130.1987168433
4.8522949218750002e-05 -188973.57994140449
4.8599243164062508e-05 -188817.45275366626
4.8675537109375006e-05 -188661.81484208806
4.8751831054687504e-05 -188506.66390959875
4.8828125000000003e-05 -188351.99767348418
4.8904418945312501e-05 -188197.81386527471
4.8980712890624999e-05 -188044.1102306346
4.9057006835937498e-05 -187890.88452925184
4.9133300781250003e-05 -187738.13453472953
4.9209594726562508e-05 -187585.85803447783
4.9285888671875007e-05 -187434.05282960719
4.9362182617187505e-05 -187282.71673482229
4.9438476562500003e-05 -187131.84757831751
4.9514770507812502e-05 -186981.44320167252
4.9591064453125e-05 -186831.50145974976
4.9667358398437498e-05 -186682.02022059224
4.9743652343750004e-05 -186532.99736532237
4.9819946289062509e-05 -186384.43078804191
4.9896240234375007e-05 -186236.31839573284
4.9972534179687505e-05 -186088.65810815885
5.0048828125000004e-05 -185941.44785776795
5.0125122070312502e-05 -185794.68558959608
5.0201416015625001e-05 -185648.36926117126
5.0277709960937499e-05 -185502.49684241906
5.0354003906250004e-05 -185357.06631556837
5.0430297851562509e-05 -185212.07567505862
5.0506591796875008e-05 -185067.52292744737
5.0582885742187506e-05 -184923.40609131899
5.0659179687500004e-05 -184779.72319719405
5.0735473632812503e-05 -184636.47228743971
5.0811767578125001e-05 -184493.65141618063
5.0888061523437499e-05 -184351.25864921085
5.0964355468750005e-05 -184209.29206390653
5.104064941406251e-05 -184067.7497491393
5.1116943359375008e-05 -183926.62980519058
5.1193237304687507e-05 -183785.93034366646
5.1269531250000005e-05 -183645.64948741344
5.1345825195312503e-05 -183505.78537043493
5.1422119140625002e-05 -183366.33613780857
5.14984130859375e-05 -183227.29994560414
5.1574707031250005e-05 -183088.67496080216
5.165100097656251e-05 -182950.45936121352
5.1727294921875009e-05 -182812.65133539934
5.1803588867187507e-05 -182675.24908259208
5.1879882812500005e-05 -182538.2508126169
5.1956176757812504e-05 -182401.65474581395
5.2032470703125002e-05 -182265.45911296128
5.2108764648437501e-05 -182129.66215519837
5.2185058593750006e-05 -181994.26212395047
5.2261352539062511e-05 -181859.25728085343
5.2337646484375009e-05 -181724.64589767947
5.2413940429687508e-05 -181590.42625626316
5.2490234375000006e-05 -181456.59664842839
5.2566528320312504e-05 -181323.15537591593
5.2642822265625003e-05 -181190.10075031154
5.2719116210937501e-05 -181057.43109297476
5.2795410156250006e-05 -180925.14473496811
5.2871704101562511e-05 -180793.2400169874
5.294799804687501e-05 -180661.71528929207
5.3024291992187508e-05 -180530.56891163648
5.3100585937500007e-05 -180399.79925320164
5.3176879882812505e-05 -180269.40469252772
5.3253173828125003e-05 -180139.3836174469
5.3329467773437502e-05 -180009.73442501688
5.340576171875e-05 -179880.45552145509
5.3482055664062498e-05 -179751.54532207325
5.3558349609374997e-05 -179623.00225121266
5.3634643554687495e-05 -179494.82474218
5.37109375e-05 -179367.01123718353
5.3787231445312505e-05 -179239.56018727008
5.3863525390625004e-05 -179112.47005226254
5.4016113281250001e-05 -178859.3664097639
5.4168701171874997e-05 -178607.68816144328
5.4321289062499994e-05 -178357.42329555357
5.4473876953124991e-05 -178108.55993493285
5.4626464843749994e-05 -177861.08633512518
5.4779052734374998e-05 -177614.99088253189
5.4931640624999995e-05 -177370.26209259435
5.5084228515624991e-05 -177126.8886080067
5.5236816406249995e-05 -176884.85919695813
5.5389404296874998e-05 -176644.16275140431
5.5541992187499995e-05 -176404.78828536742
5.5694580078124992e-05 -176166.72493326385
5.5847167968749995e-05 -175929.96194825947
5.5999755859374999e-05 -175694.48870065203
5.6152343749999996e-05 -175460.29467627939
5.6304931640624992e-05 -175227.36947495412
5.6457519531249996e-05 -174995.7028089232
5.6610107421874999e-05 -174765.28450135284
5.6762695312499996e-05 -174536.10448483759
5.6915283203124993e-05 -174308.15279993333
5.7067871093749996e-05 -174081.41959371421
5.7220458984375e-05 -173855.89511835214
5.7373046874999997e-05 -173631.56972971934
5.7525634765624993e-05 -173408.43388601308
5.7678222656249997e-05 -173186.47814640205
5.7830810546875001e-05 -172965.69316969425
5.7983398437499997e-05 -172746.06971302605
5.8135986328124994e-05 -172527.59863057188
5.8288574218749998e-05 -172310.27087227377
5.8441162109375001e-05 -172094.07748259147
5.8593749999999998e-05 -171879.00959927161
5.8746337890624995e-05 -171665.05845213606
5.8898925781249998e-05 -171452.21536188951
5.9051513671875002e-05 -171240.47173894502
5.9204101562499998e-05 -171029.81908226816
5.9356689453124995e-05 -170820.24897823873
5.9509277343749999e-05 -170611.75309952997
5.9661865234375002e-05 -170404.32320400534
5.9814453124999999e-05 -170197.95113363158
5.9967041015624996e-05 -169992.62881340896
6.0119628906249999e-05 -169788.34825031736
6.0272216796875003e-05 -169585.10153227861
6.0424804687499999e-05 -169382.88082713468
6.0577392578124996e-05 -169181.67838164078
6.072998046875e-05 -168981.48652047431
6.0882568359375003e-05 -168782.29764525825
6.103515625e-05 -168584.10423359924
6.1187744140624997e-05 -168386.89883814039
6.1340332031249993e-05 -168190.67408562778
6.149291992187499e-05 -167995.4226759912
6.1645507812500001e-05 -167801.13738143834
6.1798095703125011e-05 -167607.8110455625
6.1950683593750008e-05 -167415.4365824635
6.2103271484375004e-05 -167224.00697588132
6.2255859375000001e-05 -167033.51527834297
6.2408447265624998e-05 -166843.95461032129
6.2561035156249995e-05 -166655.31815940648
6.2713623046874991e-05 -166467.59917948957
6.2866210937500002e-05 -166280.79098995784
6.3018798828125012e-05 -166094.88697490178
6.3171386718750009e-05 -165909.88058233378
6.3323974609375005e-05 -165725.76532341779
6.3476562500000002e-05 -165542.53477171061
6.3629150390624999e-05 -165360.18256241333
6.3781738281249996e-05 -165178.70239163446
6.3934326171874992e-05 -164998.08801566268
6.4086914062500003e-05 -164818.33325025064
6.4239501953125013e-05 -164639.43196990874
6.439208984375001e-05 -164461.37810720882
6.4544677734375007e-05 -164284.1656520979
6.4697265625000003e-05 -164107.78865122178
6.4849853515625e-05 -163932.24120725764
6.5002441406249997e-05 -163757.51747825666
6.5155029296874993e-05 -163583.61167699556
6.5307617187500004e-05 -163410.51807033719
6.5460205078125014e-05 -163238.2309786003
6.5612792968750011e-05 -163066.74477493786
6.5765380859375008e-05 -162896.05388472413
6.5917968750000004e-05 -162726.15278495027
6.6070556640625001e-05 -162557.0360036284
6.6223144531249998e-05 -162388.69811920359
6.6375732421874995e-05 -162221.13375997433
6.6528320312500005e-05 -162054.33760352083
6.6680908203125015e-05 -161888.30437614096
6.6833496093750012e-05 -161723.02885229449
6.6986083984375009e-05 -161558.50585405403
6.7138671875000005e-05 -161394.73025056449
6.7291259765625002e-05 -161231.696957509
6.7443847656249999e-05 -161069.40093658274
6.7596435546874996e-05 -160907.83719497331
6.7749023437500006e-05 -160747.00078484873
6.7901611328125016e-05 -160586.88680285192
6.8054199218750013e-05 -160427.49038960206
6.820678710937501e-05 -160268.80672920268
6.8359375000000007e-05 -160110.83104875643
6.8511962890625003e-05 -159953.55861788624
6.866455078125e-05 -159796.98474826277
6.8817138671874997e-05 -159641.10479313834
6.8969726562500007e-05 -159485.91414688696
6.9122314453125017e-05 -159331.40824455037
6.9274902343750014e-05 -159177.58256139024
6.9427490234375011e-05 -159024.43261244611
6.9580078125000008e-05 -158871.95395209943
6.9732666015625004e-05 -158720.14217364273
6.9885253906250001e-05 -158568.99290885523
7.0037841796874998e-05 -158418.50182758344
7.0190429687500008e-05 -158268.66463732731
7.0343017578125018e-05 -158119.47708283196
7.0495605468750015e-05 -157970.93494568448
7.0648193359375012e-05 -157823.03404391624
7.0800781250000009e-05 -157675.77023160993
7.0953369140625005e-05 -157529.1393985122
7.1105957031250002e-05 -157383.13746965065
7.1258544921874999e-05 -157237.76040495647
7.1411132812500009e-05 -157093.00419889123
7.156372070312502e-05 -156948.86488007894
7.1716308593750016e-05 -156805.33851094253
7.1868896484375013e-05 -156662.42118734511
7.202148437500001e-05 -156520.10903823562
7.2174072265625007e-05 -156378.39822529923
7.2326660156250003e-05 -156237.28494261188
7.2479248046875e-05 -156096.76541629955
7.263183593750001e-05 -155956.83590420123
7.2784423828125021e-05 -155817.49269553684
7.2937011718750017e-05 -155678.73211057892
7.3089599609375014e-05 -155540.5505003283
7.3242187500000011e-05 -155402.94424619418
7.3394775390625008e-05 -155265.90975967795
7.3547363281250004e-05 -155129.44348206118
7.3699951171875001e-05 -154993.5418840971
7.3852539062500011e-05 -154858.2014657064
7.4005126953125022e-05 -154723.41875567625
7.4157714843750018e-05 -154589.19031136361
7.4310302734375015e-05 -154455.51271840167
7.4462890625000012e-05 -154322.38259041033
7.4615478515625009e-05 -154189.79656870989
7.4768066406250005e-05 -154057.75132203838
7.4920654296875002e-05 -153926.24354627254
7.5073242187500012e-05 -153795.26996415181
7.5225830078125023e-05 -153664.82732500602
7.537841796875002e-05 -153534.91240448624
7.5531005859375016e-05 -153405.52200429878
7.5683593750000013e-05 -153276.65295194279
7.583618164062501e-05 -153148.3021004505
7.5988769531250007e-05 -153020.46632813106
7.6141357421875003e-05 -152893.14253831719
7.6293945312500014e-05 -152766.3276591149
7.6446533203125024e-05 -152640.01864315633
7.6599121093750021e-05 -152514.21246735545
7.6751708984375017e-05 -152388.90613266674
7.6904296875000014e-05 -152264.0966638464
7.7056884765625011e-05 -152139.78110921715
7.7209472656250008e-05 -152015.95654043506
7.7362060546875004e-05 -151892.62005225947
7.7514648437500001e-05 -151769.76876232564
7.7667236328124998e-05 -151647.39981092006
7.7819824218749995e-05 -151525.51036075837
7.7972412109374991e-05 -151404.0975967657
7.8125000000000002e-05 -151283.15872586015
7.8277587890625012e-05 -151162.69097673814
7.8430175781250009e-05 -151042.69159966276
7.8582763671875005e-05 -150923.15786625416
7.8735351562500002e-05 -150804.08706928272
7.8887939453124999e-05 -150685.47652246457
7.9040527343749996e-05 -150567.32356025933
7.9193115234374992e-05 -150449.62553767025
7.9345703124999989e-05 -150332.37983004676
7.9498291015624986e-05 -150215.5838328891
7.9650878906249983e-05 -150099.2349616554
7.9803466796874979e-05 -149983.33065157084
7.995605468749999e-05 -149867.86835743903
8.0108642578125e-05 -149752.84555345555
8.0261230468749997e-05 -149638.25973302365
8.0413818359374993e-05 -149524.10840857189
8.056640624999999e-05 -149410.38911137416
8.0718994140624987e-05 -149297.09939137142
8.0871582031249984e-05 -149184.23681699566
8.102416992187498e-05 -149071.79897499579
8.1176757812499991e-05 -148959.78347026539
8.1329345703125001e-05 -148848.18792567268
8.1481933593749998e-05 -148737.00998189198
8.1634521484374995e-05 -148626.24729723754
8.1787109374999991e-05 -148515.89754749884
8.1939697265624988e-05 -148405.95842577791
8.2092285156249985e-05 -148296.42764232843
8.2244873046874982e-05 -148187.30292439662
8.2397460937499992e-05 -148078.58201606391
8.2550048828125002e-05 -147970.26267809147
8.2702636718749999e-05 -147862.34268776607
8.2855224609374996e-05 -147754.81983874808
8.3007812499999992e-05 -147647.69194092101
8.3160400390624989e-05 -147540.9568202426
8.3312988281249986e-05 -147434.61231859762
8.3465576171874983e-05 -147328.65629365231
8.3618164062499993e-05 -147223.08661871043
8.3770751953125003e-05 -147117.90118257067
8.392333984375e-05 -147013.09788938609
8.4075927734374997e-05 -146908.67465852445
8.4228515624999993e-05 -146804.62942443066
8.438110351562499e-05 -146700.96013649032
8.4533691406249987e-05 -146597.66475889491
8.4686279296874984e-05 -146494.74127050833
8.4838867187499994e-05 -146392.18766473516
8.4991455078125004e-05 -146290.0019493899
8.5144042968750001e-05 -146188.18214656806
8.5296630859374998e-05 -146086.72629251811
8.5449218749999995e-05 -145985.63243751557
8.5601806640624991e-05 -145884.89864573756
8.5754394531249988e-05 -145784.52299513941
8.5906982421874985e-05 -145684.50357733198
8.6059570312499995e-05 -145584.83849746111
8.6212158203125005e-05 -145485.52587408733
8.6364746093750002e-05 -145386.56383906762
8.6517333984374999e-05 -145287.95053743804
8.6669921874999996e-05 -145189.68412729792
8.6822509765624992e-05 -145091.76277969472
8.6975097656249989e-05 -144994.18467851085
8.7127685546874986e-05 -144896.948020351
8.7280273437499996e-05 -144800.051014431
8.7432861328125007e-05 -144703.49188246779
8.7585449218750003e-05 -144607.26885857055
8.7738037109375e-05 -144511.38018913293
8.7890624999999997e-05 -144415.82413272641
8.8043212890624993e-05 -144320.59895999471
8.819580078124999e-05 -144225.70295354945
8.8348388671874987e-05 -144131.13440786675
8.8500976562499997e-05 -144036.891629185
8.8653564453125008e-05 -143942.97293540352
8.8806152343750004e-05 -143849.37665598257
8.8958740234375001e-05 -143756.10113184396
8.9111328124999998e-05 -143663.1447152732
8.9263916015624995e-05 -143570.50576982208
8.9416503906249991e-05 -143478.18267021282
8.9569091796874988e-05 -143386.17380224261
8.9721679687499998e-05 -143294.47756268978
8.9874267578125009e-05 -143203.09235922035
9.0026855468750005e-05 -143112.01661029583
9.0179443359375002e-05 -143021.24874508186
9.0332031249999999e-05 -142930.78720335782
9.0484619140624996e-05 -142840.63043542739
9.0637207031249992e-05 -142750.7769020299
9.0789794921874989e-05 -142661.22507425264
9.0942382812499999e-05 -142571.97343344404
9.109497070312501e-05 -142483.02047112779
9.1247558593750007e-05 -142394.3646889177
9.1400146484375003e-05 -142306.00459843347
9.1552734375e-05 -142217.93872121742
9.1705322265624997e-05 -142130.16558865178
9.1857910156249993e-05 -142042.68374187703
9.201049804687499e-05 -141955.49173171105
9.2163085937500001e-05 -141868.58811856894
9.2468261718750008e-05 -141695.64037252765
9.2773437500000001e-05 -141523.82917602404
9.3078613281249995e-05 -141353.14334988937
9.3383789062500002e-05 -141183.57186108784
9.3688964843750009e-05 -141015.10382033658
9.3994140625000002e-05 -140847.7284797719
9.4299316406249996e-05 -140681.43523066113
9.4604492187500003e-05 -140516.21360115841
9.490966796875001e-05 -140352.05325410399
9.5214843750000003e-05 -140188.94398486585
9.5520019531249997e-05 -140026.87571922265
9.5825195312500004e-05 -139865.83851128691
9.6130371093750011e-05 -139705.82254146831
9.6435546875000004e-05 -139546.81811447503
9.6740722656249998e-05 -139388.81565735338
9.7045898437500005e-05 -139231.80571756419
9.7351074218750012e-05 -139075.77896109538
9.7656250000000005e-05 -138920.72617061
9.7961425781249999e-05 -138766.63824362899
9.8266601562500006e-05 -138613.50619074743
9.8571777343750013e-05 -138461.32113388443
9.8876953125000007e-05 -138310.07430456489
9.918212890625e-05 -138159.75704223354
9.9487304687500007e-05 -138010.36079259956
9.9792480468750014e-05 -137861.87710601167
0.00010009765625000001 -137714.2976358633
0.00010040283203125 -137567.61413702619
0.00010070800781250001 -137421.81846431314
0.00010101318359375002 -137276.9025709682
0.00010131835937500001 -137132.85850718428
0.00010162353515625 -136989.67841864747
0.00010192871093750001 -136847.35454510749
0.00010223388671875002 -136705.87921897374
0.00010253906250000001 -136565.24486393656
0.00010284423828125 -136425.44399361266
0.00010314941406250001 -136286.46921021515
0.00010345458984375002 -136148.31320324657
0.00010375976562500001 -136010.96874821538
0.00010406494140625 -135874.42870537471
0.00010437011718750001 -135738.68601848357
0.00010467529296875002 -135603.73371358952
0.00010498046875000001 -135469.56489783252
0.00010528564453125001 -135336.17275826985
0.00010559082031250001 -135203.55056072096
0.00010589599609375002 -135071.6916486329
0.00010620117187500001 -134940.58944196481
0.00010650634765625001 -134810.23743609167
0.0001068115234375 -134680.62920072713
0.00010711669921874999 -134551.75837886441
0.000107421875 -134423.61868573545
0.00010772705078125001 -134296.20390778768
0.0001080322265625 -134169.50790167821
0.00010833740234374999 -134043.52459328488
0.00010864257812499999 -133918.24797673407
0.00010894775390624998 -133793.67211344495
0.00010925292968749999 -133669.79113118938
0.00010955810546875 -133546.59922316816
0.00010986328124999999 -133424.0906471019
0.00011016845703124998 -133302.25972433769
0.00011047363281249999 -133181.1008389701
0.00011077880859375 -133060.60843697703
0.00011108398437499999 -132940.77702536946
0.00011138916015624998 -132821.60117135567
0.00011169433593749999 -132703.07550151859
0.00011199951171875 -132585.19470100701
0.00011230468749999999 -132467.95351274
0.00011260986328124998 -132351.34673662367
0.00011291503906249999 -132235.36922878167
0.00011322021484375 -132120.01590079701
0.00011352539062499999 -132005.28171896696
0.00011383056640624999 -131891.16170356949
0.00011413574218749999 -131777.65092814164
0.00011444091796875 -131664.74451876941
0.00011474609374999999 -131552.43765338892
0.00011505126953124999 -131440.72556109875
0.00011535644531249999 -131329.60352148319
0.00011566162109375 -131219.06686394635
0.00011596679687499999 -131109.11096705639
0.00011627197265624999 -130999.73125790048
0.0001165771484375 -130890.92321144967
0.00011688232421875 -130782.68234993381
0.0001171875 -130675.00424222622
0.00011749267578124999 -130567.88450323784
0.0001177978515625 -130461.31879332098
0.00011810302734375 -130355.30281768221
0.000118408203125 -130249.83232580432
0.00011871337890624999 -130144.90311087715
0.0001190185546875 -130040.51100923738
0.00011932373046875 -129936.65189981669
0.00011962890625 -129833.32170359849
0.00011993408203124999 -129730.51638308287
0.0001202392578125 -129628.23194175976
0.00012054443359375001 -129526.46442359014
0.000120849609375 -129425.20991249496
0.00012115478515624999 -129324.4645318518
0.0001214599609375 -129224.22444399938
0.00012176513671875001 -129124.48584974915
0.0001220703125 -129025.2449879045
0.00012237548828124999 -128926.49813478693
0.00012268066406249999 -128828.24160376949
0.00012298583984374998 -128730.47174481706
0.000123291015625 -128633.18494403354
0.00012359619140625002 -128536.37762321548
0.00012390136718750002 -128440.04623941286
0.00012420654296875001 -128344.18728449565
0.00012451171875 -128248.79728472735
0.00012481689453125 -128153.87280034437
0.00012512207031249999 -128059.41042514182
0.00012542724609374998 -127965.40678606523
0.000125732421875 -127871.85854280822
0.00012603759765625002 -127778.76238741601
0.00012634277343750002 -127686.11504389481
0.00012664794921875001 -127593.91326782662
0.000126953125 -127502.15384598977
0.00012725830078125 -127410.83359598491
0.00012756347656249999 -127319.94936586617
0.00012786865234374998 -127229.49803377797
0.00012817382812500001 -127139.47650759661
0.00012847900390625003 -127049.8817245773
0.00012878417968750002 -126960.71065100592
0.00012908935546875001 -126871.96028185604
0.00012939453125000001 -126783.62764045049
0.00012969970703125 -126695.70977812789
0.00013000488281249999 -126608.20377391383
0.00013031005859374999 -126521.10673419664
0.00013061523437500001 -126434.41579240782
0.00013092041015625003 -126348.12810870665
0.00013122558593750002 -126262.24086966967
0.00013153076171875002 -126176.75128798398
0.00013183593750000001 -126091.65660214519
0.00013214111328125 -126006.95407615929
0.0001324462890625 -125922.64099924888
0.00013275146484374999 -125838.7146855632
0.00013305664062500001 -125755.17247389229
0.00013336181640625003 -125672.01172738518
0.00013366699218750002 -125589.22983327166
0.00013397216796875002 -125506.82420258808
0.00013427734375000001 -125424.79226990692
0.00013458251953125 -125343.13149306967
0.0001348876953125 -125261.83935292393
0.00013519287109374999 -125180.91335306359
0.00013549804687500001 -125100.35101957254
0.00013580322265625003 -125020.1499007723
0.00013610839843750003 -124940.30756697245
0.00013641357421875002 -124860.82161022475
0.00013671875000000001 -124781.68964408051
0.00013702392578125001 -124702.90930335123
0.0001373291015625 -124624.47824387219
0.00013763427734374999 -124546.39414226961
0.00013793945312500001 -124468.65469573042
0.00013824462890625003 -124391.2576217755
0.00013854980468750003 -124314.20065803573
0.00013885498046875002 -124237.48156203087
0.00013916015625000002 -124161.09811095157
0.00013946533203125001 -124085.04810144416
0.0001397705078125 -124009.32934939828
0.00014007568359375 -123933.9396897371
0.00014038085937500002 -123858.87697621062
0.00014068603515625004 -123784.13908119143
0.00014099121093750003 -123709.72389547304
0.00014129638671875002 -123635.62932807115
0.00014160156250000002 -123561.85330602711
0.00014190673828125001 -123488.39377421419
0.0001422119140625 -123415.24869514626
0.00014251708984375 -123342.41604878886
0.00014282226562500002 -123269.89383237281
0.00014312744140625004 -123197.68006021007
0.00014343261718750003 -123125.77276351216
0.00014373779296875003 -123054.16999021056
0.00014404296875000002 -122982.8698047798
0.00014434814453125001 -122911.87028806243
0.00014465332031250001 -122841.16953709646
0.00014495849609375 -122770.7656649448
0.00014526367187500002 -122700.65680052702
0.00014556884765625004 -122630.84108845306
0.00014587402343750003 -122561.31668885915
0.00014617919921875003 -122492.08177724571
0.00014648437500000002 -122423.13454431736
0.00014678955078125002 -122354.47319582482
0.00014709472656250001 -122286.09595240882
0.00014739990234375 -122218.001049446
0.00014770507812500002 -122150.18673689669
0.00014801025390625004 -122082.65127915447
0.00014831542968750004 -122015.39295489785
0.00014862060546875003 -121948.41005694338
0.00014892578125000002 -121881.70089210104
0.00014923095703125002 -121815.26378103092
0.00014953613281250001 -121749.09705810214
0.00014984130859375 -121683.19907125297
0.00015014648437500002 -121617.56818185317
0.00015045166015625005 -121552.20276456766
0.00015075683593750004 -121487.10120722193
0.00015106201171875003 -121422.26191066919
0.00015136718750000003 -121357.68328865897
0.00015167236328125002 -121293.3637677074
0.00015197753906250001 -121229.30178696905
0.00015228271484375001 -121165.49579811026
0.00015258789062500003 -121101.94426518405
0.00015289306640625005 -121038.64566450653
0.00015319824218750004 -120975.59848453462
0.00015350341796875003 -120912.80122574554
0.00015380859375000003 -120850.25240051748
0.00015411376953125002 -120787.95053301174
0.00015441894531250002 -120725.89415905632
0.000155029296875 -120602.51209275323
0.00015563964843749999 -120480.09471722825
0.00015625 -120358.63072754489
0.00015686035156250002 -120238.10899471899
0.000157470703125 -120118.51856230876
0.00015808105468749999 -119999.84864308388
0.00015869140624999998 -119882.0886157714
0.00015930175781249997 -119765.22802187651
0.00015991210937499998 -119649.25656257606
0.00016052246093749999 -119534.16409568302
0.00016113281249999998 -119419.94063267985
0.00016174316406249997 -119306.5763358191
0.00016235351562499998 -119194.06151528933
0.0001629638671875 -119082.38662644484
0.00016357421874999998 -118971.54226709736
0.00016418457031249997 -118861.51917486804
0.00016479492187499998 -118752.30822459848
0.0001654052734375 -118643.90042581907
0.00016601562499999998 -118536.28692027282
0.00016662597656249997 -118429.45897949414
0.00016723632812499999 -118323.40800244029
0.0001678466796875 -118218.12551317463
0.00016845703124999999 -118113.60315860012
0.00016906738281249997 -118009.83270624209
0.00016967773437499999 -117906.80604207875
0.0001702880859375 -117804.51516841837
0.00017089843749999999 -117702.95220182194
0.00017150878906249998 -117602.1093710703
0.00017211914062499999 -117501.97901517419
0.0001727294921875 -117402.55358142701
0.00017333984374999999 -117303.82562349831
0.00017395019531249998 -117205.78779956751
0.00017456054687499999 -117108.43287049676
0.00017517089843750001 -117011.75369804227
0.00017578124999999999 -116915.74324310239
0.00017639160156249998 -116820.39456400259
0.00017700195312499999 -116725.7008148155
0.00017761230468750001 -116631.65524371582
0.00017822265625 -116538.25119136911
0.00017883300781249998 -116445.48208935327
0.000179443359375 -116353.34145861251
0.00018005371093750001 -116261.82290794264
0.0001806640625 -116170.92013250709
0.00018127441406249998 -116080.62691238291
0.000181884765625 -115990.93711113605
0.00018249511718750001 -115901.84467442521
0.00018310546875 -115813.34362863372
0.00018371582031249999 -115725.42807952841
0.000184326171875 -115638.0922109455
0.00018493652343750002 -115551.33028350219
0.000185546875 -115465.13663333392
0.00018615722656249999 -115379.50567085632
0.000186767578125 -115294.43187955143
0.00018737792968750002 -115209.90981477783
0.00018798828125 -115125.93410260363
0.00018859863281249999 -115042.49943866249
0.00018920898437500001 -114959.60058703151
0.00018981933593750002 -114877.23237913071
0.00019042968750000001 -114795.38971264413
0.00019104003906249999 -114714.06755046103
0.00019165039062500001 -114633.2609196377
0.00019226074218750002 -114552.96491037894
0.00019287109375000001 -114473.17467503881
0.0001934814453125 -114393.88542714049
0.00019409179687500001 -114315.09244041432
0.00019470214843750002 -114236.79104785428
0.00019531250000000001 -114158.97664079188
0.0001959228515625 -114081.64466798752
0.00019653320312500001 -114004.79063473878
0.00019714355468750003 -113928.41010200516
0.00019775390625000001 -113852.49868554916
0.0001983642578125 -113777.05205509305
0.00019897460937500001 -113702.06593349141
0.00019958496093750003 -113627.53609591864
0.00020019531250000002 -113553.45836907135
0.0002008056640625 -113479.82863038544
0.00020141601562500002 -113406.64280726733
0.00020202636718750003 -113333.89687633897
0.00020263671875000002 -113261.58686269683
0.0002032470703125 -113189.70883918391
0.00020385742187500002 -113118.25892567505
0.00020446777343750003 -113047.23328837498
0.00020507812500000002 -112976.62813912878
0.00020568847656250001 -112906.43973474487
0.00020629882812500002 -112836.66437632972
0.00020690917968750003 -112767.29840863461
0.00020751953125000002 -112698.33821941372
0.00020812988281250001 -112629.78023879364
0.00020874023437500002 -112561.62093865384
0.00020935058593750004 -112493.85683201811
0.00020996093750000002 -112426.48447245637
0.00021057128906250001 -112359.50045349725
0.00021118164062500002 -112292.90140805049
0.00021179199218750004 -112226.68400783953
0.00021240234375000003 -112160.84496284398
0.00021301269531250001 -112095.3810207513
0.000213623046875 -112030.28896641829
0.00021423339843749999 -111965.56562134154
0.00021484375 -111901.20784313703
0.00021545410156250002 -111837.2125250284
0.000216064453125 -111773.57659534426
0.00021667480468749999 -111710.29701702343
0.00021728515624999998 -111647.37078712916
0.00021789550781249996 -111584.79493637095
0.00021850585937499998 -111522.56652863475
0.00021911621093749999 -111460.68266052094
0.00021972656249999998 -111399.14046088983
0.00022033691406249997 -111337.93709041491
0.00022094726562499998 -111277.06974114344
0.00022155761718749999 -111216.53563606436
0.00022216796874999998 -111156.33202868319
0.00022277832031249997 -111096.45620260398
0.00022338867187499998 -111036.90547111821
0.0002239990234375 -110977.67717680028
0.00022460937499999998 -110918.76869110964
0.00022521972656249997 -110860.17741399944
0.00022583007812499998 -110801.90077353138
0.0002264404296875 -110743.93622549697
0.00022705078124999998 -110686.28125304486
0.00022766113281249997 -110628.93336631401
0.00022827148437499999 -110571.89010207291
0.0002288818359375 -110515.14902336453
0.00022949218749999999 -110458.70771915691
0.00023010253906249997 -110402.56380399935
0.00023071289062499999 -110346.71491768402
0.0002313232421875 -110291.15872491285
0.00023193359374999999 -110235.89291496995
0.00023254394531249998 -110180.91520139889
0.00023315429687499999 -110126.2233216852
0.0002337646484375 -110071.81503694375
0.00023437499999999999 -110017.6881316112
0.00023498535156249998 -109963.840413143
0.00023559570312499999 -109910.26971171527
0.00023620605468750001 -109856.97387993133
0.00023681640624999999 -109803.95079253249
0.00023742675781249998 -109751.19834611368
0.00023803710937499999 -109698.71445884324
0.00023864746093750001 -109646.49707018699
0.0002392578125 -109594.54414063659
0.00023986816406249998 -109542.85365144206
0.000240478515625 -109491.42360434841
0.00024108886718750001 -109440.25202133603
0.00024169921875 -109389.33694436544
0.00024230957031249998 -109338.67643512538
0.000242919921875 -109288.26857478519
0.00024353027343750001 -109238.11146375061
0.000244140625 -109188.20322142327
0.00024475097656249999 -109138.54198596394
0.00024536132812499997 -109089.12591405911
0.00024597167968749996 -109039.95318069121
0.00024658203125 -108991.02197891216
0.00024719238281250004 -108942.33051962026
0.00024780273437500003 -108893.87703134041
0.00024841308593750002 -108845.65976000763
0.0002490234375 -108797.67696875363
0.00024963378906249999 -108749.92693769661
0.00025024414062499998 -108702.40796373411
0.00025085449218749997 -108655.11836033885
0.00025146484375000001 -108608.05645735763
0.00025207519531250005 -108561.22060081305
0.00025268554687500003 -108514.60915270823
0.00025329589843750002 -108468.22049083411
0.00025390625000000001 -108422.05300857984
0.00025512695312499998 -108330.37523335885
0.00025634765625000001 -108239.56327908141
0.00025756835937500004 -108149.60483565977
0.00025878906250000001 -108060.48782527205
0.00026000976562499999 -107972.20039690982
0.00026123046875000002 -107884.73092107884
0.00026245117187500004 -107798.06798464761
0.00026367187500000002 -107712.20038583892
0.00026489257812499999 -107627.11712935986
0.00026611328125000002 -107542.80742166599
0.00026733398437500005 -107459.26066635539
0.00026855468750000002 -107376.4664596878
0.000269775390625 -107294.41458622609
0.00027099609375000002 -107213.09501459495
0.00027221679687500005 -107132.49789335414
0.00027343750000000003 -107052.61354698191
0.000274658203125 -106973.43247196591
0.00027587890625000003 -106894.94533299739
0.00027709960937500006 -106817.14295926652
0.00027832031250000003 -106740.01634085488
0.000279541015625 -106663.55662522247
0.00028076171875000003 -106587.75511378655
0.00028198242187500006 -106512.60325858917
0.00028320312500000003 -106438.09265905101
0.00028442382812500001 -106364.21505880859
0.00028564453125000004 -106290.96234263299
0.00028686523437500007 -106218.32653342672
0.00028808593750000004 -106146.29978929742
0.00028930664062500001 -106074.87440070526
0.00029052734375000004 -106004.04278768261
0.00029174804687500007 -105933.79749712307
0.00029296875000000004 -105864.13120013883
0.00029418945312500002 -105795.0366894833
0.00029541015625000005 -105726.5068770379
0.00029663085937500007 -105658.53479136093
0.00029785156250000005 -105591.11357529665
0.00029907226562500002 -105524.23648364285
0.00030029296875000005 -105457.89688087537
0.00030151367187500008 -105392.08823892797
0.00030273437500000005 -105326.8041350258
0.00030395507812500003 -105262.03824957107
0.00030517578125000005 -105197.78436407962
0.00030639648437500008 -105134.03635916657
0.00030761718750000006 -105070.7882125802
0.00030883789062500003 -105008.03399728218
0.00031005859375 -104945.76787957341
0.00031127929687499998 -104883.98411726375
0.00031250000000000001 -104822.67705788485
0.00031372070312500003 -104761.84113694448
0.00031494140625000001 -104701.47087622159
0.00031616210937499998 -104641.56088210085
0.00031738281249999996 -104582.1058439457
0.00031860351562499993 -104523.10053250853
0.00031982421874999996 -104464.53979837766
0.00032104492187499999 -104406.41857045943
0.00032226562499999996 -104348.73185449492
0.00032348632812499993 -104291.47473161024
0.00032470703124999996 -104234.64235689958
0.00032592773437499999 -104178.2299580399
0.00032714843749999997 -104122.23283393691
0.00032836914062499994 -104066.64635340108
0.00032958984374999997 -104011.46595385308
0.000330810546875 -103956.68714005791
0.00033203124999999997 -103902.30548288695
0.00033325195312499994 -103848.31661810729
0.00033447265624999997 -103794.71624519739
0.000335693359375 -103741.50012618878
0.00033691406249999997 -103688.66408453279
0.00033813476562499995 -103636.204003992
0.00033935546874999998 -103584.1158275553
0.000340576171875 -103532.39555637672
0.00034179687499999998 -103481.03924873663
0.00034301757812499995 -103430.04301902524
0.00034423828124999998 -103379.40303674783
0.00034545898437500001 -103329.11552555094
0.00034667968749999998 -103279.17676226921
0.00034790039062499996 -103229.58307599218
0.00034912109374999998 -103180.33084715084
0.00035034179687500001 -103131.41650662306
0.00035156249999999999 -103082.836534858
0.00035278320312499996 -103034.58746101811
0.00035400390624999999 -102986.66586213965
0.00035522460937500002 -102939.0683623098
0.00035644531249999999 -102891.79163186124
0.00035766601562499997 -102844.83238658271
0.00035888671874999999 -102798.1873869462
0.00036010742187500002 -102751.85343734945
0.000361328125 -102705.82738537405
0.00036254882812499997 -102660.10612105843
0.00036376953125 -102614.68657618534
0.00036499023437500003 -102569.56572358405
0.0003662109375 -102524.74057644603
0.00036743164062499997 -102480.20818765459
0.00036865234375 -102435.96564912767
0.00036987304687500003 -102392.01009117374
0.00037109375 -102348.33868186039
0.00037231445312499998 -102304.94862639526
0.00037353515625000001 -102261.83716651924
0.00037475585937500003 -102219.00157991148
0.00037597656250000001 -102176.43917960591
0.00037719726562499998 -102134.14731341919
0.00037841796875000001 -102092.12336338972
0.00037963867187500004 -102050.3647452274
0.00038085937500000001 -102008.86890777409
0.00038208007812499999 -101967.63333247426
0.00038330078125000002 -101926.65553285592
0.00038452148437500004 -101885.93305402133
0.00038574218750000002 -101845.4634721474
0.00038696289062499999 -101805.24439399554
0.00038818359375000002 -101765.2734564308
0.00038940429687500005 -101725.54832595002
0.00039062500000000002 -101686.0666982188
0.000391845703125 -101646.82629761723
0.00039306640625000002 -101607.82487679391
0.00039428710937500005 -101569.06021622848
0.00039550781250000003 -101530.53012380202
0.000396728515625 -101492.23243437556
0.00039794921875000003 -101454.16500937623
0.00039916992187500006 -101416.32573639105
0.00040039062500000003 -101378.71252876823
0.000401611328125 -101341.32332522559
0.00040283203125000003 -101304.15608946611
0.00040405273437500006 -101267.20880980071
0.00040527343750000003 -101230.47949877744
0.00040649414062500001 -101193.96619281768
0.00040771484375000004 -101157.66695185867
0.00040893554687500007 -101121.57985900267
0.00041015625000000004 -101085.70302017206
0.00041137695312500001 -101050.0345637709
0.00041259765625000004 -101014.5726403523
0.00041503906250000004 -100944.26110346617
0.00041748046875000005 -100874.75404464906
0.00041992187500000005 -100806.03743310293
0.00042236328125000005 -100738.09756244128
0.00042480468750000005 -100670.92104136685
0.00042724609375 -100604.49478466918
0.0004296875 -100538.80600452893
0.00043212890625 -100473.84220211701
0.00043457031249999995 -100409.59115947685
0.00043701171874999995 -100346.04093167884
0.00043945312499999996 -100283.17983923617
0.00044189453124999996 -100220.99646077226
0.00044433593749999996 -100159.47962592977
0.00044677734374999996 -100098.61840851212
0.00044921874999999997 -100038.4021198487
0.00045166015624999997 -99978.82030237533
0.00045410156249999997 -99919.862723421596
0.00045654296874999997 -99861.519369197733
0.00045898437499999997 -99803.780438973321
0.00046142578124999998 -99746.636339440753
0.00046386718749999998 -99690.077679256778
0.00046630859374999998 -99634.095263755487
0.00046874999999999998 -99578.680089826419
0.00047119140624999998 -99523.823340952164
0.00047363281249999999 -99469.516382399001
0.00047607421874999999 -99415.750756556066
0.00047851562499999999 -99362.518178416707
0.00048095703124999999 -99309.810531197742
0.0004833984375 -99257.619862091349
0.00048583984375 -99205.938378145176
0.00048828125 -99154.758442265869
0.00049072265624999995 -99104.07256934201
0.0004931640625 -99053.873422482138
0.00049560546875000006 -99004.153809364128
0.00049804687500000001 -98954.906678691739
0.00050048828124999996 -98906.12511675492
0.00050292968750000001 -98857.802344090494
0.00050537109375000007 -98809.931712239239
0.00050781250000000002 -98762.50670059702
0.00051025390624999997 -98715.520913355896
0.00051269531250000002 -98668.968076532808
0.00051513671875000008 -98622.842035082678
0.00051757812500000003 -98577.136750093487
0.00052001953124999997 -98531.846296059797
0.00052246093750000003 -98486.964858233419
0.00052490234375000009 -98442.486730047443
0.00052734375000000003 -98398.406310612059
0.00052978515624999998 -98354.718102279701
0.00053222656250000004 -98311.416708277044
0.0005346679687500001 -98268.496830401913
0.00053710937500000004 -98225.953266783094
0.00053955078124999999 -98183.780909700828
0.00054199218750000005 -98141.974743466359
0.0005444335937500001 -98100.529842358374
0.00054687500000000005 -98059.441368614891
0.00054931640625 -98018.704570478541
0.00055175781250000006 -97978.314780293862
0.00055419921875000011 -97938.267412654764
0.00055664062500000006 -97898.557962600884
0.00055908203125000001 -97859.182003861075
0.00056152343750000007 -97820.135187142863
0.00056396484375000012 -97781.413238466062
0.00056640625000000007 -97743.011957539929
0.00056884765625000002 -97704.927216181561
0.00057128906250000007 -97667.15495677531
0.00057373046875000013 -97629.691190771322
0.00057617187500000008 -97592.531997222293
0.00057861328125000003 -97555.673521357123
0.00058105468750000008 -97519.111973190855
0.00058349609375000014 -97482.843626169168
0.00058593750000000009 -97446.864815847017
0.00058837890625000003 -97411.171938599873
0.00059082031250000009 -97375.761450367427
0.00059326171875000015 -97340.629865427618
0.0005957031250000001 -97305.77375520143
0.00059814453125000004 -97271.189747086624
0.0006005859375000001 -97236.874523319988
0.00060302734375000016 -97202.824819867237
0.0006054687500000001 -97169.037425339775
0.00060791015625000005 -97135.509179937624
0.00061035156250000011 -97102.236974417523
0.00061279296875000016 -97069.217749085888
0.00061523437500000011 -97036.448492815704
0.00061767578125000006 -97003.926242086687
0.00062011718750000001 -96971.648080048108
0.00062255859374999996 -96939.611135603816
0.00062500000000000001 -96907.812582518454
0.00062744140625000007 -96876.249638544701
0.00062988281250000002 -96844.91956457097
0.00063232421874999997 -96813.819663788439
0.00063476562499999991 -96782.947280877634
0.00063720703124999986 -96752.299801213667
0.00063964843749999992 -96721.874650089521
0.00064208984374999997 -96691.669291957209
0.00064453124999999992 -96661.681229686161
0.00064697265624999987 -96631.908003838267
0.00064941406249999993 -96602.347191959459
0.00065185546874999998 -96572.996407887113
0.00065429687499999993 -96543.853301072915
0.00065673828124999988 -96514.915555920961
0.00065917968749999993 -96486.180891140422
0.00066162109374999999 -96457.6470591127
0.00066406249999999994 -96429.311845272285
0.00066894531249999994 -96373.228575538757
0.00067382812499999995 -96317.914003804894
0.00067871093749999995 -96263.351543392622
0.00068359374999999996 -96209.525081528613
0.00068847656249999996 -96156.418962539246
0.00069335937499999997 -96104.017971755544
0.00069824218749999997 -96052.307320093358
0.00070312499999999997 -96001.272629276194
0.00070800781249999998 -95950.899917669391
0.00071289062499999998 -95901.175586696481
0.00071777343749999999 -95852.086407810057
0.00072265624999999999 -95803.619509990749
0.0007275390625 -95755.762367749616
0.000732421875 -95708.502789610531
0.0007373046875 -95661.828907050105
0.00074218750000000001 -95615.729163874246
0.00074707031250000001 -95570.192306011362
0.00075195312500000002 -95525.207371703116
0.00075683593750000002 -95480.763682075034
0.00076171875000000003 -95436.850832069656
0.00076660156250000003 -95393.458681726319
0.00077148437500000003 -95350.577347791957
0.00077636718750000004 -95308.197195648536
0.00078125000000000004 -95266.308831543269
0.00078613281250000005 -95224.903095108253
0.00079101562500000005 -95183.9710521573
0.00079589843750000006 -95143.503987747798
0.00080078125000000006 -95103.493399496467
0.00080566406250000007 -95063.930991138201
0.00081054687500000007 -95024.808666317622
0.00081542968750000007 -94986.118522603821
0.00082031250000000008 -94947.852845718793
0.00082519531250000008 -94910.004103970714
0.00083007812500000009 -94872.564942883866
0.00083496093750000009 -94835.528180016787
0.0008398437500000001 -94798.886799961329
0.0008447265625000001 -94762.633949515046
0.0008496093750000001 -94726.762933020218
0.0008544921875 -94691.267207862475
0.000859375 -94656.140380122975
0.00086425781250000001 -94621.376200378058
0.0008691406249999999 -94586.968559640285
0.00087402343749999991 -94552.911485435718
0.00087890624999999991 -94519.199138011812
0.00088378906249999992 -94485.825806671128
0.00088867187499999992 -94452.785906225865
0.00089355468749999993 -94420.073973568607
0.00089843749999999993 -94387.684664354907
0.00090332031249999993 -94355.612749793509
0.00090820312499999994 -94323.853113540099
0.00091308593749999994 -94292.400748690663
0.00091796874999999995 -94261.250754870838
0.00092285156249999995 -94230.398335417689
0.00092773437499999996 -94199.838794650466
0.00093261718749999996 -94169.567535227048
0.00093749999999999997 -94139.580055583108
0.00094238281249999997 -94109.871947450782
0.00094726562499999997 -94080.438893454106
0.00095214843749999998 -94051.276664778474
0.00095703124999999998 -94022.381118911449
0.00096191406249999999 -93993.748197452311
0.00096679687499999999 -93965.373923988009
0.0009716796875 -93937.254402033243
0.0009765625 -93909.385813032204
0.0009814453124999999 -93881.764414420031
0.00098632812500000001 -93854.386537741884
0.00099121093750000012 -93827.248586827583
0.00099609375000000002 -93800.347036019841
0.0010009765624999999 -93773.678428454557
0.001005859375 -93747.239374390934
0.0010107421875000001 -93721.026549590315
0.001015625 -93695.036693741466
0.0010205078124999999 -93669.266608931284
0.001025390625 -93643.713158159109
0.0010302734375000002 -93618.373263893329
0.0010351562500000001 -93593.243906668693
0.0010400390624999999 -93568.322123723497
0.0010449218750000001 -93543.605007674414
0.0010498046875000002 -93519.089705228907
0.0010546875000000001 -93494.773415932941
0.0010595703125 -93470.653390953637
0.0010644531250000001 -93446.726931895158
0.0010742187500000001 -93399.444163265376
0.0010839843750000001 -93352.904488638698
0.0010937500000000001 -93307.088023086209
0.0011035156250000001 -93261.975585567488
0.0011132812500000001 -93217.5486680584
0.0011230468750000001 -93173.789406289419
0.0011328125000000001 -93130.680551997677
0.0011425781250000001 -93088.205446601816
0.0011523437500000002 -93046.347996215569
0.0011621093750000002 -93005.092647920959
0.0011718750000000002 -92964.424367228101
0.0011816406250000002 -92924.328616652405
0.0011914062500000002 -92884.791335345595
0.0012011718750000002 -92845.798919720255
0.0012109375000000002 -92807.338205011823
0.0012207031250000002 -92769.396447725798
0.0012304687500000002 -92731.961308920479
0.001240234375 -92695.020838279932
0.00125 -92658.563458933073
0.001259765625 -92622.57795297922
0.0012695312499999998 -92587.053447681465
0.0012792968749999998 -92551.979402292462
0.0012890624999999998 -92517.345595479172
0.0012988281249999999 -92483.142113314694
0.0013085937499999999 -92449.359337807924
0.0013183593749999999 -92415.987935942976
0.0013281249999999999 -92383.018849202213
0.0013378906249999999 -92350.443283547895
0.0013476562499999999 -92318.252699839781
0.0013574218749999999 -92286.438804665973
0.0013671874999999999 -92254.993541567062
0.0013769531249999999 -92223.909082633443
0.0013867187499999999 -92193.1778204578
0.0013964843749999999 -92162.79236042533
0.0014062499999999999 -92132.74551332496
0.001416015625 -92103.030288266629
0.00142578125 -92073.639885889323
0.001435546875 -92044.567691846605
0.0014453125 -92015.807270556019
0.001455078125 -91987.352359200362
0.00146484375 -91959.196861968841
0.001474609375 -91931.334844527024
0.001484375 -91903.760528705141
0.001494140625 -91876.468287394688
0.00150390625 -91849.452639643772
0.001513671875 -91822.708245942486
0.0015234375000000001 -91796.229903689382
0.0015332031250000001 -91770.012542831406
0.0015429687500000001 -91744.051221669375
0.0015527343750000001 -91718.341122821599
0.0015625000000000001 -91692.877549339013
0.0015722656250000001 -91667.655920964971
0.0015820312500000001 -91642.671770533751
0.0015917968750000001 -91617.920740501373
0.0016015625000000001 -91593.398579603556
0.0016113281250000001 -91569.101139635139
0.0016210937500000001 -91545.024372345739
0.0016308593750000001 -91521.164326447324
0.0016406250000000002 -91497.517144728248
0.0016503906250000002 -91474.079061269993
0.0016601562500000002 -91450.846398762093
0.0016699218750000002 -91427.815565911209
0.0016796875000000002 -91404.983054940662
0.0016894531250000002 -91382.345439176672
0.0016992187500000002 -91359.899370717758
0.001708984375 -91337.641578184179
0.00171875 -91315.568864543951
0.0017382812499999998 -91271.966245024043
0.0017578124999999998 -91229.067344797455
0.0017773437499999998 -91186.849058778011
0.0017968749999999999 -91145.28928642167
0.0018164062499999999 -91104.36687771893
0.0018359374999999999 -91064.061582634473
0.0018554687499999999 -91024.354003739994
0.0018749999999999999 -90985.225551807802
0.0018945312499999999 -90946.658404150774
0.0019140625 -90908.635465513333
0.00193359375 -90871.140331332383
0.001953125 -90834.15725320272
0.00197265625 -90797.671106393944
0.0019921875 -90761.667359278275
0.0020117187500000001 -90726.132044538987
0.0020312500000000001 -90691.051732040229
0.0020507812500000001 -90656.413503246935
0.0020703125000000001 -90622.204927092724
0.0020898437500000001 -90588.414037200972
0.0021093750000000001 -90555.029310371436
0.0021289062500000002 -90522.039646251025
0.0021484375000000002 -90489.434348113515
0.0021679687500000002 -90457.203104678149
0.0021875000000000002 -90425.335972902278
0.0022070312500000002 -90393.82336168758
0.0022265625000000002 -90362.656016444002
0.0022460937500000003 -90331.825004458908
0.0022656250000000003 -90301.321701023029
0.0022851562500000003 -90271.137776268035
0.0023046875000000003 -90241.265182673174
0.0023242187500000003 -90211.696143202003
0.0023437500000000003 -90182.423140032144
0.0023632812500000004 -90153.438903844042
0.0023828125000000004 -90124.736403636402
0.0024023437500000004 -90096.308837038378
0.0024218750000000004 -90068.149621090764
0.0024414062500000004 -90040.252383469371
0.0024609375000000005 -90012.610954126634
0.00248046875 -89985.219357327864
0.0025000000000000001 -89958.071804060935
0.0025195312500000001 -89931.16268479907
0.0025390624999999997 -89904.486562597405
0.0025585937499999997 -89878.038166506027
0.0025781249999999997 -89851.812385282203
0.0025976562499999997 -89825.804261386453
0.0026171874999999997 -89800.00898524723
0.0026367187499999997 -89774.42188978073
0.0026562499999999998 -89749.038445152371
0.0026757812499999998 -89723.854253767611
0.0026953124999999998 -89698.865045480765
0.0027148437499999998 -89674.066673010442
0.0027343749999999998 -89649.455107551534
0.0027734374999999999 -89600.776849799018
0.0028124999999999999 -89552.800256028844
0.0028515624999999999 -89505.49695450213
0.002890625 -89458.840106823787
0.0029296875 -89412.804305719677
0.00296875 -89367.365480884095
0.0030078125000000001 -89322.50081216362
0.0030468750000000001 -89278.18864941939
0.0030859375000000001 -89234.40843847557
0.0031250000000000002 -89191.140652621791
0.0031640625000000002 -89148.366729189467
0.0032031250000000002 -89106.069010768828
0.0032421875000000003 -89064.23069067538
0.0032812500000000003 -89022.835762311646
0.0033203125000000003 -88981.86897210317
0.0033593750000000004 -88941.315775718424
0.0033984375000000004 -88901.162297307586
0.0034375 -88861.395291520894
0.0034765624999999996 -88822.002108087298
0.0035156249999999997 -88782.970658754639
0.0035546874999999997 -88744.289386409611
0.0035937499999999997 -88705.947236211563
0.0036328124999999998 -88667.933628588726
0.0036718749999999998 -88630.238433958017
0.0037109374999999998 -88592.851949041506
0.0037499999999999999 -88555.764874663102
0.0037890624999999999 -88518.968294918683
0.0038281249999999999 -88482.453657621489
0.0038671875 -88446.212755932589
0.00390625 -88410.237711093578
0.0039453125 -88374.520956185137
0.0039843750000000001 -88339.055220840761
0.0040234375000000001 -88303.833516851169
0.0040625000000000001 -88268.849124599044
0.0041015625000000002 -88234.095580269146
0.0041406250000000002 -88199.566663782127
0.0041796875000000002 -88165.256387405097
0.0042187500000000003 -88131.158984994996
0.0042578125000000003 -88097.268901833988
0.0042968750000000003 -88063.580785019163
0.0043359375000000004 -88030.089474372042
0.0043750000000000004 -87996.78999383474
0.0044140625000000005 -87963.677543323167
0.0044531250000000005 -87930.74749100898
0.0045312500000000006 -87865.416851423724
0.0046093750000000006 -87800.764116861188
0.0046875000000000007 -87736.757590431065
0.0047656250000000008 -87673.367651217995
0.0048437500000000008 -87610.566586866378
0.0049218750000000009 -87548.328442109385
0.0050000000000000001 -87486.628881498487
0.0050781249999999993 -87425.445064804095
0.0051562499999999994 -87364.755533743286
0.0052343749999999994 -87304.540108851521
0.0053124999999999995 -87244.779795453695
0.0053906249999999996 -87185.456697811838
0.0054687499999999997 -87126.553940631333
0.0055468749999999997 -87068.055597200684
0.0056249999999999998 -87009.946623519398
0.0057031249999999999 -86952.212797840155
0.0057812499999999999 -86894.840665112933
0.005859375 -86837.817485873558
0.0059375000000000001 -86781.131189167427
0.0060156250000000001 -86724.770329141451
0.0060937500000000002 -86668.724044975112
0.0061718750000000003 -86612.982023854813
0.0062500000000000003 -86557.534466724945
0.0063281250000000004 -86502.372056576103
0.0064062500000000005 -86447.485929053611
0.0064843750000000006 -86392.867645190665
0.0065625000000000006 -86338.50916608925
0.0066406250000000007 -86284.402829388142
0.0067187500000000008 -86230.541327372732
0.0067968750000000008 -86176.917686594592
0.006875 -86123.525248880484
0.0069531249999999992 -86070.357653621715
0.0070312499999999993 -86017.408821244288
0.0071093749999999994 -85964.672937768686
0.0071874999999999994 -85912.144440377029
0.0072656249999999995 -85859.818003910899
0.0073437499999999996 -85807.688528231418
0.0074218749999999997 -85755.751126377421
0.0074999999999999997 -85704.001113463746
0.0075781249999999998 -85652.433996266307
0.0076562499999999999 -85601.045463444781
0.0078125 -85498.787760429565
0.0079687500000000001 -85397.196815824514
0.0081250000000000003 -85296.24381742398
0.0082812500000000004 -85195.902105261208
0.0084375000000000006 -85096.146972364819
0.0085937500000000007 -84996.955487251063
0.0087500000000000008 -84898.306335434332
0.008906250000000001 -84800.179677621112
0.0090625000000000011 -84702.557022573325
0.0092187500000000012 -84605.421112900658
0.0093750000000000014 -84508.755822273932
0.0095312500000000015 -84412.546062748253
0.0096875000000000017 -84316.777701055107
0.0098437500000000018 -84221.437482866415
0.01 -84126.512964158901
0.010156249999999999 -84031.992448914039
0.010312499999999999 -83937.864932481491
0.010468749999999999 -83844.120050014535
0.010624999999999999 -83750.748029455237
0.010781249999999999 -83657.739648607836
0.010937499999999999 -83565.086195891534
0.011093749999999999 -83472.779434409895
0.01125 -83380.811569014433
0.01140625 -83289.175216075266
0.0115625 -83197.863375702829
0.01171875 -83106.869406191632
0.011875 -83016.187000481848
0.01203125 -82925.810164454844
0.0121875 -82835.733196898291
0.012343750000000001 -82745.950670992883
0.012500000000000001 -82656.457417187616
0.012656250000000001 -82567.248507343334
0.012812500000000001 -82478.319240036726
0.012968750000000001 -82389.665126926411
0.013125000000000001 -82301.281880093011
0.013281250000000001 -82213.165400272774
0.013437500000000002 -82125.311765912134
0.013593750000000002 -82037.717222976964
0.01375 -81950.378175456775
0.013906249999999998 -81863.291176509025
0.014062499999999999 -81776.452920193682
0.014218749999999999 -81689.860233752886
0.014374999999999999 -81603.51007039391
0.014531249999999999 -81517.399502537897
0.014687499999999999 -81431.525715499345
0.014843749999999999 -81345.886001564868
0.014999999999999999 -81260.477754441934
0.01515625 -81175.298464051026
0.0153125 -81090.345711636517
0.01546875 -81005.617165173957
0.015625 -80921.11057505288
0.01578125 -80836.823770015879
0.0159375 -80752.754653336844
0.01609375 -80668.901199221495
0.016250000000000001 -80585.261449415775
0.016406250000000001 -80501.833510007913
0.016562500000000001 -80418.615548411515
0.016718750000000001 -80335.605790517759
0.016875000000000001 -80252.802518005949
0.017031250000000001 -80170.204065801809
0.017187500000000001 -80087.808819674625
0.017343750000000002 -80005.615213964164
0.017500000000000002 -79923.621729429375
0.017656250000000002 -79841.826891211225
0.017812500000000002 -79760.229266902796
0.017968750000000002 -79678.827464720074
0.018125000000000002 -79597.620131767297
0.018281250000000002 -79516.605952391154
0.018437500000000002 -79435.78364661886
0.018593750000000003 -79355.151968674734
0.018750000000000003 -79274.709705571091
0.018906250000000003 -79194.455675768928
0.019062500000000003 -79114.388727904399
0.019218750000000003 -79034.507739577602
0.019375000000000003 -78954.811616199571
0.019531250000000003 -78875.299289895076
0.019687500000000004 -78795.969718457258
0.01984375 -78716.821884351797
0.02 -78637.854793767823
0.020156250000000001 -78559.067475712684
0.020312499999999997 -78480.458981148811
0.020468749999999997 -78402.028382169869
0.020624999999999998 -78323.774771214376
0.020781249999999998 -78245.697260314817
0.020937499999999998 -78167.794980380408
0.021093749999999998 -78090.067080511624
0.021249999999999998 -78012.512727344976
0.021406249999999998 -77935.131104426517
0.021562499999999998 -77857.921411612522
0.021718749999999998 -77780.882864496001
0.021874999999999999 -77704.014693857898
0.022031249999999999 -77627.316145141463
0.022187499999999999 -77550.786477948888
0.022343749999999999 -77474.424965559097
0.022499999999999999 -77398.230894465523
0.022656249999999999 -77322.203563933072
0.022812499999999999 -77246.342285573235
0.02296875 -77170.646382936495
0.023125 -77095.115191121353
0.02328125 -77019.748056398981
0.0234375 -76944.544335852872
0.02359375 -76869.503397032851
0.02375 -76794.624617622787
0.02390625 -76719.907385121056
0.024062500000000001 -76645.351096533792
0.024218750000000001 -76570.955158079756
0.024375000000000001 -76496.71898490662
0.024531250000000001 -76422.642000818028
0.024687500000000001 -76348.723638011143
0.024843750000000001 -76274.963336823886
0.025000000000000001 -76201.360545491843
0.025156250000000002 -76127.914719914043
0.025312500000000002 -76054.625323427521
0.025468750000000002 -75981.491826590049
0.025625000000000002 -75908.513706970989
0.025781250000000002 -75835.690448949506
0.025937500000000002 -75763.021543520168
0.026250000000000002 -75618.144786375851
0.026562500000000003 -75473.87948884652
0.026875000000000003 -75330.221798763538
0.027187500000000003 -75187.167953373646
0.0275 -75044.714274579121
0.027812499999999997 -74902.857164497793
0.028124999999999997 -74761.593101318416
0.028437499999999998 -74620.918635428388
0.028749999999999998 -74480.830385793379
0.029062499999999998 -74341.325036569644
0.029374999999999998 -74202.399333931826
0.029687499999999999 -74064.050083100446
0.029999999999999999 -73926.274145554315
0.030312499999999999 -73789.068436414716
0.030624999999999999 -73652.429921989024
0.0309375 -73516.355617462395
0.03125 -73380.842584727332
0.0315625 -73245.887930341443
0.031875000000000001 -73111.488803604705
0.032187500000000001 -72977.642394747891
0.032500000000000001 -72844.34593322505
0.032812500000000001 -72711.596686102712
0.033125000000000002 -72579.391956539752
0.033437500000000002 -72447.729082351623
0.033750000000000002 -72316.605434654033
0.034062500000000002 -72186.018416580308
0.034375000000000003 -72055.9654620683
0.034687500000000003 -71926.444034712185
0.035000000000000003 -71797.451626675174
0.035312500000000004 -71668.985757659175
0.035625000000000004 -71541.04397392839
0.035937500000000004 -71413.6238473829
0.036250000000000004 -71286.722974679913
0.036562500000000005 -71160.338976399216
0.036875000000000005 -71034.469496250647
0.037187500000000005 -70909.112200320829
0.037500000000000006 -70784.264776357086
0.037812500000000006 -70659.924933086353
0.038125000000000006 -70536.090399566747
0.038437500000000006 -70412.758924570633
0.038750000000000007 -70289.928275996586
0.039062500000000007 -70167.596240309329
0.039375000000000007 -70045.760622005662
0.039687500000000001 -69924.419243105076
0.040000000000000001 -69803.569942663788
0.040312500000000001 -69683.210576310827
0.040624999999999994 -69563.339015805061
0.040937499999999995 -69443.953148611807
0.041249999999999995 -69325.050877498448
0.041562499999999995 -69206.630120147602
0.041874999999999996 -69088.688808787163
0.042187499999999996 -68971.224889836347
0.042499999999999996 -68854.236323566714
0.042812499999999996 -68737.721083777767
0.043124999999999997 -68621.677157485901
0.043437499999999997 -68506.102544626585
0.043749999999999997 -68390.995257768634
0.044062499999999998 -68276.35332184023
0.044374999999999998 -68162.174773866092
0.044687499999999998 -68048.457662715125
0.044999999999999998 -67935.200048858271
0.045312499999999999 -67822.400004135721
0.045624999999999999 -67710.055611533418
0.045937499999999999 -67598.164964968237
0.046249999999999999 -67486.726169081187
0.0465625 -67375.737339038911
0.046875 -67265.1966003423
0.0471875 -67155.10208864251
0.047500000000000001 -67045.451949563751
0.047812500000000001 -66936.244338532546
0.048125000000000001 -66827.477420613359
0.048437500000000001 -66719.14937035006
0.048750000000000002 -66611.258371613003
0.049062500000000002 -66503.802617451758
0.049375000000000002 -66396.780309952825
0.049687500000000002 -66290.189660102449
0.050000000000000003 -66184.028887654044
0.050312500000000003 -66078.296221000288
0.050625000000000003 -65972.989897049483
0.050937500000000004 -65868.108161106124
0.051250000000000004 -65763.649266755383
0.051562500000000004 -65659.611475751502
0.051875000000000004 -65555.993057909727
0.052187500000000005 -65452.792291001839
0.052500000000000005 -65350.007460655004
0.052812500000000005 -65247.63686025377
0.053125000000000006 -65145.678790845333
0.053437500000000006 -65044.131561047558
0.053750000000000006 -64942.99348695996
0.054062500000000006 -64842.262892077386
0.054375000000000007 -64741.938107206261
0.0546875 -64642.017470383507
0.055 -64542.499326797566
0.055312500000000001 -64443.382028712178
0.055624999999999994 -64344.663935391938
0.055937499999999994 -64246.343413030299
0.056249999999999994 -64148.418834679542
0.056562499999999995 -64050.888580182669
0.056874999999999995 -63953.751036107307
0.057187499999999995 -63857.004595681348
0.057499999999999996 -63760.64765873037
0.057812499999999996 -63664.678631616858
0.058124999999999996 -63569.095927180875
0.058437499999999996 -63473.897964682503
0.058749999999999997 -63379.083169745587
0.059062499999999997 -63284.649974303189
0.059374999999999997 -63190.596816544181
0.059687499999999998 -63096.92214086141
0.059999999999999998 -63003.624397801075
0.060312499999999998 -62910.702044013298
0.060624999999999998 -62818.153542204069
0.060937499999999999 -62725.97736108824
0.061249999999999999 -62634.171975343699
0.061562499999999999 -62542.735865566552
0.061874999999999999 -62451.667518227528
0.0621875 -62360.965425629271
0.0625 -62270.628085864519
0.062812499999999993 -62180.654002775547
0.063125000000000001 -62091.041685914184
0.063437500000000008 -62001.789650502884
0.063750000000000001 -61912.896417396696
0.064062499999999994 -61824.360513045875
0.064375000000000002 -61736.180469459505
0.064687500000000009 -61648.354824169728
0.065000000000000002 -61560.882120196824
0.065312499999999996 -61473.760906014948
0.065625000000000003 -61386.989735518553
0.06593750000000001 -61300.56716798964
0.066250000000000003 -61214.491768065418
0.066562499999999997 -61128.762105706795
0.066875000000000004 -61043.376756167367
0.067187500000000011 -60958.334299963106
0.067500000000000004 -60873.63332284247
0.067812499999999998 -60789.272415757259
0.068125000000000005 -60705.250174833796
0.068437500000000012 -60621.565201344849
0.068750000000000006 -60538.216101681879
0.069062499999999999 -60455.201487327882
0.069375000000000006 -60372.519974830655
0.069687500000000013 -60290.170185776587
0.070000000000000007 -60208.150746764797
0.0703125 -60126.460289381779
0.070625000000000007 -60045.097450176465
0.070937500000000014 -59964.060870635672
0.071250000000000008 -59883.349197159965
0.071562500000000001 -59802.961081039837
0.071875000000000008 -59722.895178432402
0.072187500000000016 -59643.150150338282
0.072500000000000009 -59563.724662578992
0.072812500000000002 -59484.617385774574
0.073125000000000009 -59405.826995321564
0.073437500000000017 -59327.3521713714
0.07375000000000001 -59249.191598808924
0.074062500000000003 -59171.343967231442
0.074375000000000011 -59093.807970927832
0.074687500000000018 -59016.58230885816
0.075000000000000011 -58939.665684633466
0.075312500000000004 -58863.056806495748
0.075625000000000012 -58786.754387298373
0.075937500000000019 -58710.757144486663
0.076250000000000012 -58635.063800078686
0.076562500000000006 -58559.673080646411
0.076875000000000013 -58484.583717296955
0.07718750000000002 -58409.794445654203
0.077500000000000013 -58335.304005840517
0.077812500000000007 -58261.111142458758
0.078125000000000014 -58187.214604574518
0.078437500000000021 -58113.613145698524
0.078750000000000014 -58040.30552376921
0.079062500000000008 -57967.290501135591
0.079375000000000001 -57894.566844540219
0.079687499999999994 -57822.133325102433
0.080000000000000002 -57749.988718301669
0.080312500000000009 -57678.131803961034
0.080625000000000002 -57606.561366231072
0.080937499999999996 -57535.276193573598
0.081249999999999989 -57464.275078745777
0.081562499999999982 -57393.556818784367
0.081874999999999989 -57323.120214990071
0.082187499999999997 -57252.96407291208
0.08249999999999999 -57183.087202332696
0.082812499999999983 -57113.488417252287
0.083124999999999991 -57044.166535874079
0.083437499999999998 -56975.120380589433
0.083749999999999991 -56906.348777962936
0.084062499999999984 -56837.850558717888
0.084374999999999992 -56769.624557721727
0.084687499999999999 -56701.669613971731
0.084999999999999992 -56633.984570580687
0.085312499999999986 -56566.568274762838
0.085624999999999993 -56499.419577819834
0.0859375 -56432.537335126843
0.086249999999999993 -56365.92040611877
0.086562499999999987 -56299.567654276623
0.086874999999999994 -56233.477947113897
0.087187500000000001 -56167.650156163138
0.087499999999999994 -56102.08315696261
0.087812499999999988 -56036.775829043028
0.088124999999999995 -55971.727055914373
0.088437500000000002 -55906.935725052877
0.088749999999999996 -55842.40072788806
0.089062499999999989 -55778.120959789841
0.089374999999999996 -55714.095320055756
0.089687500000000003 -55650.32271189829
0.089999999999999997 -55586.802042432268
0.09031249999999999 -55523.532222662296
0.090624999999999997 -55460.512167470406
0.090937500000000004 -55397.740795603633
0.091249999999999998 -55335.217029661799
0.091562499999999991 -55272.939796085266
0.091874999999999998 -55210.908025142846
0.092187500000000006 -55149.12065091978
0.092499999999999999 -55087.57661130574
0.092812499999999992 -55026.274847982946
0.093124999999999999 -54965.21430641436
0.093437500000000007 -54904.393935831926
0.09375 -54843.812689224833
0.094062499999999993 -54783.469523328029
0.094375000000000001 -54723.363398610505
0.094687500000000008 -54663.493279263967
0.095000000000000001 -54603.858133191301
0.095312499999999994 -54544.456931995257
0.095625000000000002 -54485.288650967195
0.095937500000000009 -54426.352269075738
0.096250000000000002 -54367.646768955732
0.096562499999999996 -54309.171136897035
0.096875000000000003 -54250.924362833459
0.09718750000000001 -54192.9054403318
0.097500000000000003 -54135.113366580888
0.097812499999999997 -54077.547142380652
0.098125000000000004 -54020.205772131332
0.098437500000000011 -53963.088263822654
0.098750000000000004 -53906.193629023088
0.099062499999999998 -53849.520882869183
0.099375000000000005 -53793.069044054922
0.099687500000000012 -53736.837134821137
0.10000000000000001 -53680.82418094499
0.1003125 -53625.029211729438
0.10062500000000001 -53569.45125999282
0.10093750000000001 -53514.089362058432
0.10125000000000001 -53458.94255774426
0.1015625 -53404.009890352529
0.10187500000000001 -53349.290406659587
0.10218750000000001 -53294.783156905571
0.10250000000000001 -53240.48719478432
0.1028125 -53186.401577433186
0.10312500000000001 -53132.525365422931
0.10343750000000002 -53078.857622747768
0.10375000000000001 -53025.397416815198
0.1040625 -52972.14381843619
0.10437500000000001 -52919.09590181517
0.10468750000000002 -52866.252744540121
0.10500000000000001 -52813.613427572775
0.1053125 -52761.177035238747
0.10562500000000001 -52708.942655217827
0.10593750000000002 -52656.909378534147
0.10625000000000001 -52605.076299546512
0.1065625 -52553.44251593879
0.10687500000000001 -52502.00712871016
0.10718750000000002 -52450.769242165625
0.10750000000000001 -52399.727963906371
0.10781250000000001 -52348.882404820266
0.10812500000000001 -52298.231679072342
0.10843750000000002 -52247.774904095364
0.10875000000000001 -52197.511200580382
0.10906250000000001 -52147.439692467291
0.109375 -52097.559506935511
0.10968749999999999 -52047.869774394669
0.11 -51998.36962847523
0.11031250000000001 -51949.058206019283
0.110625 -51899.934647071226
0.11093749999999999 -51850.998094868643
0.11124999999999999 -51802.24769583303
0.11156249999999998 -51753.682599560743
0.11187499999999999 -51705.301958813754
0.1121875 -51657.104929510657
0.11249999999999999 -51609.090670717538
0.11281249999999998 -51561.258344638962
0.11312499999999999 -51513.607116608982
0.1134375 -51466.13615508208
0.11374999999999999 -51418.844631624306
0.11406249999999998 -51371.731720904303
0.11437499999999999 -51324.796600684364
0.1146875 -51278.038451811655
0.11499999999999999 -51231.456458209279
0.11531249999999998 -51185.049806867486
0.11562499999999999 -51138.817687834875
0.1159375 -51092.759294209645
0.11624999999999999 -51046.873822130801
0.11656249999999999 -51001.160470769428
0.11687499999999999 -50955.618442320119
0.1171875 -50910.246941992104
0.11749999999999999 -50865.045178000772
0.11781249999999999 -50820.012361558962
0.11812499999999999 -50775.147706868396
0.1184375 -50730.450431111043
0.11874999999999999 -50685.919754440707
0.11906249999999999 -50641.554899974355
0.119375 -50597.355093783663
0.1196875 -50553.319564886566
0.12 -50509.447545238741
0.12031249999999999 -50465.738269725232
0.120625 -50422.190976151978
0.1209375 -50378.804905237463
0.12125 -50335.579300604331
0.12156249999999999 -50292.51340877101
0.121875 -50249.606479143506
0.1221875 -50206.857764006883
0.1225 -50164.266518517186
0.12281249999999999 -50121.832000693117
0.123125 -50079.553471407678
0.12343750000000001 -50037.43019438014
0.12375 -49995.46143616776
0.12406249999999999 -49953.646466157523
0.124375 -49911.984556558113
0.12468750000000001 -49870.474982391737
0.125 -49829.117021485959
0.12531249999999999 -49787.909954465642
0.12562499999999999 -49746.853064744879
0.12593749999999998 -49705.945638518962
0.12625 -49665.186964756234
0.12656250000000002 -49624.576335190199
0.12687500000000002 -49584.113044311489
0.12718750000000001 -49543.796389359821
0.1275 -49503.625670316113
0.1278125 -49463.600189894518
0.12812499999999999 -49423.719253534502
0.12843749999999998 -49383.982169392948
0.12875 -49344.388248336232
0.12906250000000002 -49304.936803932484
0.12937500000000002 -49265.627152443536
0.12968750000000001 -49226.458612817303
0.13 -49187.430506679855
0.1303125 -49148.542158327626
0.13062499999999999 -49109.792894719707
0.13093749999999998 -49071.182045470036
0.13125000000000001 -49032.708942839701
0.13156250000000003 -48994.372921729155
0.13187500000000002 -48956.173319670619
0.13218750000000001 -48918.109476820289
0.13250000000000001 -48880.180735950744
0.1328125 -48842.386442443298
0.13312499999999999 -48804.725944280304
0.13343749999999999 -48767.198592037632
0.13375000000000001 -48729.803738876981
0.13406250000000003 -48692.540740538352
0.13437500000000002 -48655.408955332539
0.13468750000000002 -48618.40774413343
0.13500000000000001 -48581.536470370651
0.1353125 -48544.794500021941
0.135625 -48508.181201605708
0.13593749999999999 -48471.695946173553
0.13625000000000001 -48435.338107302763
0.13656250000000003 -48399.107061088922
0.13687500000000002 -48363.002186138474
0.13718750000000002 -48327.022863561258
0.13750000000000001 -48291.168476963212
0.1378125 -48255.438412438882
0.138125 -48219.832058564156
0.13843749999999999 -48184.348806388836
0.13875000000000001 -48148.988049429419
0.13906250000000003 -48113.749183661632
0.13937500000000003 -48078.631607513278
0.13968750000000002 -48043.634721856855
0.14000000000000001 -48008.757930002328
0.14031250000000001 -47974.000637689911
0.140625 -47939.362253082749
0.14093749999999999 -47904.842186759823
0.14125000000000001 -47870.43985170855
0.14156250000000004 -47836.154663317837
0.14187500000000003 -47801.98603937072
0.14218750000000002 -47767.933400037313
0.14250000000000002 -47733.996167867605
0.14281250000000001 -47700.173767784356
0.143125 -47666.465627076002
0.1434375 -47632.871175389526
0.14375000000000002 -47599.38984472341
0.14406250000000004 -47566.021069420574
0.14437500000000003 -47532.764286161277
0.14468750000000002 -47499.618933956102
0.14500000000000002 -47466.584454138974
0.14531250000000001 -47433.660290360131
0.145625 -47400.84588857909
0.1459375 -47368.140697057737
0.14625000000000002 -47335.544166353327
0.14656250000000004 -47303.05574931157
0.14687500000000003 -47270.67490105964
0.14718750000000003 -47238.401078999334
0.14750000000000002 -47206.233742800097
0.14781250000000001 -47174.172354392205
0.14812500000000001 -47142.216377959812
0.1484375 -47110.36527993418
0.14874999999999999 -47078.618528986764
0.14906249999999999 -47046.975596022407
0.14937499999999998 -47015.435954172506
0.14968749999999997 -46983.999078788285
0.14999999999999999 -46952.664447433883
0.15031250000000002 -46921.431539879683
0.15062500000000001 -46890.299838095561
0.1509375 -46859.268826244028
0.15125 -46828.337990673594
0.15156249999999999 -46797.506819912051
0.15187499999999998 -46766.774804659741
0.15218749999999998 -46736.141437782848
0.1525 -46705.606214306783
0.15281250000000002 -46675.168631409484
0.15312500000000001 -46644.828188414758
0.1534375 -46614.584386785733
0.15375 -46584.436730118068
0.15406249999999999 -46554.384724133532
0.15437499999999998 -46524.427876673304
0.155 -46464.797699248316
0.15562500000000001 -46405.542302711729
0.15625 -46346.65782542379
0.15687499999999999 -46288.140439027607
0.1575 -46229.98634824164
0.15812500000000002 -46172.191790652891
0.15875 -46114.75303651092
0.15937499999999999 -46057.666388522841
0.16 -46000.928181648967
0.16062500000000002 -45944.534782899595
0.16125 -45888.482591132299
0.16187499999999999 -45832.768036850379
0.16250000000000001 -45777.387582001873
0.16312500000000002 -45722.337719779607
0.16375000000000001 -45667.61497442198
0.16437499999999999 -45613.215901014599
0.16500000000000001 -45559.137085292656
0.16562500000000002 -45505.375143444362
0.16625000000000001 -45451.926721914846
0.166875 -45398.788497211208
0.16750000000000001 -45345.957175708136
0.16812500000000002 -45293.429493454511
0.16875000000000001 -45241.202215980673
0.169375 -45189.272138106571
0.17000000000000001 -45137.636083750745
0.17062500000000003 -45086.290905739988
0.17125000000000001 -45035.233485619909
0.171875 -44984.460733466214
0.17249999999999999 -44933.969587696891
0.17312499999999997 -44883.757014884999
0.17374999999999999 -44833.820009572439
0.174375 -44784.155594084368
0.17499999999999999 -44734.76081834441
0.17562499999999998 -44685.632759690787
0.17624999999999999 -44636.768522692932
0.176875 -44588.165238969217
0.17749999999999999 -44539.820067005203
0.17812499999999998 -44491.730191972754
0.17874999999999999 -44443.892825549854
0.17937500000000001 -44396.305205741366
0.17999999999999999 -44348.964596700316
0.18062499999999998 -44301.868288550009
0.18124999999999999 -44255.013597207035
0.18187500000000001 -44208.397864204853
0.1825 -44162.01845651825
0.18312499999999998 -44115.872766388442
0.18375 -44069.95821114898
0.18437500000000001 -44024.272233052543
0.185 -43978.812299098092
0.18562499999999998 -43933.575900859199
0.18625 -43888.560554312877
0.18687500000000001 -43843.763799669148
0.1875 -43799.183201201449
0.18812499999999999 -43754.816347077649
0.18875 -43710.660849191881
0.18937500000000002 -43666.714342997206
0.19 -43622.974487338695
0.19062499999999999 -43579.438964287518
0.19125 -43536.105478975682
0.19187500000000002 -43492.971759431486
0.1925 -43450.035556415605
0.19312499999999999 -43407.294643257977
0.19375000000000001 -43364.746815695551
0.19437500000000002 -43322.389891710387
0.19500000000000001 -43280.221711368788
0.19562499999999999 -43238.240136661123
0.19625000000000001 -43196.443051342081
0.19687500000000002 -43154.82836077192
0.19750000000000001 -43113.393991758407
0.198125 -43072.137892399231
0.19875000000000001 -43031.058031925313
0.19937500000000002 -42990.152400544852
0.20000000000000001 -42949.419009287914
0.200625 -42908.855889851759
0.20125000000000001 -42868.461094447019
0.20187500000000003 -42828.232695644278
0.20250000000000001 -42788.168786221679
0.203125 -42748.267479012939
0.20375000000000001 -42708.52690675624
0.20437500000000003 -42668.945221943701
0.20500000000000002 -42629.520596671558
0.205625 -42590.251222491039
0.20625000000000002 -42551.135310259997
0.20687500000000003 -42512.171089995041
0.20750000000000002 -42473.356810724516
0.208125 -42434.690740342077
0.20874999999999999 -42396.171165460961
0.20937499999999998 -42357.796391268894
0.20999999999999999 -42319.564741383823
0.21062500000000001 -42281.474557710077
0.21124999999999999 -42243.524200295295
0.21187499999999998 -42205.712047188244
0.21249999999999999 -42168.036494296874
0.21312500000000001 -42130.495955247432
0.21375 -42093.088861244003
0.21437499999999998 -42055.813660928798
0.215 -42018.668820243103
0.21562500000000001 -41981.652822288881
0.21625 -41944.764167191002
0.21687499999999998 -41908.001371960141
0.2175 -41871.36297035632
0.21812500000000001 -41834.847512753251
0.21875 -41798.453566002972
0.21937499999999999 -41762.179713301608
0.22 -41726.02455405525
0.22062500000000002 -41689.986703747098
0.22125 -41654.064793804566
0.22187499999999999 -41618.257471467608
0.2225 -41582.563399657367
0.22312500000000002 -41546.981256845524
0.22375 -41511.509736924381
0.22437499999999999 -41476.147549077468
0.22500000000000001 -41440.893417650739
0.22562500000000002 -41405.746082024722
0.22625000000000001 -41370.704296486809
0.22687499999999999 -41335.766830104571
0.22750000000000001 -41300.932466599552
0.22812500000000002 -41266.200004221791
0.22875000000000001 -41231.568255624647
0.229375 -41197.03604774073
0.23000000000000001 -41162.602221658133
0.23062500000000002 -41128.265632497336
0.23125000000000001 -41094.025149288762
0.231875 -41059.879654851073
0.23249999999999998 -41025.828045669776
0.23312499999999997 -40991.869231776727
0.23374999999999999 -40958.002136630224
0.234375 -40924.225696995498
0.23499999999999999 -40890.538862826113
0.23562499999999997 -40856.940597145724
0.23624999999999999 -40823.429875930582
0.236875 -40790.005687992598
0.23749999999999999 -40756.66703486308
0.23812499999999998 -40723.412930676925
0.23874999999999999 -40690.242402057622
0.23999999999999999 -40624.14823976966
0.24124999999999999 -40558.37700642152
0.24249999999999999 -40492.921352986086
0.24374999999999999 -40427.774119408903
0.245 -40362.928331067895
0.24625 -40298.37719527122
0.2475 -40234.114097792495
0.24875 -40170.132599443627
0.25 -40106.426432684915
0.25124999999999997 -40042.989498272073
0.2525 -39979.815861940246
0.25375000000000003 -39916.899751124816
0.255 -39854.235551718673
0.25624999999999998 -39791.817804865859
0.25750000000000001 -39729.641203791427
0.25875000000000004 -39667.700590667206
0.26000000000000001 -39605.99095351369
0.26124999999999998 -39544.507423137082
0.26250000000000001 -39483.245270102416
0.26375000000000004 -39422.199901741507
0.26500000000000001 -39361.366859196227
0.26624999999999999 -39300.74181449665
0.26750000000000002 -39240.320567674156
0.26875000000000004 -39180.099043908871
0.27000000000000002 -39120.073290711734
0.27124999999999999 -39060.239475140617
0.27250000000000002 -39000.593881050678
0.27375000000000005 -38941.132906378669
0.27500000000000002 -38881.853060460548
0.27625 -38822.750961383368
0.27750000000000002 -38763.823333369561
0.27875000000000005 -38705.067004195495
0.28000000000000003 -38646.478902642142
0.28125 -38588.056055978981
0.28250000000000003 -38529.795587480796
0.28375000000000006 -38471.69471397646
0.28500000000000003 -38413.750743430413
0.28625 -38355.961072556151
0.28749999999999998 -38298.323184461711
0.28874999999999995 -38240.834646327028
0.28999999999999998 -38183.493107112707
0.29125000000000001 -38126.296295300417
0.29249999999999998 -38069.242016664772
0.29374999999999996 -38012.328152075628
0.29499999999999998 -37955.552655332242
0.29625000000000001 -37898.913551027377
0.29749999999999999 -37842.408932442493
0.29874999999999996 -37786.036959472905
0.29999999999999999 -37729.795856583987
0.30125000000000002 -37673.683910796361
0.30249999999999999 -37617.69946970178
0.30374999999999996 -37561.840939508533
0.30499999999999999 -37506.106783116164
0.30625000000000002 -37450.495518219832
0.3075 -37395.005715443818
0.30874999999999997 -37339.635996503908
0.31 -37284.385032398823
0.31125000000000003 -37229.251541630336
0.3125 -37174.234288451589
0.31374999999999997 -37119.332081144064
0.315 -37064.543770322758
0.31625000000000003 -37009.868247269114
0.3175 -36955.304442291839
0.31874999999999998 -36900.851323115457
0.32000000000000001 -36846.507893296337
0.32125000000000004 -36792.273190665757
0.32250000000000001 -36738.146285800736
0.32374999999999998 -36684.126280520839
0.32500000000000001 -36630.212306412897
0.32625000000000004 -36576.403523381334
0.32750000000000001 -36522.699118225726
0.32874999999999999 -36469.098303243918
0.33000000000000002 -36415.60031486192
0.33125000000000004 -36362.204412289277
0.33250000000000002 -36308.909876200261
0.33374999999999999 -36255.716007440889
0.33500000000000002 -36202.622125760972
0.33625000000000005 -36149.627568571705
0.33750000000000002 -36096.731689728163
0.33875 -36043.933858336895
0.34000000000000002 -35991.23345758779
0.34125000000000005 -35938.629883611095
0.34250000000000003 -35886.122544358244
0.34375 -35833.710858507431
0.34499999999999997 -35781.394254392755
0.34624999999999995 -35729.17216895731
0.34749999999999998 -35677.044046730407
0.34875 -35625.009338827571
0.34999999999999998 -35573.06750197467
0.35124999999999995 -35521.217997554508
0.35249999999999998 -35469.460290677023
0.35375000000000001 -35417.793849271729
0.35499999999999998 -35366.21814320363
0.35624999999999996 -35314.732643410498
0.35749999999999998 -35263.336821063654
0.35875000000000001 -35212.030146749916
0.35999999999999999 -35160.812089676205
0.36124999999999996 -35109.682116895645
0.36249999999999999 -35058.639692555174
0.36375000000000002 -35007.684277164968
0.36499999999999999 -34956.8153268889
0.36624999999999996 -34906.032292856064
0.36749999999999999 -34855.334620493501
0.36875000000000002 -34804.721748879543
0.37 -34754.193110117529
0.37124999999999997 -34703.748128730622
0.3725 -34653.386221075765
0.37375000000000003 -34603.106794779269
0.375 -34552.909248190772
0.37624999999999997 -34502.792969857743
0.3775 -34452.757338019881
0.37875000000000003 -34402.801720121628
0.38 -34352.925472345662
0.38124999999999998 -34303.127939163882
0.38250000000000001 -34253.40845290813
0.38375000000000004 -34203.766333359628
0.38500000000000001 -34154.200887356281
0.38624999999999998 -34104.711408419491
0.38750000000000001 -34055.297176397842
0.38875000000000004 -34005.957457129778
0.39000000000000001 -33956.691502123947
0.39124999999999999 -33907.498548256983
0.39250000000000002 -33858.377817488974
0.39375000000000004 -33809.328516595982
0.39500000000000002 -33760.349836920483
0.39750000000000002 -33662.601028040925
0.40000000000000002 -33565.124604475801
0.40250000000000002 -33467.913519728725
0.40500000000000003 -33370.960462100418
0.40749999999999997 -33274.257850629838
0.40999999999999998 -33177.797832035583
0.41249999999999998 -33081.572278635234
0.41499999999999998 -32985.572787222198
0.41749999999999998 -32889.790678875419
0.41999999999999998 -32794.216999682809
0.42249999999999999 -32698.842522354567
0.42499999999999999 -32603.657748705955
0.42749999999999999 -32508.652912985781
0.42999999999999999 -32413.817986030277
0.4325 -32319.142680220106
0.435 -32224.616455217401
0.4375 -32130.228524462589
0.44 -32035.967862408645
0.4425 -31941.823212469146
0.44500000000000001 -31847.783095660456
0.44750000000000001 -31753.835819916232
0.45000000000000001 -31659.969490048916
0.45500000000000002 -31472.431135738756
0.46000000000000002 -31285.069226212494
0.46999999999999997 -30910.46738004997
0.47499999999999998 -30723.018987107826
0.47749999999999998 -30629.211634378698
0.47999999999999998 -30535.331059004118
0.48249999999999998 -30441.363887422023
0.48499999999999999 -30347.296738339814
0.48749999999999999 -30253.116239806772
0.48999999999999999 -30158.809046587077
0.49249999999999999 -30064.361857806703
0.495 -29969.761434858443
0.4975 -29874.994619536767
0.5 -29780.048352386671
0.50249999999999995 -29684.909691237979
0.505 -29589.565829910654
0.50750000000000006 -29494.004117062501
0.51000000000000001 -29398.212075161384
0.51124999999999998 -29350.225833805522
0.51249999999999996 -29302.1774195584
0.51374999999999993 -29254.065330119829
0.51500000000000001 -29205.888077641117
0.5162500000000001 -29157.644189328679
0.51750000000000007 -29109.332208043776
0.51875000000000004 -29060.950692905833
0.52000000000000002 -29012.498219893052
0.52124999999999999 -28963.973382446529
0.52249999999999996 -28915.374792068389
0.52374999999999994 -28866.701078926253
0.52500000000000002 -28817.950892452329
0.52625000000000011 -28769.122901941588
0.52750000000000008 -28720.215797153276
0.52875000000000005 -28671.228288905411
0.53000000000000003 -28622.159109673805
0.53125 -28573.00701418375
0.53249999999999997 -28523.770780006311
0.53374999999999995 -28474.449208146667
0.53500000000000003 -28425.041123633564
0.53625000000000012 -28375.545376108381
0.53750000000000009 -28325.960840407788
0.53875000000000006 -28276.286417145802
0.54000000000000004 -28226.521033294495
0.54125000000000001 -28176.663642759646
0.54249999999999998 -28126.713226953489
0.54374999999999996 -28076.668795366382
0.54500000000000004 -28026.529386132588
0.54625000000000012 -27976.294066594357
0.5475000000000001 -27925.961933861763
0.54875000000000007 -27875.532115365724
0.55000000000000004 -27825.00376941486
0.55125000000000002 -27774.376085736956
0.55249999999999999 -27723.648286026233
0.55374999999999996 -27672.819624479624
0.55500000000000005 -27621.889388331267
0.55625000000000013 -27570.856898381331
0.55750000000000011 -27519.721509518331
0.55875000000000008 -27468.482611239819
0.56000000000000005 -27417.13962816256
0.56125000000000003 -27365.692020532893
0.5625 -27314.139284724864
0.56374999999999997 -27262.480953738628
0.56499999999999995 -27210.716597689134
0.56624999999999992 -27158.84582428811
0.56749999999999989 -27106.868279321705
0.56874999999999987 -27054.783647121643
0.56999999999999995 -27002.591651026567
0.57125000000000004 -26950.292053839112
0.57250000000000001 -26897.884658274794
0.57374999999999998 -26845.369307405443
0.57499999999999996 -26792.745885089902
0.57624999999999993 -26740.014316404595
0.5774999999999999 -26687.174568060873
0.57874999999999988 -26634.226648814074
0.57999999999999996 -26581.170609869157
0.58125000000000004 -26528.00654527295
0.58250000000000002 -26474.734592300625
0.58374999999999999 -26421.354931832488
0.58499999999999996 -26367.867788722739
0.58624999999999994 -26314.273432157726
0.58749999999999991 -26260.572176006819
0.58874999999999988 -26206.764379162385
0.58999999999999997 -26152.850445871347
0.59125000000000005 -26098.830826056099
0.59250000000000003 -26044.706015625667
0.59375 -25990.476556778456
0.59499999999999997 -25936.143038291513
0.59624999999999995 -25881.706095802328
0.59749999999999992 -25827.166412079168
0.59874999999999989 -25772.524717279579
0.59999999999999998 -25717.781789199758
0.60125000000000006 -25662.938453511961
0.60250000000000004 -25607.995583989505
0.60375000000000001 -25552.95410272279
0.60499999999999998 -25497.814980321669
0.60624999999999996 -25442.579236106722
0.60749999999999993 -25387.247938289682
0.6087499999999999 -25331.822204138505
0.60999999999999999 -25276.303200135106
0.61125000000000007 -25220.692142115975
0.61250000000000004 -25164.990295401978
0.61375000000000002 -25109.198974916151
0.61499999999999999 -25053.319545288323
0.61624999999999996 -24997.35342094411
0.61749999999999994 -24941.302066185115
0.61874999999999991 -24885.166995251315
0.62 -24828.949772370419
0.62125000000000008 -24772.652011798436
0.62250000000000005 -24716.275377838043
0.62375000000000003 -24659.821584849844
0.625 -24603.292397245179
0.62624999999999997 -24546.689629465684
0.62749999999999995 -24490.015145949397
0.62874999999999992 -24433.27086107972
0.63 -24376.458739119407
0.63125000000000009 -24319.580794134159
0.63250000000000006 -24262.639089891789
0.63375000000000004 -24205.635739756039
0.63500000000000001 -24148.572906555844
0.63624999999999998 -24091.452802445536
0.63749999999999996 -24034.277688744107
0.63874999999999993 -23977.049875761408
0.64000000000000001 -23919.771722605583
0.64250000000000007 -23805.074074936994
0.64500000000000002 -23690.204586259872
0.64749999999999996 -23575.183862806676
0.65000000000000002 -23460.033267408635
0.65250000000000008 -23344.774909251759
0.65500000000000003 -23229.431632489846
0.66000000000000003 -22998.585298025795
0.66500000000000004 -22767.691209227309
0.66749999999999998 -22652.290778823735
0.67000000000000004 -22536.957140853156
0.6725000000000001 -22421.717864179634
0.67500000000000004 -22306.601117514052
0.67749999999999999 -22191.635646693714
0.67874999999999996 -22134.218774709534
0.68000000000000005 -22076.850750598005
0.68125000000000013 -22019.535318952294
0.68250000000000011 -21962.276255666526
0.68375000000000008 -21905.077367065951
0.68500000000000005 -21847.94248900823
0.68625000000000003 -21790.875485964079
0.6875 -21733.88025007637
0.68874999999999997 -21676.960700194057
0.68999999999999995 -21620.120780884015
0.69124999999999992 -21563.364461419282
0.69249999999999989 -21506.6957347424
0.69374999999999987 -21450.118616407071
0.69499999999999995 -21393.637143496035
0.69625000000000004 -21337.255373509299
0.69750000000000001 -21280.977383236976
0.69874999999999998 -21224.80726760274
0.69999999999999996 -21168.749138476996
0.70124999999999993 -21112.807123479142
0.7024999999999999 -21056.985364740056
0.70374999999999988 -21001.288017651343
0.70499999999999996 -20945.719249581813
0.70625000000000004 -20890.283238567798
0.70750000000000002 -20834.984171986074
0.70874999999999999 -20779.826245189484
0.70999999999999996 -20724.813660129708
0.71124999999999994 -20669.950623938657
0.71249999999999991 -20615.241347496307
0.71374999999999988 -20560.690043966966
0.71499999999999997 -20506.300927306147
0.71625000000000005 -20452.078210745563
0.71687500000000004 -20425.030568560382
0.71750000000000003 -20398.026105248045
0.71812500000000001 -20371.065346566567
0.71875 -20344.148817934663
0.71937499999999999 -20317.2770443798
0.71999999999999997 -20290.450550488535
0.72062499999999996 -20263.669860354192
0.72124999999999995 -20236.935497525963
0.72187499999999993 -20210.247984953654
0.72249999999999992 -20183.607844939786
0.72312499999999991 -20157.015599082853
0.72374999999999989 -20130.471768224354
0.72437499999999999 -20103.976872392454
0.72499999999999998 -20077.531430754505
0.72562499999999996 -20051.135961552838
0.72625000000000006 -20024.79098205467
0.72687500000000005 -19998.497008498904
0.72750000000000004 -19972.254556030563
0.72812500000000002 -19946.064138655358
0.72875000000000001 -19919.926269170392
0.729375 -19893.841459117884
0.72999999999999998 -19867.810218719107
0.73062499999999997 -19841.833056820975
0.73124999999999996 -19815.910480830124
0.73187499999999994 -19790.042996662825
0.73249999999999993 -19764.231108675976
0.73312499999999992 -19738.475319613135
0.7337499999999999 -19712.776130540064
0.734375 -19687.134040783549
0.73499999999999999 -19661.549547873168
0.73562499999999997 -19636.0231474711
0.73625000000000007 -19610.555333321332
0.73687500000000006 -19585.146597172901
0.73750000000000004 -19559.797428724902
0.73812500000000003 -19534.508315563817
0.73875000000000002 -19509.279743089824
0.739375 -19484.112194460471
0.73999999999999999 -19459.006150521363
0.74062499999999998 -19433.962089736557
0.74124999999999996 -19408.98048812968
0.74187499999999995 -19384.061819212409
0.74249999999999994 -19359.206553916352
0.74312499999999992 -19334.415160527074
0.74374999999999991 -19309.688104612713
0.74437500000000001 -19285.025848961679
0.745 -19260.428853501238
0.74562499999999998 -19235.897575240568
0.74625000000000008 -19211.432468190902
0.74687500000000007 -19187.033983300942
0.74750000000000005 -19162.702568379693
0.74812500000000004 -19138.438668031271
0.74875000000000003 -19114.242723573934
0.74937500000000001 -19090.115172975042
0.75 -19066.056450773071
0.75062499999999999 -19042.066988005845
0.75124999999999997 -19018.147212133848
0.75187499999999996 -18994.297546967176
0.75249999999999995 -18970.518412592435
0.75312499999999993 -18946.810225289828
0.75374999999999992 -18923.17339746263
0.75437500000000002 -18899.608337558413
0.755 -18876.115449993031
0.75562499999999999 -18852.695135069094
0.75625000000000009 -18829.347788898824
0.75687500000000008 -18806.073803328552
0.75750000000000006 -18782.873565855312
0.75812500000000005 -18759.74745954786
0.75875000000000004 -18736.695862965942
0.75937500000000002 -18713.719150079385
0.76000000000000001 -18690.817690186832
0.760625 -18667.991847832931
0.76124999999999998 -18645.241982728305
0.76187499999999997 -18622.568449661816
0.76249999999999996 -18599.971598418895
0.76312499999999994 -18577.45177369962
0.76374999999999993 -18555.0093150293
0.76437500000000003 -18532.644556680429
0.76500000000000001 -18510.35782757691
0.765625 -18488.14945121597
0.7662500000000001 -18466.019745579051
0.76687500000000008 -18443.969023041576
0.76750000000000007 -18421.997590289237
0.76812500000000006 -18400.105748225516
0.76875000000000004 -18378.293791888405
0.76937500000000003 -18356.562010349338
0.77000000000000002 -18334.910686638344
0.770625 -18313.340097640725
0.77124999999999999 -18291.850514014764
0.77187499999999998 -18270.442200091857
0.77249999999999996 -18249.115413790456
0.77312499999999995 -18227.870406521342
0.77374999999999994 -18206.707423092372
0.77437500000000004 -18185.626701619094
0.77500000000000002 -18164.628473421777
0.77562500000000001 -18143.712962941925
0.77625000000000011 -18122.880387633668
0.77687500000000009 -18102.130957881564
0.77750000000000008 -18081.464876890142
0.77812500000000007 -18060.882340596407
0.77875000000000005 -18040.383537566224
0.77937500000000004 -18019.968648901118
0.78000000000000003 -17999.637848133574
0.78062500000000001 -17979.39130113037
0.78125 -17959.229165991936
0.78187499999999999 -17939.151592954102
0.78249999999999997 -17919.158724281504
0.78312499999999996 -17899.250694171071
0.78374999999999995 -17879.427628642927
0.78437500000000004 -17859.689645446622
0.78500000000000003 -17840.036853950081
0.78562500000000002 -17820.469355034591
0.78625000000000012 -17800.987240999366
0.7868750000000001 -17781.590595445727
0.78750000000000009 -17762.279493175694
0.78812500000000008 -17743.054000083666
0.78875000000000006 -17723.914173057961
0.78937500000000005 -17704.860059855309
0.79000000000000004 -17685.891699009204
0.79062500000000002 -17667.009119713712
0.79125000000000001 -17648.212341714792
0.791875 -17629.501375201453
0.79249999999999998 -17610.876220692331
0.79312499999999997 -17592.336868927014
0.79374999999999996 -17573.883300751353
0.79437500000000005 -17555.515487011529
0.79500000000000004 -17537.23338843157
0.79562500000000003 -17519.036955504442
0.79625000000000012 -17500.926128381496
0.79687500000000011 -17482.900836748762
0.7975000000000001 -17464.96099971982
0.79812500000000008 -17447.106525713745
0.79875000000000007 -17429.33731234321
0.79937500000000006 -17411.653246291142
0.80000000000000004 -17394.054203195054
0.80062500000000003 -17376.54004753795
0.80125000000000002 -17359.110632510226
0.801875 -17341.765799906767
0.80249999999999999 -17324.505379996743
0.80312499999999998 -17307.329191405581
0.80374999999999996 -17290.237040995995
0.80437500000000006 -17273.228723740798
0.80500000000000005 -17256.304022598182
0.80562500000000004 -17239.462708399955
0.80625000000000013 -17222.704539714679
0.80687500000000012 -17206.029262723423
0.80750000000000011 -17189.43661110313
0.80812500000000009 -17172.926305895009
0.80875000000000008 -17156.498055376673
0.80937500000000007 -17140.151554934793
0.81000000000000005 -17123.886486939169
0.81062500000000004 -17107.702520613995
0.81125000000000003 -17091.59931190564
0.81187500000000001 -17075.576503354801
0.8125 -17059.633723965329
0.81312499999999999 -17043.770589073774
0.81374999999999997 -17027.986700213714
0.81437499999999996 -17012.281644988154
0.81499999999999995 -16996.65499693339
0.81562499999999993 -16981.106315382476
0.81624999999999992 -16965.635145338056
0.81687499999999991 -16950.241017329259
0.81749999999999989 -16934.923447279521
0.81812499999999988 -16919.68193636795
0.81874999999999987 -16904.515970894656
0.81937499999999996 -16889.425022141782
0.81999999999999995 -16874.408546229832
0.82062499999999994 -16859.465983988041
0.82125000000000004 -16844.596760806493
0.82187500000000002 -16829.800286498274
0.82250000000000001 -16815.075955159347
0.823125 -16800.423145018409
0.82374999999999998 -16785.841218306086
0.82437499999999997 -16771.329521105559
0.82499999999999996 -16756.887383201381
0.82562499999999994 -16742.514117953571
0.82624999999999993 -16728.209022129751
0.82687499999999992 -16713.971375774614
0.8274999999999999 -16699.800442051488
0.82812499999999989 -16685.695467110814
0.82874999999999988 -16671.655679922282
0.82937499999999997 -16657.680292136898
0.82999999999999996 -16643.768497939331
0.83062499999999995 -16629.919473887072
0.83125000000000004 -16616.132378769969
0.83187500000000003 -16602.406353451868
0.83250000000000002 -16588.740520719854
0.833125 -16575.133985129392
0.83374999999999999 -16561.585832853001
0.83437499999999998 -16548.095131521688
0.83499999999999996 -16534.660930071765
0.83562499999999995 -16521.282258591673
0.83624999999999994 -16507.958128153583
0.83687499999999992 -16494.687530668401
0.83749999999999991 -16481.469438722532
0.8381249999999999 -16468.302805412772
0.83874999999999988 -16455.186564197051
0.83937499999999998 -16442.119628723125
0.83999999999999997 -16429.100892674149
0.84062499999999996 -16416.129229602877
0.84125000000000005 -16403.203492769586
0.84187500000000004 -16390.32251497691
0.84250000000000003 -16377.485108404331
0.84312500000000001 -16364.690064451284
0.84375 -16351.936153556529
0.84437499999999999 -16339.222125043356
0.84499999999999997 -16326.546706944451
0.84562499999999996 -16313.908605836752
0.84624999999999995 -16301.306506670782
0.84749999999999992 -16276.204944816964
0.84874999999999989 -16251.231061983372
0.84999999999999998 -16226.373541770059
0.85125000000000006 -16201.620705225025
0.85250000000000004 -16176.96050521954
0.85375000000000001 -16152.380520779661
0.85499999999999998 -16127.867951363873
0.85624999999999996 -16103.409611083802
0.85749999999999993 -16078.991922870244
0.85999999999999999 -16030.222203050314
0.86250000000000004 -15981.442126460544
0.86375000000000002 -15957.009935638574
0.86499999999999999 -15932.528385756816
0.86624999999999996 -15907.980993298024
0.86749999999999994 -15883.350834787863
0.86874999999999991 -15858.620540438733
0.87 -15833.772287694141
0.87062499999999998 -15821.298231977476
0.87125000000000008 -15808.787794740618
0.87187500000000007 -15796.238617923173
0.87250000000000005 -15783.648313929143
0.87312500000000004 -15771.014465423015
0.87375000000000003 -15758.334625124504
0.87437500000000001 -15745.606315592087
0.875 -15732.827029010856
0.87562499999999999 -15719.994226979965
0.87624999999999997 -15707.105340291706
0.87687499999999996 -15694.157768727897
0.87749999999999995 -15681.148880832638
0.87812499999999993 -15668.076013690334
0.87874999999999992 -15654.936472722555
0.87937500000000002 -15641.727531446133
0.88 -15628.446431266066
0.88062499999999999 -15615.090381241804
0.88125000000000009 -15601.656557867487
0.88187500000000008 -15588.142104850354
0.88250000000000006 -15574.544132867833
0.88312500000000005 -15560.859719355281
0.88375000000000004 -15547.085908260888
0.88437500000000002 -15533.219709826097
0.88500000000000001 -15519.258100344872
0.885625 -15505.198021926
0.88624999999999998 -15491.036382260436
0.88687499999999997 -15476.770054385614
0.88749999999999996 -15462.395876446008
0.88812499999999994 -15447.910651441587
0.88874999999999993 -15433.31114699747
0.88937500000000003 -15418.594095111757
0.89000000000000001 -15403.756191908173
0.890625 -15388.794097391419
0.8912500000000001 -15373.704435197842
0.89156250000000004 -15366.11070109789
0.89187500000000008 -15358.48379233605
0.89218750000000013 -15350.823276523028
0.89250000000000007 -15343.128718945523
0.89281250000000001 -15335.399682574291
0.89312500000000006 -15327.635728029776
0.89343750000000011 -15319.836413598077
0.89375000000000004 -15312.001295204787
0.89406249999999998 -15304.129926413214
0.89437500000000003 -15296.221858427865
0.89468750000000008 -15288.276640064036
0.89500000000000002 -15280.293817756081
0.89531249999999996 -15272.272935543704
0.895625 -15264.213535064146
0.89593750000000005 -15256.115155542344
0.89624999999999999 -15247.977333783529
0.89656249999999993 -15239.799604167059
0.89687499999999998 -15231.581498636086
0.89718750000000003 -15223.322546685493
0.89749999999999996 -15215.022275361513
0.8978124999999999 -15206.680209241422
0.89812499999999995 -15198.295870440448
0.8984375 -15189.868778589962
0.89874999999999994 -15181.398450826948
0.89906249999999999 -15172.884401806044
0.89937500000000004 -15164.326143663056
0.89968749999999997 -15155.723186027815
0.90000000000000002 -15147.075035999811
0.90031250000000007 -15138.381198149818
0.90062500000000001 -15129.641174506605
0.90093750000000006 -15120.854464550684
0.90125000000000011 -15112.020565200308
0.90156250000000004 -15103.138970807022
0.90187500000000009 -15094.209173142051
0.90218750000000014 -15085.230661393878
0.90250000000000008 -15076.202922147791
0.90281250000000002 -15067.125439393058
0.90312500000000007 -15057.997694497888
0.90343750000000012 -15048.819166207386
0.90375000000000005 -15039.589330628938
0.90406249999999999 -15030.307661235402
0.90437500000000004 -15020.973628843114
0.90468750000000009 -15011.586701600574
0.90500000000000003 -15002.146344989547
0.90531249999999996 -14992.652021812197
0.90562500000000001 -14983.103192171111
0.90593750000000006 -14973.499313472852
0.90625 -14963.839840414123
0.90656249999999994 -14954.124224964859
0.90687499999999999 -14944.351916364862
0.90718750000000004 -14934.522361120165
0.90749999999999997 -14924.63500297055
0.90781249999999991 -14914.689282905714
0.90812499999999996 -14904.684639136607
0.90843750000000001 -14894.620507096342
0.90874999999999995 -14884.496319420699
0.9090625 -14874.311505943175
0.90937500000000004 -14864.065493682172
0.90968749999999998 -14853.757706835877
0.91000000000000003 -14843.387566760721
0.91031250000000008 -14832.954491969436
0.91062500000000002 -14822.457898114515
0.91093750000000007 -14811.89719798714
0.91125000000000012 -14801.271801488941
0.91156250000000005 -14790.581115639947
0.9118750000000001 -14779.824544552155
0.91218750000000015 -14769.001489430011
0.91250000000000009 -14758.111348550046
0.91281250000000003 -14747.153517251283
0.91312500000000008 -14736.127387928254
0.91343750000000012 -14725.032350012112
0.91375000000000006 -14713.867789970884
0.9140625 -14702.633091280873
0.91437500000000005 -14691.327634426349
0.9146875000000001 -14679.950796885898
0.91500000000000004 -14668.501953116192
0.91531249999999997 -14656.980474549146
0.91562500000000002 -14645.385729561045
0.91593750000000007 -14633.717083484029
0.91625000000000001 -14621.97389856832
0.91656249999999995 -14610.155533994603
0.916875 -14598.261345838269
0.91718750000000004 -14586.290687076427
0.91749999999999998 -14574.242907553702
0.91781249999999992 -14562.117353992864
0.91812499999999997 -14549.913369958822
0.91843750000000002 -14537.630295860883
0.91874999999999996 -14525.267468933345
0.9190625 -14512.824223215757
0.91937500000000005 -14500.299889551125
0.91968749999999999 -14487.693795563817
0.92000000000000004 -14475.005265645024
0.92031250000000009 -14462.233620941295
0.92062500000000003 -14449.378179344683
0.92093750000000008 -14436.438255460434
0.92125000000000012 -14423.413160610327
0.92156250000000006 -14410.302202817677
0.92187500000000011 -14397.104686767361
0.92218750000000016 -14383.819913823891
0.9225000000000001 -14370.447182000353
0.92281250000000004 -14356.985785927371
0.92312500000000008 -14343.435016868438
0.92343750000000013 -14329.794162676317
0.92375000000000007 -14316.062507795559
0.92406250000000001 -14302.239333229951
0.92437500000000006 -14288.323916535073
0.92468750000000011 -14274.315531801405
0.92500000000000004 -14260.213449636058
0.92531249999999998 -14246.016937138154
0.92562500000000003 -14231.725257889597
0.92593750000000008 -14217.337671935522
0.92625000000000002 -14202.853435760422
0.92656249999999996 -14188.271802278341
0.926875 -14173.592020802636
0.92718750000000005 -14158.813337036765
0.92749999999999999 -14143.93499305088
0.92781249999999993 -14128.956227256314
0.92812499999999998 -14113.876274405016
0.92843750000000003 -14098.694365534626
0.92874999999999996 -14083.409727984652
0.92906250000000001 -14068.021585354769
0.92937500000000006 -14052.529157482453
0.9296875 -14036.931660429143
0.93000000000000005 -14021.228306457022
0.9303125000000001 -14005.418303998033
0.93062500000000004 -13989.500857646128
0.93093750000000008 -13973.475168115881
0.93125000000000013 -13957.340432229752
0.93156250000000007 -13941.095842896666
0.93187500000000012 -13924.740589075145
0.93218750000000017 -13908.273855757841
0.93250000000000011 -13891.694823945061
0.93281250000000004 -13875.002670614285
0.93312500000000009 -13858.196568696074
0.93343750000000014 -13841.275687046898
0.93375000000000008 -13824.239190424119
0.93406250000000002 -13807.086239451943
0.93437500000000007 -13789.815990592626
0.93453125000000004 -13781.136614708375
0.93468750000000012 -13772.427596127713
0.93484375000000008 -13763.688828225235
0.93500000000000005 -13754.920204114422
0.93515625000000002 -13746.12161663619
0.93531249999999999 -13737.292958362572
0.93546875000000007 -13728.434121603626
0.93562500000000004 -13719.544998398824
0.93578125000000001 -13710.625480513738
0.93593750000000009 -13701.675459438027
0.93609375000000006 -13692.694826407756
0.93625000000000003 -13683.683472361159
0.93640625 -13674.641287975372
0.93656249999999996 -13665.568163651571
0.93671875000000004 -13656.463989506543
0.93687500000000001 -13647.328655390262
0.93703124999999998 -13638.162050865138
0.93718750000000006 -13628.964065211439
0.93734375000000003 -13619.734587437002
0.9375 -13610.473506265149
0.93765624999999997 -13601.180710126429
0.93781249999999994 -13591.856087174681
0.93796875000000002 -13582.499525278232
0.93812499999999999 -13573.110912015331
0.93828124999999996 -13563.690134677958
0.93843750000000004 -13554.237080264398
0.93859375 -13544.751635483815
0.93874999999999997 -13535.233686754922
0.93890624999999994 -13525.683120206502
0.93906249999999991 -13516.099821662729
0.93921874999999999 -13506.483676658774
0.93937499999999996 -13496.834570429311
0.93953124999999993 -13487.152387913802
0.93968750000000001 -13477.437013747944
0.93984374999999998 -13467.688332269629
0.93999999999999995 -13457.906227511743
0.94015624999999992 -13448.090583199728
0.94031249999999988 -13438.24128275815
0.94046874999999996 -13428.358209305754
0.94062499999999993 -13418.441245644517
0.9407812499999999 -13408.490274277759
0.94093749999999998 -13398.505177383167
0.94109374999999995 -13388.485836841988
0.94124999999999992 -13378.432134208571
0.94140624999999989 -13368.343950724291
0.94156249999999986 -13358.221167307722
0.94171874999999994 -13348.063664570724
0.94187499999999991 -13337.871322795903
0.94203124999999988 -13327.64402194126
0.94218749999999996 -13317.381641640257
0.94234374999999992 -13307.084061211275
0.94249999999999989 -13296.751159633266
0.94265624999999986 -13286.382815555644
0.94281249999999983 -13275.978907302777
0.94296874999999991 -13265.539312866025
0.94312499999999988 -13255.063909897772
0.94328124999999985 -13244.552575712149
0.94343749999999993 -13234.005187288461
0.9435937499999999 -13223.421621268411
0.94374999999999987 -13212.801753942609
0.94390624999999995 -13202.145461267537
0.94406249999999992 -13191.452618847603
0.94421874999999988 -13180.723101933179
0.94437499999999996 -13169.956785439112
0.94453124999999993 -13159.153543916076
0.9446874999999999 -13148.313251560034
0.94484374999999998 -13137.435782221162
0.94499999999999995 -13126.521009376655
0.94515624999999992 -13115.568806150975
0.9453125 -13104.579045306913
0.94546874999999997 -13093.551599237513
0.94562499999999994 -13082.486339968556
0.94578125000000002 -13071.383139159698
0.94593749999999999 -13060.241868092464
0.94609374999999996 -13049.062397679767
0.94625000000000004 -13037.8445984465
0.94640625 -13026.588340553379
0.94656249999999997 -13015.29349376648
0.94671875000000005 -13003.959927475298
0.94687500000000002 -12992.587510672345
0.94703124999999999 -12981.176111971939
0.94718750000000007 -12969.725599586709
0.94734375000000004 -12958.235841336307
0.94750000000000001 -12946.706704642973
0.94765624999999998 -12935.138056531283
0.94781249999999995 -12923.529763615152
0.94796875000000003 -12911.88169211099
0.948125 -12900.19370781229
0.94828124999999996 -12888.465676113496
0.94843750000000004 -12876.697461990423
0.94859375000000001 -12864.888929988503
0.94874999999999998 -12853.039944250375
0.94890624999999995 -12841.150368477176
0.94906249999999992 -12829.220065953925
0.94921875 -12817.248899525457
0.94937499999999997 -12805.236731603491
0.94953124999999994 -12793.183424165261
0.94968750000000002 -12781.088838743153
0.94984374999999999 -12768.952836427388
0.94999999999999996 -12756.775277853754
0.95015624999999992 -12744.556023208255
0.95031249999999989 -12732.294932224113
0.95046874999999997 -12719.991864170965
0.95062499999999994 -12707.6466778505
0.95078124999999991 -12695.259231606504
0.95093749999999999 -12682.829383304963
0.95109374999999996 -12670.35699033437
0.95124999999999993 -12657.841909607196
0.9514062499999999 -12645.283997547602
0.95156249999999987 -12632.683110097132
0.95171874999999995 -12620.039102703689
0.95187499999999992 -12607.351830308377
0.95203124999999988 -12594.621147362999
0.95218749999999996 -12581.846907806788
0.95234374999999993 -12569.028965069918
0.9524999999999999 -12556.167172063955
0.95265624999999987 -12543.261381184777
0.95281249999999984 -12530.311444296764
0.95296874999999992 -12517.317212735132
0.95312499999999989 -12504.278537305119
0.95328124999999986 -12491.195268265998
0.95343749999999994 -12478.067255327736
0.95359374999999991 -12464.894347657846
0.95374999999999988 -12451.676393854463
0.95390624999999996 -12438.41324196321
0.95406249999999992 -12425.104739458568
0.95421874999999989 -12411.750733234107
0.95437499999999997 -12398.351069612634
0.95453124999999994 -12384.905594322508
0.95468749999999991 -12371.414152502794
0.95484374999999999 -12357.876588692925
0.95499999999999996 -12344.292746825493
0.95515624999999993 -12330.662470222907
0.95531250000000001 -12316.985601587196
0.95546874999999998 -12303.261982995229
0.95562499999999995 -12289.491455888472
0.95578125000000003 -12275.673861071627
0.9559375 -12261.809038704536
0.95609374999999996 -12247.896828280385
0.95625000000000004 -12233.937068645968
0.95640625000000001 -12219.929597967248
0.95656249999999998 -12205.874253736387
0.95671875000000006 -12191.770872756977
0.95687500000000003 -12177.619291142082
0.95703125 -12163.419344298183
0.95718750000000008 -12149.17086691986
0.95734375000000005 -12134.873692986468
0.95750000000000002 -12120.527655744607
0.95765624999999999 -12106.132587703309
0.95781249999999996 -12091.688320625346
0.95796875000000004 -12077.194685513665
0.958125 -12062.651512604871
0.95828124999999997 -12048.058631361453
0.95843750000000005 -12033.415870459457
0.95859375000000002 -12018.723057767957
0.95874999999999999 -12003.980020362336
0.95890624999999996 -11989.186584484509
0.95906249999999993 -11974.342575554094
0.95921875000000001 -11959.447818151722
0.95937499999999998 -11944.502135999461
0.95953124999999995 -11929.505351956819
0.95968750000000003 -11914.457288002441
0.95984375 -11899.357765230996
0.95999999999999996 -11884.206603828161
0.96015624999999993 -11869.003623070552
0.9603124999999999 -11853.748641305747
0.96046874999999998 -11838.441475928381
0.96062499999999995 -11823.081943392985
0.96078124999999992 -11807.669859168565
0.9609375 -11792.205037753143
0.96109374999999997 -11776.687292626038
0.96124999999999994 -11761.116436272418
0.96140624999999991 -11745.49228012713
0.96156249999999988 -11729.814634592938
0.96171874999999996 -11714.083309002943
0.96187499999999992 -11698.298111600428
0.96203124999999989 -11682.458849548946
0.96218749999999997 -11666.565328882798
0.96234374999999994 -11650.617354506971
0.96249999999999991 -11634.614730176165
0.96265624999999988 -11618.557258474673
0.96281249999999985 -11602.444740794863
0.96296874999999993 -11586.276977308107
0.9631249999999999 -11570.053766980773
0.96328124999999987 -11553.774907499735
0.96343749999999995 -11537.440195295618
0.96359374999999992 -11521.049425496458
0.96374999999999988 -11504.602391916187
0.96390624999999996 -11488.098887023651
0.96406249999999993 -11471.53870192891
0.9642187499999999 -11454.921626342511
0.96437499999999998 -11438.247448572183
0.96453124999999995 -11421.515955479197
0.96468749999999992 -11404.726932458756
0.96484375 -11387.880163410744
0.96499999999999997 -11370.975430722981
0.96515624999999994 -11354.012515221142
0.96531250000000002 -11336.991196161269
0.96546874999999999 -11319.91125118707
0.96562499999999996 -11302.772456301662
0.96578125000000004 -11285.574585838258
0.9659375 -11268.317412422344
0.96609374999999997 -11251.000706950988
0.96625000000000005 -11233.624238540846
0.96640625000000002 -11216.187774499758
0.96656249999999999 -11198.691080297718
0.96671875000000007 -11181.133919526621
0.96687500000000004 -11163.516053847079
0.96703125000000001 -11145.83724297335
0.96718750000000009 -11128.09724461423
0.96734375000000006 -11110.295814439576
0.96750000000000003 -11092.432706031303
0.96765625 -11074.507670851568
0.96781249999999996 -11056.520458181159
0.96796875000000004 -11038.470815079303
0.96812500000000001 -11020.358486352865
0.96828124999999998 -11002.183214469986
0.96843750000000006 -10983.944739537319
0.96859375000000003 -10965.64279924947
0.96875 -10947.277128817004
0.96890624999999997 -10928.847460913012
0.96906249999999994 -10910.353525637069
0.96921875000000002 -10891.795050432165
0.96937499999999999 -10873.171760028859
0.96953124999999996 -10854.483376399612
0.96968750000000004 -10835.729618672645
0.96984375 -10816.910203066063
0.96999999999999997 -10798.024842845904
0.97015624999999994 -10779.073248214327
0.97031249999999991 -10760.055126274714
0.97046874999999999 -10740.970180930826
0.97062499999999996 -10721.818112819607
0.97078124999999993 -10702.59861923166
0.97093750000000001 -10683.311394019667
0.97109374999999998 -10663.956127522093
0.97124999999999995 -10644.53250647108
0.97140624999999992 -10625.040213900835
0.97156249999999988 -10605.478929055893
0.97171874999999996 -10585.848327287598
0.97187499999999993 -10566.148079963315
0.9720312499999999 -10546.377854347456
0.97218749999999998 -10526.537313517396
0.97234374999999995 -10506.626116218791
0.97249999999999992 -10486.643916789813
0.97265624999999989 -10466.590365010832
0.97281249999999986 -10446.46510599925
0.97296874999999994 -10426.267780068416
0.97312499999999991 -10405.998022609287
0.97328124999999988 -10385.655463948453
0.97343749999999996 -10365.239729211798
0.97359374999999992 -10344.750438162841
0.97374999999999989 -10324.187205076511
0.97390624999999997 -10303.549638555503
0.97406249999999994 -10282.837341395481
0.97421874999999991 -10262.049910392861
0.97437499999999999 -10241.186936183269
0.97453124999999996 -10220.248003057621
0.97468749999999993 -10199.232688776678
0.97484375000000001 -10178.140564379173
0.97499999999999998 -10156.971193966221
0.97515624999999995 -10135.724134509614
0.97531250000000003 -10114.398935626257
0.97546875 -10092.995139356188
0.97562499999999996 -10071.512279918958
0.97578125000000004 -10049.949883482141
0.97593750000000001 -10028.307467909292
0.97609374999999998 -10006.584542480323
0.97625000000000006 -9984.7806076435118
0.97640625000000003 -9962.8951547087727
0.9765625 -9940.9276655657759
0.97671875000000008 -9918.8776123786338
0.97687500000000005 -9896.7444572578934
0.97703125000000002 -9874.5276519355411
0.9771875000000001 -9852.2266374097126
0.97734375000000007 -9829.8408435978254
0.97750000000000004 -9807.3696889531384
0.97765625 -9784.81258006403
0.97773437500000004 -9773.5016040040082
0.97781249999999997 -9762.1689112789136
0.97789062500000001 -9750.8144241960654
0.97796875000000005 -9739.4380642420219
0.97804687499999998 -9728.0397520647475
0.97812500000000002 -9716.6194074685227
0.97820312500000006 -9705.1769493949705
0.97828124999999999 -9693.7122958970031
0.97835937500000003 -9682.2253641379248
0.97843750000000007 -9670.7160703714053
0.978515625 -9659.1843299220764
0.97859375000000004 -9647.630057175289
0.97867187500000008 -9636.0531655449468
0.97875000000000001 -9624.4535674811832
0.97882812499999994 -9612.831174426603
0.97890624999999998 -9601.1858968111901
0.97898437500000002 -9589.5176440464602
0.97906249999999995 -9577.8263244743357
0.97914062499999999 -9566.1118453714626
0.97921875000000003 -9554.3741129310238
0.97929687499999996 -9542.6130322300251
0.979375 -9530.8285072152357
0.97945312500000004 -9519.0204406801877
0.97953124999999996 -9507.188734241261
0.979609375 -9495.3332883246949
0.97968750000000004 -9483.4540021392186
0.97976562499999997 -9471.5507736362306
0.97984375000000001 -9459.6234995219274
0.97992187500000005 -9447.6720751985085
0.97999999999999998 -9435.6963947566328
0.98007812499999991 -9423.6963509485849
0.98015624999999995 -9411.6718351562176
0.98023437499999999 -9399.622737373491
0.98031249999999992 -9387.5489461632078
0.98039062499999996 -9375.4503486563499
0.98046875 -9363.3268304931025
0.98054687499999993 -9351.1782758161735
0.98062499999999997 -9339.0045672230663
0.98070312500000001 -9326.8055857510426
0.98078124999999994 -9314.5812108369682
0.98085937499999998 -9302.3313202883273
0.98093750000000002 -9290.0557902453711
0.98101562499999995 -9277.754495148185
0.98109374999999999 -9265.4273077212747
0.98117187500000003 -9253.0740989016176
0.98124999999999996 -9240.6947378271761
0.98132812499999988 -9228.28909180142
0.98140624999999992 -9215.8570262347221
0.98148437499999996 -9203.3984046339465
0.98156249999999989 -9190.9130885341074
0.98164062499999993 -9178.4009374706966
0.98171874999999997 -9165.8618089452957
0.9817968749999999 -9153.2955583631192
0.98187499999999994 -9140.7020389971549
0.98195312499999998 -9128.0811019521043
0.98203124999999991 -9115.4325961039849
0.98210937499999995 -9102.7563680461826
0.98218749999999999 -9090.0522620721931
0.98226562499999992 -9077.3201200924232
0.98234374999999996 -9064.5597815799501
0.982421875 -9051.7710835550151
0.98249999999999993 -9038.9538604845802
0.98257812499999986 -9026.1079442557693
0.9826562499999999 -9013.2331641061664
0.98273437499999994 -9000.3293465665174
0.98281249999999987 -8987.3963154073754
0.98289062499999991 -8974.4338915567805
0.98296874999999995 -8961.4418930508491
0.98304687499999988 -8948.4201349736832
0.98312499999999992 -8935.3684293722417
0.98320312499999996 -8922.2865851901533
0.98328124999999988 -8909.1744082131681
0.98335937499999992 -8896.0317009701939
0.98343749999999996 -8882.858262670974
0.98351562499999989 -8869.6538891282053
0.98359374999999993 -8856.4183726759165
0.98367187499999997 -8843.1515020804218
0.9837499999999999 -8829.8530624569976
0.98382812499999994 -8816.5228351990409
0.98390624999999998 -8803.1605978611606
0.98398437499999991 -8789.7661240794641
0.98406249999999995 -8776.3391834838403
0.98414062499999999 -8762.8795415812947
0.98421874999999992 -8749.3869596751338
0.98429687499999996 -8735.861194738025
0.984375 -8722.3019993291728
0.98445312499999993 -8708.7091214576849
0.98453124999999997 -8695.0823044931403
0.98460937500000001 -8681.4212870304655
0.98468749999999994 -8667.7258027764019
0.98476562499999998 -8653.995580422923
0.98484375000000002 -8640.2303435158046
0.98492187499999995 -8626.4298103277233
0.98499999999999999 -8612.5936937255519
0.98507812500000003 -8598.7217010064051
0.98515624999999996 -8584.8135337780259
0.985234375 -8570.8688877948643
0.98531250000000004 -8556.8874528022043
0.98539062499999996 -8542.8689123903587
0.98546875 -8528.8129438094475
0.98554687500000004 -8514.7192178139758
0.98562499999999997 -8500.5873984760874
0.98570312500000001 -8486.4171430088136
0.98578125000000005 -8472.208101584838
0.98585937499999998 -8457.959917128861
0.98593750000000002 -8443.6722251270257
0.98601562500000006 -8429.3446534144095
0.98609374999999999 -8414.9768219594716
0.98617187500000003 -8400.568342653105
0.98625000000000007 -8386.1188190665598
0.986328125 -8371.6278462176724
0.98640625000000004 -8357.0950103281721
0.98648437500000008 -8342.5198885792488
0.98656250000000001 -8327.9020488251936
0.98664062500000005 -8313.2410493451662
0.98671875000000009 -8298.53643854853
0.98679687500000002 -8283.7877546812033
0.98687500000000006 -8268.9945255506627
0.9869531250000001 -8254.1562681669639
0.98703125000000003 -8239.2724884618037
0.98710937500000007 -8224.3426809255816
0.98718750000000011 -8209.3663282801863
0.98726562500000004 -8194.3429011016578
0.98734375000000008 -8179.2718574501905
0.98742187500000012 -8164.1526424915519
0.98750000000000004 -8148.9846880743044
0.98757812499999997 -8133.7674123326397
0.98765625000000001 -8118.5002192519278
0.98773437500000005 -8103.1824982016815
0.98781249999999998 -8087.8136234771955
0.98789062500000002 -8072.3929538177836
0.98796875000000006 -8056.9198319015977
0.98804687499999999 -8041.3935838112575
0.98812500000000003 -8025.8135185040446
0.98820312500000007 -8010.1789272328433
0.98828125 -7994.4890829610085
0.98835937500000004 -7978.7432397535313
0.98843750000000008 -7962.9406321266279
0.98851562500000001 -7947.0804744023562
0.98859375000000005 -7931.1619600074791
0.98867187500000009 -7915.1842607399194
0.98875000000000002 -7899.1465260492914
0.98882812499999995 -7883.0478822213981
0.98890624999999999 -7866.8874316008523
0.98898437500000003 -7850.6642517051732
0.98906249999999996 -7834.3773943691194
0.989140625 -7818.0258847981358
0.98921875000000004 -7801.6087206219972
0.98929687499999996 -7785.1248708769017
0.989375 -7768.5732749649305
0.98945312500000004 -7751.9528415572868
0.98949218750000001 -7743.6164610592677
0.98953124999999997 -7735.2624474238728
0.98957031249999994 -7726.890655073631
0.98960937500000001 -7718.5009362777346
0.98964843750000009 -7710.0931411285756
0.98968750000000005 -7701.6671174836629
0.98972656250000002 -7693.2227109398491
0.98976562499999998 -7684.7597647734319
0.98980468749999995 -7676.278119908422
0.98984375000000002 -7667.7776148643652
0.9898828125000001 -7659.2580857118646
0.98992187500000006 -7650.7193660255443
0.98996093750000003 -7642.1612868383727
0.98999999999999999 -7633.5836765823833
0.99003906249999996 -7624.9863610515467
0.99007812499999992 -7616.3691633387889
0.99011718749999988 -7607.731903788308
0.99015624999999996 -7599.0743999378174
0.99019531250000004 -7590.3964664651257
0.990234375 -7581.6979151264186
0.99027343749999996 -7572.9785547096608
0.99031249999999993 -7564.2381909593223
0.99035156249999989 -7555.4766265208909
0.99039062499999997 -7546.6936608787873
0.99042968750000004 -7537.8890903003503
0.99046875000000001 -7529.0627077526742
0.99050781249999997 -7520.2143028465071
0.99054687499999994 -7511.3436617635789
0.9905859374999999 -7502.4505671837414
0.99062499999999998 -7493.534798217147
0.99066406250000005 -7484.596130323228
0.99070312500000002 -7475.6343352451158
0.99074218749999998 -7466.6491809167001
0.99078124999999995 -7457.6404313862959
0.99082031249999991 -7448.607846747851
0.99085937499999999 -7439.5511830248433
0.99089843750000006 -7430.4701921278802
0.99093750000000003 -7421.3646217251817
0.99097656249999999 -7412.2342151690009
0.99101562499999996 -7403.0787114074856
0.99105468749999992 -7393.8978448724856
0.99109375 -7384.6913453898587
0.99113281250000007 -7375.4589380768793
0.99117187500000004 -7366.2003432534957
0.9912109375 -7356.9152762958911
0.99124999999999996 -7347.6034475646611
0.99128906249999993 -7338.2645622852569
0.99132812499999989 -7328.8983204064598
0.99136718749999986 -7319.5044165127574
0.99140624999999993 -7310.0825396936289
0.99144531250000001 -7300.632373405866
0.99148437499999997 -7291.1535953533012
0.99152343749999994 -7281.6458773645309
0.9915624999999999 -7272.108885232411
0.99160156249999987 -7262.5422785949622
0.99164062499999994 -7252.9457107861508
0.99167968750000002 -7243.318828676478
0.99171874999999998 -7233.6612725451751
0.99175781249999995 -7223.9726758975348
0.99179687499999991 -7214.2526653207742
0.99183593749999988 -7204.5008603057759
0.99187499999999995 -7194.7168730924886
0.99191406250000003 -7184.9003084762126
0.99195312499999999 -7175.0507636542043
0.99199218749999996 -7165.1678280065198
0.99203124999999992 -7155.2510829210632
0.99207031249999988 -7145.3001016095586
0.99210937499999996 -7135.3144488771695
0.99214843750000004 -7125.2936809399398
0.9921875 -7115.2373451919038
0.99222656249999996 -7105.1449799981656
0.99226562499999993 -7095.0161144444355
0.99230468749999989 -7084.8502681298642
0.99234374999999997 -7074.6469509069884
0.99238281250000004 -7064.4056626319034
0.99242187500000001 -7054.1258929200403
0.99246093749999997 -7043.8071208640422
0.99249999999999994 -7033.4488147689417
0.9925390624999999 -7023.0504318683561
0.99257812499999987 -7012.6114180316654
0.99261718749999983 -7002.1312074704538
0.99265624999999991 -6991.6092224207159
0.99269531249999998 -6981.0448728183064
0.99273437499999995 -6970.437555984523
0.99277343749999991 -6959.7866562705976
0.99281249999999988 -6949.0915447107554
0.99285156249999984 -6938.3515786568623
0.99289062499999992 -6927.5661014060724
0.99292968749999999 -6916.7344418084522
0.99296874999999996 -6905.8559138689916
0.99300781249999992 -6894.929816325267
0.99304687499999988 -6883.9554322376707
0.99308593749999985 -6872.9320285195508
0.99312499999999992 -6861.858855500559
0.9931640625 -6850.7351464494423
0.99320312499999996 -6839.5601170608397
0.99324218749999993 -6828.3329649853022
0.99328124999999989 -6817.0528692771059
0.99332031249999986 -6805.718989857035
0.99335937499999993 -6794.3304669635145
0.99339843750000001 -6782.8864205382915
0.99343749999999997 -6771.3859496613632
0.99347656249999994 -6759.8281318935606
0.9935156249999999 -6748.2120226464222
0.99355468749999987 -6736.5366545161824
0.99359374999999994 -6724.8010365652108
0.99361328125000004 -6718.9103176286872
0.99363281250000002 -6713.0041536192812
0.99365234375 -6707.0824137175205
0.99367187499999998 -6701.1449655134338
0.99369140624999996 -6695.1916749518487
0.99371093749999995 -6689.2224063267422
0.99373046874999993 -6683.2370222226955
0.99374999999999991 -6677.2353835457716
0.99376953124999989 -6671.217349433563
0.99378906249999988 -6665.1827772695651
0.99380859374999986 -6659.131522644343
0.99382812499999995 -6653.0634393191986
0.99384765625000004 -6646.9783792035087
0.99386718750000003 -6640.8761923334041
0.99388671875000001 -6634.7567268183893
0.99390624999999999 -6628.6198288504174
0.99392578124999997 -6622.4653426115337
0.99394531249999996 -6616.2931103163482
0.99396484374999994 -6610.1029721147997
0.99398437499999992 -6603.8947661045258
0.9940039062499999 -6597.6683282614604
0.99402343749999988 -6591.4234924331586
0.99404296874999987 -6585.1600902931723
0.99406249999999996 -6578.8779513077498
0.99408203125000005 -6572.5769026786629
0.99410156250000004 -6566.2567693564852
0.99412109375000002 -6559.9173739356447
0.994140625 -6553.558536675946
0.99416015624999998 -6547.1800754242931
0.99417968749999996 -6540.7818055967045
0.99419921874999995 -6534.3635401187303
0.99421874999999993 -6527.9250894049273
0.99423828124999991 -6521.4662612895045
0.99425781249999989 -6514.9868610137992
0.99427734374999988 -6508.4866911536192
0.99429687499999997 -6501.9655515868371
0.99431640625000006 -6495.4232394542705
0.99433593750000004 -6488.8595490950756
0.99435546875000003 -6482.2742720106862
0.99437500000000001 -6475.6671968147657
0.99439453124999999 -6469.0381091736645
0.99441406249999997 -6462.3867917742482
0.99443359374999996 -6455.7130242347012
0.99445312499999994 -6449.0165831055556
0.99447265624999992 -6442.2972417591545
0.9944921874999999 -6435.5547703714828
0.99451171874999988 -6428.7889358466336
0.99453124999999998 -6421.9995017715946
0.99455078125000007 -6415.1862283451728
0.99457031250000005 -6408.3488723205101
0.99458984375000004 -6401.4871869406998
0.99460937500000002 -6394.6009218926147
0.99462890625 -6387.689823206978
0.99464843749999998 -6380.7536332321988
0.99466796874999996 -6373.7920905259953
0.99468749999999995 -6366.8049298326496
0.99470703124999993 -6359.7918819683537
0.99472656249999991 -6352.7526737677217
0.99474609374999989 -6345.687028024804
0.99476562499999999 -6338.5946633821932
0.99478515625000008 -6331.4752942863543
0.99480468750000006 -6324.3286308947017
0.99482421875000004 -6317.1543789825473
0.99484375000000003 -6309.952239897164
0.99486328125000001 -6302.7219104213191
0.99488281249999999 -6295.4630827398196
0.99490234374999997 -6288.1754443098962
0.99492187499999996 -6280.8586777899673
0.99494140624999994 -6273.5124609507884
0.99496093749999992 -6266.1364665623596
0.9949804687499999 -6258.7303623127109
0.995 -6251.2938107083319
0.99501953125000009 -6243.8264689557409
0.99503906250000007 -6236.3279888893348
0.99505859375000005 -6228.7980168188051
0.99507812500000004 -6221.2361934724031
0.99509765625000002 -6213.6421538309405
0.9951171875 -6206.0155270771438
0.99513671874999998 -6198.3559364038774
0.99515624999999996 -6190.6629989609737
0.99517578124999995 -6182.9363256983579
0.99519531249999993 -6175.1755212330918
0.99521484374999991 -6167.380183751503
0.995234375 -6159.5499048544489
0.9952539062500001 -6151.6842694086636
0.99527343750000008 -6143.7828554641756
0.99529296875000006 -6135.8452340268723
0.99531250000000004 -6127.8709689987418
0.99533203125000003 -6119.8596169680795
0.99535156250000001 -6111.8107270854225
0.99537109374999999 -6103.7238408970752
0.99539062499999997 -6095.5984921793943
0.99541015624999996 -6087.4342067940524
0.99542968749999994 -6079.230502491374
0.99544921874999992 -6070.9868887513776
0.99546875000000001 -6062.7028666127626
0.99548828125000011 -6054.3779284689736
0.99550781250000009 -6046.0115579075164
0.99552734375000007 -6037.603229478128
0.99554687500000005 -6029.152408550236
0.99556640625000004 -6020.658551049376
0.99558593750000002 -6012.1211033023037
0.99560546875 -6003.5395017835444
0.99562499999999998 -5994.9131729231258
0.99564453124999996 -5986.2415328546385
0.99566406249999995 -5977.5239872198144
0.99568359374999993 -5968.7599308916551
0.99570312500000002 -5959.9487477597104
0.99572265625000012 -5951.089810459167
0.9957421875000001 -5942.1824801265184
0.99576171875000008 -5933.2261061281715
0.99578125000000006 -5924.2200257889635
0.99580078125000004 -5915.1635641128341
0.99582031250000003 -5906.0560334930888
0.99583984375000001 -5896.8967334176641
0.99585937499999999 -5887.6849501634315
0.99587890624999997 -5878.4199564868104
0.99589843749999996 -5869.1010113025632
0.99590820312499995 -5864.4210714352093
0.99591796874999994 -5859.7273593446134
0.99592773437499993 -5855.0197783432768
0.99593750000000003 -5850.2982308279124
0.99594726562500013 -5845.5626182462174
0.99595703125000012 -5840.8128411054131
0.99596679687500012 -5836.0487989369785
0.99597656250000011 -5831.2703903016327
0.9959863281250001 -5826.4775127780013
0.99599609375000009 -5821.6700629379757
0.99600585937500008 -5816.8479363553661
0.99601562500000007 -5812.0110275618563
0.99602539062500006 -5807.1592300689827
0.99603515625000005 -5802.2924363320399
0.99604492187500004 -5797.4105377459064
0.99605468750000004 -5792.5134246358612
0.99606445312500003 -5787.6009862285064
0.99607421875000002 -5782.6731106599455
0.99608398437500001 -5777.7296849409504
0.99609375 -5772.7705949648553
0.99610351562499999 -5767.79572546279
0.99611328124999998 -5762.8049600313789
0.99612304687499997 -5757.7981810766551
0.99613281249999996 -5752.7752698245695
0.99614257812499996 -5747.7361063022026
0.99615234374999995 -5742.6805693079887
0.99616210937499994 -5737.608536414541
0.99617187500000004 -5732.5198839552368
0.99618164062500014 -5727.4144869791444
0.99619140625000013 -5722.2922192641518
0.99620117187500012 -5717.1529532986906
0.99621093750000012 -5711.9965602412349
0.99622070312500011 -5706.822909928459
0.9962304687500001 -5701.6318708498529
0.99624023437500009 -5696.4233101228374
0.99625000000000008 -5691.1970934940482
0.99625976562500007 -5685.9530852827438
0.99626953125000006 -5680.6911484203602
0.99627929687500005 -5675.4111443767306
0.99628906250000004 -5670.1129331762577
0.99629882812500004 -5664.7963733516644
0.99630859375000003 -5659.4613219570556
0.99631835937500002 -5654.1076345178617
0.99632812500000001 -5648.7351650328292
0.996337890625 -5643.3437659338069
0.99634765624999999 -5637.9332880862066
0.99635742187499998 -5632.5035807387512
0.99636718749999997 -5627.0544915422552
0.99637695312499996 -5621.5858664884272
0.99638671874999996 -5616.0975499165424
0.99639648437499995 -5610.5893844660586
0.99640625000000005 -5605.0612110790116
0.99641601562500015 -5599.5128689537878
0.99642578125000014 -5593.944195537807
0.99643554687500013 -5588.355026501803
0.99644531250000012 -5582.7451957054591
0.99645507812500012 -5577.1145351734749
0.99646484375000011 -5571.4628750838483
0.9964746093750001 -5565.7900437315784
0.99648437500000009 -5560.0958675064148
0.99649414062500008 -5554.3801708489527
0.99650390625000007 -5548.6427762613439
0.99651367187500006 -5542.8835042452483
0.99652343750000005 -5537.1021732901954
0.99653320312500004 -5531.2985998275499
0.99654296875000004 -5525.47259823689
0.99655273437500003 -5519.6239807812617
0.99656250000000002 -5513.752557594692
0.99657226562500001 -5507.8581366443041
0.99658203125 -5501.9405237119918
0.99659179687499999 -5495.9995223382157
0.99660156249999998 -5490.0349338261549
0.99661132812499997 -5484.0465571730429
0.99662109374999996 -5478.0341890628533
0.99663085937499996 -5471.9976238161616
0.99664062500000006 -5465.9366533659277
0.99665039062500016 -5459.8510672177563
0.99666015625000015 -5453.7406524138232
0.99666992187500014 -5447.6051935099249
0.99667968750000013 -5441.4444725129197
0.99668945312500012 -5435.2582688684424
0.99669921875000012 -5429.0463594004787
0.99670898437500011 -5422.8085183059729
0.9967187500000001 -5416.5445170756075
0.99672851562500009 -5410.2541244757049
0.99673828125000008 -5403.9371065071709
0.99674804687500007 -5397.5932263589639
0.99675781250000006 -5391.2222443747869
0.99676757812500005 -5384.8239179887796
0.99677734375000004 -5378.3980017076537
0.99678710937500004 -5371.9442470437243
0.99679687500000003 -5365.4624024921268
0.99680664062500002 -5358.952213460233
0.99681640625000001 -5352.4134222424336
0.996826171875 -5345.8457679481071
0.99683593749999999 -5339.2489864825975
0.99684570312499998 -5332.6228104728934
0.99685546874999997 -5325.9669692228063
0.99686523437499996 -5319.2811886674017
0.99687500000000007 -5312.565191321869
0.99688476562500017 -5305.8186962071541
0.99689453125000016 -5299.0414188270615
0.99690429687500015 -5292.2330710877977
0.99691406250000014 -5285.3933612527826
0.99692382812500013 -5278.5219938735836
0.99693359375000012 -5271.6186697459534
0.99694335937500012 -5264.6830858462927
0.99695312500000011 -5257.7149352618835
0.9969628906250001 -5250.7139071244401
0.99697265625000009 -5243.6796865723309
0.99698242187500008 -5236.6119546582268
0.99699218750000007 -5229.5103882953081
0.99700195312500006 -5222.3746601815992
0.99701171875000005 -5215.2044387548385
0.99702148437500004 -5207.9993880832253
0.99703125000000004 -5200.7591678340887
0.99704101562500003 -5193.483433167884
0.99705078125000002 -5186.171834691133
0.99706054687500001 -5178.8240183547841
0.9970703125 -5171.4396254014046
0.99708007812499999 -5164.0182922658141
0.99708984374999998 -5156.5596505137719
0.99709960937499997 -5149.0633267360881
0.99710937500000008 -5141.5289424944458
0.99711914062500018 -5133.9561142019566
0.99712890625000017 -5126.3444530685319
0.99713867187500016 -5118.6935649929674
0.99714843750000015 -5111.0030504693723
0.99715820312500014 -5103.2725045049237
0.99716796875000013 -5095.5015165265067
0.99717773437500012 -5087.6896702749682
0.99718750000000012 -5079.8365437080392
0.99719726562500011 -5071.9417089055105
0.9972070312500001 -5064.0047319609994
0.99721679687500009 -5056.0251728840594
0.99722656250000008 -5048.0025854747946
0.99723632812500007 -5039.9365172480075
0.99724609375000006 -5031.8265092815745
0.99725585937500005 -5023.6720961240535
0.99726562500000004 -5015.4728056961731
0.99727539062500004 -5007.2281591196897
0.99728515625000003 -4998.9376706515168
0.99729492187500002 -4990.6008475212548
0.99730468750000001 -4982.2171898269335
0.997314453125 -4973.7861903857984
0.9973193359375 -4969.5527769985747
0.99732421874999999 -4965.3073346221863
0.99732910156249999 -4961.0497977522273
0.99733398437499998 -4956.780100410323
0.99733886718750009 -4952.4981761369718
0.99734375000000008 -4948.2039579651409
0.99734863281250008 -4943.8973784576237
0.99735351562500019 -4939.5783696598619
0.99735839843750018 -4935.246863129988
0.99736328125000018 -4930.9027899146613
0.99736816406250017 -4926.5460805474795
0.99737304687500017 -4922.1766650434856
0.99737792968750016 -4917.7944729025312
0.99738281250000016 -4913.3994330922569
0.99738769531250016 -4908.9914740477934
0.99739257812500015 -4904.5705236740132
0.99739746093750015 -4900.1365093436634
0.99740234375000014 -4895.6893578556537
0.99740722656250014 -4891.2289954899416
0.99741210937500013 -4886.7553479452044
0.99741699218750013 -4882.2683403699311
0.99742187500000012 -4877.7678973460897
0.99742675781250012 -4873.2539428765622
0.99743164062500012 -4868.7264003996934
0.99743652343750011 -4864.1851927482749
0.99744140625000011 -4859.6302421875316
0.9974462890625001 -4855.0614703779547
0.9974511718750001 -4850.4787983848337
0.99745605468750009 -4845.8821466625823
0.99746093750000009 -4841.271435055608
0.99746582031250008 -4836.6465827859174
0.99747070312500008 -4832.0075084611735
0.99747558593750008 -4827.354130056643
0.99748046875000007 -4822.6863649047018
0.99748535156250007 -4818.0041297057805
0.99749023437500006 -4813.307340504799
0.99749511718750006 -4808.5959126934367
0.99750000000000005 -4803.8697610054387
0.99750488281250005 -4799.1287995023376
0.99750976562500004 -4794.3729415773614
0.99751464843750004 -4789.6020999413067
0.99751953125000004 -4784.8161866099272
0.99752441406250003 -4780.0151129193764
0.99752929687500003 -4775.198789495862
0.99753417968750002 -4770.3671262545422
0.99753906250000002 -4765.5200324087054
0.99754394531250001 -4760.6574164345338
0.99754882812500001 -4755.7791860813559
0.9975537109375 -4750.8852483754736
0.99755859375 -4745.9755095909886
0.9975634765625 -4741.0498752363537
0.99756835937499999 -4736.1082500953298
0.99757324218749999 -4731.1505381497309
0.99757812499999998 -4726.1766426259155
0.99758300781249998 -4721.1864659690827
0.99758789062499997 -4716.1799098236888
0.99759277343749997 -4711.1568750484557
0.99759765624999996 -4706.1172616861604
0.99760253906249996 -4701.0609689687108
0.99760742187499996 -4695.9878953114676
0.99761230468749995 -4690.8979382883335
0.99761718749999995 -4685.7909946432583
0.99762207031249994 -4680.6669602668508
0.99762695312499994 -4675.5257301934143
0.99763183593749993 -4670.3671985906576
0.99763671874999993 -4665.1912587561683
0.99764160156249992 -4659.9978030975717
0.99764648437499992 -4654.7867231353239
0.99765136718750003 -4649.557909483533
0.99765625000000002 -4644.3112518516191
0.99766113281250002 -4639.0466390183483
0.99766601562500012 -4633.7639588400116
0.99767089843750012 -4628.4630982283961
0.99767578125000012 -4623.1439431411
0.99768066406250011 -4617.8063785885079
0.99768554687500011 -4612.4502885975526
0.9976904296875001 -4607.075556220575
0.9976953125000001 -4601.6820635173772
0.99770019531250009 -4596.2696915457764
0.99770507812500009 -4590.838320350028
0.99770996093750008 -4585.3878289581453
0.99771484375000008 -4579.9180953604755
0.99771972656250008 -4574.4289964927657
0.99772460937500007 -4568.9204082512633
0.99772949218750007 -4563.3922054529503
0.99773437500000006 -4557.8442618392119
0.99773925781250006 -4552.2764500666917
0.99774414062500005 -4546.6886416706329
0.99774902343750005 -4541.080707097477
0.99775390625000004 -4535.4525156497293
0.99775878906250004 -4529.8039354919592
0.99776367187500004 -4524.1348336455976
0.99776855468750003 -4518.4450759652937
0.99777343750000003 -4512.734527122936
0.99777832031250002 -4507.0030506071207
0.99778320312500002 -4501.2505087004647
0.99778808593750001 -4495.4767624710712
0.99779296875000001 -4489.6816717615657
0.9977978515625 -4483.8650951630389
0.997802734375 -4478.026890015838
0.9978076171875 -4472.1669123875354
0.99781249999999999 -4466.2850170617712
0.99781738281249999 -4460.3810575205034
0.99782226562499998 -4454.4548859304505
0.99782714843749998 -4448.5063531391106
0.99783203124999997 -4442.5353086414025
0.99783691406249997 -4436.5416005702618
0.99784179687499996 -4430.525075690176
0.99784667968749996 -4424.4855793816787
0.99785156249999996 -4418.4229556074106
0.99785644531249995 -4412.3370469143065
0.99786132812499995 -4406.2276944125269
0.99786621093749994 -4400.0947377556504
0.99787109374999994 -4393.9380151281093
0.99787597656249993 -4387.757363227006
0.99788085937499993 -4381.552617231263
0.99788574218750004 -4375.323610823807
0.99789062500000003 -4369.0701761290702
0.99789550781250003 -4362.7921437109126
0.99790039062500013 -4356.4893425669115
0.99790527343750013 -4350.1616001017692
0.99791015625000012 -4343.8087420912498
0.99791503906250012 -4337.4305926974675
0.99791992187500012 -4331.0269744239904
0.99792480468750011 -4324.5977081041901
0.99792968750000011 -4318.1426128783287
0.9979345703125001 -4311.6615061783505
0.9979394531250001 -4305.1542037045065
0.99794433593750009 -4298.6205194146805
0.99794921875000009 -4292.060265484587
0.99795410156250008 -4285.4732523017301
0.99795898437500008 -4278.8592884369518
0.99796386718750008 -4272.2181806271665
0.99796875000000007 -4265.549733750935
0.99797363281250007 -4258.8537508015434
0.99797851562500006 -4252.1300328769885
0.99798339843750006 -4245.3783791439073
0.99798828125000005 -4238.5985868153166
0.99799316406250005 -4231.7904511368706
0.99799804687500004 -4224.9537653641964
0.99800292968750004 -4218.0883207087409
0.99800781250000004 -4211.1939063567052
0.99801269531250003 -4204.2703094075896
0.99801757812500003 -4197.3173148706428
0.99802246093750002 -4190.3347056359407
0.99802734375000002 -4183.3222624389846
0.99803222656250001 -4176.2797638290631
0.99803710937500001 -4169.206986174031
0.9980419921875 -4162.1037035968166
0.998046875 -4154.9696879592857
0.9980517578125 -4147.8047088378607
0.99805664062499999 -4140.6085335062708
0.99806152343749999 -4133.3809268759087
0.99806640624999998 -4126.1216514927664
0.99807128906249998 -4118.8304675034415
0.99807617187499997 -4111.5071325991848
0.99808105468749997 -4104.1514020247414
0.99808593749999996 -4096.7630285260711
0.99809082031249996 -4089.3417623126302
0.99809570312499996 -4081.8873510285475
0.99810058593749995 -4074.3995397359577
0.99810546874999995 -4066.8780708586237
0.99811035156249994 -4059.3226841608566
0.99811523437499994 -4051.733116707077
0.99812011718750004 -4044.1091028460746
0.99812500000000004 -4036.4503741350281
0.99812988281250004 -4028.7566593385391
0.99813476562500014 -4021.0276843880361
0.99813964843750014 -4013.2631723346944
0.99814453125000013 -4005.4628432988093
0.99814941406250013 -3997.626414474114
0.99815429687500012 -3989.7536000440209
0.99815917968750012 -3981.8441111539382
0.99816406250000012 -3973.8976558925497
0.99816894531250011 -3965.913939224713
0.99817382812500011 -3957.8926629626621
0.9981787109375001 -3949.833525722629
0.9981835937500001 -3941.7362228788002
0.99818847656250009 -3933.6004465174292
0.99819335937500009 -3925.4258854047375
0.99819824218750008 -3917.2122249253594
0.99820068359375003 -3913.0906331713936
0.99820312500000008 -3908.9591470448113
0.99820556640625013 -3904.8177262496115
0.99820800781250008 -3900.6663302662901
0.99821044921875002 -3896.5049183631236
0.99821289062500007 -3892.3334495750278
0.99821533203125012 -3888.1518827271052
0.99821777343750007 -3883.9601764025433
0.99822021484375001 -3879.7582889705723
0.99822265625000006 -3875.5461785618522
0.99822509765625012 -3871.3238030816578
0.99822753906250006 -3867.0911202040129
0.99822998046875 -3862.8480873691506
0.99823242187500005 -3858.594661776845
0.99823486328125011 -3854.3308004007094
0.99823730468750005 -3850.0564599645008
0.99823974609374999 -3845.7715969609608
0.99824218750000004 -3841.4761676304315
0.9982446289062501 -3837.1701279820209
0.99824707031250004 -3832.8534337745596
0.99824951171874998 -3828.5260405190461
0.99825195312500004 -3824.1879034748158
0.99825439453125009 -3819.8389776592849
0.99825683593750003 -3815.4792178290659
0.99825927734374997 -3811.1085784981319
0.99826171875000003 -3806.7270139142211
0.99826416015625008 -3802.3344780681587
0.99826660156250002 -3797.9309247007368
0.99826904296874996 -3793.5163072866094
0.99827148437500002 -3789.0905790279639
0.99827392578125007 -3784.6536928811374
0.99827636718750001 -3780.2056015173603
0.99827880859374996 -3775.7462573577182
0.99828125000000001 -3771.2756125346914
0.99828369140625006 -3766.7936189222851
0.9982861328125 -3762.3002281114095
0.99828857421874995 -3757.7953914238901
0.998291015625 -3753.2790598937531
0.99829345703125005 -3748.7511842859631
0.9982958984375 -3744.2117150791291
0.99829833984374994 -3739.6606024610828
0.99830078124999999 -3735.0977963432065
0.99830322265625004 -3730.5232463453713
0.99830566406249999 -3725.936901795732
0.99830810546874993 -3721.3387117227485
0.99831054687499998 -3716.7286248779724
0.99831298828125004 -3712.1065897035514
0.99831542968749998 -3707.4725543466816
0.99831787109374992 -3702.8264666461082
0.99832031249999997 -3698.168274151903
0.99832275390625003 -3693.4979240909825
0.99832519531249997 -3688.8153634005844
0.99832763671874991 -3684.1205386950787
0.99833007812499996 -3679.4133962803403
0.99833251953125002 -3674.693882148204
0.99833496093749996 -3669.9619419762662
0.9983374023437499 -3665.217521118072
0.99833984374999996 -3660.4605646162672
0.99834228515625001 -3655.6910171731147
0.99834472656249995 -3650.9088231780547
0.99834716796874989 -3646.1139266799978
0.99834960937499995 -3641.3062714118951
0.99835205078125 -3636.4858007640264
0.99835449218750005 -3631.6524577922496
0.99835693359375011 -3626.8061852138262
0.99835937500000005 -3621.9469254036494
0.99836181640624999 -3617.0746203947447
0.99836425781250004 -3612.1892118766541
0.9983666992187501 -3607.2906411791073
0.99836914062500015 -3602.3788492982144
0.9983715820312502 -3597.4537768659097
0.99837402343750015 -3592.5153641539259
0.99837646484375009 -3587.5635510849784
0.99837890625000014 -3582.598277214001
0.9983813476562502 -3577.6194817239884
0.99838378906250014 -3572.6271034436681
0.99838623046875008 -3567.6210808254141
0.99838867187500013 -3562.6013519521771
0.99839111328125019 -3557.5678545276874
0.99839355468750013 -3552.5205258706328
0.99839599609375007 -3547.4593029303965
0.99839843750000012 -3542.3841222659803
0.99840087890625018 -3537.2949200465437
0.99840332031250012 -3532.1916320567566
0.99840576171875006 -3527.0741936849718
0.99840820312500012 -3521.9425399177571
0.99841064453125017 -3516.7966053543437
0.99841308593750011 -3511.6363241809399
0.99841552734375005 -3506.4616301835299
0.99841796875000011 -3501.2724567328914
0.99842041015625016 -3496.0687367997016
0.9984228515625001 -3490.8504029330638
0.99842529296875004 -3485.6173872550439
0.9984277343750001 -3480.3696214791603
0.99843017578125015 -3475.1070368896058
0.99843261718750009 -3469.8295643413535
0.99843505859375004 -3464.5371342593539
0.99843750000000009 -3459.2296766345544
0.99843994140625014 -3453.9071210120719
0.99844238281250008 -3448.5693965086884
0.99844482421875003 -3443.2164317816023
0.99844726562500008 -3437.8481550518964
0.99844970703125013 -3432.4644940821627
0.99845214843750008 -3427.0653761853664
0.99845458984375002 -3421.6507281961203
0.99845703125000007 -3416.2204765131692
0.99845947265625012 -3410.7745470482801
0.99846191406250007 -3405.3128652508758
0.99846435546875001 -3399.8353560991613
0.99846679687500006 -3394.3419440867965
0.99846923828125012 -3388.8325532313384
0.99847167968750006 -3383.3071070550186
0.99847412109375 -3377.7655286034224
0.99847656250000005 -3372.2077404232127
0.99847900390625011 -3366.6336645607389
0.99848144531250005 -3361.0432225691779
0.99848388671874999 -3355.4363354851457
0.99848632812500004 -3349.8129238432384
0.9984887695312501 -3344.1729076683282
0.99849121093750004 -3338.5162064568085
0.99849365234374998 -3332.8427391903979
0.99849609375000004 -3327.1524243279669
0.99849853515625009 -3321.4451797819688
0.99850097656250003 -3315.7209229526484
0.99850341796874997 -3309.9795706848281
0.99850585937500003 -3304.2210392880843
0.99850830078125008 -3298.4452445205234
0.99851074218750002 -3292.6521015869803
0.99851318359374996 -3286.8415251357424
0.99851562500000002 -3281.0134292587663
0.99851806640625007 -3275.1677274707495
0.99852050781250001 -3269.3043327310324
0.99852294921874996 -3263.423157405517
0.99852539062500001 -3257.5241132975402
0.99852783203125006 -3251.6071116124272
0.9985302734375 -3245.6720629751658
0.99853271484374995 -3239.7188774038032
0.99853515625 -3233.7474643323631
0.99853759765625005 -3227.7577325717853
0.9985400390625 -3221.7495903375961
0.99854248046874994 -3215.7229452250804
0.99854492187499999 -3209.677704209736
0.99854736328125004 -3203.613773643589
0.99854980468749999 -3197.5310592412043
0.99855224609374993 -3191.429466092392
0.99855468749999998 -3185.3088986349985
0.99855712890625004 -3179.1692606641313
0.99855957031249998 -3173.0104553216547
0.99856201171874992 -3166.8323850996189
0.99856445312499997 -3160.6349518116958
0.99856689453125003 -3154.4180566140321
0.99856933593749997 -3148.1815999911537
0.99857177734374991 -3141.925481731505
0.99857421874999996 -3135.6496009535877
0.99857666015625002 -3129.3538560729135
0.99857910156249996 -3123.0381448118655
0.9985815429687499 -3116.7023641849823
0.99858398437499996 -3110.3464105020053
0.99858642578125001 -3103.9701793554464
0.99858886718750006 -3097.5735656091688
0.99859130859375012 -3091.156463406001
0.99859375000000006 -3084.7187661420799
0.99859619140625 -3078.2603664896337
0.99859863281250005 -3071.7811563570694
0.99860107421875011 -3065.2810269033639
0.99860351562500016 -3058.7598685324647
0.99860595703125021 -3052.217570872835
0.99860839843750016 -3045.6540227836867
0.9986108398437501 -3039.0691123331608
0.99861328125000015 -3032.4627268115246
0.9986157226562502 -3025.8347527131054
0.99861816406250015 -3019.1850757275574
0.99862060546875009 -3012.5135807365277
0.99862304687500014 -3005.8201517988573
0.9986254882812502 -2999.1046721560788
0.99862792968750014 -2992.3670242178609
0.99863037109375008 -2985.6070895584712
0.99863281250000013 -2978.8247489015121
0.99863525390625019 -2972.0198821103677
0.99863769531250013 -2965.1923682072838
0.99864013671875007 -2958.342085324372
0.99864257812500012 -2951.4689107295326
0.99864501953125018 -2944.5727208097323
0.99864746093750012 -2937.6533910398875
0.99864990234375006 -2930.710796021136
0.99865234375000012 -2923.7448094177407
0.99865478515625017 -2916.7553040007101
0.99865722656250011 -2909.7421515967085
0.99865966796875005 -2902.7052231197299
0.99866210937500011 -2895.6443885185877
0.99866455078125016 -2888.5595168119389
0.9986669921875001 -2881.4504760401551
0.99866943359375004 -2874.317133285821
0.9986718750000001 -2867.1593546553659
0.99867431640625015 -2859.977005264438
0.99867675781250009 -2852.7699492345178
0.99867919921875004 -2845.5380496825483
0.99868164062500009 -2838.2811687063599
0.99868408203125014 -2830.9991673947579
0.99868652343750008 -2823.6919057900013
0.99868896484375003 -2816.3592428941415
0.99869140625000008 -2809.0010366662932
0.99869384765625013 -2801.6171439875507
0.99869628906250008 -2794.2074206830343
0.99869873046875002 -2786.7717214840868
0.99870117187500007 -2779.309900037013
0.99870361328125012 -2771.8218088852404
0.99870605468750007 -2764.3072994509312
0.99870849609375001 -2756.7662220460679
0.99871093750000006 -2749.1984258379562
0.99871337890625012 -2741.6037588527579
0.99871582031250006 -2733.9820679579893
0.99871826171875 -2726.3331988645227
0.99872070312500005 -2718.6569960939073
0.99872314453125011 -2710.9533029832323
0.99872558593750005 -2703.2219616708749
0.99872802734374999 -2695.4628130818678
0.99873046875000004 -2687.6756969112407
0.9987329101562501 -2679.8604516270116
0.99873535156250004 -2672.0169144500783
0.99873779296874998 -2664.144921337203
0.99874023437500004 -2656.2443069783053
0.99874267578125009 -2648.314904770828
0.99874511718750003 -2640.3565468227939
0.99874633789062495 -2636.3664566238963
0.99874755859374997 -2632.3690639340439
0.998748779296875 -2628.3643473983989
0.99875000000000003 -2624.3522855766228
0.99875122070312505 -2620.3328569491005
0.99875244140625008 -2616.3060398937391
0.99875366210937511 -2612.2718127301337
0.99875488281250002 -2608.2301536797813
0.99875610351562494 -2604.1810408759434
0.99875732421874996 -2600.1244523646133
0.99875854492187499 -2596.0603661105292
0.99875976562500002 -2591.9887599970552
0.99876098632812504 -2587.9096118132288
0.99876220703125007 -2583.8228992575187
0.9987634277343751 -2579.7285999493188
0.99876464843750001 -2575.6266914084867
0.99876586914062493 -2571.5171510827058
0.99876708984374996 -2567.3999563058319
0.99876831054687498 -2563.2750843411636
0.99876953125000001 -2559.1425123653562
0.99877075195312504 -2555.0022174393907
0.99877197265625006 -2550.8541765640134
0.99877319335937509 -2546.6983666250985
0.9987744140625 -2542.5347644294538
0.99877563476562492 -2538.3633466765518
0.99877685546874995 -2534.184089991445
0.99877807617187497 -2529.9969709049278
0.998779296875 -2525.8019658264388
0.99878051757812503 -2521.5990511110558
0.99878173828125005 -2517.3882029878646
0.99878295898437508 -2513.169397604096
0.9987841796875 -2508.9426110056907
0.99878540039062491 -2504.7078191515061
0.99878662109374994 -2500.4649978955968
0.99878784179687496 -2496.2141229923927
0.99878906249999999 -2491.9551701057135
0.99879028320312502 -2487.6881148010943
0.99879150390625004 -2483.4129325356785
0.99879272460937507 -2479.12959868078
0.99879394531249999 -2474.8380884993285
0.9987951660156249 -2470.5383771548632
0.99879638671874993 -2466.2304397129133
0.99879760742187496 -2461.9142511316313
0.99879882812499998 -2457.5897862816214
0.99880004882812501 -2453.2570199095203
0.99880126953125004 -2448.9159266809106
0.99880249023437506 -2444.5664811427669
0.99880371093749998 -2440.2086577460632
0.99880493164062489 -2435.8424308364756
0.99880615234374992 -2431.4677746477314
0.99880737304687495 -2427.084663319451
0.99880859374999997 -2422.6930708799159
0.998809814453125 -2418.29297124603
0.99881103515625003 -2413.8843382313062
0.99881225585937505 -2409.4671455482039
0.99881347656249997 -2405.0413667895027
0.99881469726562488 -2400.6069754439341
0.99881591796874991 -2396.1639449003369
0.99881713867187494 -2391.7122484227707
0.99881835937499996 -2387.2518591649537
0.99881958007812499 -2382.7827501892784
0.99882080078125002 -2378.304894422397
0.99882202148437504 -2373.8182646967666
0.99882324218749996 -2369.3228337217643
0.99882446289062488 -2364.8185740914705
0.9988256835937499 -2360.3054583003895
0.99882690429687493 -2355.7834587103894
0.99882812499999996 -2351.2525475823022
0.99882934570312498 -2346.7126970526997
0.99883056640625001 -2342.1638791500418
0.99883178710937504 -2337.6060657732587
0.99883300781249995 -2333.0392287167338
0.99883422851562487 -2328.4633396464005
0.99883544921874989 -2323.8783701227749
0.99883666992187492 -2319.2842915680244
0.99883789062499995 -2314.6810753034888
0.99883911132812497 -2310.0686925116106
0.99884033203125 -2305.4471142755019
0.99884155273437503 -2300.8163115323746
0.99884277343749994 -2296.176255116533
0.99884399414062486 -2291.5269157221896
0.99884521484374988 -2286.8682639358235
0.99884643554687491 -2282.2002702072359
0.99884765624999994 -2277.522904871797
0.99884887695312496 -2272.8361381215673
0.99885009765624999 -2268.1399400475602
0.99885131835937502 -2263.4342805902452
0.99885253906249993 -2258.719129569361
0.99885375976562485 -2253.9944566840418
0.99885498046874988 -2249.2602314987857
0.9988562011718749 -2244.5164234429653
0.99885742187499993 -2239.76300182151
0.99885864257812496 -2234.9999358085629
0.99885986328124998 -2230.2271944391437
0.99886108398437501 -2225.4447466275692
0.99886230468749992 -2220.6525611439242
0.99886352539062484 -2215.8506066284699
0.99886474609374987 -2211.0388515853956
0.99886596679687489 -2206.2172643861054
0.99886718749999992 -2201.3858132608298
0.99886840820312495 -2196.544466310193
0.99886962890624997 -2191.6931914832699
0.998870849609375 -2186.8319566071391
0.99887207031249992 -2181.9607293601703
0.99887329101562483 -2177.0794772795648
0.99887451171874986 -2172.1881677663705
0.99887573242187488 -2167.2867680837448
0.99887695312499991 -2162.375245338058
0.99887817382812494 -2157.453566500832
0.99887939453124996 -2152.5216984118083
0.99888061523437499 -2147.5796077432497
0.99888183593749991 -2142.6272610421761
0.99888305664062482 -2137.6646246915802
0.99888427734374985 -2132.691664946296
0.99888549804687488 -2127.7083478918985
0.9988867187499999 -2122.7146394848132
0.99888793945312493 -2117.7105055191191
0.99888916015624996 -2112.6959116450503
0.99889038085937498 -2107.6708233610179
0.9988916015624999 -2102.635206006978
0.99889282226562481 -2097.589024783721
0.99889404296874984 -2092.5322447208273
0.99889526367187487 -2087.4648307075372
0.99889648437499989 -2082.3867474695558
0.99889770507812492 -2077.2979595884321
0.99889892578124995 -2072.1984314647702
0.99890014648437497 -2067.0881273669183
0.9989013671875 -2061.9670113933284
0.99890258789062503 -2056.8350474747244
0.99890380859375005 -2051.6921993945784
0.99890502929687508 -2046.5384307703509
0.99890625 -2041.3737050540706
0.99890747070312491 -2036.1979855407815
0.99890869140624994 -2031.0112353535021
0.99890991210937496 -2025.8134174520628
0.99891113281249999 -2020.6044946330667
0.99891235351562502 -2015.3844295244035
0.99891357421875004 -2010.1531845931534
0.99891479492187507 -2004.9107221195604
0.9989160156250001 -1999.6570042354672
0.99891723632812512 -1994.3919928888843
0.99891845703125015 -1989.1156498534956
0.99891967773437518 -1983.8279367401053
0.99892089843750009 -1978.528814983139
0.99892211914062501 -1973.218245835493
0.99892333984375004 -1967.8961903842912
0.99892456054687506 -1962.5626095321054
0.99892578125000009 -1957.2174640036994
0.99892700195312512 -1951.8607143538777
0.99892822265625014 -1946.4923209473284
0.99892944335937517 -1941.1122439784133
0.99893066406250008 -1935.7204434452826
0.998931884765625 -1930.3168791843307
0.99893310546875003 -1924.9015108226367
0.99893432617187505 -1919.4742978212751
0.99893554687500008 -1914.0351994508346
0.99893676757812511 -1908.5841747866671
0.99893798828125013 -1903.1211827362583
0.99893920898437516 -1897.6461819898927
0.99894042968750008 -1892.1591310675444
0.99894165039062499 -1886.6599882950752
0.99894287109375002 -1881.1487117972115
0.99894409179687504 -1875.6252595210708
0.99894531250000007 -1870.0895891997911
0.9989465332031251 -1864.5416583821402
0.99894775390625012 -1858.9814244118711
0.99894897460937515 -1853.4088444501704
0.99895019531250007 -1847.8238754438539
0.99895141601562498 -1842.2264741474485
0.99895263671875001 -1836.6165971069227
0.99895385742187504 -1830.9942006679071
0.99895507812500006 -1825.3592409776863
0.99895629882812509 -1819.7116739724768
0.99895751953125012 -1814.0514553873122
0.99895874023437514 -1808.3785407398002
0.99895996093750006 -1802.6928853485199
0.99896118164062497 -1796.994444319346
0.99896240234375 -1791.2831725462725
0.99896362304687503 -1785.5590247064663
0.99896484375000005 -1779.8219552711003
0.99896606445312508 -1774.0719184890656
0.99896728515625011 -1768.308868400539
0.99896850585937513 -1762.5327588254602
0.99896972656250005 -1756.7435433549877
0.99897094726562496 -1750.9411753790255
0.99897216796874999 -1745.1256080481553
0.99897338867187502 -1739.296794307279
0.99897460937500004 -1733.454686851831
0.99897583007812507 -1727.5992381816436
0.9989770507812501 -1721.7304005478297
0.99897827148437512 -1715.8481259880236
0.99897949218750004 -1709.9523662969491
0.99898071289062496 -1704.0430730478643
0.99898193359374998 -1698.1201975795252
0.99898315429687501 -1692.183690991664
0.99898437500000004 -1686.2335041605772
0.99898559570312506 -1680.2695877157314
0.99898681640625009 -1674.2918920504117
0.99898803710937512 -1668.3003673186427
0.99898925781250003 -1662.2949634466972
0.99899047851562495 -1656.2756300925762
0.99899169921874997 -1650.2423166959522
0.998992919921875 -1644.1949724273491
0.99899414062500003 -1638.1335462389609
0.99899536132812505 -1632.0579868106552
0.99899658203125008 -1625.968242587506
0.99899780273437511 -1619.8642617503322
0.99899902343750002 -1613.7459922411708
0.99900024414062494 -1607.6133817330453
0.99900146484374996 -1601.4663776588191
0.99900268554687499 -1595.3049271781372
0.99900390625000002 -1589.1289772086955
0.99900512695312504 -1582.9384743937469
0.99900634765625007 -1576.7333651169336
0.9990075683593751 -1570.513595503438
0.99900878906250001 -1564.2791114078329
0.99901000976562493 -1558.0298584257348
0.99901123046874996 -1551.7657818663954
0.99901245117187498 -1545.4868267933186
0.99901367187500001 -1539.1929379758735
0.99901489257812504 -1532.8840599228593
0.99901611328125006 -1526.5601368652653
0.99901733398437509 -1520.2211127543226
0.9990185546875 -1513.8669312634611
0.99901977539062492 -1507.4975357815156
0.99902099609374995 -1501.112869421519
0.99902221679687497 -1494.7128750151992
0.9990234375 -1488.2974950951304
0.99902465820312503 -1481.8666719227415
0.99902587890625005 -1475.420347453324
0.99902709960937508 -1468.9584633593763
0.9990283203125 -1462.4809610269797
0.99902954101562491 -1455.9877815380341
0.99903076171874994 -1449.4788656793912
0.99903198242187496 -1442.954153932546
0.99903320312499999 -1436.4135864974085
0.99903442382812502 -1429.8571032533048
0.99903564453125004 -1423.2846437768126
0.99903686523437507 -1416.6961473571239
0.99903808593749999 -1410.0915529452368
0.9990393066406249 -1403.4707992094322
0.99904052734374993 -1396.8338244924721
0.99904174804687496 -1390.1805668146669
0.99904296874999998 -1383.5109639020111
0.99904418945312501 -1376.8249531440065
0.99904541015625004 -1370.122471616251
0.99904663085937506 -1363.4034560758409
0.99904785156249998 -1356.6678429450938
0.99904907226562489 -1349.9155683354438
0.99905029296874992 -1343.1465680129172
0.99905151367187495 -1336.3607774250377
0.99905273437499997 -1329.5581316832611
0.999053955078125 -1322.7385655618982
0.99905517578125003 -1315.9020135011203
0.99905639648437505 -1309.0484095951801
0.99905761718749997 -1302.1776876055612
0.99905883789062488 -1295.2897809509461
0.99906005859374991 -1288.3846226948951
0.99906127929687494 -1281.4621455541421
0.99906249999999996 -1274.5222819050596
0.99906372070312499 -1267.5649637617375
0.99906494140625002 -1260.5901227868035
0.99906616210937504 -1253.597690288045
0.99906738281249996 -1246.5875972031731
0.99906860351562488 -1239.5597741243394
0.9990698242187499 -1232.5141512634229
0.99907043457031242 -1228.9846430069001
0.99907104492187493 -1225.4506584725491
0.99907165527343744 -1221.9121888327827
0.99907226562499996 -1218.3692252402477
0.99907287597656247 -1214.8217588152429
0.99907348632812498 -1211.2697806673527
0.9990740966796875 -1207.7132818822859
0.99907470703125001 -1204.1522535037373
0.99907531738281252 -1200.5866865764931
0.99907592773437504 -1197.0165721046303
0.99907653808593744 -1193.4419010776392
0.99907714843749995 -1189.8626644469548
0.99907775878906246 -1186.2788531669582
0.99907836914062487 -1182.6904581374054
0.99907897949218738 -1179.0974702597725
0.99907958984374989 -1175.4998803866788
0.99908020019531241 -1171.8976793727766
0.99908081054687492 -1168.2908580287344
0.99908142089843743 -1164.6794071484587
0.99908203124999995 -1161.0633174964867
0.99908264160156246 -1157.4425798217742
0.99908325195312497 -1153.8171848428813
0.99908386230468749 -1150.1871232524288
0.99908447265625 -1146.5523857241399
0.99908508300781251 -1142.9129628936407
0.99908569335937503 -1139.26884538779
0.99908630371093743 -1135.6200238011586
0.99908691406249994 -1131.9664887017998
0.99908752441406246 -1128.3082306323531
0.99908813476562486 -1124.6452401164302
0.99908874511718737 -1120.9775076383678
0.99908935546874988 -1117.3050236765198
0.9990899658203124 -1113.6277786674866
0.99909057617187491 -1109.9457630321444
0.99909118652343742 -1106.2589671551814
0.99909179687499994 -1102.567381406054
0.99909240722656245 -1098.8709961276315
0.99909301757812496 -1095.1698016268915
0.99909362792968748 -1091.4637881896626
0.99909423828124999 -1087.7529460817057
0.9990948486328125 -1084.037265541823
0.99909545898437502 -1080.3167367657638
0.99909606933593742 -1076.5913499526616
0.99909667968749993 -1072.8610952424333
0.99909729003906245 -1069.1259627690911
0.99909790039062485 -1065.3859426361325
0.99909851074218736 -1061.641024917393
0.99909912109374988 -1057.8911996650761
0.99909973144531239 -1054.1364568982019
0.9991003417968749 -1050.3767866051519
0.99910095214843742 -1046.6121787570676
0.99910156249999993 -1042.8426233028838
0.99910217285156244 -1039.0681101432706
0.99910278320312496 -1035.2886291672994
0.99910339355468747 -1031.5041702320286
0.99910400390624998 -1027.7147231668669
0.9991046142578125 -1023.9202777744683
0.99910522460937501 -1020.1208238367434
0.99910583496093741 -1016.3163510830674
0.99910644531249992 -1012.5068492508125
0.99910705566406244 -1008.692308014961
0.99910766601562484 -1004.8727170459845
0.99910827636718735 -1001.0480659765828
0.99910888671874987 -997.21834441165333
0.99910949707031238 -993.38354192532393
0.99911010742187489 -989.54364807053241
0.99911071777343741 -985.69865236424607
0.99911132812499992 -981.84854429564541
0.99911193847656243 -977.99331333059672
0.99911254882812495 -974.13294889697829
0.99911315917968746 -970.26744040466053
0.99911376953124997 -966.39677722303145
0.99911437988281249 -962.5209487040637
0.999114990234375 -958.63994415612217
0.9991156005859374 -954.75375286849408
0.99911621093749992 -950.86236409962623
0.99911682128906243 -946.96576707514043
0.99911743164062483 -943.0639509926184
0.99911804199218734 -939.15690502001769
0.99911865234374986 -935.24461829101278
0.99911926269531237 -931.32707992112171
0.99911987304687488 -927.40427898206553
0.9991204833984374 -923.47620452306558
0.99912109374999991 -919.54284555339416
0.99912170410156242 -915.60419106732627
0.99912231445312494 -911.66023001914937
0.99912292480468745 -907.71095133378867
0.99912353515624996 -903.75634389648201
0.99912414550781248 -899.79639657550536
0.99912475585937499 -895.83109820688742
0.99912536621093739 -891.8604375857185
0.99912597656249991 -887.8844034798218
0.99912658691406242 -883.90298462987175
0.99912719726562482 -879.91616974707722
0.99912780761718734 -875.92394749530536
0.99912841796874985 -871.92630652762091
0.99912902832031236 -867.92323544466012
0.99912963867187488 -863.91472283626774
0.99913024902343739 -859.90075724378971
0.9991308593749999 -855.88132718035615
0.99913146972656242 -851.85642113285473
0.99913208007812493 -847.82602755168693
0.99913269042968744 -843.7901348478149
0.99913330078124996 -839.74873141371938
0.99913391113281247 -835.7018056012779
0.99913452148437498 -831.64934572266748
0.9991351318359375 -827.59134007781051
0.99913574218750001 -823.52777690527864
0.99913635253906252 -819.4586444348073
0.99913696289062504 -815.38393084856341
0.99913757324218755 -811.30362430232617
0.99913818359375006 -807.21771291920015
0.99913879394531258 -803.12618478084471
0.99913940429687509 -799.02902793582564
0.99914001464843749 -794.92623041024422
0.999140625 -790.8177801861159
0.99914123535156252 -786.7036652117057
0.99914184570312492 -782.58387340608442
0.99914245605468743 -778.45839264996118
0.99914306640624995 -774.32721078902671
0.99914367675781246 -770.19031563621979
0.99914428710937497 -766.04769497328437
0.99914489746093749 -761.89933653614185
0.9991455078125 -757.74522803907314
0.99914611816406251 -753.58535714516722
0.99914672851562503 -749.41971150021175
0.99914733886718754 -745.24827870380557
0.99914794921875005 -741.07104632788139
0.99914855957031257 -736.88800189325661
0.99914916992187508 -732.69913289882811
0.99914978027343759 -728.50442680610593
0.99915039062500011 -724.3038710357165
0.99915100097656262 -720.09745297269524
0.99915161132812513 -715.88515997373986
0.99915222167968765 -711.666979348052
0.99915283203125016 -707.44289837712824
0.99915344238281267 -703.21290429447515
0.99915405273437519 -698.97698431401852
0.99915466308593759 -694.73512559292499
0.9991552734375001 -690.48731526992935
0.99915588378906262 -686.23354043253244
0.99915649414062502 -681.97378814035483
0.99915710449218753 -677.70804540492111
0.99915771484375004 -673.43629921072284
0.99915832519531256 -669.15853649727239
0.99915893554687507 -664.87474418036857
0.99915954589843758 -660.58490911106321
0.9991601562500001 -656.28901812600782
0.99916076660156261 -651.98705801630797
0.99916137695312512 -647.67901553302522
0.99916198730468764 -643.36487738196126
0.99916259765625015 -639.0446302468207
0.99916320800781266 -634.71826076295463
0.99916381835937518 -630.3857555179186
0.99916442871093758 -626.04710107609935
0.99916503906250009 -621.70228395358379
0.99916564941406261 -617.35129063039005
0.99916625976562501 -612.99410754564849
0.99916687011718752 -608.63072109159884
0.99916748046875004 -604.26111763853817
0.99916809082031255 -599.88528349824128
0.99916870117187506 -595.5032049511683
0.99916931152343758 -591.11486823753523
0.99916992187500009 -586.72025954828621
0.9991705322265626 -582.31936505770614
0.99917114257812512 -577.91217086583902
0.99917175292968763 -573.49866305757303
0.99917236328125014 -569.07882766711828
0.99917297363281266 -564.65265068677559
0.99917358398437517 -560.22011806611238
0.99917419433593757 -555.78121571703741
0.99917480468750008 -551.3359295142684
0.9991754150390626 -546.88424527856546
0.999176025390625 -542.42614879851021
0.99917663574218751 -537.96162581207545
0.99917724609375003 -533.49066203093548
0.99917785644531254 -529.01324310401924
0.99917846679687505 -524.52935464566133
0.99917907714843757 -520.03898223625947
0.99917968750000008 -515.54211140172777
0.99918029785156259 -511.03872762776092
0.99918090820312511 -506.52881636348053
0.99918151855468762 -502.01236300388462
0.99918212890625013 -497.4893529067574
0.99918273925781265 -492.95977138500785
0.99918334960937516 -488.42360370749782
0.99918395996093756 -483.88083510120913
0.99918457031250008 -479.33145074526948
0.99918518066406259 -474.7754357751574
0.99918579101562499 -470.21277528597346
0.9991864013671875 -465.6434543150063
0.99918701171875002 -461.0674578796523
0.99918762207031253 -456.48477091897337
0.99918823242187504 -451.89537836188669
0.99918884277343756 -447.29926506754117
0.99918945312500007 -442.69641585027796
0.99919006347656258 -438.08681549605961
0.9991906738281251 -433.47044872936073
0.99919128417968761 -428.84730023367655
0.99919189453125012 -424.21735464150368
0.99919250488281264 -419.58059654800394
0.99919311523437515 -414.93701049396287
0.99919372558593755 -410.28658098275378
0.99919433593750007 -405.62929245424351
0.99919494628906258 -400.96512931388133
0.99919555664062498 -396.29407592443698
0.9991961669921875 -391.6161165847638
0.99919677734375001 -386.93123555761127
0.99919738769531252 -382.23941705943918
0.99919799804687504 -377.54064525018777
0.99919860839843755 -372.83490424726733
0.99919921875000006 -368.12217811759893
0.99919982910156258 -363.40245087732609
0.99920043945312509 -358.67570650287144
0.9992010498046876 -353.94192890812064
0.99920166015625012 -349.20110196982506
0.99920227050781263 -344.45320951250136
0.99920288085937514 -339.69823530783452
0.99920349121093754 -334.93616307536888
0.99920410156250006 -330.16697648769781
0.99920471191406257 -325.39065917312325
0.99920532226562497 -320.60719470691316
0.99920593261718749 -315.81656660409385
0.99920654296875 -311.01875833816638
0.99920715332031251 -306.2137533340769
0.99920776367187503 -301.40153495944622
0.99920837402343754 -296.58208652783287
0.99920898437500005 -291.75539131322518
0.99920959472656257 -286.92143252789936
0.99921020507812508 -282.08019333395941
0.99921081542968759 -277.23165684919894
0.99921142578125011 -272.37580612520048
0.99921203613281262 -267.51262417052982
0.99921264648437513 -262.64209393981901
0.99921325683593754 -257.76419833930191
0.99921386718750005 -252.87892020756718
0.99921447753906256 -247.98624234392523
0.99921508789062496 -243.086147485467
0.99921569824218748 -238.17861832689059
0.99921630859374999 -233.26363749542176
0.9992169189453125 -228.34118757273467
0.99921752929687502 -223.41125108283538
0.99921813964843753 -218.47381049445451
0.99921875000000004 -213.52884823012707
0.99921936035156256 -208.57634664230335
0.99921997070312507 -203.61628803811772
0.99922058105468758 -198.64865466989519
0.9992211914062501 -193.67342873336241
0.99922180175781261 -188.69059236134771
0.99922241210937512 -183.70012763990536
0.99922302246093753 -178.70201659667831
0.99922363281250004 -173.69624120228676
0.99922424316406255 -168.68278335552941
0.99922485351562496 -163.6616249319639
0.99922546386718747 -158.63274771599527
0.99922607421874998 -153.59613345634139
0.9992266845703125 -148.55176383064591
0.99922729492187501 -143.49962047083221
0.99922790527343752 -138.43968494048497
0.99922851562500004 -133.37193875423623
0.99922912597656255 -128.29636335141785
0.99922973632812506 -123.21294013139922
0.99923034667968758 -118.12165043140385
0.99923095703125009 -113.02247551764258
0.9992315673828126 -107.9153966076053
0.99923217773437512 -102.80039485456331
0.99923278808593752 -97.677451353655073
0.99923339843750003 -92.546547139394377
0.99923400878906254 -87.407663179431893
0.99923461914062495 -82.260780399084354
0.99923522949218746 -77.105879639178752
0.99923583984374997 -71.942941696553163
0.99923645019531249 -66.771947294109907
0.999237060546875 -61.592877111117225
0.99923767089843751 -56.405711744864242
0.99923828125000003 -51.210431741629421
0.99923889160156254 -46.007017582025171
0.99923950195312505 -40.795449684610489
0.99924011230468757 -35.575708407580784
0.99924072265625008 -30.347774040496834
0.99924102783203139 -27.730728270046477
0.99924133300781259 -25.111626813692641
0.99924163818359379 -22.49046718322759
0.99924194335937511 -19.867246893602307
0.99924224853515631 -17.241963460630082
0.99924255371093751 -14.614614381024676
0.99924285888671882 -11.985197168228012
0.99924316406250002 -9.3537093175411954
0.99924346923828122 -6.7201483135600073
0.99924377441406254 -4.0845116652688285
0.99924407958984374 -1.4467968474110533
0.99924438476562494 1.1929986553760288
0.99924468994140625 3.8348773721946396
0.99924499511718745 6.4788418138321173
0.99924530029296865 9.1248945162557522
0.99924560546874996 11.773038019360129
0.99924591064453128 14.423274851426662
0.99924621582031248 17.075607564526827
0.99924652099609368 19.730038694583733
0.99924682617187499 22.386570800588821
0.9992471313476563 25.045206435980695
0.9992474365234375 27.705948152015385
0.99924774169921871 30.368798518036161
0.99924804687500002 33.033760103532266
0.99924835205078133 35.700835470865407
0.99924865722656253 38.370027200871533
0.99924896240234373 41.041337868725279
0.99924926757812504 43.71477006911725
0.99924957275390636 46.390326377392142
0.99924987792968756 49.068009388954245
0.99925018310546876 51.74782170454646
0.99925048828125007 54.429765920900039
0.99925079345703138 57.113844642087976
0.99925109863281258 59.800060478290476
0.99925140380859379 62.488416043474423
0.9992517089843751 65.178913955783059
0.9992520141601563 67.871556835054818
0.9992523193359375 70.566347306605977
0.99925262451171881 73.263288008026123
0.99925292968750001 75.962381560469922
0.99925323486328121 78.66363061449519
0.99925354003906253 81.367037809068023
0.99925415039062493 86.780337217286032
0.99925476074218744 92.20230101805511
0.99925537109374996 97.632950515755667
0.99925598144531247 103.07230707273082
0.99925659179687498 108.52039214239201
0.9992572021484375 113.97722723986396
0.99925781250000001 119.44283393473
0.99925842285156252 124.91723389784629
0.99925903320312504 130.40044884038898
0.99925964355468755 135.89250057475758
0.99926025390625006 141.3934109593356
0.99926086425781258 146.90320194168282
0.99926147460937509 152.42189553584851
0.99926208496093749 157.94951382820159
0.9992626953125 163.48607897669265
0.99926330566406252 169.03161322396963
0.99926391601562492 174.58613886912346
0.99926452636718743 180.14967829424717
0.99926513671874995 185.72225396329773
0.99926574707031246 191.30388839760178
0.99926635742187497 196.89460421261245
0.99926696777343749 202.49442407831376
0.999267578125 208.10337075596829
0.99926818847656251 213.72146708405486
0.99926879882812503 219.34873596760343
0.99926940917968754 224.98520038606171
0.99927001953125005 230.63088340868572
0.99927062988281257 236.28580817196817
0.99927124023437508 241.9499978946607
0.99927185058593748 247.62347586883615
0.9992724609375 253.30626546663834
0.99927307128906251 258.99839014620051
0.99927368164062491 264.69987343219111
0.99927429199218742 270.41073893485003
0.99927490234374994 276.1310103464192
0.99927551269531245 281.86071143342701
0.99927612304687496 287.59986603853906
0.99927673339843748 293.34849809769975
0.99927734374999999 299.10663162554539
0.9992779541015625 304.87429070859804
0.99927856445312502 310.65149951603502
0.99927917480468753 316.43828230830019
0.99927978515625004 322.23466341833364
0.99928039550781256 328.04066727252183
0.99928100585937507 333.85631836516137
0.99928161621093747 339.68164128862963
0.99928222656249999 345.51666070276286
0.9992828369140625 351.3614013755232
0.9992834472656249 357.21588813528984
0.99928405761718742 363.08014590632274
0.99928466796874993 368.95419969409767
0.99928527832031244 374.83807459695305
0.99928588867187496 380.73179578737972
0.99928649902343747 386.63538854016332
0.99928710937499998 392.54887819335841
0.9992877197265625 398.47229019033637
0.99928833007812501 404.40565006288551
0.99928894042968752 410.34898341571898
0.99928955078125004 416.3023159579667
0.99929016113281255 422.26567347238102
0.99929077148437506 428.23908184087009
0.99929138183593746 434.22256703201708
0.99929199218749998 440.21615509914267
0.99929260253906249 446.21987219451051
0.99929321289062489 452.23374454920054
0.99929382324218741 458.25779849599138
0.99929443359374992 464.29206045498745
0.99929504394531243 470.33655693027134
0.99929565429687495 476.39131453533298
0.99929626464843746 482.4563599536225
0.99929687499999997 488.53171997623514
0.99929748535156249 494.61742148707242
0.999298095703125 500.71349145877031
0.99929870605468751 506.81995696079616
0.99929931640625003 512.93684515112659
0.99929992675781254 519.06418329117764
0.99930053710937505 525.20199873151773
0.99930114746093746 531.35031891778942
0.99930175781249997 537.50917139587057
0.99930236816406248 543.67858380777159
0.99930297851562488 549.8585838839532
0.9993035888671874 556.04919946681412
0.99930419921874991 562.25045848292154
0.99930480957031242 568.46238896904242
0.99930541992187494 574.68501904294703
0.99930603027343745 580.9183769384781
0.99930664062499996 587.16249098266792
0.99930725097656248 593.41738960209409
0.99930786132812499 599.68310132408078
0.9993084716796875 605.95965476971594
0.99930908203125002 612.24707867610152
0.99930969238281253 618.54540186976453
0.99931030273437504 624.85465328592841
0.99931091308593745 631.17486195470644
0.99931152343749996 637.5060570200402
0.99931213378906247 643.84826771513372
0.99931274414062488 650.2015233924343
0.99931335449218739 656.56585350170656
0.9993139648437499 662.94128759377145
0.99931457519531242 669.32785532781213
0.99931518554687493 675.72558647160952
0.99931579589843744 682.13451089371222
0.99931640624999996 688.55465857612933
0.99931701660156247 694.98605960491443
0.99931762695312498 701.42874417007738
0.9993182373046875 707.8827425732004
0.99931884765625001 714.34808522158687
0.99931945800781252 720.82480264187984
0.99932006835937504 727.31292545214569
0.99932067871093744 733.81248440135846
0.99932128906249995 740.3235103309529
0.99932189941406246 746.84603420501242
0.99932250976562487 753.38008709010501
0.99932312011718738 759.92570017928256
0.99932373046874989 766.48290476274656
0.99932434082031241 773.05173224983378
0.99932495117187492 779.63221416470458
0.99932556152343743 786.22438214674321
0.99932617187499995 792.82826794429502
0.99932678222656246 799.44390342532427
0.99932739257812497 806.07132057212573
0.99932800292968749 812.710551486756
0.99932861328125 819.36162838134987
0.99932922363281251 826.02458358689307
0.99932983398437503 832.69944956161726
0.99933044433593743 839.38625886453781
0.99933105468749994 846.08504419316591
0.99933166503906246 852.79583834311893
0.99933227539062486 859.51867425303453
0.99933288574218737 866.25358496238778
0.99933349609374988 873.0006036505705
0.9993341064453124 879.75976359530534
0.99933471679687491 886.53109821367696
0.99933532714843742 893.31464104825352
0.99933593749999994 900.11042574208466
0.99933654785156245 906.91848609184103
0.99933715820312496 913.73885599749076
0.99933776855468748 920.57156949372029
0.99933837890624999 927.41666073096656
0.9993389892578125 934.27416400341326
0.99933959960937502 941.14411371579524
0.99934020996093742 948.02654440211052
0.99934082031249993 954.92149073112932
0.99934143066406245 961.82898750297522
0.99934204101562485 968.74906963075148
0.99934265136718736 975.68177217455036
0.99934326171874988 982.62713031394242
0.99934387207031239 989.58517936224803
0.9993444824218749 996.55595476679002
0.99934509277343742 1003.5394921092666
0.99934570312499993 1010.5358270889178
0.99934631347656244 1017.5449955622203
0.99934692382812496 1024.5670335001444
0.99934753417968747 1031.6019770136604
0.99934814453124998 1038.6498623568282
0.9993487548828125 1045.7107259030236
0.99934936523437501 1052.7846041829553
0.99934997558593741 1059.8715338489521
0.99935058593749992 1066.9715516983576
0.99935119628906244 1074.0846946617946
0.99935180664062484 1081.2109998141748
0.99935241699218735 1088.3505043666792
0.99935302734374987 1095.5032456722927
0.99935363769531238 1102.66926122675
0.99935424804687489 1109.848588662742
0.99935485839843741 1117.0412657599472
0.99935546874999992 1124.2473304419295
0.99935607910156243 1131.466820770112
0.99935668945312495 1138.6997749516195
0.99935729980468746 1145.9462313442168
0.99935791015624997 1153.2062284535134
0.99935852050781249 1160.4798049191907
0.999359130859375 1167.7669995368569
0.9993597412109374 1175.0678512491186
0.99936035156249992 1182.3823991510051
0.99936096191406243 1189.7106824750254
0.99936157226562483 1197.0527406154276
0.99936218261718734 1204.4086131122804
0.99936279296874986 1211.7783396601194
0.99936340332031237 1219.1619600985991
0.99936401367187488 1226.5595144312169
0.9993646240234374 1233.9710428087203
0.99936523437499991 1241.3965855330464
0.99936584472656242 1248.8361830636791
0.99936645507812494 1256.289876022413
0.99936706542968745 1263.7577051818148
0.99936767578124996 1271.2397114728774
0.99936828613281248 1278.7359359803456
0.99936889648437499 1286.24641995822
0.9993695068359375 1293.7712048095736
0.99937011718750002 1301.3103321019621
0.99937072753906253 1308.8638435734877
0.99937133789062504 1316.4317811026058
0.99937194824218756 1324.0141867606962
0.99937255859375007 1331.6111027473873
0.99937316894531258 1339.2225714565316
0.9993737792968751 1346.8486354329814
0.9993743896484375 1354.4893373924197
0.99937500000000001 1362.1447202090487
0.99937561035156253 1369.8148269440753
0.99937622070312493 1377.4997007935863
0.99937683105468744 1385.1993851668278
0.99937744140624996 1392.9139236033413
0.99937805175781247 1400.6433598388453
0.99937866210937498 1408.3877377685635
0.9993792724609375 1416.1471014665412
0.99937988281250001 1423.9214951776066
0.99938049316406252 1431.7109633185776
0.99938110351562504 1439.5155504855982
0.99938171386718755 1447.3353014537215
0.99938232421875006 1455.1702611610426
0.99938293457031258 1463.0204747424993
0.99938354492187509 1470.8859874991169
0.9993841552734376 1478.7668449157256
0.99938476562500012 1486.6630926571829
0.99938537597656263 1494.5747765650617
0.99938598632812514 1502.5019426762469
0.99938659667968766 1510.4446371876923
0.99938720703125017 1518.4029065078423
0.99938781738281268 1526.3767972179235
0.9993884277343752 1534.3663560716311
0.9993890380859376 1542.3716300311453
0.99938964843750011 1550.3926662383501
0.99939025878906262 1558.4295120241306
0.99939086914062503 1566.48221490174
0.99939147949218754 1574.5508225850176
0.99939208984375005 1582.6353829747095
0.99939270019531257 1590.7359441692288
0.99939331054687508 1598.8525544531722
0.99939392089843759 1606.985262307498
0.99939453125000011 1615.1341164093155
0.99939514160156262 1623.2991656434051
0.99939575195312513 1631.480459066222
0.99939636230468765 1639.6780459625177
0.99939697265625016 1647.8919757899612
0.99939758300781267 1656.1222982257223
0.99939819335937519 1664.3690631424192
0.99939880371093759 1672.6323206081952
0.9993994140625001 1680.9121209103248
0.99940002441406262 1689.2085145200529
0.99940063476562502 1697.5215521316402
0.99940124511718753 1705.8512846428712
0.99940185546875004 1714.1977631559173
0.99940246582031256 1722.5610389755036
0.99940307617187507 1730.941163624522
0.99940368652343758 1739.3381888388251
0.9994042968750001 1747.7521665630245
0.99940490722656261 1756.1831489528581
0.99940551757812512 1764.6311883802966
0.99940612792968764 1773.0963374288842
0.99940673828125015 1781.5786488991528
0.99940734863281266 1790.0781758219352
0.99940795898437518 1798.5949714303254
0.99940856933593758 1807.129089184785
0.99940917968750009 1815.6805827648579
0.99940979003906261 1824.2495060694064
0.99941040039062501 1832.8359132305375
0.99941101074218752 1841.4398585956121
0.99941162109375004 1850.06139673442
0.99941223144531255 1858.7005824489993
0.99941284179687506 1867.3574707804166
0.99941345214843758 1876.032116978311
0.99941406250000009 1884.7245765312059
0.9994146728515626 1893.4349051631079
0.99941528320312512 1902.1631588212374
0.99941589355468763 1910.9093937010834
0.99941650390625014 1919.6736662155618
0.99941711425781266 1928.4560330338616
0.99941772460937517 1937.2565510426577
0.99941833496093757 1946.0752773736381
0.99941894531250008 1954.9122694147611
0.9994195556640626 1963.7675847740065
0.999420166015625 1972.6412813080851
0.99942077636718751 1981.5334171241464
0.99942138671875003 1990.4440505661767
0.99942199707031254 1999.3732402364469
0.99942260742187505 2008.3210449667263
0.99942321777343757 2017.2875238546178
0.99942382812500008 2026.272736237114
0.99942443847656259 2035.2767417054704
0.99942504882812511 2044.2996001143279
0.99942565917968762 2053.3413715599654
0.99942626953125013 2062.4021163968937
0.99942687988281265 2071.4818952387818
0.99942749023437516 2080.5807689602102
0.99942810058593756 2089.6987986842078
0.99942871093750008 2098.8360458230472
0.99942932128906259 2107.9925720146239
0.99942993164062499 2117.168439179241
0.9994305419921875 2126.3637095102963
0.99943115234375002 2135.5784454584486
0.99943176269531253 2144.8127097413526
0.99943237304687504 2154.0665653504248
0.99943298339843756 2163.3400755404714
0.99943359375000007 2172.6333038584185
0.99943420410156258 2181.9463141065125
0.9994348144531251 2191.2791703628072
0.99943542480468761 2200.6319369944426
0.99943603515625012 2210.004678637009
0.99943664550781264 2219.3974602154431
0.99943725585937515 2228.8103469293214
0.99943786621093755 2238.2434042587161
0.99943847656250007 2247.6966979772087
0.99943908691406258 2257.1702941379986
0.99943969726562498 2266.6642590848633
0.9994403076171875 2276.1786594512469
0.99944091796875001 2285.713562167346
0.99944152832031252 2295.269034432798
0.99944213867187504 2304.8451437690337
0.99944274902343755 2314.4419579880009
0.99944335937500006 2324.0595451810741
0.99944396972656258 2333.6979737589631
0.99944458007812509 2343.3573124203426
0.9994451904296876 2353.0376301688607
0.99944580078125012 2362.7389963246178
0.99944641113281263 2372.4614804859702
0.99944702148437514 2382.2051525935835
0.99944763183593754 2391.9700828675914
0.99944824218750006 2401.7563418544528
0.99944885253906257 2411.5640004047787
0.99944946289062497 2421.3931296984656
0.99945007324218749 2431.2438012025277
0.99945068359375 2441.1160867386106
0.99945129394531251 2451.010058416387
0.99945190429687503 2460.9257886853438
0.99945251464843754 2470.8633503137676
0.99945312500000005 2480.8228163834365
0.99945373535156257 2490.8042603204185
0.99945434570312508 2500.8077558690325
0.99945495605468759 2510.8333771088382
0.99945556640625011 2520.8811984415152
0.99945617675781262 2530.9512946180307
0.99945678710937513 2541.0437407145569
0.99945739746093754 2551.1586121452278
0.99945800781250005 2561.2959846687691
0.99945861816406256 2571.4559343853771
0.99945922851562496 2581.6385377337474
0.99945983886718748 2591.843871503223
0.99946044921874999 2602.0720128265457
0.9994610595703125 2612.3230391898778
0.99946166992187502 2622.5970284302721
0.99946228027343753 2632.8940587311977
0.99946289062500004 2643.2142086385229
0.99946350097656256 2653.5575570595988
0.99946411132812507 2663.9241832514417
0.99946472167968758 2674.3141668324442
0.9994653320312501 2684.7275877960751
0.99946594238281261 2695.1645264926169
0.99946655273437512 2705.6250636355107
0.99946716308593753 2716.1092803189431
0.99946777343750004 2726.6172580092125
0.99946838378906255 2737.1490785365172
0.99946899414062496 2747.7048241090738
0.99946960449218747 2758.2845773252361
0.99947021484374998 2768.8884211534619
0.9994708251953125 2779.5164389467891
0.99947143554687501 2790.168714441525
0.99947204589843752 2800.8453317638814
0.99947265625000004 2811.5463754332677
0.99947326660156255 2822.2719303537647
0.99947387695312506 2833.0220818250282
0.99947448730468758 2843.7969155524993
0.99947509765625009 2854.5965176200584
0.9994757080078126 2865.4209745324019
0.99947631835937512 2876.2703731867628
0.99947692871093752 2887.1448008877069
0.99947753906250003 2898.0443453554813
0.99947814941406254 2908.9690947104086
0.99947875976562495 2919.9191374836723
0.99947937011718746 2930.8945626382347
0.99947998046874997 2941.8954595339819
0.99948059082031249 2952.9219179671477
0.999481201171875 2963.974028147773
0.99948181152343751 2975.0518807125186
0.99948242187500003 2986.1555667265625
0.99948303222656254 2997.2851776851535
0.99948364257812505 3008.4408055126887
0.99948425292968757 3019.6225425769717
0.99948486328125008 3030.8304816764189
0.99948547363281259 3042.0647160448852
0.99948608398437511 3053.3253393776245
0.99948669433593751 3064.612445796377
0.99948730468750002 3075.9261298799406
0.99948791503906254 3087.266486657998
0.99948852539062494 3098.6336116122829
0.99948913574218745 3110.0276006801946
0.99948974609374996 3121.4485502625021
0.99949035644531248 3132.896557210523
0.99949096679687499 3144.3717188572946
0.9994915771484375 3155.8741329884747
0.99949218750000002 3167.4038978611939
0.99949279785156253 3178.961112220737
0.99949340820312504 3190.5458752668551
0.99949401855468756 3202.158286692149
0.99949462890625007 3213.7984466663479
0.99949523925781258 3225.4664558445552
0.9994958496093751 3237.1624153667567
0.9994964599609375 3248.8864268679149
0.99949707031250001 3260.63859247152
0.99949768066406253 3272.4190148041275
0.99949829101562493 3284.2277969841261
0.99949890136718744 3296.0650426395055
0.99949951171874996 3307.9308558923153
0.99950012207031247 3319.82534139066
0.99950073242187498 3331.7486042750179
0.9995013427734375 3343.7007502136807
0.99950195312500001 3355.6818853882273
0.99950256347656252 3367.6921165024237
0.99950317382812504 3379.7315507873041
0.99950378417968755 3391.8002959969826
0.99950439453125006 3403.8984604162561
0.99950500488281258 3416.0261528626884
0.99950561523437509 3428.1834827030743
0.99950622558593749 3440.3705598255156
0.9995068359375 3452.5874946848071
0.99950744628906252 3464.8343982574906
0.99950805664062492 3477.1113820941791
0.99950866699218743 3489.4185582878144
0.99950927734374995 3501.7560394890456
0.99950988769531246 3514.1239389168409
0.99951049804687497 3526.5223703402071
0.99951110839843749 3538.9514481181513
0.99951171875 3551.4112871587577
0.99951232910156251 3563.9020029649969
0.99951293945312503 3576.4237115970996
0.99951354980468754 3588.9765297283461
0.99951416015625005 3601.5605745827238
0.99951477050781257 3614.1759640019968
0.99951538085937508 3626.8228164059833
0.99951599121093748 3639.5012508185623
0.9995166015625 3652.2113868644215
0.99951721191406251 3664.9533447759122
0.99951782226562491 3677.7272453798505
0.99951843261718742 3690.5332101354184
0.99951904296874994 3703.3713611028356
0.99951965332031245 3716.2418209792454
0.99952026367187496 3729.1447130591828
0.99952087402343748 3742.0801612932501
0.99952148437499999 3755.0482902541567
0.9995220947265625 3768.0492251445203
0.99952270507812502 3781.0830918161491
0.99952331542968753 3794.150016757565
0.99952392578125004 3807.2501271199021
0.99952453613281256 3820.3835506838445
0.99952514648437507 3833.5504159183142
0.99952575683593747 3846.7508519179482
0.99952636718749999 3859.9849884791288
0.9995269775390625 3873.2529560346493
0.9995275878906249 3886.5548857177887
0.99952819824218742 3899.8909093243919
0.99952880859374993 3913.261159341766
0.99952941894531244 3926.665768937039
0.99953002929687496 3940.1048719763821
0.99953063964843747 3953.5786030186214
0.99953124999999998 3967.0870973226952
0.9995318603515625 3980.6304908536331
0.99953247070312501 3994.2089202916968
0.99953308105468752 4007.822523020558
0.99953369140625004 4021.4714371517193
0.99953430175781255 4035.1558015213986
0.99953491210937506 4048.8757556899213
0.99953552246093746 4062.6314399515818
0.99953613281249998 4076.42299534521
0.99953674316406249 4090.2505636445399
0.99953735351562489 4104.1142873741674
0.99953796386718741 4118.0143098176704
0.99953857421874992 4131.9507750084922
0.99953918457031243 4145.9238277536415
0.99953979492187495 4159.9336136112643
0.99954040527343746 4173.9802789269443
0.99954101562499997 4188.0639708168073
0.99954162597656249 4202.1848371947872
0.999542236328125 4216.343026747566
0.99954284667968751 4230.5386889584206
0.99954345703125003 4244.7719741123719
0.99954406738281254 4259.043033304848
0.99954467773437505 4273.3520184384442
0.99954528808593746 4287.6990822160033
0.99954589843749997 4302.0843781932836
0.99954650878906248 4316.5080607215687
0.99954711914062488 4330.970285002978
0.9995477294921874 4345.4712070664273
0.99954833984374991 4360.0109837959753
0.99954895019531242 4374.5897729103344
0.99954956054687494 4389.2077329961721
0.99955017089843745 4403.8650234934084
0.99955078124999996 4418.5618047093676
0.99955139160156248 4433.2982378296765
0.99955200195312499 4448.0744849053353
0.9995526123046875 4462.8907088863798
0.99955322265625002 4477.7470736028954
0.99955383300781253 4492.6437437916811
0.99955444335937504 4507.5808850778976
0.99955505371093745 4522.5586640104075
0.99955566406249996 4537.5772480377072
0.99955627441406247 4552.636805550741
0.99955688476562488 4567.7375058399293
0.99955749511718739 4582.8795191636545
0.9995581054687499 4598.0630166871888
0.99955871582031242 4613.2881705472801
0.99955932617187493 4628.5551538216159
0.99955993652343744 4643.8641405548742
0.99956054687499996 4659.215305750814
0.99956115722656247 4674.6088253955995
0.99956176757812498 4690.0448764458297
0.9995623779296875 4705.5236368588539
0.99956298828125001 4721.0452855793037
0.99956359863281252 4736.6100025457663
0.99956420898437504 4752.2179687144599
0.99956481933593744 4767.8693660469271
0.99956542968749995 4783.5643775503322
0.99956604003906246 4799.3031872287402
0.99956665039062487 4815.0859801430488
0.99956726074218738 4830.9129423989207
0.99956787109374989 4846.7842611494461
0.99956848144531241 4862.7001245976244
0.99956909179687492 4878.6607220254
0.99956970214843743 4894.6662437875248
0.99957031249999995 4910.7168813092376
0.99957092285156246 4926.8128271159212
0.99957153320312497 4942.9542748295135
0.99957214355468749 4959.1414191747226
0.99957275390625 4975.3744559814695
0.99957336425781251 4991.6535822172546
0.99957397460937503 5007.9789959583904
0.99957458496093743 5024.3508964275388
0.99957519531249994 5040.7694840007389
0.99957580566406246 5057.2349601924034
0.99957641601562486 5073.7475276855494
0.99957702636718737 5090.3073903412569
0.99957763671874988 5106.9147531780827
0.9995782470703124 5123.5698224236494
0.99957885742187491 5140.2728054796371
0.99957946777343742 5157.0239109759523
0.99958007812499994 5173.8233487317648
0.99958068847656245 5190.6713298075065
0.99958129882812496 5207.5680664800893
0.99958190917968748 5224.513772272674
0.99958251953124999 5241.5086619581189
0.9995831298828125 5258.5529515604203
0.99958374023437502 5275.6468583828591
0.99958435058593742 5292.7906009829876
0.99958496093749993 5309.9843992339647
0.99958557128906245 5327.2284742814272
0.99958618164062485 5344.5230485808424
0.99958648681640616 5353.1893428317189
0.99958679199218736 5361.8683459117792
0.99958709716796856 5370.5600859986926
0.99958740234374988 5379.2645913652777
0.99958770751953119 5387.9818903407831
0.99958801269531239 5396.7120113646524
0.99958831787109359 5405.4549829540838
0.9995886230468749 5414.2108336973779
0.99958892822265621 5422.979592283481
0.99958923339843742 5431.7612874829065
0.99958953857421862 5440.5559481405771
0.99958984374999993 5449.3636032132772
0.99959014892578124 5458.1842817127299
0.99959045410156244 5467.0180127551175
0.99959075927734364 5475.8648255338121
0.99959106445312496 5484.7247493507666
0.99959136962890627 5493.5978135735968
0.99959167480468747 5502.4840476534237
0.99959197998046867 5511.3834811549432
0.99959228515624998 5520.2961437115773
0.99959259033203129 5529.2220650512027
0.9995928955078125 5538.161274987021
0.9995932006835937 5547.113803428093
0.99959350585937501 5556.0796803728144
0.99959381103515621 5565.0589358981952
0.99959411621093741 5574.0516001892893
0.99959442138671872 5583.0577035154265
0.99959472656249992 5592.0772762234919
0.99959503173828113 5601.1103487745322
0.99959533691406244 5610.1569517060834
0.99959564208984364 5619.2171156509839
0.99959594726562484 5628.2908713378456
0.99959625244140615 5637.3782495847345
0.99959655761718735 5646.4792813066133
0.99959686279296855 5655.5939975053279
0.99959716796874987 5664.7224292902938
0.99959747314453118 5673.8646078500697
0.99959777832031238 5683.0205644674652
0.99959808349609358 5692.1903305339692
0.99959838867187489 5701.3739375321275
0.99959869384765621 5710.5714170318979
0.99959899902343741 5719.7828007058069
0.99959930419921861 5729.0081203224945
0.99959960937499992 5738.2474077527922
0.99959991455078123 5747.5006949506424
0.99960021972656243 5756.7680139753147
0.99960052490234363 5766.0493969885038
0.99960083007812495 5775.3448762480293
0.99960113525390626 5784.6544841084778
0.99960144042968746 5793.9782530172615
0.99960174560546866 5803.3162155248592
0.99960205078124997 5812.6684043053392
0.99960235595703129 5822.0348520906618
0.99960266113281249 5831.4155917409544
0.99960296630859369 5840.8106562134371
0.999603271484375 5850.2200785673249
0.99960357666015631 5859.6438919573275
0.99960388183593751 5869.0821296384456
0.99960418701171871 5878.5348249809294
0.99960449218750003 5888.0020114535164
0.99960479736328134 5897.4837226183963
0.99960510253906254 5906.9799921492686
0.99960540771484374 5916.4908538249156
0.99960571289062505 5926.0163415340394
0.99960601806640637 5935.5564892556449
0.99960632324218757 5945.1113310808305
0.99960662841796877 5954.6809012090816
0.99960693359375008 5964.2652339511824
0.99960723876953139 5973.8643637111109
0.99960754394531259 5983.4783250019354
0.99960784912109379 5993.1071524612571
0.99960815429687511 6002.7508808187304
0.99960845947265631 6012.4095449053057
0.99960876464843751 6022.0831796887196
0.99960906982421882 6031.7718202157457
0.99960937500000002 6041.4755016541612
0.99960968017578122 6051.1942592918876
0.99960998535156254 6060.9281285166726
0.99961029052734374 6070.6771448205573
0.99961059570312494 6080.4413438196998
0.99961090087890625 6090.2207612409447
0.99961120605468745 6100.015432916839
0.99961151123046865 6109.8253947913936
0.99961181640624996 6119.6506829307527
0.99961212158203128 6129.4913335066676
0.99961242675781248 6139.3473828114429
0.99961273193359368 6149.2188672409739
0.99961303710937499 6159.1058233191552
0.9996133422851563 6169.0082876785018
0.9996136474609375 6178.9262970651907
0.99961395263671871 6188.8598883396726
0.99961425781250002 6198.809098491236
0.99961456298828133 6208.7739646215314
0.99961486816406253 6218.7545239323745
0.99961517333984373 6228.7508137651457
0.99961547851562504 6238.7628715833562
0.99961578369140636 6248.7907349441311
0.99961608886718756 6258.8344415436577
0.99961639404296876 6268.8940291917543
0.99961669921875007 6278.9695358248146
0.99961700439453138 6289.0609994935767
0.99961730957031258 6299.1684583659489
0.99961761474609379 6309.2919507444158
0.9996179199218751 6319.4315150485845
0.99961822509765641 6329.5871898135347
0.99961853027343761 6339.7590137011375
0.99961883544921881 6349.9470255088527
0.99961914062500012 6360.1512641481222
0.99961944580078144 6370.3717686484488
0.99961975097656264 6380.6085781739803
0.99962005615234384 6390.8617320188914
0.99962036132812515 6401.1312695949382
0.99962066650390646 6411.4172304417207
0.99962097167968766 6421.7196542277234
0.99962127685546887 6432.0385807511966
0.99962158203125018 6442.3740499435744
0.99962188720703149 6452.7261018533372
0.99962219238281269 6463.0947766569407
0.99962249755859389 6473.4801146766322
0.9996228027343752 6483.8821563553083
0.99962310791015641 6494.3009422641189
0.99962341308593761 6504.7365131114748
0.99962371826171892 6515.1889097454841
0.99962402343750012 6525.6581731177612
0.99962432861328132 6536.1443443410317
0.99962463378906263 6546.6474646649413
0.99962493896484383 6557.1675754410626
0.99962524414062504 6567.7047181918088
0.99962554931640635 6578.2589345544438
0.99962585449218755 6588.8302662969008
0.99962615966796875 6599.4187553547372
0.99962646484375006 6610.0244437650845
0.99962677001953137 6620.6473737209926
0.99962707519531258 6631.2875875395703
0.99962738037109378 6641.9451276949339
0.99962768554687509 6652.6200368005293
0.9996279907226564 6663.3123575865166
0.9996282958984376 6674.0221329455253
0.9996286010742188 6684.7494058983784
0.99962890625000012 6695.4942196203365
0.99962921142578143 6706.2566174169415
0.99962951660156263 6717.036642737181
0.99962982177734383 6727.8343391751832
0.99963012695312514 6738.649750479628
0.99963043212890645 6749.4829205355754
0.99963073730468766 6760.3338933570576
0.99963104248046886 6771.2027131311088
0.99963134765625017 6782.0894241783271
0.99963165283203148 6792.9940709655339
0.99963195800781268 6803.9166981019198
0.99963226318359388 6814.8573503543294
0.9996325683593752 6825.8160726400201
0.9996328735351564 6836.7929100187375
0.9996331787109376 6847.7879076937206
0.99963348388671891 6858.80111103939
0.99963378906250011 6869.8325655629124
0.99963409423828131 6880.8823169263669
0.99963439941406262 6891.9504109533336
0.99963470458984383 6903.036893607019
0.99963500976562503 6914.1418110183704
0.99963531494140634 6925.265209469444
0.99963562011718754 6936.4071353871232
0.99963592529296874 6947.5676353597491
0.99963623046875005 6958.7467561409821
0.99963653564453137 6969.9445446287291
0.99963684082031257 6981.1610478794983
0.99963714599609377 6992.396313116833
0.99963745117187508 7003.6503877234099
0.99963775634765639 7014.9233192339143
0.99963806152343759 7026.2151553380763
0.99963836669921879 7037.5259439005331
0.99963867187500011 7048.8557329494452
0.99963897705078142 7060.2045706522294
0.99963928222656262 7071.5725053647984
0.99963958740234382 7082.9595855946372
0.99963989257812513 7094.365860023493
0.99964019775390645 7105.7913774783683
0.99964050292968765 7117.2361869655233
0.99964080810546885 7128.7003376646408
0.99964111328125016 7140.1838789153271
0.99964141845703147 7151.6868602142722
0.99964172363281267 7163.209331241228
0.99964202880859387 7174.7513418434683
0.99964233398437519 7186.31294203773
0.99964263916015639 7197.8941820038899
0.99964294433593759 7209.495112103129
0.9996432495117189 7221.1157828665864
0.9996435546875001 7232.7562449921998
0.9996438598632813 7244.4165493588789
0.99964416503906262 7256.0967470274354
0.99964447021484382 7267.7968892116005
0.99964477539062502 7279.5170273132189
0.99964508056640633 7291.2572129218888
0.99964538574218753 7303.0174977862225
0.99964569091796873 7314.7979338439027
0.99964599609375004 7326.5985732111558
0.99964630126953136 7338.4194681797771
0.99964660644531256 7350.2606712211673
0.99964691162109376 7362.1222349999689
0.99964721679687507 7374.0042123511803
0.99964752197265638 7385.9066562962753
0.99964782714843758 7397.8296200310979
0.99964813232421879 7409.7731569558
0.9996484375000001 7421.7373206458005
0.99964874267578141 7433.7221648600344
0.99964904785156261 7445.7277435462647
0.99964935302734381 7457.7541108361129
0.99964965820312512 7469.801321061107
0.99964996337890644 7481.8694287361232
0.99965026855468764 7493.9584885573904
0.99965057373046884 7506.0685554253741
0.99965087890625015 7518.1996844278647
0.99965118408203146 7530.3519308528394
0.99965148925781266 7542.5253501566904
0.99965179443359387 7554.7199980192554
0.99965209960937518 7566.9359303092742
0.99965240478515638 7579.1732030730882
0.99965270996093758 7591.4318725710755
0.99965301513671889 7603.7119952709445
0.99965332031250009 7616.0136278088448
0.99965362548828129 7628.336827048026
0.99965393066406261 7640.6816500444493
0.99965423583984381 7653.0481540435703
0.99965454101562501 7665.4363965086477
0.99965484619140632 7677.8464351051643
0.99965515136718752 7690.2783276864448
0.99965545654296872 7702.732132332133
0.99965576171875004 7715.20790731941
0.99965606689453135 7727.7057111261074
0.99965637207031255 7740.2256024392191
0.99965667724609375 7752.7676401583976
0.99965698242187506 7765.3318834077554
0.99965728759765637 7777.9183914901132
0.99965759277343758 7790.5272239320275
0.99965789794921878 7803.1584404860414
0.99965820312500009 7815.8121011166049
0.9996585083007814 7828.4882659849309
0.9996588134765626 7841.1869954717267
0.9996591186523438 7853.9083501893056
0.99965942382812512 7866.6523909528523
0.99965972900390643 7879.4191787980162
0.99966003417968763 7892.2087749875054
0.99966033935546883 7905.0212409912674
0.99966064453125014 7917.8566385183958
0.99966094970703145 7930.7150294766388
0.99966125488281266 7943.5964760187517
0.99966156005859386 7956.5010405018684
0.99966186523437517 7969.4287855321509
0.99966217041015637 7982.3797739212268
0.99966247558593757 7995.35406870933
0.99966278076171888 8008.3517331864405
0.99966308593750008 8021.3728308424006
0.99966339111328129 8034.417425412671
0.9996636962890626 8047.4855808785669
0.9996640014648438 8060.5773614100826
0.999664306640625 8073.6928314587285
0.99966461181640631 8086.8320556883618
0.99966491699218751 8099.9950989910594
0.99966522216796871 8113.1820265073502
0.99966552734375003 8126.3929036242098
0.99966583251953134 8139.6277959452336
0.99966613769531254 8152.8867693253605
0.99966644287109374 8166.1698898583363
0.99966674804687505 8179.4772238875084
0.99966705322265637 8192.808837986975
0.99966735839843757 8206.1647989839348
0.99966766357421877 8219.5451739545151
0.99966796875000008 8232.9500302067245
0.99966827392578139 8246.3794353163757
0.99966857910156259 8259.833457082832
0.99966888427734379 8273.3121635762054
0.99966918945312511 8286.8156231125122
0.99966949462890642 8300.3439042659356
0.99966979980468762 8313.8970758405994
0.99967010498046882 8327.4752069195256
0.99967041015625013 8341.0783668408403
0.99967071533203145 8354.706625181836
0.99967102050781265 8368.3600517919785
0.99967132568359385 8382.0387167757617
0.99967163085937516 8395.7426905039247
0.99967193603515636 8409.4720436053449
0.99967224121093756 8423.2268469615137
0.99967254638671887 8437.0071717406208
0.99967285156250008 8450.8130893537418
0.99967315673828128 8464.6446714873127
0.99967346191406259 8478.5019901092692
0.99967376708984379 8492.3851174312804
0.99967407226562499 8506.29412595547
0.9996743774414063 8520.2290884510821
0.9996746826171875 8534.1900779527914
0.99967498779296871 8548.1771677737997
0.99967529296875002 8562.1904315129523
0.99967559814453133 8576.2299430316234
0.99967590332031253 8590.2957764732109
0.99967620849609373 8604.3880062607677
0.99967651367187504 8618.5067071127214
0.99967681884765636 8632.6519540090612
0.99967712402343756 8646.8238222135114
0.99967742919921876 8661.0223872854021
0.99967773437500007 8675.2477250831307
0.99967803955078138 8689.4999117164407
0.99967834472656258 8703.7790236115034
0.99967864990234379 8718.0851374764807
0.9996789550781251 8732.418330319515
0.99967926025390641 8746.7786794289459
0.99967956542968761 8761.1662623863613
0.99967987060546881 8775.5811570852475
0.99968017578125012 8790.0234417019055
0.99968048095703144 8804.4931947260193
0.99968078613281264 8818.990494921356
0.99968109130859384 8833.5154213786136
0.99968139648437515 8848.068053494153
0.99968170166015635 8862.6484709339948
0.99968200683593755 8877.2567537089926
0.99968231201171887 8891.8929821227121
0.99968261718750007 8906.5572367780424
0.99968292236328127 8921.2495985963869
0.99968322753906258 8935.9701488205901
0.99968353271484378 8950.7189689952538
0.99968383789062498 8965.496140966703
0.99968414306640629 8980.3017469402948
0.9996844482421875 8995.1358693880702
0.9996847534179687 9009.9985911370477
0.99968505859375001 9024.8899953259188
0.99968536376953132 9039.8101654053189
0.99968566894531252 9054.7591851590551
0.99968597412109372 9069.7371387024723
0.99968627929687504 9084.7441104742338
0.99968658447265635 9099.7801852316352
0.99968688964843755 9114.8454480649143
0.99968719482421875 9129.9399844104046
0.99968750000000006 9145.063880028938
0.99968780517578137 9160.2172210206882
0.99968811035156258 9175.4000938093868
0.99968841552734378 9190.6125851667221
0.99968872070312509 9205.8547822204982
0.9996890258789064 9221.1267724146983
0.9996893310546876 9236.4286435396334
0.9996896362304688 9251.7604837469025
0.99968994140625012 9267.1223815312096
0.99969024658203143 9282.5144257296633
0.99969055175781263 9297.9367055211733
0.99969085693359383 9313.3893104548843
0.99969116210937514 9328.872330435368
0.99969146728515634 9344.3858556967334
0.99969177246093754 9359.9299768556702
0.99969207763671886 9375.5047848879913
0.99969238281250006 9391.1103711101587
0.99969268798828126 9406.746827216446
0.99969299316406257 9422.4142452774176
0.99969329833984377 9438.1127176931896
0.99969360351562497 9453.8423372667075
0.99969390869140629 9469.6031971646444
0.99969421386718749 9485.3953909082156
0.99969451904296869 9501.219012405134
0.99969482421875 9517.0741559435428
0.99969512939453131 9532.9609161901844
0.99969543457031251 9548.8793881649908
0.99969573974609371 9564.8296672952256
0.99969604492187503 9580.8118493984402
0.99969635009765634 9596.8260306506472
0.99969665527343754 9612.8723076206552
0.99969696044921874 9628.9507772864254
0.99969726562500005 9645.0615370010128
0.99969757080078137 9661.2046845153964
0.99969787597656257 9677.3803179640363
0.99969818115234377 9693.5885358929845
0.99969848632812508 9709.8294372484852
0.99969879150390639 9726.1031213628885
0.99969909667968759 9742.4096879758417
0.99969940185546879 9758.7492372422148
0.99969970703125011 9775.1218697306304
0.99970001220703142 9791.5276863840209
0.99970031738281262 9807.9667885863037
0.99970062255859382 9824.4392781275365
0.99970092773437513 9840.9452572219125
0.99970123291015633 9857.4848284740765
0.99970153808593754 9874.0580949369032
0.99970184326171885 9890.6651600837467
0.99970214843750005 9907.3061277839206
0.99970245361328125 9923.9811023604361
0.99970275878906256 9940.6901885676816
0.99970306396484376 9957.4334915583604
0.99970336914062496 9974.2111169469154
0.99970367431640628 9991.0231707860094
0.99970397949218748 10007.869759536567
0.99970428466796868 10024.750990127672
0.99970458984374999 10041.666969922691
0.9997048950195313 10058.61780671938
0.9997052001953125 10075.603608761749
0.99970550537109371 10092.62448475639
0.99970581054687502 10109.680543855929
0.99970611572265633 10126.771895664497
0.99970642089843753 10143.898650228219
0.99970672607421873 10161.060918078503
0.99970703125000004 10178.258810192838
0.99970733642578136 10195.492438009014
0.99970764160156256 10212.761913424873
0.99970794677734376 10230.067348818127
0.99970825195312507 10247.408857047001
0.99970855712890638 10264.786551415042
0.99970886230468758 10282.200545713444
0.99970916748046879 10299.65095421331
0.9997094726562501 10317.137891668252
0.99970977783203141 10334.661473309798
0.99971008300781261 10352.221814846987
0.99971038818359381 10369.819032489728
0.99971069335937512 10387.453242942971
0.99971099853515633 10405.124563378389
0.99971130371093753 10422.833111493092
0.99971160888671884 10440.579005462847
0.99971191406250004 10458.362363972528
0.99971221923828124 10476.183306206931
0.99971252441406255 10494.041951859668
0.99971282958984375 10511.938421129127
0.99971313476562496 10529.872834728945
0.99971343994140627 10547.845313894197
0.99971374511718747 10565.855980352677
0.99971405029296867 10583.904956375356
0.99971435546874998 10601.992364757585
0.99971466064453129 10620.118328802837
0.9997149658203125 10638.282972343495
0.9997152709960937 10656.48641975694
0.99971557617187501 10674.728795946055
0.99971588134765632 10693.010226362274
0.99971618652343752 10711.330836959101
0.99971649169921872 10729.690754280609
0.99971679687500004 10748.090105399428
0.99971710205078135 10766.529017913872
0.99971740722656255 10785.007620002565
0.99971771240234375 10803.526040374578
0.99971801757812506 10822.084408331621
0.99971832275390637 10840.682853698474
0.99971862792968758 10859.321506872355
0.99971893310546878 10878.000498830928
0.99971923828125009 10896.71996111939
0.9997195434570314 10915.480025831588
0.9997198486328126 10934.280825663564
0.9997201538085938 10953.122493872821
0.99972045898437512 10972.005164328626
0.99972076416015632 10990.928971436915
0.99972106933593752 11009.894050230283
0.99972137451171883 11028.900536328598
0.99972167968750003 11047.948565923652
0.99972198486328123 11067.038275823372
0.99972229003906254 11086.169803449242
0.99972259521484375 11105.343286792511
0.99972290039062495 11124.558864484146
0.99972320556640626 11143.816675756239
0.99972351074218746 11163.116860443912
0.99972381591796866 11182.459559014735
0.99972412109374997 11201.844912565099
0.99972442626953129 11221.273062790002
0.99972473144531249 11240.744152023321
0.99972503662109369 11260.258323246568
0.999725341796875 11279.815720069546
0.99972564697265631 11299.416486727509
0.99972595214843751 11319.06076810477
0.99972625732421871 11338.748709735544
0.99972656250000003 11358.480457812078
0.99972686767578134 11378.256159166247
0.99972717285156254 11398.075961283901
0.99972747802734374 11417.940012319994
0.99972778320312505 11437.848461104071
0.99972808837890637 11457.801457117683
0.99972839355468757 11477.799150504659
0.99972869873046877 11497.841692109494
0.99972900390625008 11517.929233453329
0.99972930908203139 11538.061926724959
0.99972961425781259 11558.239924800091
0.99972991943359379 11578.46338126171
0.99973022460937511 11598.732450382851
0.99973052978515631 11619.04728712249
0.99973083496093751 11639.408047154906
0.99973114013671882 11659.814886862385
0.99973144531250002 11680.267963323678
0.99973175048828122 11700.767434349467
0.99973205566406254 11721.313458471783
0.99973236083984374 11741.906194917165
0.99973266601562494 11762.545803663372
0.99973297119140625 11783.232445429105
0.99973327636718745 11803.966281630563
0.99973358154296865 11824.747474457397
0.99973388671874996 11845.576186841679
0.99973419189453128 11866.452582448252
0.99973449707031248 11887.376825691077
0.99973480224609368 11908.349081756098
0.99973510742187499 11929.369516596596
0.9997354125976563 11950.43829691013
0.9997357177734375 11971.555590162552
0.99973602294921871 11992.721564621985
0.99973632812500002 12013.936389319506
0.99973663330078133 12035.200234068978
0.99973693847656253 12056.513269456227
0.99973724365234373 12077.875666889198
0.99973754882812504 12099.287598568713
0.99973785400390636 12120.749237476526
0.99973815917968756 12142.260757405138
0.99973846435546876 12163.8223329763
0.99973876953125007 12185.434139623954
0.99973907470703138 12207.096353592098
0.99973937988281258 12228.809151940248
0.99973968505859379 12250.572712587853
0.9997399902343751 12272.387214274284
0.9997402954101563 12294.252836565329
0.9997406005859375 12316.169759896256
0.99974090576171881 12338.138165546363
0.99974121093750001 12360.158235632724
0.99974151611328121 12382.230153151962
0.99974182128906253 12404.354101960598
0.99974212646484373 12426.530266779935
0.99974243164062493 12448.758833210893
0.99974273681640624 12471.039987739894
0.99974304199218744 12493.373917723031
0.99974334716796864 12515.760811425916
0.99974365234374996 12538.200858016544
0.99974395751953127 12560.694247535521
0.99974426269531247 12583.241170937301
0.99974456787109367 12605.841820118916
0.99974487304687498 12628.496387867084
0.99974517822265629 12651.205067901752
0.9997454833984375 12673.968054858296
0.9997457885742187 12696.785544334914
0.99974609375000001 12719.657732849808
0.99974639892578132 12742.584817871866
0.99974670410156252 12765.566997809479
0.99974700927734372 12788.604472044139
0.99974731445312504 12811.697440932627
0.99974761962890635 12834.846105770221
0.99974792480468755 12858.050668836082
0.99974822998046875 12881.31133339987
0.99974853515625006 12904.628303723526
0.99974884033203137 12928.001785045823
0.99974914550781258 12951.431983598472
0.99974945068359378 12974.919106636577
0.99974975585937509 12998.463362431377
0.99975006103515629 13022.064960241127
0.99975036621093749 13045.724110375229
0.9997506713867188 13069.441024165786
0.9997509765625 13093.21591396351
0.99975128173828121 13117.048993189894
0.99975158691406252 13140.940476302738
0.99975189208984372 13164.890578794821
0.99975219726562492 13188.899517250462
0.99975250244140623 13212.967509320981
0.99975280761718743 13237.09477370983
0.99975311279296863 13261.281530208737
0.99975341796874995 13285.527999719576
0.99975372314453126 13309.834404221081
0.99975402832031246 13334.200966770972
0.99975433349609366 13358.627911578762
0.99975463867187497 13383.115463957811
0.99975494384765629 13407.66385032106
0.99975524902343749 13432.273298229204
0.99975555419921869 13456.944036367531
0.999755859375 13481.676294598141
0.99975616455078131 13506.47030389081
0.99975646972656251 13531.326296382176
0.99975677490234371 13556.244505396658
0.99975708007812503 13581.225165427348
0.99975738525390634 13606.268512120425
0.99975769042968754 13631.37478231798
0.99975799560546874 13656.544214076266
0.99975830078125005 13681.777046657975
0.99975860595703137 13707.073520501586
0.99975891113281257 13732.433877278458
0.99975921630859377 13757.85835989009
0.99975952148437508 13783.347212483404
0.99975982666015628 13808.900680415372
0.99976013183593748 13834.519010309903
0.99976043701171879 13860.202450066367
0.9997607421875 13885.951248795074
0.9997610473632812 13911.765656932963
0.99976135253906251 13937.645926181816
0.99976165771484371 13963.592309511781
0.99976196289062491 13989.605061213098
0.99976226806640622 14015.6844368853
0.99976257324218742 14041.830693415906
0.99976287841796863 14068.044089034995
0.99976318359374994 14094.324883314386
0.99976348876953125 14120.673337133598
0.99976379394531245 14147.089712734825
0.99976409912109365 14173.574273726921
0.99976440429687496 14200.127285091638
0.99976470947265628 14226.749013156794
0.99976501464843748 14253.439725639995
0.99976531982421868 14280.199691668751
0.99976562499999999 14307.029181774049
0.9997659301757813 14333.92846787674
0.9997662353515625 14360.897823318081
0.99976654052734371 14387.93752289389
0.99976684570312502 14415.047842822607
0.99976715087890633 14442.229060770411
0.99976745605468753 14469.481455843872
0.99976776123046873 14496.805308654979
0.99976806640625004 14524.200901268583
0.99976837158203136 14551.668517243112
0.99976867675781256 14579.208441616087
0.99976898193359376 14606.820960953686
0.99976928710937507 14634.506363335098
0.99976959228515627 14662.264938349776
0.99976989746093747 14690.096977136835
0.99977020263671879 14718.002772395035
0.99977050781249999 14745.982618338106
0.99977081298828119 14774.036810785203
0.9997711181640625 14802.165647137463
0.9997714233398437 14830.369426337727
0.9997717285156249 14858.648448971049
0.99977203369140621 14887.003017233381
0.99977233886718742 14915.433434897523
0.99977264404296862 14943.940007414581
0.99977294921874993 14972.523041856868
0.99977325439453124 15001.182846959371
0.99977355957031244 15029.919733091318
0.99977386474609364 15058.73401233567
0.99977416992187496 15087.625998454087
0.99977447509765627 15116.596006887674
0.99977478027343747 15145.644354791209
0.99977508544921867 15174.771361057547
0.99977539062499998 15203.977346319823
0.99977569580078129 15233.262632924907
0.9997760009765625 15262.627544979287
0.9997763061523437 15292.072408380238
0.99977661132812501 15321.597550810897
0.99977691650390632 15351.203301719153
0.99977722167968752 15380.889992354663
0.99977752685546872 15410.657955822413
0.99977783203125004 15440.507527046622
0.99977813720703135 15470.439042759474
0.99977844238281255 15500.452841578597
0.99977874755859375 15530.549263989727
0.99977905273437506 15560.728652360891
0.99977935791015626 15590.991350929593
0.99977966308593746 15621.33770586973
0.99977996826171878 15651.768065273207
0.99978027343749998 15682.282779141866
0.99978057861328118 15712.882199442791
0.99978088378906249 15743.566680113745
0.99978118896484369 15774.336577038932
0.99978149414062489 15805.192248106974
0.99978179931640621 15836.134053225007
0.99978210449218741 15867.162354278937
0.99978240966796861 15898.277515209718
0.99978271484374992 15929.479902020985
0.99978302001953123 15960.769882732222
0.99978332519531243 15992.147827443079
0.99978363037109363 16023.614108378642
0.99978393554687495 16055.169099844185
0.99978424072265626 16086.813178252634
0.99978454589843746 16118.546722150093
0.99978485107421866 16150.370112249109
0.99978515624999997 16182.283731431866
0.99978546142578129 16214.28796472194
0.99978576660156249 16246.383199357173
0.99978607177734369 16278.569824783825
0.999786376953125 16310.848232697579
0.99978668212890631 16343.218816993762
0.99978698730468751 16375.681973841341
0.99978729248046871 16408.238101690953
0.99978759765625003 16440.887601292841
0.99978790283203134 16473.630875678136
0.99978820800781254 16506.468330194111
0.99978851318359374 16539.400372562675
0.99978881835937505 16572.427412855533
0.99978912353515625 16605.549863483775
0.99978942871093746 16638.768139291336
0.99978973388671877 16672.082657513303
0.99979003906249997 16705.493837793623
0.99979034423828117 16739.0021022498
0.99979064941406248 16772.607875452439
0.99979095458984368 16806.31158442123
0.99979125976562488 16840.11365871584
0.9997915649414062 16874.014530395878
0.9997918701171874 16908.014634042604
0.9997921752929686 16942.114406799446
0.99979248046874991 16976.314288394278
0.99979278564453122 17010.61472112831
0.99979309082031242 17045.016149897692
0.99979339599609363 17079.519022260185
0.99979370117187494 17114.123788417117
0.99979400634765625 17148.830901224472
0.99979431152343745 17183.64081620664
0.99979461669921865 17218.553991641122
0.99979492187499996 17253.570888513423
0.99979522705078128 17288.691970546832
0.99979553222656248 17323.917704226093
0.99979583740234368 17359.248558853884
0.99979614257812499 17394.685006541873
0.9997964477539063 17430.227522204055
0.9997967529296875 17465.876583610621
0.99979705810546871 17501.632671431129
0.99979736328125002 17537.496269232892
0.99979766845703133 17573.467863468573
0.99979797363281253 17609.547943530324
0.99979827880859373 17645.737001805566
0.99979858398437504 17682.035533662125
0.99979888916015625 17718.444037427278
0.99979919433593745 17754.963014513585
0.99979949951171876 17791.592969373349
0.99979980468749996 17828.334409495772
0.99980010986328116 17865.187845514851
0.99980041503906247 17902.153791184523
0.99980072021484367 17939.232763365118
0.99980102539062488 17976.425282129505
0.99980133056640619 18013.731870750144
0.99980163574218739 18051.153055669558
0.99980194091796859 18088.689366618411
0.9998022460937499 18126.341336608974
0.99980255126953121 18164.109501901363
0.99980285644531242 18201.994402092412
0.99980316162109362 18239.996580147941
0.99980346679687493 18278.116582402428
0.99980377197265624 18316.354958565262
0.99980407714843744 18354.712261773395
0.99980438232421864 18393.18904863721
0.99980468749999996 18431.785879246909
0.99980499267578127 18470.503317177096
0.99980529785156247 18509.341929522925
0.99980560302734367 18548.302286988204
0.99980590820312498 18587.384963850312
0.99980621337890629 18626.590537976626
0.9998065185546875 18665.919590885576
0.9998068237304687 18705.372707796228
0.99980712890625001 18744.950477637009
0.99980743408203132 18784.653493036712
0.99980773925781252 18824.482350380658
0.99980804443359372 18864.437649886913
0.99980834960937504 18904.519995587929
0.99980865478515624 18944.729995337784
0.99980895996093744 18985.068260895576
0.99980926513671875 19025.535407957675
0.99980957031249995 19066.132056116781
0.99980987548828115 19106.858828991666
0.99981018066406246 19147.716354197466
0.99981048583984367 19188.705263355769
0.99981079101562487 19229.826192217617
0.99981109619140618 19271.079780627257
0.99981140136718738 19312.466672535327
0.99981170654296858 19353.987516099998
0.99981201171874989 19395.642963701794
0.99981231689453121 19437.433671928284
0.99981262207031241 19479.360301650759
0.99981292724609361 19521.423518072865
0.99981323242187492 19563.623990745793
0.99981353759765623 19605.962393588619
0.99981384277343743 19648.439404924608
0.99981414794921863 19691.055707561205
0.99981445312499995 19733.811988814294
0.99981475830078126 19776.708940487126
0.99981506347656246 19819.747258947355
0.99981536865234366 19862.927645200416
0.99981567382812497 19906.250804899159
0.99981597900390629 19949.717448337193
0.99981628417968749 19993.328290538095
0.99981658935546869 20037.084051302187
0.99981689453125 20080.98545524431
0.99981719970703131 20125.033231775069
0.99981750488281251 20169.228115185753
0.99981781005859371 20213.57084472444
0.99981811523437503 20258.062164590399
0.99981842041015623 20302.702823954729
0.99981872558593743 20347.493577063411
0.99981903076171874 20392.435183263675
0.99981933593749994 20437.528406977119
0.99981964111328114 20482.774017849853
0.99981994628906246 20528.172790745044
0.99982025146484366 20573.725505746312
0.99982055664062486 20619.432948283647
0.99982086181640617 20665.29590913677
0.99982116699218737 20711.315184448304
0.99982147216796857 20757.491575844379
0.99982177734374988 20803.825890443091
0.9998220825195312 20850.318940860649
0.9998223876953124 20896.971545305671
0.9998226928710936 20943.784527663811
0.99982299804687491 20990.758717478424
0.99982330322265622 21037.894950003058
0.99982360839843742 21085.194066275966
0.99982391357421863 21132.656913193245
0.99982421874999994 21180.284343536961
0.99982452392578125 21228.077215981157
0.99982482910156245 21276.036395186373
0.99982513427734365 21324.162751882013
0.99982543945312496 21372.4571628956
0.99982574462890628 21420.920511144366
0.99982604980468748 21469.55368576364
0.99982635498046868 21518.357582160108
0.99982666015624999 21567.333102039447
0.9998269653320313 21616.481153458633
0.9998272705078125 21665.802650866179
0.99982757568359371 21715.298515227609
0.99982788085937502 21764.969674051139
0.99982818603515622 21814.817061364731
0.99982849121093742 21864.841617913575
0.99982879638671873 21915.044291141097
0.99982910156249993 21965.426035199118
0.99982940673828113 22015.987811134455
0.99982971191406245 22066.730586875467
0.99983001708984365 22117.655337245855
0.99983032226562485 22168.763044143343
0.99983062744140616 22220.054696533633
0.99983093261718736 22271.531290476985
0.99983108520507802 22297.339253798033
0.99983123779296856 22323.193829287618
0.99983139038085922 22349.095143547525
0.99983154296874988 22375.043323553597
0.99983169555664053 22401.038496780769
0.99983184814453119 22427.080791161832
0.99983200073242173 22453.170335059891
0.99983215332031239 22479.307257392393
0.99983230590820305 22505.491687459475
0.99983245849609359 22531.723755051797
0.99983261108398425 22558.003590477227
0.9998327636718749 22584.331324469968
0.99983291625976556 22610.707088261472
0.99983306884765621 22637.131013555969
0.99983322143554676 22663.603232524496
0.99983337402343742 22690.123877882907
0.99983352661132807 22716.693082771046
0.99983367919921862 22743.310980825365
0.99983383178710927 22769.977706216381
0.99983398437499993 22796.693393568043
0.99983413696289059 22823.458177995675
0.99983428955078124 22850.272195143163
0.99983444213867179 22877.135581109174
0.99983459472656244 22904.048472563834
0.9998347473144531 22931.011006616147
0.99983489990234364 22958.023320892884
0.9998350524902343 22985.085553586763
0.99983520507812496 23012.197843336002
0.99983535766601561 23039.360329318304
0.99983551025390627 23066.573151224402
0.99983566284179681 23093.836449242102
0.99983581542968747 23121.150364148558
0.99983596801757812 23148.515037183101
0.99983612060546867 23175.930610099364
0.99983627319335933 23203.397225252822
0.99983642578124998 23230.915025472241
0.99983657836914064 23258.484154120863
0.99983673095703129 23286.104755111926
0.99983688354492184 23313.776972878979
0.9998370361328125 23341.500952451344
0.99983718872070315 23369.276839347283
0.9998373413085937 23397.104779621961
0.99983749389648435 23424.984919948485
0.99983764648437501 23452.917407480549
0.99983779907226566 23480.902389955823
0.99983795166015632 23508.940015672066
0.99983810424804687 23537.030433445645
0.99983825683593752 23565.17379273913
0.99983840942382818 23593.370243502563
0.99983856201171872 23621.619936260089
0.99983871459960938 23649.923022162497
0.99983886718750004 23678.279652875473
0.99983901977539069 23706.689980658382
0.99983917236328135 23735.154158352103
0.99983932495117189 23763.67233935195
0.99983947753906255 23792.244677701281
0.9998396301269532 23820.871327966775
0.99983978271484375 23849.552445299178
0.99983993530273441 23878.288185521465
0.99984008789062506 23907.078704961517
0.99984024047851572 23935.924160586939
0.99984039306640637 23964.824709958677
0.99984054565429692 23993.780511219218
0.99984069824218758 24022.791723179937
0.99984085083007823 24051.858505192191
0.99984100341796878 24080.981017232345
0.99984115600585943 24110.159419944837
0.99984130859375009 24139.393874532896
0.99984146118164074 24168.684542837011
0.9998416137695314 24198.031587328507
0.99984176635742195 24227.435171080568
0.9998419189453126 24256.895457850434
0.99984207153320326 24286.412611983676
0.9998422241210938 24315.986798446946
0.99984237670898446 24345.618182911207
0.99984252929687512 24375.30693163033
0.99984268188476566 24405.053211501563
0.99984283447265632 24434.857190131588
0.99984298706054697 24464.719035722857
0.99984313964843752 24494.638917120006
0.99984329223632817 24524.617003895964
0.99984344482421883 24554.653466221076
0.99984359741210938 24584.748474934117
0.99984375000000003 24614.902201589233
0.99984390258789069 24645.114818370545
0.99984405517578123 24675.386498114261
0.99984420776367189 24705.71741441124
0.99984436035156254 24736.107741464508
0.99984451293945309 24766.557654165448
0.99984466552734375 24797.067328145946
0.9998448181152344 24827.636939673066
0.99984497070312495 24858.266665706382
0.9998451232910156 24888.956683971606
0.99984527587890626 24919.707172820326
0.9998454284667968 24950.518311314423
0.99984558105468746 24981.390279295541
0.99984573364257812 25012.323257237153
0.99984588623046866 25043.317426338563
0.99984603881835932 25074.37296857392
0.99984619140624997 25105.490066586659
0.99984634399414063 25136.668903757462
0.99984649658203129 25167.90966419554
0.99984664916992183 25199.212532732752
0.99984680175781249 25230.577694981901
0.99984695434570314 25262.005337255323
0.99984710693359369 25293.495646588537
0.99984725952148434 25325.048810839045
0.999847412109375 25356.665018554591
0.99984756469726566 25388.344459049313
0.99984771728515631 25420.08732241172
0.99984786987304686 25451.89379944243
0.99984802246093751 25483.764081811871
0.99984817504882817 25515.698361861381
0.99984832763671871 25547.696832727383
0.99984848022460937 25579.759688380822
0.99984863281250003 25611.887123513901
0.99984878540039068 25644.0793336274
0.99984893798828134 25676.336515006078
0.99984909057617188 25708.65886469949
0.99984924316406254 25741.046580642815
0.9998493957519532 25773.499861493961
0.99984954833984374 25806.018906712059
0.9998497009277344 25838.603916647011
0.99984985351562505 25871.255092384832
0.99985000610351571 25903.972635850463
0.99985015869140637 25936.756749804048
0.99985031127929691 25969.607637796656
0.99985046386718757 26002.525504287722
0.99985061645507822 26035.510554496825
0.99985076904296877 26068.562994486125
0.99985092163085942 26101.683031233111
0.99985107421875008 26134.870872486736
0.99985122680664074 26168.126726880313
0.99985137939453139 26201.450803900432
0.99985153198242194 26234.843313863144
0.99985168457031259 26268.304468031263
0.99985183715820325 26301.834478468634
0.99985198974609379 26335.433558103952
0.99985214233398445 26369.101920825207
0.99985229492187511 26402.839781326526
0.99985244750976576 26436.647355214416
0.99985260009765642 26470.52485898805
0.99985275268554696 26504.472510025676
0.99985290527343762 26538.490526675731
0.99985305786132828 26572.579128121622
0.99985321044921882 26606.738534456377
0.99985336303710948 26640.968966762633
0.99985351562500013 26675.270646973295
0.99985366821289079 26709.643797968056
0.99985382080078145 26744.088643561616
0.99985397338867199 26778.605408473362
0.99985412597656265 26813.194318445188
0.9998542785644533 26847.855600083585
0.99985443115234385 26882.589480949362
0.9998545837402345 26917.396189629362
0.99985473632812516 26952.275955592428
0.99985488891601582 26987.229009311202
0.99985504150390647 27022.255582216487
0.99985519409179702 27057.355906696699
0.99985534667968767 27092.530216186195
0.99985549926757833 27127.778745046784
0.99985565185546887 27163.101728607082
0.99985580444335953 27198.499403294631
0.99985595703125019 27233.972006444299
0.99985610961914084 27269.51977642416
0.9998562622070315 27305.142952626382
0.99985641479492204 27340.841775423247
0.9998565673828127 27376.616486293649
0.99985671997070336 27412.46732766366
0.9998568725585939 27448.394542991598
0.99985702514648456 27484.398376862398
0.99985717773437521 27520.479074815361
0.99985733032226576 27556.63688345475
0.99985748291015641 27592.872050507161
0.99985763549804707 27629.184824689073
0.99985778808593762 27665.575455772832
0.99985794067382827 27702.04419470621
0.99985809326171893 27738.591293414935
0.99985824584960947 27775.217004921946
0.99985839843750013 27811.92158341148
0.99985855102539078 27848.70528409164
0.99985870361328133 27885.568363274935
0.99985885620117199 27922.511078451254
0.99985900878906264 27959.533688162646
0.99985916137695319 27996.636452043782
0.99985931396484384 28033.819630969891
0.9998594665527345 28071.083486843265
0.99985961914062504 28108.428282715777
0.9998597717285157 28145.854282866563
0.99985992431640636 28183.36175263497
0.9998600769042969 28220.950958530237
0.99986022949218756 28258.62216829988
0.99986038208007821 28296.375650780112
0.99986053466796876 28334.211675984083
0.99986068725585941 28372.130515193163
0.99986083984375007 28410.132440791112
0.99986099243164073 28448.217726396884
0.99986114501953138 28486.386646812851
0.99986129760742193 28524.639478036759
0.99986145019531258 28562.976497365398
0.99986160278320324 28601.397983229246
0.99986175537109379 28639.904215289313
0.99986190795898444 28678.495474526688
0.9998620605468751 28717.172043092498
0.99986221313476575 28755.934204394434
0.99986236572265641 28794.78224311562
0.99986251831054695 28833.716445167589
0.99986267089843761 28872.737097815767
0.99986282348632827 28911.844489513926
0.99986297607421881 28951.038910020536
0.99986312866210947 28990.320650453341
0.99986328125000012 29029.690003144937
0.99986343383789078 29069.147261772989
0.99986358642578144 29108.692721324103
0.99986373901367198 29148.326678068297
0.99986389160156264 29188.049429708593
0.99986404418945329 29227.86127518646
0.99986419677734384 29267.76251478467
0.99986434936523449 29307.753450232012
0.99986450195312515 29347.83438452661
0.99986465454101581 29388.005622060144
0.99986480712890646 29428.267468596026
0.99986495971679701 29468.62023125721
0.99986511230468766 29509.064218645028
0.99986526489257832 29549.599740653059
0.99986541748046887 29590.227108608167
0.99986557006835952 29630.946635319764
0.99986572265625018 29671.758634934304
0.99986587524414083 29712.663423056129
0.99986602783203149 29753.661316740829
0.99986618041992203 29794.752634436503
0.99986633300781269 29835.937696155554
0.99986648559570335 29877.216823271137
0.99986663818359389 29918.590338637005
0.99986679077148455 29960.05856666738
0.9998669433593752 30001.621833176854
0.99986709594726575 30043.280465482108
0.99986724853515641 30085.034792488404
0.99986740112304706 30126.885144528595
0.99986755371093761 30168.831853452419
0.99986770629882826 30210.8752527367
0.99986785888671892 30253.015677303414
0.99986801147460946 30295.253463631292
0.99986816406250012 30337.588949845333
0.99986831665039078 30380.022475528684
0.99986846923828132 30422.554381865411
0.99986862182617198 30465.18501171008
0.99986877441406263 30507.914709407127
0.99986892700195318 30550.74382091621
0.99986907958984383 30593.67269390366
0.99986923217773449 30636.701677560006
0.99986938476562504 30679.831122698364
0.99986953735351569 30723.061381892701
0.99986968994140635 30766.39280925061
0.99986984252929689 30809.825760554817
0.99986999511718755 30853.360593337526
0.9998701477050782 30896.997666731859
0.99987030029296875 30940.737341555476
0.99987045288085941 30984.579980420556
0.99987060546875006 31028.525947554412
0.99987075805664072 31072.575608931107
0.99987091064453137 31116.729332269282
0.99987106323242192 31160.987486980073
0.99987121582031258 31205.350444332322
0.99987136840820323 31249.818577255566
0.99987152099609378 31294.392260453464
0.99987167358398443 31339.071870508302
0.99987182617187509 31383.857785692806
0.99987197875976574 31428.750386124142
0.9998721313476564 31473.750053728145
0.99987228393554695 31518.857172230542
0.9998724365234376 31564.072127276762
0.99987258911132826 31609.395306277449
0.9998727416992188 31654.827098492464
0.99987289428710946 31700.367895150521
0.99987304687500012 31746.018089264777
0.99987319946289077 31791.7780757687
0.99987335205078143 31837.648251504135
0.99987350463867197 31883.62901519271
0.99987365722656263 31929.72076757504
0.99987380981445328 31975.923911252201
0.99987396240234383 32022.238850739996
0.99987411499023449 32068.66599264984
0.99987426757812514 32115.205745445532
0.9998744201660158 32161.858519616715
0.99987457275390645 32208.624727652819
0.999874725341797 32255.504784010715
0.99987487792968766 32302.499105279534
0.99987503051757831 32349.608109974852
0.99987518310546886 32396.832218669566
0.99987533569335951 32444.171854081687
0.99987548828125017 32491.62744091019
0.99987564086914082 32539.199405972147
0.99987579345703148 32586.888178176123
0.99987594604492203 32634.694188508482
0.99987609863281268 32682.617870188958
0.99987625122070334 32730.659658460761
0.99987640380859388 32778.819990725497
0.99987655639648454 32827.099306644304
0.9998767089843752 32875.498047947141
0.99987686157226574 32924.016658568755
0.9998770141601564 32972.655584738983
0.99987716674804705 33021.415274802835
0.9998773193359376 33070.296179336954
0.99987747192382825 33119.298751261056
0.99987762451171891 33168.423445668552
0.99987777709960945 33217.670719896989
0.99987792968750011 33267.041033698857
0.99987808227539077 33316.534849011943
0.99987823486328131 33366.152630095865
0.99987838745117197 33415.894843636815
0.99987854003906262 33465.761958569026
0.99987869262695317 33515.754446184648
0.99987884521484383 33565.872780247817
0.99987899780273448 33616.117436819797
0.99987915039062503 33666.48889435055
0.99987930297851568 33716.987633835313
0.99987945556640634 33767.614138579032
0.99987960815429688 33818.368894349042
0.99987976074218754 33869.252389487352
0.9998799133300782 33920.26511468675
0.99988006591796874 33971.407563180197
0.9998802185058594 34022.68023077416
0.99988037109375005 34074.083615737632
0.99988052368164071 34125.618218890238
0.99988067626953137 34177.284543634109
0.99988082885742191 34229.08309590361
0.99988098144531257 34281.014384334645
0.99988113403320322 34333.078920076186
0.99988128662109377 34385.277216892136
0.99988143920898442 34437.609791309107
0.99988159179687508 34490.077162409085
0.99988174438476574 34542.679851978261
0.99988189697265639 34595.418384515375
0.99988204956054694 34648.293287173212
0.99988220214843759 34701.305089978174
0.99988235473632825 34754.454325568258
0.99988250732421879 34807.741529356244
0.99988265991210945 34861.167239661554
0.99988281250000011 34914.731997480812
0.99988296508789076 34968.436346680828
0.99988311767578142 35022.280833958925
0.99988327026367196 35076.266008846047
0.99988342285156262 35130.392423849808
0.99988357543945328 35184.660634265892
0.99988372802734382 35239.071198303223
0.99988388061523448 35293.624677233609
0.99988403320312513 35348.321635144639
0.99988418579101579 35403.162639147362
0.99988433837890645 35458.148259357105
0.99988449096679699 35513.279068832031
0.99988464355468765 35568.555643807849
0.9998847961425783 35623.978563445948
0.99988494873046885 35679.548409977266
0.9998851013183595 35735.265768841818
0.99988525390625016 35791.131228494196
0.99988540649414082 35847.145380536582
0.99988555908203147 35903.308819742044
0.99988571166992202 35959.622144013425
0.99988586425781267 36016.085954575428
0.99988601684570333 36072.700855749223
0.99988616943359387 36129.467455101534
0.99988632202148453 36186.386363572848
0.99988647460937519 36243.458195276144
0.99988662719726573 36300.683567620385
0.99988677978515639 36358.063101477695
0.99988693237304704 36415.597420935148
0.99988708496093759 36473.287153466968
0.99988723754882824 36531.132930061452
0.9998873901367189 36589.135384991234
0.99988754272460945 36647.29515599666
0.9998876953125001 36705.612884389877
0.99988784790039076 36764.089214852444
0.9998880004882813 36822.724795571434
0.99988815307617196 36881.520278420503
0.99988830566406262 36940.476318679473
0.99988845825195316 36999.593575237021
0.99988861083984382 37058.872710705102
0.99988876342773447 37118.31439121272
0.99988891601562502 37177.919286542128
0.99988906860351567 37237.688070300181
0.99988922119140633 37297.621419656491
0.99988937377929688 37357.7200155377
0.99988952636718753 37417.984542748709
0.99988967895507819 37478.415689757436
0.99988983154296873 37539.014148849164
0.99988998413085939 37599.780616275231
0.99989013671875004 37660.715792024741
0.9998902893066407 37721.820380035628
0.99989044189453136 37783.095088148133
0.9998905944824219 37844.540628115166
0.99989074707031256 37906.15771581103
0.99989089965820321 37967.947070963732
0.99989105224609376 38029.909417343784
0.99989120483398441 38092.045482914255
0.99989135742187507 38154.35599959566
0.99989151000976573 38216.841703461403
0.99989166259765638 38279.503334740955
0.99989181518554693 38342.34163779657
0.99989196777343758 38405.357361325361
0.99989212036132824 38468.551258124913
0.99989227294921879 38531.924085258957
0.99989242553710944 38595.47660422913
0.9998925781250001 38659.209580715331
0.99989273071289075 38723.123784810632
0.99989288330078141 38787.219990988189
0.99989303588867195 38851.498978097603
0.99989318847656261 38915.961529583386
0.99989334106445327 38980.608433225345
0.99989349365234381 39045.440481320962
0.99989364624023447 39110.458470849218
0.99989379882812512 39175.663203247655
0.99989395141601578 39241.055484587341
0.99989410400390644 39306.636125603567
0.99989425659179698 39372.405941661978
0.99989440917968764 39438.365752972648
0.99989456176757829 39504.516384363167
0.99989471435546884 39570.858665434542
0.99989486694335949 39637.393430758617
0.99989501953125015 39704.121519599168
0.99989517211914081 39771.043776168364
0.99989532470703146 39838.161049593262
0.99989547729492201 39905.474193913724
0.99989562988281266 39972.984068312515
0.99989578247070332 40040.691536852959
0.99989593505859387 40108.597468664215
0.99989608764648452 40176.702738137945
0.99989624023437518 40245.008224651545
0.99989639282226572 40313.514812767338
0.99989654541015638 40382.223392413391
0.99989669799804703 40451.134858635218
0.99989685058593758 40520.250111753281
0.99989700317382824 40589.570057598277
0.99989715576171889 40659.095607209929
0.99989730834960944 40728.827677045549
0.99989746093750009 40798.767189176171
0.99989761352539075 40868.915071007534
0.99989776611328129 40939.27225548734
0.99989791870117195 41009.8396813012
0.99989807128906261 41080.618292592473
0.99989822387695315 41151.609039159644
0.99989837646484381 41222.812876683551
0.99989852905273446 41294.230766413886
0.99989868164062501 41365.863675404042
0.99989883422851566 41437.712576700498
0.99989898681640632 41509.77844906559
0.99989913940429687 41582.062277186349
0.99989929199218752 41654.565051869904
0.99989944458007818 41727.287769792551
0.99989959716796872 41800.231433677705
0.99989974975585938 41873.39705252069
0.99989990234375004 41946.785641300303
0.99990005493164069 42020.398221258045
0.99990020751953135 42094.2358198695
0.99990036010742189 42168.299470863771
0.99990051269531255 42242.590214465854
0.9999006652832032 42317.10909712642
0.99990081787109375 42391.857171740186
0.99990097045898441 42466.835497857362
0.99990112304687506 42542.045141403963
0.99990127563476572 42617.487174945338
0.99990142822265637 42693.162677691245
0.99990158081054692 42769.072735493304
0.99990173339843758 42845.21844110213
0.99990188598632823 42921.600893921161
0.99990203857421878 42998.221200175853
0.99990219116210943 43075.080473180089
0.99990234375000009 43152.179833030481
0.99990249633789074 43229.520406908145
0.9999026489257814 43307.103329035963
0.99990280151367195 43384.929740713
0.9999029541015626 43463.000790599952
0.99990310668945326 43541.317634397237
0.9999032592773438 43619.881435120609
0.99990341186523446 43698.693363287406
0.99990356445312512 43777.754596663384
0.99990371704101577 43857.066320540107
0.99990386962890643 43936.629727722488
0.99990402221679697 44016.446018552066
0.99990417480468763 44096.516401181063
0.99990432739257828 44176.8420913105
0.99990447998046883 44257.424312393698
0.99990463256835949 44338.264295896777
0.99990478515625014 44419.363281006874
0.9999049377441408 44500.722514920322
0.99990509033203145 44582.343252857019
0.999905242919922 44664.226758055214
0.99990539550781266 44746.374302094155
0.99990554809570331 44828.787164585323
0.99990570068359386 44911.466633420583
0.99990585327148451 44994.414005020641
0.99990600585937517 45077.630584048959
0.99990615844726571 45161.11768365225
0.99990631103515637 45244.876625706849
0.99990646362304703 45328.908740547398
0.99990661621093757 45413.215367189216
0.99990676879882823 45497.797853603988
0.99990692138671888 45582.657556418606
0.99990707397460943 45667.795841166444
0.99990722656250008 45753.214082557286
0.99990737915039074 45838.913664163127
0.99990753173828129 45924.8959787001
0.99990768432617194 46011.162428269105
0.9999078369140626 46097.714424077152
0.99990798950195314 46184.553386690895
0.9999081420898438 46271.68074629725
0.99990829467773445 46359.097942421497
0.999908447265625 46446.806424183465
0.99990859985351566 46534.80765057182
0.99990875244140631 46623.103090133976
0.99990890502929686 46711.694221266836
0.99990905761718751 46800.582532477885
0.99990921020507817 46889.769522094859
0.99990936279296871 46979.256698520287
0.99990951538085937 47069.045580543061
0.99990966796875003 47159.137697007223
0.99990982055664068 47249.534587168673
0.99990997314453134 47340.237800740404
0.99991012573242188 47431.248897860351
0.99991027832031254 47522.569449498224
0.9999104309082032 47614.201037126608
0.99991058349609374 47706.145253020622
0.9999107360839844 47798.403700527233
0.99991088867187505 47890.97799378229
0.99991104125976571 47983.86975807439
0.99991119384765637 48077.080629835538
0.99991134643554691 48170.612256725421
0.99991149902343757 48264.466297950414
0.99991165161132822 48358.644423982179
0.99991180419921877 48453.148316859471
0.99991195678710942 48547.979670472261
0.99991210937500008 48643.140190287806
0.99991226196289074 48738.631593682898
0.99991241455078139 48834.455610017059
0.99991256713867194 48930.613980652975
0.99991271972656259 49027.10845933274
0.99991287231445325 49123.94081188352
0.99991302490234379 49221.112816504319
0.99991317749023445 49318.626264132858
0.99991333007812511 49416.482958089175
0.99991348266601576 49514.684714492556
0.99991363525390642 49613.2333622921
0.99991378784179696 49712.130743319794
0.99991394042968762 49811.378712687998
0.99991409301757828 49910.979138455506
0.99991424560546882 50010.933902003402
0.99991439819335948 50111.244898317236
0.99991455078125013 50211.914035721406
0.99991470336914079 50312.943236259867
0.99991485595703145 50414.334435754448
0.99991500854492199 50516.089583856301
0.99991516113281265 50618.210644466257
0.9999153137207033 50720.699595414677
0.99991546630859385 50823.558428803779
0.9999156188964845 50926.789151393052
0.99991577148437516 51030.393784233267
0.9999159240722657 51134.374363059957
0.99991607666015636 51238.732938640438
0.99991622924804702 51343.471576455391
0.99991638183593756 51448.592357052214
0.99991653442382822 51554.097376439036
0.99991668701171887 51659.988745745242
0.99991683959960942 51766.268591578257
0.99991699218750008 51872.939056427633
0.99991714477539073 51980.002298337466
0.99991729736328128 52087.460491270154
0.99991744995117193 52195.315825493963
0.99991760253906259 52303.570507275908
0.99991775512695313 52412.22675925088
0.99991790771484379 52521.286820809139
0.99991806030273445 52630.752947798705
0.99991821289062499 52740.627412885216
0.99991836547851565 52850.912505981643
0.9999185180664063 52961.610533901097
0.99991867065429685 53072.723820774656
0.9999188232421875 53184.254708448418
0.99991897583007816 53296.205556172979
0.99991912841796871 53408.578740995348
0.99991928100585936 53521.376658183581
0.99991943359375002 53634.601720903571
0.99991958618164067 53748.256360730345
0.99991973876953133 53862.343027721887
0.99991989135742188 53976.864190519067
0.99992004394531253 54091.822336859026
0.99992019653320319 54207.219973257103
0.99992027282714846 54265.084388742638
0.99992034912109373 54323.059625435075
0.99992042541503912 54381.146002164525
0.99992050170898439 54439.343838751985
0.99992057800292966 54497.653456486092
0.99992065429687504 54556.075177903374
0.99992073059082043 54614.609326601167
0.9999208068847657 54673.256227427359
0.99992088317871097 54732.016206663102
0.99992095947265636 54790.889591830783
0.99992103576660163 54849.876711479352
0.9999211120605469 54908.977895672848
0.99992118835449229 54968.193475761349
0.99992126464843756 55027.523784121222
0.99992134094238283 55086.969154671366
0.99992141723632821 55146.529922631889
0.99992149353027349 55206.20642426706
0.99992156982421876 55265.998997401271
0.99992164611816414 55325.907981187884
0.99992172241210941 55385.933715838182
0.99992179870605469 55446.076543139134
0.99992187500000007 55506.336806225248
0.99992195129394545 55566.71484940037
0.99992202758789073 55627.211018308539
0.999922103881836 55687.825660122115
0.99992218017578138 55748.559123384242
0.99992225646972666 55809.411757733069
0.99992233276367193 55870.383914455328
0.99992240905761731 55931.475946203267
0.99992248535156258 55992.688206762949
0.99992256164550786 56054.02105158328
0.99992263793945324 56115.474837509428
0.99992271423339851 56177.049922531391
0.99992279052734379 56238.746666322375
0.99992286682128917 56300.565429968025
0.99992294311523444 56362.506575734624
0.99992301940917971 56424.570467574573
0.9999230957031251 56486.757470903642
0.99992317199707048 56549.067952391444
0.99992324829101575 56611.50228017287
0.99992332458496103 56674.060824032749
0.99992340087890641 56736.74395522134
0.99992347717285168 56799.55204620216
0.99992355346679695 56862.485471197695
0.99992362976074234 56925.544605928888
0.99992370605468761 56988.729827336982
0.99992378234863288 57052.041514151861
0.99992385864257827 57115.480046627519
0.99992393493652354 57179.04580625784
0.99992401123046881 57242.739176343166
0.9999240875244142 57306.560541743202
0.99992416381835947 57370.510288568497
0.99992424011230474 57434.588804775187
0.99992431640625012 57498.79647987504
0.99992439270019551 57563.133704776228
0.99992446899414078 57627.600871954113
0.99992454528808605 57692.198375671316
0.99992462158203144 57756.926611775532
0.99992469787597671 57821.785977444793
0.99992477416992198 57886.776871741764
0.99992485046386737 57951.899695362794
0.99992492675781264 58017.154850338193
0.99992500305175791 58082.542740627076
0.99992507934570329 58148.063771822082
0.99992515563964857 58213.718350892843
0.99992523193359384 58279.506886761264
0.99992530822753922 58345.42979001021
0.99992538452148449 58411.487472612927
0.99992546081542977 58477.680348529138
0.99992553710937515 58544.008833401829
0.99992561340332042 58610.473344303224
0.9999256896972657 58677.074300294262
0.99992576599121108 58743.812122168973
0.99992584228515635 58810.6872321634
0.99992591857910162 58877.700054531735
0.99992599487304701 58944.851015289998
0.99992607116699228 59012.140541917935
0.99992614746093755 59079.569063949551
0.99992622375488294 59147.137012697516
0.99992630004882821 59214.844820973558
0.99992637634277348 59282.692923667499
0.99992645263671887 59350.68175748043
0.99992652893066414 59418.81176062968
0.99992660522460941 59487.083373449022
0.99992668151855479 59555.497038112837
0.99992675781250007 59624.053198328125
0.99992683410644534 59692.752299961787
0.99992691040039072 59761.59479073486
0.999926986694336 59830.581119942442
0.99992706298828127 59899.7117390602
0.99992713928222665 59968.987101465449
0.99992721557617192 60038.407662112171
0.9999272918701172 60107.973878177625
0.99992736816406258 60177.68620877291
0.99992744445800785 60247.545114617482
0.99992752075195312 60317.551058678175
0.99992759704589851 60387.704505880007
0.99992767333984378 60458.005922803946
0.99992774963378905 60528.45577830667
0.99992782592773444 60599.054543220525
0.99992790222167971 60669.802690068442
0.99992797851562498 60740.700693687075
0.99992805480957037 60811.749030925697
0.99992813110351564 60882.948180337698
0.99992820739746091 60954.298622847986
0.99992828369140629 61025.80084139495
0.99992835998535157 61097.455320681263
0.99992843627929684 61169.262547790044
0.99992851257324222 61241.223011873451
0.9999285888671875 61313.337203872572
0.99992866516113277 61385.605617134344
0.99992874145507815 61458.028747119715
0.99992881774902342 61530.607091101068
0.9999288940429687 61603.341148799744
0.99992897033691408 61676.231422083336
0.99992904663085935 61749.278414659762
0.99992912292480463 61822.48263272702
0.99992919921875001 61895.844584662722
0.99992927551269539 61969.364780830481
0.99992935180664066 62043.043733791026
0.99992942810058594 62116.881958533704
0.99992950439453132 62190.879972286391
0.99992958068847659 62265.038294189573
0.99992965698242187 62339.357445960137
0.99992973327636725 62413.837951585039
0.99992980957031252 62488.480337000809
0.99992988586425779 62563.285130762262
0.99992996215820318 62638.252863713591
0.99993003845214845 62713.384068708663
0.99993011474609372 62788.679281238423
0.99993019104003911 62864.139039148184
0.99993026733398438 62939.76388229982
0.99993034362792965 63015.554353253297
0.99993041992187504 63091.510996941717
0.99993049621582042 63167.634360477932
0.99993057250976569 63243.924993377688
0.99993064880371096 63320.383447797372
0.99993072509765635 63397.010278326001
0.99993080139160162 63473.806041652308
0.99993087768554689 63550.771297285777
0.99993095397949228 63627.906607174744
0.99993103027343755 63705.212535437822
0.99993110656738282 63782.689649032145
0.9999311828613282 63860.338517420169
0.99993125915527348 63938.159712254863
0.99993133544921875 64016.153808069284
0.99993141174316413 64094.321381959744
0.99993148803710941 64172.663013241727
0.99993156433105468 64251.179284161255
0.99993164062500006 64329.87077956611
0.99993171691894545 64408.738086685757
0.99993179321289072 64487.781795380542
0.99993186950683599 64567.002498370595
0.99993194580078137 64646.400791053602
0.99993202209472665 64725.977271141128
0.99993209838867192 64805.732539370118
0.9999321746826173 64885.667199205935
0.99993225097656258 64965.781856460846
0.99993232727050785 65046.077120039998
0.99993240356445323 65126.55360158797
0.9999324798583985 65207.211915175903
0.99993255615234378 65288.052677991363
0.99993263244628916 65369.076510033643
0.99993270874023443 65450.284033737822
0.99993278503417971 65531.675874748544
0.99993286132812509 65613.252661530249
0.99993293762207047 65695.015025173314
0.99993301391601574 65776.963599655253
0.99993309020996102 65859.099022080438
0.9999331665039064 65941.421932448036
0.99993324279785167 66023.932973336734
0.99993331909179695 66106.632790631818
0.99993339538574233 66189.522033160087
0.9999334716796876 66272.601352380152
0.99993354797363287 66355.871403089594
0.99993362426757826 66439.332843110722
0.99993370056152353 66522.986332917921
0.9999337768554688 66606.832536403221
0.99993385314941419 66690.872120517786
0.99993392944335946 66775.105754925098
0.99993400573730473 66859.534112752357
0.99993408203125012 66944.157870246185
0.9999341583251955 67028.977706552789
0.99993423461914077 67113.994303937056
0.99993431091308604 67199.208348111963
0.99993438720703143 67284.620527974257
0.9999344635009767 67370.23153524354
0.99993453979492197 67456.042065244546
0.99993461608886736 67542.05281655131
0.99993469238281263 67628.264490623871
0.9999347686767579 67714.677792576185
0.99993484497070328 67801.29343083188
0.99993492126464856 67888.112116755481
0.99993499755859383 67975.13456542902
0.99993507385253921 68062.361495293633
0.99993515014648449 68149.793627798281
0.99993522644042976 68237.431688163924
0.99993530273437514 68325.27640504454
0.99993537902832041 68413.328510126899
0.99993545532226569 68501.588738978273
0.99993553161621107 68590.057830615289
0.99993560791015634 68678.736527182715
0.99993568420410162 68767.625574743099
0.999935760498047 68856.725722890158
0.99993583679199227 68946.037724400041
0.99993591308593754 69035.562336015835
0.99993598937988293 69125.300318108042
0.9999360656738282 69215.252434256763
0.99993614196777347 69305.419452101851
0.99993621826171886 69395.802142962726
0.99993629455566413 69486.401281437677
0.9999363708496094 69577.217646251753
0.99993644714355479 69668.252019864827
0.99993652343750006 69759.505188098701
0.99993659973144533 69850.977940964571
0.99993667602539071 69942.671072273079
0.99993675231933599 70034.585379255994
0.99993682861328126 70126.721663423727
0.99993690490722664 70219.080730139016
0.99993698120117191 70311.663388269022
0.99993705749511719 70404.470451017594
0.99993713378906257 70497.502735519534
0.99993721008300784 70590.761062479054
0.99993728637695312 70684.246257010556
0.9999373626708985 70777.959148243142
0.99993743896484377 70871.900568935394
0.99993751525878904 70966.071356331318
0.99993759155273443 71060.472351768505
0.9999376678466797 71155.104400283337
0.99993774414062497 71249.968351477481
0.99993782043457036 71345.065059116474
0.99993789672851563 71440.395380752336
0.9999379730224609 71535.960178562411
0.99993804931640629 71631.760318978311
0.99993812561035156 71727.796672289769
0.99993820190429683 71824.070113490263
0.99993827819824221 71920.581521920118
0.99993835449218749 72017.331780829234
0.99993843078613276 72114.321778288184
0.99993850708007814 72211.552406756848
0.99993858337402342 72309.024562717314
0.99993865966796869 72406.739147531494
0.99993873596191407 72504.697067055517
0.99993881225585934 72602.899231237505
0.99993888854980462 72701.346554983946
0.99993896484375 72800.039957796893
0.99993904113769538 72898.980363477676
0.99993911743164066 72998.168700463502
0.99993919372558593 73097.605902146664
0.99993927001953131 73197.292906601404
0.99993934631347658 73297.230656184183
0.99993942260742186 73397.420098449191
0.99993949890136724 73497.862185714926
0.99993957519531251 73598.557874682854
0.99993965148925779 73699.508127317822
0.99993972778320317 73800.713910471473
0.99993980407714844 73902.176195446591
0.99993988037109371 74003.895958920431
0.9999399566650391 74105.8741825287
0.99994003295898437 74208.111852476635
0.99994010925292964 74310.609960414396
0.99994018554687503 74413.369503073336
0.99994026184082041 74516.391481967396
0.99994033813476568 74619.676903731059
0.99994041442871096 74723.22678046301
0.99994049072265634 74827.04212944943
0.99994056701660161 74931.123972744463
0.99994064331054688 75035.473338107899
0.99994071960449227 75140.091258603192
0.99994079589843754 75244.978772150396
0.99994087219238281 75350.136922488746
0.9999409484863282 75455.566758748668
0.99994102478027347 75561.269335035322
0.99994110107421874 75667.24571137398
0.99994117736816412 75773.49695328137
0.9999412536621094 75880.02413135751
0.99994132995605467 75986.82832223369
0.99994140625000005 76093.910608143138
0.99994148254394544 76201.272076656547
0.99994155883789071 76308.913821020426
0.99994163513183598 76416.836940516878
0.99994171142578137 76525.042540173745
0.99994178771972664 76633.531730344694
0.99994186401367191 76742.305627688824
0.99994194030761729 76851.365354734371
0.99994201660156257 76960.712039434293
0.99994209289550784 77070.346816163816
0.99994216918945322 77180.270825297732
0.9999422454833985 77290.485212737505
0.99994232177734377 77400.991130948038
0.99994239807128915 77511.789738485211
0.99994247436523442 77622.882199573694
0.9999425506591797 77734.269685106105
0.99994262695312508 77845.953372202508
0.99994270324707046 77957.93444393664
0.99994277954101574 78070.214089672038
0.99994285583496101 78182.793505465379
0.99994293212890639 78295.673893772837
0.99994300842285166 78408.856462992728
0.99994308471679694 78522.342428483884
0.99994316101074232 78636.133012146049
0.99994323730468759 78750.229441949239
0.99994331359863287 78864.63295296485
0.99994338989257825 78979.344786933623
0.99994346618652352 79094.3661917891
0.99994354248046879 79209.698422717556
0.99994361877441418 79325.342741696761
0.99994369506835945 79441.300417037273
0.99994377136230472 79557.57272444859
0.99994384765625011 79674.160946561897
0.99994392395019549 79791.066372660644
0.99994400024414076 79908.290299040571
0.99994407653808604 80025.83402943323
0.99994415283203142 80143.698874669339
0.99994422912597669 80261.886152256047
0.99994430541992196 80380.397187430019
0.99994438171386735 80499.233312694269
0.99994445800781262 80618.395867372135
0.99994453430175789 80737.886198647378
0.99994461059570328 80857.705661153261
0.99994468688964855 80977.855616460569
0.99994476318359382 81098.337434186295
0.9999448394775392 81219.152491534609
0.99994491577148448 81340.302172799522
0.99994499206542975 81461.787870493383
0.99994506835937513 81583.610984860541
0.99994514465332041 81705.772923408149
0.99994522094726568 81828.275102004554
0.99994529724121106 81951.118944434027
0.99994537353515633 82074.305881889188
0.99994544982910161 82197.837354110554
0.99994552612304699 82321.714808901554
0.99994560241699226 82445.939701644427
0.99994567871093754 82570.513496453103
0.99994575500488292 82695.4376656596
0.99994583129882819 82820.71368936036
0.99994590759277346 82946.343056542712
0.99994598388671885 83072.32726461142
0.99994606018066412 83198.667818883769
0.99994613647460939 83325.366233763212
0.99994621276855478 83452.424032251234
0.99994628906250005 83579.842745430884
0.99994636535644532 83707.62391367853
0.9999464416503907 83835.769086120679
0.99994651794433598 83964.279820184951
0.99994659423828125 84093.157682744815
0.99994667053222663 84222.404249648622
0.99994674682617191 84352.02110521248
0.99994682312011718 84482.009843403546
0.99994689941406256 84612.372067351258
0.99994697570800783 84743.10938884849
0.99994705200195311 84874.223429546939
0.99994712829589849 85005.715820454061
0.99994720458984376 85137.588201427294
0.99994728088378904 85269.842222402905
0.99994735717773442 85402.479542884044
0.99994743347167969 85535.501831413581
0.99994750976562496 85668.910766829969
0.99994758605957035 85802.708037739983
0.99994766235351562 85936.895342015021
0.99994773864746089 86071.474388021743
0.99994781494140628 86206.446894128574
0.99994789123535155 86341.814588160589
0.99994796752929682 86477.579208691444
0.99994804382324221 86613.742504482012
0.99994812011718748 86750.306234005533
0.99994819641113275 86887.272166674724
0.99994827270507813 87024.642082357968
0.99994834899902341 87162.417770821368
0.99994842529296868 87300.601033040031
0.99994850158691406 87439.193680646451
0.99994857788085934 87578.197535433763
0.99994865417480461 87717.614430618574
0.99994873046874999 87857.446210333481
0.99994880676269537 87997.694729307244
0.99994888305664065 88138.361853318464
0.99994895935058592 88279.449459738142
0.9999490356445313 88420.959437153972
0.99994911193847658 88562.89368487992
0.99994918823242185 88705.254114250056
0.99994926452636723 88848.042648094925
0.9999493408203125 88991.261220199653
0.99994941711425778 89134.911776650886
0.99994949340820316 89278.996275296624
0.99994956970214843 89423.516685189039
0.99994964599609371 89568.474987962822
0.99994972229003909 89713.873177262096
0.99994979858398436 89859.713258226999
0.99994987487792963 90005.997248845175
0.99994995117187502 90152.727179397727
0.9999500274658204 90299.90509214862
0.99995010375976567 90447.53304184672
0.99995018005371095 90595.613096253743
0.99995025634765633 90744.147335829228
0.9999503326416016 90893.137853150794
0.99995040893554688 91042.586754341784
0.99995048522949226 91192.496158489317
0.99995056152343753 91342.868197120857
0.9999506378173828 91493.705015587882
0.99995071411132819 91645.008772531277
0.99995079040527346 91796.781639320689
0.99995086669921873 91949.025801462849
0.99995094299316412 92101.743458078825
0.99995101928710939 92254.936821308016
0.99995109558105466 92408.608117772659
0.99995117187500004 92562.759588008252
0.99995124816894543 92717.393486123998
0.9999513244628907 92872.512080371918
0.99995140075683597 93028.117653681038
0.99995147705078136 93184.212503355506
0.99995155334472663 93340.798940479683
0.9999516296386719 93497.879291411591
0.99995170593261729 93655.455897193213
0.99995178222656256 93813.531113010395
0.99995185852050783 93972.107309667976
0.99995193481445321 94131.186873008686
0.99995201110839849 94290.772203374116
0.99995208740234376 94450.865717082866
0.99995216369628914 94611.469845857719
0.99995223999023441 94772.5870362766
0.99995231628417969 94934.21975126554
0.99995239257812507 95096.370469541871
0.99995246887207045 95259.041685269054
0.99995254516601573 95422.235908650546
0.999952621459961 95585.955666528112
0.99995269775390638 95750.203502048054
0.99995277404785166 95914.981974077935
0.99995285034179693 96080.293658756404
0.99995292663574231 96246.141148939932
0.99995300292968758 96412.527053578277
0.99995307922363286 96579.453999328893
0.99995315551757824 96746.924629961213
0.99995323181152351 96914.941605757311
0.99995330810546879 97083.507605127379
0.99995338439941417 97252.625324010412
0.99995346069335944 97422.297475292187
0.99995353698730471 97592.526790412405
0.9999536132812501 97763.316018782862
0.99995368957519548 97934.667927431947
0.99995376586914075 98106.585301665153
0.99995384216308603 98279.070945686966
0.99995391845703141 98452.127682277467
0.99995399475097668 98625.758352195844
0.99995407104492195 98799.965815826086
0.99995414733886734 98974.75295259121
0.99995422363281261 99150.12266034534
0.99995429992675788 99326.0778570658
0.99995437622070327 99502.621480241694
0.99995445251464854 99679.756486274404
0.99995452880859381 99857.485852185899
0.9999546051025392 100035.8125750039
0.99995468139648447 100214.73967116298
0.99995475769042974 100394.27017822629
0.99995483398437512 100574.40715427959
0.9999549102783204 100755.15367732385
0.99995498657226567 100936.51284700696
0.99995506286621105 101118.48778403898
0.99995513916015633 101301.08162956568
0.9999552154541016 101484.29754691677
0.99995529174804698 101668.13872103389
0.99995536804199225 101852.60835782826
0.99995544433593753 102037.70968596755
0.99995552062988291 102223.44595627877
0.99995559692382818 102409.82044112048
0.99995567321777346 102596.83643618949
0.99995574951171884 102784.49725991747
0.99995582580566411 102972.8062528342
0.99995590209960938 103161.76677941676
0.99995597839355477 103351.38222746234
0.99995605468750004 103541.65600746944
0.99995613098144531 103732.59155448691
0.9999562072753907 103924.19232751225
0.99995628356933597 104116.46180884224
0.99995635986328124 104309.40350596179
0.99995643615722662 104503.02095094587
0.9999565124511719 104697.31769978713
0.99995658874511717 104892.29733434028
0.99995666503906255 105087.96346167962
0.99995674133300783 105284.31971347543
0.9999568176269531 105481.36974790692
0.99995689392089848 105679.11724907314
0.99995697021484375 105877.56592632258
0.99995704650878903 106076.71951623235
0.99995712280273441 106276.58178196731
0.99995719909667968 106477.15651265295
0.99995727539062496 106678.44752536628
0.99995735168457034 106880.45866448553
0.99995742797851561 107083.1938010642
0.99995750427246088 107286.65683485198
0.99995758056640627 107490.85169364986
0.99995765686035154 107695.78233266751
0.99995773315429681 107901.45273657732
0.9999578094482422 108107.86691886676
0.99995788574218747 108315.0289212054
0.99995796203613274 108522.94281551732
0.99995803833007812 108731.61270333093
0.9999581146240234 108941.04271515075
0.99995819091796867 109151.23701254628
0.99995826721191405 109362.19978751411
0.99995834350585933 109573.93526184458
0.9999584197998046 109786.44768923739
0.99995849609374998 109999.74135467235
0.99995857238769537 110213.82057406563
0.99995864868164064 110428.68969519451
0.99995872497558591 110644.35309860387
0.99995880126953129 110860.81519728157
0.99995887756347657 111078.08043603212
0.99995895385742184 111296.15329363919
0.99995903015136722 111515.03828226723
0.9999591064453125 111734.73994678317
0.99995918273925777 111955.26286699568
0.99995925903320315 112176.611657027
0.99995933532714842 112398.79096464977
0.9999594116210937 112621.80547355709
0.99995948791503908 112845.65990273339
0.99995956420898435 113070.35900578712
0.99995964050292963 113295.90757324967
0.99995971679687501 113522.31043196487
0.99995979309082039 113749.57244473127
0.99995986938476566 113977.69851133852
0.99995994567871094 114206.69356957229
0.99996002197265632 114436.562594902
0.99996009826660159 114667.31059986178
0.99996017456054687 114898.94263638547
0.99996025085449225 115131.46379521232
0.99996032714843752 115364.87920521182
0.99996040344238279 115599.19403580719
0.99996047973632818 115834.41349633633
0.99996055603027345 116070.54283541792
0.99996063232421872 116307.58734339438
0.99996070861816411 116545.5523516781
0.99996078491210938 116784.44323215648
0.99996086120605465 117024.26539963731
0.99996093750000004 117265.02431121581
0.99996101379394542 117506.72546603232
0.99996105194091811 117627.93111501962
0.99996109008789069 117749.37440633323
0.99996112823486327 117871.05603995691
0.99996116638183596 117992.97671863214
0.99996120452880866 118115.13714715473
0.99996124267578135 118237.53803344339
0.99996128082275404 118360.1800882074
0.99996131896972662 118483.0640246136
0.9999613571166992 118606.19055934936
0.99996139526367189 118729.56041193337
0.99996143341064458 118853.17430402347
0.99996147155761728 118977.03296048609
0.99996150970458997 119101.13710906956
0.99996154785156255 119225.48748003725
0.99996158599853513 119350.08480728995
0.99996162414550782 119474.92982763381
0.99996166229248051 119600.02328009595
0.9999617004394532 119725.36590699886
0.9999617385864259 119850.95845362787
0.99996177673339848 119976.8016678807
0.99996181488037106 120102.8963013795
0.99996185302734375 120229.24310874425
0.99996189117431644 120355.84284688855
0.99996192932128913 120482.69627612588
0.99996196746826183 120609.80415981964
0.99996200561523441 120737.16726402588
0.99996204376220699 120864.78635862529
0.99996208190917968 120992.6622165958
0.99996212005615237 121120.79561329314
0.99996215820312506 121249.187327554
0.99996219635009775 121377.83814137305
0.99996223449707045 121506.74883990399
0.99996227264404314 121635.92021146395
0.99996231079101572 121765.35304720023
0.9999623489379883 121895.04814221559
0.99996238708496099 122025.0062948307
0.99996242523193368 122155.22830585725
0.99996246337890637 122285.71497975179
0.99996250152587907 122416.4671242266
0.99996253967285165 122547.48554990707
0.99996257781982423 122678.77107149397
0.99996261596679692 122810.32450701491
0.99996265411376961 122942.1466770642
0.9999626922607423 123074.23840598245
0.99996273040771499 123206.60052148286
0.99996276855468758 123339.23385428662
0.99996280670166016 123472.13923929418
0.99996284484863285 123605.31751483574
0.99996288299560554 123738.76952191278
0.99996292114257823 123872.49610537481
0.99996295928955092 124006.49811355579
0.9999629974365235 124140.77639789459
0.99996303558349608 124275.33181411902
0.99996307373046878 124410.16522150724
0.99996311187744147 124545.2774820988
0.99996315002441416 124680.66946189813
0.99996318817138685 124816.34203050073
0.99996322631835943 124952.29606070972
0.99996326446533201 125088.53242974631
0.99996330261230471 125225.05201848525
0.9999633407592774 125361.85571067031
0.99996337890625009 125498.94439412223
0.99996341705322278 125636.3189603709
0.99996345520019547 125773.98030466048
0.99996349334716816 125911.92932598622
0.99996353149414074 126050.16692669837
0.99996356964111333 126188.69401372221
0.99996360778808602 126327.51149780954
0.99996364593505871 126466.62029269905
0.9999636840820314 126606.02131640498
0.99996372222900409 126745.71549076424
0.99996376037597667 126885.70374111952
0.99996379852294925 127025.98699751924
0.99996383666992195 127166.56619393072
0.99996387481689464 127307.44226745634
0.99996391296386733 127448.61615956196
0.99996395111084002 127590.0888157124
0.9999639892578126 127731.8611849446
0.99996402740478518 127873.93422117412
0.99996406555175787 128016.30888233993
0.99996410369873057 128158.98612964457
0.99996414184570326 128301.96692878738
0.99996417999267595 128445.25224958139
0.99996421813964853 128588.84306555777
0.99996425628662111 128732.74035524594
0.9999642944335938 128876.94510134503
0.9999643325805665 129021.45828993329
0.99996437072753919 129166.28091172503
0.99996440887451188 129311.41396167522
0.99996444702148446 129456.85843860057
0.99996448516845704 129602.6153464432
0.99996452331542973 129748.68569347408
0.99996456146240242 129895.07049144672
0.99996459960937512 130041.77075691275
0.99996463775634781 130188.78751079238
0.99996467590332039 130336.12177799997
0.99996471405029297 130483.77458874189
0.99996475219726566 130631.74697767575
0.99996479034423835 130780.03998309131
0.99996482849121104 130928.65464820398
0.99996486663818374 131077.59202077144
0.99996490478515632 131226.85315266272
0.9999649429321289 131376.43910119924
0.99996498107910159 131526.35092830192
0.99996501922607428 131676.5896996723
0.99996505737304697 131827.15648607651
0.99996509552001966 131978.05236297811
0.99996513366699225 132129.27841010393
0.99996517181396483 132280.8357127918
0.99996520996093752 132432.72536113588
0.99996524810791021 132584.94844913707
0.9999652862548829 132737.50607604816
0.99996532440185559 132890.39934596288
0.99996536254882817 133043.62936738168
0.99996540069580075 133197.19725459276
0.99996543884277345 133351.10412680925
0.99996547698974614 133505.35110728184
0.99996551513671883 133659.93932469739
0.99996555328369152 133814.86991273172
0.9999655914306641 133970.14400962894
0.99996562957763668 134125.76275961514
0.99996566772460938 134281.72731197346
0.99996570587158207 134438.03882021387
0.99996574401855476 134594.69844343385
0.99996578216552745 134751.70734589195
0.99996582031250003 134909.06669659112
0.99996585845947261 135066.77767068768
0.9999658966064453 135224.84144856606
0.999965934753418 135383.25921501635
0.99996597290039069 135542.03216057277
0.99996601104736338 135701.16148112732
0.99996604919433596 135860.64837747967
0.99996608734130854 136020.4940567592
0.99996612548828123 136180.69973154107
0.99996616363525392 136341.26661893184
0.99996620178222662 136502.19594199199
0.99996623992919931 136663.48892932269
0.99996627807617189 136825.14681461046
0.99996631622314447 136987.17083806245
0.99996635437011716 137149.56224552006
0.99996639251708985 137312.32228754033
0.99996643066406254 137475.45222082682
0.99996646881103524 137638.95330780806
0.99996650695800782 137802.82681618625
0.9999665451049804 137967.07402040239
0.99996658325195309 138131.69620071779
0.99996662139892578 138296.69464227569
0.99996665954589847 138462.07063659583
0.99996669769287116 138627.82548111916
0.99996673583984375 138793.96047873012
0.99996677398681633 138960.47693928971
0.99996681213378902 139127.3761786753
0.99996685028076171 139294.6595178365
0.9999668884277344 139462.32828431562
0.99996692657470709 139630.38381177236
0.99996696472167967 139798.82743953011
0.99996700286865225 139967.66051408992
0.99996704101562495 140136.88438819407
0.99996707916259764 140306.50041986158
0.99996711730957033 140476.50997392007
0.99996715545654302 140646.91442151921
0.9999671936035156 140817.71513969742
0.99996723175048818 140988.91351290306
0.99996726989746088 141160.510932031
0.99996730804443357 141332.50879348619
0.99996734619140626 141504.90850068268
0.99996738433837895 141677.71146360037
0.99996742248535153 141850.91909833375
0.99996746063232411 142024.5328286103
0.9999674987792968 142198.55408485161
0.9999675369262695 142372.98430319389
0.99996757507324219 142547.82492702617
0.99996761322021488 142723.07740654342
0.99996765136718746 142898.74319827987
0.99996768951416004 143074.82376665261
0.99996772766113273 143251.32058301673
0.99996776580810542 143428.23512466589
0.99996780395507812 143605.5688764017
0.99996784210205081 143783.32333008057
0.99996788024902339 143961.49998411539
0.99996791839599597 144140.10034509088
0.99996795654296866 144319.12592677542
0.99996799468994135 144498.57824908808
0.99996803283691404 144678.45883975885
0.99996807098388674 144858.76923378333
0.99996810913085932 145039.51097300107
0.9999681472778319 145220.68560767605
0.99996818542480459 145402.29469552074
0.99996822357177728 145584.33980065995
0.99996826171874997 145766.82249526825
0.99996829986572267 145949.74435910201
0.99996833801269536 146133.10697950635
0.99996837615966805 146316.91195150712
0.99996841430664063 146501.16087729004
0.99996845245361321 146685.85536786506
0.9999684906005859 146870.99704204165
0.99996852874755859 147056.58752540214
0.99996856689453129 147242.62845196846
0.99996860504150398 147429.12146369257
0.99996864318847656 147616.06820997232
0.99996868133544914 147803.47034933788
0.99996871948242183 147991.3295484072
0.99996875762939452 148179.64748084522
0.99996879577636721 148368.42582904818
0.99996883392333991 148557.66628365137
0.99996887207031249 148747.3705430199
0.99996891021728507 148937.54031496571
0.99996894836425776 149128.177315687
0.99996898651123045 149319.28326872439
0.99996902465820314 149510.85990665929
0.99996906280517583 149702.90897061976
0.99996910095214842 149895.43220976801
0.999969139099121 150088.43138305025
0.99996917724609369 150281.90825809955
0.99996921539306638 150475.86461019982
0.99996925354003907 150670.30222400615
0.99996929168701176 150865.22289304322
0.99996932983398434 151060.62841918287
0.99996936798095692 151256.52061441526
0.99996940612792962 151452.90129977223
0.99996944427490231 151649.7723042295
0.999969482421875 151847.1354664918
0.99996952056884769 152044.99263444866
0.99996955871582038 152243.34566527267
0.99996959686279308 152442.19642544995
0.99996963500976566 152641.54679026158
0.99996967315673824 152841.39864558479
0.99996971130371093 153041.75388680655
0.99996974945068362 153242.61441770624
0.99996978759765631 153443.98215225933
0.999969825744629 153645.8590141173
0.99996986389160158 153848.24693608476
0.99996990203857417 154051.14786195537
0.99996994018554686 154254.56374536728
0.99996997833251955 154458.49654872628
0.99997001647949224 154662.948245012
0.99997005462646493 154867.92081724465
0.99997009277343751 155073.41625798325
0.99997013092041009 155279.43657114552
0.99997016906738279 155485.98377091732
0.99997020721435548 155693.05988058913
0.99997024536132817 155900.66693442356
0.99997028350830086 156108.80697713853
0.99997032165527344 156317.48206335786
0.99997035980224602 156526.69425948412
0.99997039794921871 156736.44564259122
0.99997043609619141 156946.73829924373
0.9999704742431641 157157.57432739733
0.99997051239013679 157368.95583586866
0.99997055053710937 157580.8849437875
0.99997058868408195 157793.36378250067
0.99997062683105464 158006.39449444402
0.99997066497802733 158219.97923194341
0.99997070312500003 158434.12015916052
0.99997074127197272 158648.81945155116
0.99997077941894541 158864.07929591837
0.9999708175659181 159079.90189050298
0.99997085571289068 159296.28944443486
0.99997089385986326 159513.24417967282
0.99997093200683596 159730.76832984565
0.99997097015380865 159948.86413906293
0.99997100830078134 160167.53386386635
0.99997104644775403 160386.77977270354
0.99997108459472661 160606.60414534455
0.99997112274169919 160827.00927488241
0.99997116088867188 161047.99746655801
0.99997119903564458 161269.57103653185
0.99997123718261727 161491.73231389042
0.99997127532958996 161714.48364010049
0.99997131347656254 161937.82736842791
0.99997135162353512 162161.76586597963
0.99997138977050781 162386.30151248584
0.9999714279174805 162611.43669906896
0.9999714660644532 162837.1738303114
0.99997150421142589 163063.51532366386
0.99997154235839847 163290.46360886577
0.99997158050537105 163518.02113004008
0.99997161865234374 163746.19034444669
0.99997165679931643 163974.97372125214
0.99997169494628912 164204.37374358205
0.99997173309326182 164434.39290798415
0.9999717712402344 164665.03372382082
0.99997180938720698 164896.29871538584
0.99997184753417967 165128.19042064456
0.99997188568115236 165360.71139000115
0.99997192382812505 165593.86418839541
0.99997196197509775 165827.65139471437
0.99997200012207044 166062.07560190739
0.99997203826904313 166297.13941707849
0.99997207641601571 166532.84546087356
0.99997211456298829 166769.19636967505
0.99997215270996098 167006.19479429172
0.99997219085693367 167243.84339872183
0.99997222900390637 167482.14486226972
0.99997226715087906 167721.10187898646
0.99997230529785164 167960.71715707521
0.99997234344482422 168200.99342108073
0.99997238159179691 168441.93341058362
0.9999724197387696 168683.53987893739
0.99997245788574229 168925.81559544307
0.99997249603271499 169168.76334477347
0.99997253417968757 169412.38592634274
0.99997257232666015 169656.68615657929
0.99997261047363284 169901.66686760297
0.99997264862060553 170147.33090588835
0.99997268676757822 170393.68113455351
0.99997272491455091 170640.72043270391
0.9999727630615235 170888.45169487625
0.99997280120849608 171136.87783327707
0.99997283935546877 171386.00177648602
0.99997287750244146 171635.82646810159
0.99997291564941415 171886.35486902515
0.99997295379638684 172137.58995687685
0.99997299194335942 172389.53472536107
0.999973030090332 172642.19218657885
0.9999730682373047 172895.56536971286
0.99997310638427739 173149.65731965014
0.99997314453125008 173404.4710993144
0.99997318267822277 173660.00978906342
0.99997322082519546 173916.27648680168
0.99997325897216816 174173.27430810902
0.99997329711914074 174431.00638562936
0.99997333526611332 174689.47587142125
0.99997337341308601 174948.68593561713
0.9999734115600587 175208.6397650328
0.99997344970703139 175469.34056555136
0.99997348785400408 175730.7915615087
0.99997352600097666 175992.99599506645
0.99997356414794925 176255.95712861259
0.99997360229492194 176519.67824340722
0.99997364044189463 176784.16263817486
0.99997367858886732 177049.41363151974
0.99997371673584001 177315.43456131642
0.99997375488281259 177582.22878407084
0.99997379302978517 177849.79967737957
0.99997383117675787 178118.15063854816
0.99997386932373056 178387.2850831456
0.99997390747070325 178657.20644751188
0.99997394561767594 178927.91818809646
0.99997398376464852 179199.42378083803
0.9999740219116211 179471.72672366721
0.99997406005859379 179744.83053511346
0.99997409820556649 180018.73875281267
0.99997413635253918 180293.45493609627
0.99997417449951187 180568.98266531585
0.99997421264648445 180845.32554118967
0.99997425079345703 181122.48718740363
0.99997428894042972 181400.47124914869
0.99997432708740241 181679.28139165242
0.99997436523437511 181958.92130278106
0.9999744033813478 182239.39469237046
0.99997444152832038 182520.70529160614
0.99997447967529296 182802.85685560215
0.99997451782226565 183085.8531619698
0.99997455596923834 183369.69800933028
0.99997459411621104 183654.39521994253
0.99997463226318373 183939.94863904541
0.99997467041015631 184226.36213422398
0.99997470855712889 184513.63959805309
0.99997474670410158 184801.78494664381
0.99997478485107427 185090.80211811978
0.99997482299804696 185380.6950753101
0.99997486114501966 185671.46780509473
0.99997489929199224 185963.12431775476
0.99997493743896482 186255.66864967195
0.99997497558593751 186549.10486185187
0.9999750137329102 186843.43703838505
0.99997505187988289 187138.66928920298
0.99997509002685558 187434.80574940826
0.99997512817382816 187731.85057860924
0.99997516632080075 188029.80796369302
0.99997520446777344 188328.68211734865
0.99997524261474613 188628.47727644446
0.99997528076171882 188929.19770490003
0.99997531890869151 189230.84769300072
0.99997535705566409 189533.43155669383
0.99997539520263667 189836.95364047057
0.99997543334960937 190141.41831580907
0.99997547149658206 190446.82997960545
0.99997550964355475 190753.19305704007
0.99997554779052744 191060.51200090849
0.99997558593750002 191368.79129093545
0.9999756240844726 191678.03543668328
0.99997566223144529 191988.24897599482
0.99997570037841799 192299.43647340397
0.99997573852539068 192611.60252305208
0.99997577667236337 192924.75174801648
0.99997581481933595 193238.8887996327
0.99997585296630853 193554.01836046457
0.99997589111328122 193870.1451426984
0.99997592926025392 194187.27388657021
0.99997596740722661 194505.40936332726
0.9999760055541993 194824.55637455129
0.99997604370117188 195144.71975148594
0.99997608184814446 195465.90435805114
0.99997611999511715 195788.11508926391
0.99997615814208984 196111.35686957848
0.99997619628906254 196435.63465596491
0.99997623443603523 196760.95343721911
0.99997627258300781 197087.31823326039
0.99997631072998039 197414.73409825107
0.99997634887695308 197743.20611896692
0.99997638702392577 198072.73941314494
0.99997642517089846 198403.33913258481
0.99997646331787116 198735.01046250705
0.99997650146484374 199067.75862082693
0.99997653961181632 199401.58886132698
0.99997657775878901 199736.50647203418
0.9999766159057617 200072.51677352077
0.99997665405273439 200409.6251221179
0.99997669219970708 200747.83690922064
0.99997673034667967 201087.15756058044
0.99997676849365225 201427.59253957073
0.99997680664062494 201769.14734552597
0.99997684478759763 202111.82751199842
0.99997688293457032 202455.6386100917
0.99997692108154301 202800.58624773019
0.99997695922851559 203146.67606896791
0.99997699737548817 203493.91375731703
0.99997703552246087 203842.3050340648
0.99997707366943356 204191.85565653219
0.99997711181640625 204542.57142145658
0.99997714996337894 204894.45816427164
0.99997718811035152 205247.5217584206
0.9999772262573241 205601.7681187616
0.9999772644042968 205957.20319984548
0.99997730255126949 206313.83299418536
0.99997734069824218 206671.66353569715
0.99997737884521487 207030.70089897595
0.99997741699218745 207390.9511986282
0.99997745513916003 207752.42059274009
0.99997749328613272 208115.11528115472
0.99997753143310542 208479.04150369795
0.99997756958007811 208844.20554371446
0.9999776077270508 209210.61372735279
0.99997764587402338 209578.27242288069
0.99997768402099596 209947.18804425054
0.99997772216796865 210317.36704934793
0.99997776031494134 210688.81593821672
0.99997779846191404 211061.54125664665
0.99997783660888673 211435.54959549895
0.99997787475585931 211810.84758999117
0.99997791290283189 212187.44192336497
0.99997795104980458 212565.3393251246
0.99997798919677727 212944.54656923286
0.99997802734374996 213325.07047777643
0.99997806549072266 213706.91792030397
0.99997810363769535 214090.09581425626
0.99997814178466804 214474.61112533102
0.99997817993164062 214860.47086683579
0.9999782180786132 215247.68210345623
0.99997825622558589 215636.25194944564
0.99997829437255858 216026.18756683072
0.99997833251953128 216417.49616917805
0.99997837066650397 216810.18502096381
0.99997840881347655 217204.26143685365
0.99997844696044913 217599.73278558141
0.99997848510742182 217996.60648816923
0.99997852325439451 218394.89001603913
0.99997856140136721 218794.59089494226
0.9999785995483399 219195.71670430008
0.99997863769531248 219598.27507649284
0.99997867584228506 220002.27370087529
0.99997871398925775 220407.72032190519
0.99997875213623044 220814.62273731543
0.99997879028320313 221222.98880210999
0.99997882843017583 221632.82642790902
0.99997886657714841 222044.14358225174
0.99997890472412099 222456.94829271262
0.99997894287109368 222871.2486450487
0.99997898101806637 223287.0527812863
0.99997901916503906 223704.36890388469
0.99997905731201175 224123.20527506719
0.99997909545898434 224543.57021613611
0.99997913360595692 224965.47211169847
0.99997917175292961 225388.91940778884
0.9999792098999023 225813.92060996938
0.99997924804687499 226240.48428757791
0.99997928619384768 226668.61907307082
0.99997932434082037 227098.33366261917
0.99997936248779307 227529.63681668826
0.99997940063476565 227962.53735937405
0.99997943878173823 228397.0441827873
0.99997947692871092 228833.16624514692
0.99997951507568361 229270.91256886892
0.9999795532226563 229710.29224496975
0.999979591369629 230151.31443243261
0.99997962951660158 230593.98835755838
0.99997966766357416 231038.32331846934
0.99997970581054685 231484.32868321333
0.99997974395751954 231932.0138878049
0.99997978210449223 232381.38844075752
0.99997982025146492 232832.46192250747
0.9999798583984375 233285.24398473714
0.99997989654541009 233739.74435503269
0.99997993469238278 234195.97283495133
0.99997997283935547 234653.93929808406
0.99998001098632816 235113.65369471727
0.99998004913330085 235575.12605123158
0.99998008728027343 236038.36646949928
0.99998012542724601 236503.38513164606
0.99998016357421871 236970.19229813179
0.9999802017211914 237438.79830577181
0.99998023986816409 237909.21357256608
0.99998027801513678 238381.44859711628
0.99998031616210936 238855.51395802805
0.99998035430908194 239331.42031883457
0.99998039245605463 239809.1784260628
0.99998043060302733 240288.79910725489
0.99998046875000002 240770.29327591919
0.99998050689697271 241253.67193101186
0.9999805450439454 241738.94615774555
0.99998058319091809 242226.12712845096
0.99998062133789067 242715.22610199309
0.99998065948486325 243206.25442892962
0.99998069763183595 243699.22354955287
0.99998073577880864 244194.14499189414
0.99998075485229498 244442.34146166148
0.99998077392578133 244691.03037691419
0.99998079299926768 244940.21320472492
0.99998081207275402 245189.89141799291
0.99998083114624037 245440.06649547376
0.9999808502197266 245690.73992037715
0.99998086929321284 245941.91318471846
0.99998088836669918 246193.58778648989
0.99998090744018553 246445.76522674056
0.99998092651367188 246698.44701398365
0.99998094558715822 246951.6346627801
0.99998096466064457 247205.32969374803
0.99998098373413091 247459.53363362132
0.99998100280761726 247714.24801525232
0.9999810218811036 247969.47437766322
0.99998104095458995 248225.21426606624
0.9999810600280763 248481.46923190335
0.99998107910156253 248738.24083137405
0.99998109817504877 248995.53062994062
0.99998111724853511 249253.34019941266
0.99998113632202146 249511.67111494034
0.9999811553955078 249770.52495956514
0.99998117446899415 250029.90332273213
0.9999811935424805 250289.80780034341
0.99998121261596684 250550.23999477111
0.99998123168945319 250811.20151491626
0.99998125076293953 251072.69397620743
0.99998126983642588 251334.71900067735
0.99998128890991222 251597.27821695068
0.99998130798339846 251860.37325878016
0.99998132705688469 252124.00576965764
0.99998134613037104 252388.17739978482
0.99998136520385739 252652.88980307803
0.99998138427734373 252918.1446417369
0.99998140335083008 253183.94358479773
0.99998142242431642 253450.28830814181
0.99998144149780277 253717.18049454931
0.99998146057128912 253984.62183371829
0.99998147964477546 254252.61402231536
0.99998149871826181 254521.15876399475
0.99998151779174815 254790.25776944892
0.99998153686523439 255059.91275485989
0.99998155593872062 255330.12544666539
0.99998157501220697 255600.8975784496
0.99998159408569331 255872.23088782263
0.99998161315917966 256144.12712119473
0.99998163223266601 256416.58803221499
0.99998165130615235 256689.61538184393
0.9999816703796387 256963.21093834858
0.99998168945312504 257237.3764773825
0.99998170852661139 257512.11378199776
0.99998172760009774 257787.42464268932
0.99998174667358408 258063.3108574358
0.99998176574707043 258339.77423174944
0.99998178482055677 258616.81657869095
0.99998180389404312 258894.43971893305
0.99998182296752947 259172.64548078523
0.9999818420410157 259451.43569861184
0.99998186111450194 259730.81221774995
0.99998188018798828 260010.77689130793
0.99998189926147463 260291.33157693868
0.99998191833496097 260572.47814177547
0.99998193740844732 260854.21846082629
0.99998195648193366 261136.55441703298
0.99998197555542001 261419.48790131431
0.99998199462890636 261703.02081257984
0.9999820137023927 261987.15505782573
0.99998203277587905 262271.8925521198
0.99998205184936539 262557.23521867744
0.99998207092285163 262843.18498723174
0.99998208999633786 263129.74379907397
0.99998210906982421 263416.91360377939
0.99998212814331056 263704.6963558938
0.9999821472167969 263993.09401999216
0.99998216629028325 264282.10856905184
0.99998218536376959 264571.74198450684
0.99998220443725594 264861.99625627621
0.99998222351074229 265152.87338283053
0.99998224258422863 265444.37537121761
0.99998226165771498 265736.50423711882
0.99998228073120132 266029.26200489735
0.99998229980468756 266322.65070593712
0.99998231887817379 266616.67238379037
0.99998233795166014 266911.32909086323
0.99998235702514648 267206.62288499292
0.99998237609863283 267502.55583463894
0.99998239517211918 267799.13001724135
0.99998241424560552 268096.34751922952
0.99998243331909187 268394.21043611376
0.99998245239257821 268692.72087250504
0.99998247146606456 268991.88094217802
0.99998249053955091 269291.69276811427
0.99998250961303725 269592.15848256543
0.99998252868652349 269893.28022532508
0.99998254776000972 270195.06014906761
0.99998256683349607 270497.50041588233
0.99998258590698241 270800.60319380421
0.99998260498046876 271104.37066215777
0.9999826240539551 271408.80500981765
0.99998264312744145 271713.90843528887
0.9999826622009278 272019.68314675294
0.99998268127441414 272326.13136210595
0.99998270034790049 272633.25530903437
0.99998271942138683 272941.05722507439
0.99998273849487318 273249.53935762413
0.99998275756835941 273558.70396224374
0.99998277664184565 273868.55330808053
0.999982795715332 274179.08967435051
0.99998281478881834 274490.31534677738
0.99998283386230469 274802.2326230405
0.99998285293579103 275114.84381106618
0.99998287200927738 275428.15122902655
0.99998289108276373 275742.1572054635
0.99998291015625007 276056.86407928949
0.99998292922973642 276372.27419989207
0.99998294830322276 276688.38992715097
0.99998296737670911 277005.21363153233
0.99998298645019545 277322.74769412196
0.9999830055236818 277640.9945066981
0.99998302459716815 277959.95647178637
0.99998304367065449 278279.63600272726
0.99998306274414073 278600.03552186297
0.99998308181762696 278921.15746619838
0.99998310089111331 279243.00428373285
0.99998311996459965 279565.57842979545
0.999983139038086 279888.88237269863
0.99998315811157235 280212.91859192983
0.99998317718505869 280537.68957822421
0.99998319625854504 280863.19783363474
0.99998321533203138 281189.44587156764
0.99998323440551773 281516.43621688231
0.99998325347900408 281844.17140593502
0.99998327255249042 282172.65398665873
0.99998329162597666 282501.88651668373
0.99998331069946289 282831.87156919547
0.99998332977294924 283162.61172913422
0.99998334884643558 283494.10958945542
0.99998336791992193 283826.36775692855
0.99998338699340827 284159.38885028753
0.99998340606689462 284493.17550031462
0.99998342514038097 284827.73034989426
0.99998344421386731 285163.05605409777
0.99998346328735366 285499.15528023889
0.99998348236084 285836.03070795478
0.99998350143432635 286173.68502927519
0.99998352050781258 286512.12094672123
0.99998353958129882 286851.34117928153
0.99998355865478517 287191.34845857555
0.99998357772827151 287532.14552494185
0.99998359680175786 287873.73513345374
0.9999836158752442 288216.12005201087
0.99998363494873055 288559.30306142295
0.99998365402221689 288903.28695546341
0.99998367309570324 289248.0745409808
0.99998369216918959 289593.6686379392
0.99998371124267593 289940.07207951852
0.99998373031616228 290287.28771218838
0.99998374938964851 290635.31839374191
0.99998376846313475 290984.16699946346
0.99998378753662109 291333.83641819202
0.99998380661010744 291684.32954828325
0.99998382568359379 292035.64930382028
0.99998384475708013 292387.79861262778
0.99998386383056648 292740.78041638929
0.99998388290405282 293094.59767070512
0.99998390197753917 293449.2533451966
0.99998392105102551 293804.75042354659
0.99998394012451186 294161.09190364747
0.99998395919799821 294518.28079762979
0.99998397827148444 294876.32012988103
0.99998399734497068 295235.21294338728
0.99998401641845702 295594.96229566727
0.99998403549194337 295955.57125465694
0.99998405456542971 296317.042905076
0.99998407363891606 296679.38034640567
0.99998409271240241 297042.58669300703
0.99998411178588875 297406.66507418937
0.9999841308593751 297771.61863430345
0.99998414993286144 298137.4505328497
0.99998416900634779 298504.1639445388
0.99998418807983414 298871.76205940539
0.99998420715332037 299240.24808075558
0.99998422622680661 299609.62523166829
0.99998424530029295 299979.89675085153
0.9999842643737793 300351.06588840333
0.99998428344726564 300723.13591234508
0.99998430252075199 301096.11010659515
0.99998432159423833 301469.99177104008
0.99998434066772468 301844.78422164591
0.99998435974121103 302220.49079056521
0.99998437881469737 302597.11482621561
0.99998439788818372 302974.65969338454
0.99998441696167006 303353.12877333642
0.9999844360351563 303732.52546170802
0.99998445510864253 304112.85317521251
0.99998447418212888 304494.11534737516
0.99998449325561523 304876.31542415463
0.99998451232910157 305259.45687072293
0.99998453140258792 305643.54316933197
0.99998455047607426 306028.57781943079
0.99998456954956061 306414.56433778442
0.99998458862304695 306801.50625854981
0.9999846076965333 307189.40713340737
0.99998462677001965 307578.27053166454
0.99998464584350599 307968.10004037392
0.99998466491699223 308358.89926213399
0.99998468399047846 308750.6718220723
0.99998470306396481 309143.42136338307
0.99998472213745115 309537.15154289157
0.9999847412109375 309931.86603798979
0.99998476028442385 310327.56854448008
0.99998477935791019 310724.26277668984
0.99998479843139654 311121.95246759802
0.99998481750488288 311520.64136891952
0.99998483657836923 311920.33325126523
0.99998485565185558 312321.03190424421
0.99998487472534192 312722.74113655888
0.99998489379882816 313125.46477382473
0.99998491287231439 313529.20666568464
0.99998493194580074 313933.97068127937
0.99998495101928708 314339.76070466381
0.99998497009277343 314746.58064195776
0.99998498916625977 315154.43441913207
0.99998500823974612 315563.3259821423
0.99998502731323247 315973.25929705327
0.99998504638671881 316384.23835014668
0.99998506546020516 316796.26714809879
0.9999850845336915 317209.34971805284
0.99998510360717785 317623.49010779464
0.99998512268066408 318038.69238343951
0.99998514175415032 318454.9606368214
0.99998516082763667 318872.29898083373
0.99998517990112301 319290.71154466172
0.99998519897460936 319710.20248122833
0.9999852180480957 320130.77596486633
0.99998523712158205 320552.43619150633
0.99998525619506839 320975.18737876951
0.99998527526855474 321399.0337661517
0.99998529434204109 321823.9796151201
0.99998531341552743 322250.02920930367
0.99998533248901378 322677.18685459008
0.99998535156250001 323105.45687681087
0.99998537063598625 323534.84362934937
0.99998538970947259 323965.35148832633
0.99998540878295894 324396.98484773422
0.99998542785644529 324829.74812708201
0.99998544692993163 325263.64576904097
0.99998546600341798 325698.68223959848
0.99998548507690432 326134.86202823743
0.99998550415039067 326572.18964803941
0.99998552322387702 327010.66963589744
0.99998554229736336 327450.30655263329
0.99998556137084971 327891.10498316563
0.99998558044433594 328333.06953410519
0.99998559951782218 328776.20484160935
0.99998561859130852 329220.51556646061
0.99998563766479487 329666.00638900104
0.99998565673828121 330112.68201707053
0.99998567581176756 330560.54718357499
0.99998569488525391 331009.60664668027
0.99998571395874025 331459.8651899402
0.9999857330322266 331911.32762250694
0.99998575210571294 332363.99877926934
0.99998577117919929 332817.88352105813
0.99998579025268564 333272.98673478479
0.99998580932617187 333729.31333098706
0.99998582839965811 334186.86825195351
0.99998584747314445 334645.65646663186
0.9999858665466308 335105.68296544137
0.99998588562011714 335566.95276844897
0.99998590469360349 336029.47092291014
0.99998592376708983 336493.24250341044
0.99998594284057618 336958.27261210268
0.99998596191406253 337424.56637884962
0.99998598098754887 337892.12896144029
0.99998600006103522 338360.96554577129
0.99998601913452156 338831.08134603786
0.9999860382080078 339302.4816021822
0.99998605728149403 339775.17158831272
0.99998607635498038 340249.15660745453
0.99998609542846673 340724.44198619184
0.99998611450195307 341201.03308316221
0.99998613357543942 341678.93528646353
0.99998615264892576 342158.15401390562
0.99998617172241211 342638.69471315818
0.99998619079589846 343120.56286201213
0.9999862098693848 343603.76396855537
0.99998622894287115 344088.30357139889
0.99998624801635749 344574.18723986554
0.99998626708984373 345061.42057139479
0.99998628616332996 345550.00920024584
0.99998630523681631 346039.95879206213
0.99998632431030265 346531.27503841295
0.999986343383789 347023.96366548882
0.99998636245727535 347518.03043154458
0.99998638153076169 348013.48112707533
0.99998640060424804 348510.32157506479
0.99998641967773438 349008.55763121042
0.99998643875122073 349508.1951841542
0.99998645782470708 350009.24015572044
0.99998647689819342 350511.69850112597
0.99998649597167966 351015.5762063138
0.99998651504516589 351520.87929695431
0.99998653411865224 352027.61383289
0.99998655319213858 352535.78590241005
0.99998657226562493 353045.40163138061
0.99998659133911127 353556.46718051477
0.99998661041259762 354068.9887456146
0.99998662948608397 354582.9725578475
0.99998664855957031 355098.42488399858
0.99998666763305666 355615.35202668584
0.999986686706543 356133.76032467547
0.99998670578002935 356653.65615309234
0.99998672485351559 357175.04592066625
0.99998674392700182 357697.93607909093
0.99998676300048817 358222.33311726252
0.99998678207397451 358748.24355541973
0.99998680114746086 359275.67395454296
0.9999868202209472 359804.63091359462
0.99998683929443355 360335.12106979021
0.9999868583679199 360867.15109888208
0.99998687744140624 361400.7277154316
0.99998689651489259 361935.85767309484
0.99998691558837893 362472.54776491306
0.99998693466186528 363010.80482358445
0.99998695373535151 363550.63571862353
0.99998697280883775 364092.04736607289
0.99998699188232409 364635.0467225574
0.99998701095581044 365179.6407792255
0.99998703002929679 365725.83657151932
0.99998704910278313 366273.64117632154
0.99998706817626948 366823.06171228352
0.99998708724975582 367374.10534009576
0.99998710632324217 367926.77926283458
0.99998712539672852 368481.09072625043
0.99998714447021486 369037.04701910034
0.99998716354370121 369594.65547345881
0.99998718261718744 370153.92346179695
0.99998720169067368 370714.85840703623
0.99998722076416002 371277.46777644544
0.99998723983764637 371841.75907538179
0.99998725891113271 372407.73985741189
0.99998727798461906 372975.41772141965
0.99998729705810541 373544.80031190906
0.99998731613159175 374115.89531938412
0.9999873352050781 374688.71048066783
0.99998735427856444 375263.25357925828
0.99998737335205079 375839.53244568501
0.99998739242553714 376417.55495786888
0.99998741149902337 376997.32903809636
0.99998743057250961 377578.86266348942
0.99998744964599595 378162.16385969584
0.9999874687194823 378747.2406944125
0.99998748779296864 379334.10128794971
0.99998750686645499 379922.75381018169
0.99998752593994134 380513.20648097445
0.99998754501342768 381105.46757053601
0.99998756408691403 381699.5453998071
0.99998758316040037 382295.44834085932
0.99998760223388672 382893.18481728603
0.99998762130737306 383492.76330460556
0.9999876403808593 384094.192327125
0.99998765945434553 384697.48046889645
0.99998767852783188 385302.63636711048
0.99998769760131823 385909.66870550165
0.99998771667480457 386518.58622523712
0.99998773574829092 387129.39772188105
0.99998775482177726 387742.11204579676
0.99998777389526361 388356.73810256342
0.99998779296874996 388973.28485343349
0.9999878120422363 389591.76131575217
0.99998783111572265 390212.17656339332
0.99998785018920899 390834.53972721414
0.99998786926269534 391458.859995501
0.99998788833618169 392085.14661442081
0.99998790740966803 392713.40888846136
0.99998792648315438 393343.65618092637
0.99998794555664061 393975.89791068312
0.99998796463012685 394610.14356367558
0.99998798370361319 395246.40268611145
0.99998800277709954 395884.68487747788
0.99998802185058588 396524.9998021166
0.99998804092407223 397167.35718602623
0.99998805999755858 397811.76681734412
0.99998807907104492 398458.2385468639
0.99998809814453127 399106.78228851879
0.99998811721801761 399757.40801988926
0.99998813629150396 400410.12578273617
0.99998815536499031 401064.94568348554
0.99998817443847654 401721.87788993987
0.99998819351196278 402380.93264327862
0.99998821258544912 403042.12025097228
0.99998823165893547 403705.45107961941
0.99998825073242181 404370.93556697923
0.99998826980590816 405038.58421871252
0.9999882888793945 405708.40760890732
0.99998830795288085 406380.41638065863
0.9999883270263672 407054.62124661152
0.99998834609985354 407731.03298956814
0.99998836517333989 408409.66246301017
0.99998838424682623 409090.52059172123
0.99998840332031247 409773.61836837447
0.9999884223937987 410458.96686604538
0.99998844146728505 411146.57723092777
0.9999884605407714 411836.46067488589
0.99998847961425774 412528.62848804676
0.99998849868774409 413223.09203544067
0.99998851776123043 413919.86275759625
0.99998853683471678 414618.95217119122
0.99998855590820312 415320.37186968495
0.99998857498168947 416024.13352395635
0.99998859405517582 416730.24888294109
0.99998861312866216 417438.72977430903
0.9999886322021484 418149.58810095378
0.99998865127563463 418862.83585407858
0.99998867034912098 419578.48510567227
0.99998868942260732 420296.54800079763
0.99998870849609367 421017.03677075892
0.99998872756958002 421739.96372964169
0.99998874664306636 422465.34127501643
0.99998876571655271 423193.1818886461
0.99998878479003905 423923.49813720788
0.9999888038635254 424656.30267300567
0.99998882293701175 425391.60823471757
0.99998884201049809 426129.42764811736
0.99998886108398433 426869.7738225077
0.99998888015747056 427612.65976439277
0.99998889923095691 428358.09856971231
0.99998891830444325 429106.10341586033
0.9999889373779296 429856.6875754667
0.99998895645141594 430609.86441285285
0.99998897552490229 431365.64738481201
0.99998899459838864 432124.05004144745
0.99998901367187498 432885.08602693991
0.99998903274536133 433648.76908041106
0.99998905181884767 434415.11303670384
0.99998907089233402 435184.13182724197
0.99998908996582037 435955.83948088187
0.99998910903930671 436730.25012474705
0.99998912811279306 437507.37798510579
0.9999891471862794 438287.2373882297
0.99998916625976564 439069.84275671601
0.99998918533325187 439855.208624041
0.99998920440673822 440643.34962641494
0.99998922348022456 441434.28049448214
0.99998924255371091 442228.01606795681
0.99998926162719726 443024.57129197964
0.9999892807006836 443823.96121807199
0.99998929977416995 444626.20100505569
0.99998931884765629 445431.30592005502
0.99998933792114264 446239.29133942246
0.99998935699462899 447050.17274974234
0.99998937606811533 447863.96574880986
0.99998939514160157 448680.68604187603
0.9999894142150878 449500.3494569076
0.99998943328857415 450322.97193617531
0.99998945236206049 451148.56952768884
0.99998947143554684 451977.15840053896
0.99998949050903319 452808.75484118616
0.99998950958251953 453643.37525454699
0.99998952865600588 454481.03616506921
0.99998954772949222 455321.75421780261
0.99998956680297857 456165.54617952835
0.99998958587646491 457012.42893985444
0.99998960494995126 457862.41951235087
0.9999896240234375 458715.53503071185
0.99998964309692373 459571.79276479746
0.99998966217041008 460431.21011196281
0.99998968124389642 461293.80458815937
0.99998970031738277 462159.59384410852
0.99998971939086911 463028.59566150536
0.99998973846435546 463900.82795427524
0.99998975753784181 464776.30876975507
0.99998977661132815 465655.05628998525
0.9999897956848145 466537.08883292746
0.99998981475830084 467422.42485377321
0.99998983383178719 468311.08294619742
0.99998985290527342 469203.08183849347
0.99998987197875966 470098.44041042152
0.999989891052246 470997.17768428603
0.99998991012573235 471899.312815729
0.9999899291992187 472804.86511076055
0.99998994827270504 473713.8540219281
0.99998996734619139 474626.29914969718
0.99998998641967773 475542.22024388652
0.99999000549316408 476461.63720505842
0.99999002456665043 477384.57008599868
0.99999004364013677 478311.03909312584
0.99999006271362312 479241.0645880212
0.99999008178710935 480174.66708343953
0.99999010086059559 481111.86726111709
0.99999011993408193 482052.68596254132
0.99999013900756828 482997.1441794631
0.99999015808105463 483945.26307186822
0.99999017715454097 484897.0639640672
0.99999019622802732 485852.56834633998
0.99999021530151366 486811.79787652404
0.99999023437500001 487774.77438165515
0.99999025344848635 488741.51985962596
0.9999902725219727 489712.05648086983
0.99999029159545905 490686.40659003868
0.99999031066894539 491664.59270773671
0.99999032974243174 492646.63753223344
0.99999034881591808 493632.56394123973
0.99999036788940443 494622.39499367162
0.99999038696289066 495616.15392566344
0.9999904060363769 496613.86416970426
0.99999041557312007 497114.20840851689
0.99999042510986325 497615.54934507079
0.99999043464660642 498117.88996051886
0.99999044418334959 498621.23324790632
0.99999045372009276 499125.58221224934
0.99999046325683594 499630.93987057777
0.99999047279357911 500137.30925200402
0.99999048233032228 500644.69339777564
0.99999049186706546 501153.09536135214
0.99999050140380863 501662.51820843993
0.9999905109405518 502172.96501708793
0.99999052047729498 502684.43887772196
0.99999053001403815 503196.94289322104
0.99999053955078132 503710.48017896706
0.99999054908752449 504225.05386292242
0.99999055862426767 504740.66708569427
0.99999056816101084 505257.3230005799
0.99999057769775401 505775.02477364364
0.99999058723449719 506293.77558379807
0.99999059677124036 506813.57862283551
0.99999060630798353 507334.43709550879
0.99999061584472659 507856.35421352129
0.99999062538146966 508379.33321381843
0.99999063491821283 508903.37734653754
0.999990644454956 509428.48986286746
0.99999065399169917 509954.67403337132
0.99999066352844235 510481.93314196967
0.99999067306518552 511010.27048602334
0.99999068260192869 511539.68937638303
0.99999069213867187 512070.19313748262
0.99999070167541504 512601.7851073799
0.99999071121215821 513134.46863784501
0.99999072074890138 513668.24709443399
0.99999073028564456 514203.12385654578
0.99999073982238773 514739.10231751006
0.9999907493591309 515276.18588463246
0.99999075889587408 515814.37797930185
0.99999076843261725 516353.68203703122
0.99999077796936042 516894.10150755651
0.9999907875061036 517435.6398548896
0.99999079704284677 517978.30055741011
0.99999080657958994 518522.08710791293
0.99999081611633311 519067.00301372632
0.99999082565307629 519613.0517967327
0.99999083518981946 520160.23699350294
0.99999084472656252 520708.5621489358
0.99999085426330558 521258.03083550121
0.99999086380004876 521808.64664060343
0.99999087333679193 522360.41315382678
0.9999908828735351 522913.33398616716
0.99999089241027828 523467.41276377236
0.99999090194702145 524022.6531279707
0.99999091148376462 524579.05873538333
0.99999092102050779 525136.6332579921
0.99999093055725097 525695.38038323657
0.99999094009399414 526255.30381406925
0.99999094963073731 526816.4072690506
0.99999095916748049 527378.69448243314
0.99999096870422366 527942.16920424672
0.99999097824096683 528506.83520037029
0.99999098777771001 529072.69625263475
0.99999099731445318 529639.7561588774
0.99999100685119635 530208.01873306488
0.99999101638793952 530777.48780534801
0.9999910259246827 531348.1672221598
0.99999103546142587 531920.06084629556
0.99999104499816904 532493.17255702056
0.99999105453491222 533067.50625013153
0.99999106407165539 533643.06583806139
0.99999107360839845 534219.8552432342
0.99999108314514151 534797.87841830146
0.99999109268188469 535377.13933287398
0.99999110221862786 535957.64196007792
0.99999111175537103 536539.39029684465
0.9999911212921142 537122.38835727423
0.99999113082885738 537706.64017272834
0.99999114036560055 538292.14979194221
0.99999114990234372 538878.92128108465
0.9999911594390869 539466.95872387791
0.99999116897583007 540056.26622168324
0.99999117851257324 540646.84789359861
0.99999118804931642 541238.70787655271
0.99999119758605959 541831.85032540513
0.99999120712280276 542426.27941303176
0.99999121665954593 543021.99933044682
0.99999122619628911 543619.01428687747
0.99999123573303228 544217.32850986242
0.99999124526977545 544816.94624537777
0.99999125480651863 545417.87175791385
0.9999912643432618 546020.10933058441
0.99999127388000497 546623.66326522513
0.99999128341674814 547228.53788249474
0.99999129295349132 547834.73752198985
0.99999130249023438 548442.26653525711
0.99999131202697744 549051.12930710148
0.99999132156372061 549661.33024164848
0.99999133110046379 550272.87374817231
0.99999134063720696 550885.76426247938
0.99999135017395013 551500.0062399467
0.99999135971069331 552115.6041556194
0.99999136924743648 552732.56250431528
0.99999137878417965 553350.88580074429
0.99999138832092282 553970.5785796236
0.999991397857666 554591.64539576578
0.99999140739440917 555214.09082422091
0.99999141693115234 555837.91946034855
0.99999142646789552 556463.13591998292
0.99999143600463869 557089.74483950215
0.99999144554138186 557717.7508759629
0.99999145507812504 558347.15870720439
0.99999146461486821 558977.9730319907
0.99999147415161138 559610.19857009826
0.99999148368835455 560243.84006243711
0.99999149322509773 560878.90227119194
0.9999915027618409 561515.38997991814
0.99999151229858407 562153.30799366999
0.99999152183532725 562792.66113912361
0.99999153137207042 563433.45426469762
0.99999154090881359 564075.69224067614
0.99999155044555676 564719.37995932822
0.99999155998229994 565364.52233503608
0.99999156951904311 566011.1243044131
0.99999157905578628 566659.19082645036
0.99999158859252946 567308.72688261233
0.99999159812927263 567959.73747699766
0.99999160766601569 568612.22762882523
0.99999161720275875 569266.20239537698
0.99999162673950193 569921.66685701162
0.9999916362762451 570578.62610197614
0.99999164581298827 571237.08524939325
0.99999165534973145 571897.04944178136
0.99999166488647462 572558.52384519728
0.99999167442321779 573221.51364937681
0.99999168395996096 573886.02406785008
0.99999169349670414 574552.0603380946
0.99999170303344731 575219.62772166764
0.99999171257019048 575888.73150435486
0.99999172210693366 576559.37699627632
0.99999173164367683 577231.56953207531
0.99999174118042 577905.31447102362
0.99999175071716317 578580.61719717877
0.99999176025390635 579257.48311952618
0.99999176979064952 579935.91767211957
0.99999177932739269 580615.92631422507
0.99999178886413587 581297.5145304749
0.99999179840087904 581980.68783101905
0.99999180793762221 582665.45175165392
0.99999181747436539 583351.81185398716
0.99999182701110856 584039.77372558543
0.99999183654785162 584729.34297208919
0.99999184608459468 585420.52524143946
0.99999185562133786 586113.32620806829
0.99999186515808103 586807.7515568675
0.9999918746948242 587503.80700748879
0.99999188423156737 588201.49830647069
0.99999189376831055 588900.83122739964
0.99999190330505372 589601.81157106301
0.99999191284179689 590304.44516560365
0.99999192237854007 591008.73786669038
0.99999193191528324 591714.69555768068
0.99999194145202641 592422.32414978452
0.99999195098876958 593131.62958221708
0.99999196052551276 593842.61782238516
0.99999197006225593 594555.29486604081
0.9999919795989991 595269.66673745576
0.99999198913574228 595985.73948958225
0.99999199867248545 596703.51920423808
0.99999200820922862 597423.01199226524
0.9999920177459718 598144.22399371315
0.99999202728271497 598867.16137800517
0.99999203681945814 599591.83034412831
0.99999204635620131 600318.23712078715
0.99999205589294449 601046.38796660525
0.99999206542968755 601776.28916178353
0.99999207496643061 602507.94703377667
0.99999208450317378 603241.36794056208
0.99999209403991696 603976.55825370061
0.99999210357666013 604713.5243840958
0.9999921131134033 605452.27277363709
0.99999212265014648 606192.80989542569
0.99999213218688965 606935.1422539436
0.99999214172363282 607679.27638524259
0.99999215126037599 608425.21885714866
0.99999216079711917 609172.97626944329
0.99999217033386234 609922.55525406695
0.99999217987060551 610673.96247530868
0.99999218940734869 611427.20463000645
0.99999219894409186 612182.28844774072
0.99999220848083503 612939.22069104167
0.9999922180175782 613698.0081555997
0.99999222755432138 614458.65767044958
0.99999223709106455 615221.1760981807
0.99999224662780772 615985.57033515337
0.9999922561645509 616751.84731169266
0.99999226570129407 617520.01399231504
0.99999227523803724 618290.07737592235
0.99999228477478042 619062.04449601937
0.99999229431152348 619835.92241192504
0.99999230384826654 620611.71823596687
0.99999231338500971 621389.43911583233
0.99999232292175289 622169.09221658914
0.99999233245849606 622950.68474801606
0.99999234199523923 623734.22395580832
0.9999923515319824 624519.71712179424
0.99999236106872558 625307.17156416771
0.99999237060546875 626096.59463771258
0.99999238014221192 626887.99373404984
0.9999923896789551 627681.37628182233
0.99999239921569827 628476.74974697607
0.99999240875244144 629274.12163297005
0.99999241828918461 630073.49948100816
0.99999242782592779 630874.89087029849
0.99999243736267096 631678.30341827357
0.99999244689941413 632483.74478083383
0.99999245643615731 633291.22265260201
0.99999246597290048 634100.74476715468
0.99999247550964365 634912.31889727316
0.99999248504638683 635725.9528552118
0.99999249458313 636541.65449290385
0.99999250411987317 637359.43170227273
0.99999251365661634 638179.29241542926
0.99999252319335941 639001.24459538388
0.99999253273010247 639825.29626499291
0.99999254226684564 640651.45548819052
0.99999255180358881 641479.7303509583
0.99999256134033199 642310.12899037066
0.99999257087707516 643142.6595852843
0.99999258041381833 643977.33035660279
0.99999258995056151 644814.14956756122
0.99999259948730468 645653.1255239849
0.99999260902404785 646494.26657456253
0.99999261856079102 647337.58111112996
0.9999926280975342 648183.0775689499
0.99999263763427737 649030.76442699751
0.99999264717102054 649880.65020822512
0.99999265670776372 650732.74347986607
0.99999266624450689 651587.05285371968
0.99999267578125006 652443.58698643546
0.99999268531799324 653302.35457979888
0.99999269485473641 654163.36438105942
0.99999270439147958 655026.62518317217
0.99999271392822275 655892.145825163
0.99999272346496593 656759.93519237207
0.9999927330017091 657630.00221678184
0.99999274253845227 658502.35587733495
0.99999275207519545 659377.00520023017
0.99999276161193862 660253.95925923134
0.99999277114868179 661133.22717597964
0.99999278068542496 662014.81812032673
0.99999279022216814 662898.74131063372
0.99999279975891131 663785.00601409667
0.99999280929565448 664673.6215470949
0.99999281883239766 665564.59727546712
0.99999282836914072 666457.94260448508
0.99999283790588378 667353.66701032664
0.99999284744262695 668251.78001976421
0.99999285697937013 669152.29118952015
0.9999928665161133 670055.21013788029
0.99999287605285647 670960.54653463722
0.99999288558959964 671868.31010143587
0.99999289512634282 672778.51061211573
0.99999290466308599 673691.15789305756
0.99999291419982916 674606.26182355429
0.99999292373657234 675523.83233615337
0.99999293327331551 676443.87941701023
0.99999294281005868 677366.41310627235
0.99999295234680186 678291.44349842542
0.99999296188354503 679218.98074266408
0.9999929714202882 680149.03504327592
0.99999298095703137 681081.61665999738
0.99999299049377455 682016.73590841028
0.99999300003051772 682954.40316029964
0.99999300956726089 683894.62884405989
0.99999301910400407 684837.42344506143
0.99999302864074724 685782.79750606394
0.99999303817749041 686730.76162758865
0.99999304771423358 687681.326468318
0.99999305725097665 688634.5027343831
0.99999306678771971 689590.30121306248
0.99999307632446288 690548.73275111301
0.99999308586120605 691509.80823278904
0.99999309539794923 692473.53861366992
0.9999931049346924 693439.93490993197
0.99999311447143557 694409.00819878012
0.99999312400817875 695380.76961887791
0.99999313354492192 696355.2303707822
0.99999314308166509 697332.40171734756
0.99999315261840827 698312.29498417466
0.99999316215515144 699294.92156005267
0.99999317169189461 700280.29289739835
0.99999318122863778 701268.42051269161
0.99999319076538096 702259.31598692865
0.99999320030212413 703252.99096608313
0.9999932098388673 704249.45716155076
0.99999321937561048 705248.72635061701
0.99999322891235365 706250.81037691305
0.99999323844909682 707255.7211508936
0.99999324798583999 708263.47065030807
0.99999325752258317 709274.07092066528
0.99999326705932634 710287.53407572012
0.99999327659606951 711303.87229796266
0.99999328613281258 712323.09782721405
0.99999329566955564 713345.22299671511
0.99999330520629881 714370.26021003269
0.99999331474304198 715398.22191762121
0.99999332427978516 716429.12065302662
0.99999333381652833 717462.96902151685
0.9999933433532715 718499.77970060171
0.99999335289001468 719539.56544054195
0.99999336242675785 720582.33906487422
0.99999337196350102 721628.11347093584
0.99999338150024419 722676.90163041535
0.99999339103698737 723728.71658986108
0.99999340057373054 724783.57147123886
0.99999341011047371 725841.47947246837
0.99999341964721689 726902.4538679882
0.99999342918396006 727966.50800929614
0.99999343872070323 729033.6553255145
0.9999934482574464 730103.90932395693
0.99999345779418958 731177.28359070374
0.99999346733093275 732253.79179115989
0.99999347686767592 733333.4476706459
0.9999934864044191 734416.26505498681
0.99999349594116227 735502.25785109564
0.99999350547790544 736591.44004757341
0.9999935150146485 737683.82570256281
0.99999352455139157 738779.42898250557
0.99999353408813474 739878.26413748728
0.99999354362487791 740980.34547616774
0.99999355316162108 742085.68740469741
0.99999356269836426 743194.3044145793
0.99999357223510743 744306.21108332858
0.9999935817718506 745421.42207510269
0.99999359130859378 746539.95214133698
0.99999360084533695 747661.81612142024
0.99999361038208012 748787.02894332039
0.9999936199188233 749915.60562426329
0.99999362945556647 751047.56127140403
0.99999363899230964 752182.91108248872
0.99999364852905281 753321.6703465482
0.99999365806579599 754463.85444456444
0.99999366760253916 755609.47885019484
0.99999367713928233 756758.55913043732
0.99999368667602551 757911.1109463576
0.99999369621276868 759067.15005378763
0.99999370574951185 760226.69230405311
0.99999371528625502 761389.75364469679
0.9999937248229982 762556.35012020136
0.99999373435974137 763726.49787273037
0.99999374389648443 764900.21312920877
0.99999375343322749 766077.51224299858
0.99999376296997067 767258.41166758421
0.99999377250671384 768442.92792970466
0.99999378204345701 769631.07767123787
0.99999379158020019 770822.87763634359
0.99999380111694336 772018.34467219131
0.99999381065368653 773217.49572981172
0.99999382019042971 774420.34786485985
0.99999382972717288 775626.91823843622
0.99999383926391605 776837.22411789966
0.99999384880065922 778051.28287770064
0.9999938583374024 779269.11200019717
0.99999386787414557 780490.7290765025
0.99999387741088874 781716.15180734487
0.99999388694763192 782945.3980038981
0.99999389648437509 784178.48558865406
0.99999390602111826 785415.43259629852
0.99999391555786143 786656.25717458513
0.99999392509460461 787900.97758524073
0.99999393463134778 789149.61220482166
0.99999394416809095 790402.179525655
0.99999395370483413 791658.69815674226
0.9999939632415773 792919.18682466599
0.99999397277832036 794183.66435979854
0.99999398231506342 795452.14974136266
0.9999939918518066 796724.66206917865
0.99999400138854977 798001.22053485317
0.99999401092529294 799281.84446706809
0.99999402046203612 800566.55331781972
0.99999402999877929 801855.36666339589
0.99999403953552246 803148.30420536816
0.99999404907226563 804445.38577160612
0.99999405860900881 805746.63131728105
0.99999406814575198 807052.06092589314
0.99999407768249515 808361.69481031108
0.99999408721923833 809675.55331380747
0.9999940967559815 810993.65691110631
0.99999410629272467 812316.02620945708
0.99999411582946784 813642.68194971047
0.99999412536621102 814973.64500739682
0.99999413490295419 816308.93639382022
0.99999414443969736 817648.57725716697
0.99999415397644054 818992.58888361754
0.99999416351318371 820340.99269848794
0.99999417304992688 821693.81026734388
0.99999418258667006 823051.0632971765
0.99999419212341323 824412.77363754425
0.99999420166015629 825778.96326583065
0.99999421119689935 827149.65433609555
0.99999422073364252 828524.86914873996
0.9999942302703857 829904.63011954213
0.99999423980712887 831288.95982875139
0.99999424934387204 832677.88100641291
0.99999425888061522 834071.41653359821
0.99999426841735839 835469.58944366325
0.99999427795410156 836872.4229235244
0.99999428749084474 838279.94031493505
0.99999429702758791 839692.16511577135
0.99999430656433108 841109.12098137324
0.99999431610107425 842530.83172580891
0.99999432563781743 843957.3213232666
0.9999943351745606 845388.61390936328
0.99999434471130377 846824.73378252762
0.99999435424804695 848265.70540535741
0.99999436378479012 849711.55340602901
0.99999437332153329 851162.3025796829
0.99999438285827646 852617.97788984305
0.99999439239501964 854078.60446986812
0.99999440193176281 855544.20762437279
0.99999441146850598 857014.81283069029
0.99999442100524916 858490.44574037811
0.99999443054199222 859971.13216341357
0.99999444007873528 861456.89812138176
0.99999444961547845 862947.76981484902
0.99999445915222163 864443.7735899766
0.9999944686889648 865944.9359920132
0.99999447822570797 867451.28374959517
0.99999448776245115 868962.84377633769
0.99999449729919432 870479.64317241905
0.99999450683593749 872001.70922622865
0.99999451637268066 873529.06941597932
0.99999452590942384 875061.75141136895
0.99999453544616701 876599.78307525115
0.99999454498291018 878143.19246533327
0.99999455451965336 879692.00783587154
0.99999456405639653 881246.25763938681
0.9999945735931397 882805.97052842949
0.99999458312988287 884371.17535732675
0.99999459266662605 885941.90118395851
0.99999460220336922 887518.17727155844
0.99999461174011239 889100.03309054964
0.99999462127685557 890687.49832034332
0.99999463081359874 892280.60285124055
0.99999464035034191 893879.37678626273
0.99999464988708509 895483.85044307937
0.99999465942382815 897094.05433713912
0.99999466896057121 898710.01923980168
0.99999467849731438 900331.77614314423
0.99999468803405756 901959.35622398276
0.99999469757080073 903592.79090233485
0.9999947071075439 905232.11182467965
0.99999471664428707 906877.3508659791
0.99999472618103025 908528.54013176507
0.99999473571777342 910185.71196021803
0.99999474525451659 911848.89892426797
0.99999475479125977 913518.13383373956
0.99999476432800294 915193.44973752566
0.99999477386474611 916874.87992574379
0.99999478340148928 918562.45793193823
0.99999479293823246 920256.21753532987
0.99999480247497563 921956.19276306126
0.9999948120117188 923662.41789247165
0.99999482154846198 925374.92745340627
0.99999483108520515 927093.75623053627
0.99999484062194832 928818.93926573335
0.9999948501586915 930550.51186042686
0.99999485969543467 932288.50957802881
0.99999486923217784 934032.96824635635
0.99999487876892101 935783.92396011832
0.99999488830566408 937541.41306287178
0.99999489784240714 939305.47221090004
0.99999490737915031 941076.138335219
0.99999491691589348 942853.44860270282
0.99999492645263666 944637.44048032677
0.99999493598937983 946428.15171729459
0.999994945526123 948225.62034772115
0.99999495506286618 950029.88469330617
0.99999496459960935 951840.98336606973
0.99999497413635252 953658.95527109725
0.99999498367309569 955483.83960933215
0.99999499320983887 957315.67588039814
0.99999500274658204 959154.50388543226
0.99999501228332521 961000.36372998694
0.99999502182006839 962853.29582693265
0.99999503135681156 964713.34089940693
0.99999504089355473 966580.53998381097
0.9999950504302979 968454.93443281634
0.99999505996704108 970336.5659184145
0.99999506950378425 972225.47643501905
0.99999507904052742 974121.708302574
0.9999950885772706 976025.30416973238
0.99999509811401377 977936.3070170288
0.99999510765075694 979854.76016014302
0.9999951171875 981780.7072306847
0.99999512672424307 983714.19224673091
0.99999513626098624 985655.25957178604
0.99999514579772941 987603.95387268788
0.99999515533447259 989560.32019064156
0.99999516487121576 991524.40392219229
0.99999517440795893 993496.25082275504
0.9999951839447021 995475.90701017168
0.99999519348144528 997463.41896829021
0.99999520301818845 999458.83355060895
0.99999521255493162 1001462.1979839746
0.9999952220916748 1003473.5598722749
0.99999522686004638 1004482.2548422784
0.99999523162841797 1005492.9672002516
0.99999523639678956 1006505.7030044154
0.99999524116516114 1007520.4683372721
0.99999524593353273 1008537.2693057306
0.99999525070190431 1009556.1120412257
0.9999952554702759 1010577.0026998342
0.99999526023864749 1011599.947462413
0.99999526500701907 1012624.9525347187
0.99999526977539066 1013652.0241475196
0.99999527454376225 1014681.1685567424
0.99999527931213383 1015712.3920435914
0.99999528408050542 1016745.7009146659
0.99999528884887701 1017781.1015021097
0.99999529361724859 1018818.6001637237
0.99999529838562018 1019858.203283101
0.99999530315399177 1020899.917269751
0.99999530792236335 1021943.7485592524
0.99999531269073494 1022989.7036133608
0.99999531745910653 1024037.7889201522
0.99999532222747811 1025088.010994166
0.9999953269958497 1026140.3763765262
0.99999533176422128 1027194.8916350765
0.99999533653259287 1028251.5633645325
0.99999534130096435 1029310.3981619348
0.99999534606933593 1030371.4027254285
0.99999535083770752 1031434.5837065174
0.99999535560607899 1032499.9477839158
0.99999536037445058 1033567.5017383449
0.99999536514282217 1034637.2523038187
0.99999536991119375 1035709.2062669838
0.99999537467956534 1036783.3704424781
0.99999537944793693 1037859.7516730565
0.99999538421630851 1038938.3568297614
0.9999953889846801 1040019.1928120569
0.99999539375305169 1041102.2665479662
0.99999539852142327 1042187.584994243
0.99999540328979486 1043275.1551364919
0.99999540805816645 1044364.9839893507
0.99999541282653803 1045457.0785966135
0.99999541759490962 1046551.4460313895
0.99999542236328121 1047648.0933962736
0.99999542713165279 1048747.0278234673
0.99999543190002438 1049848.2564749643
0.99999543666839597 1050951.7865426969
0.99999544143676755 1052057.6252486722
0.99999544620513914 1053165.779845166
0.99999545097351072 1054276.2576148468
0.99999545574188231 1055389.0658709551
0.9999954605102539 1056504.2119574689
0.99999546527862548 1057621.7032492438
0.99999547004699707 1058741.5471521884
0.99999547481536866 1059863.7511034324
0.99999547958374024 1060988.3225714823
0.99999548435211183 1062115.2690563919
0.99999548912048342 1063244.5980899245
0.999995493888855 1064376.3172357299
0.99999549865722659 1065510.4340895021
0.99999550342559818 1066646.9562791542
0.99999550819396976 1067785.8914649966
0.99999551296234135 1068927.2473398959
0.99999551773071294 1070071.0316294509
0.99999552249908452 1071217.2520921805
0.99999552726745611 1072365.9165196801
0.99999553203582769 1073517.0327368139
0.99999553680419928 1074670.6086018737
0.99999554157257087 1075826.6520067875
0.99999554634094245 1076985.170877269
0.99999555110931404 1078146.1731730101
0.99999555587768563 1079309.6668878742
0.99999556064605721 1080475.6600500639
0.9999955654144288 1081644.1607223088
0.99999557018280028 1082815.1769747674
0.99999557495117186 1083988.7169943186
0.99999557971954345 1085164.7889211772
0.99999558448791492 1086343.400930587
0.99999558925628651 1087524.5613156254
0.9999955940246581 1088708.2783227428
0.99999559879302968 1089894.5602616535
0.99999560356140127 1091083.4154781217
0.99999560832977286 1092274.8523541559
0.99999561309814444 1093468.8793082144
0.99999561786651603 1094665.5047953972
0.99999562263488762 1095864.7373076309
0.9999956274032592 1097066.5853739104
0.99999563217163079 1098271.0575604518
0.99999563694000237 1099478.1624709312
0.99999564170837396 1100687.9087466751
0.99999564647674555 1101900.3050668649
0.99999565124511713 1103115.3601487554
0.99999565601348872 1104333.0827478718
0.99999566078186031 1105553.4816582298
0.99999566555023189 1106776.5657125313
0.99999567031860348 1108002.3437824063
0.99999567508697507 1109230.8247786013
0.99999567985534665 1110462.0176511961
0.99999568462371824 1111695.9313898424
0.99999568939208983 1112932.5750239624
0.99999569416046141 1114171.9576229751
0.999995698928833 1115414.0882965184
0.99999570369720459 1116658.9761946746
0.99999570846557617 1117906.6305081935
0.99999571323394776 1119157.0604687163
0.99999571800231934 1120410.2753490056
0.99999572277069093 1121666.2844631749
0.99999572753906252 1122925.097166918
0.9999957323074341 1124186.722857743
0.99999573707580569 1125451.1709752029
0.99999574184417728 1126718.4510011335
0.99999574661254886 1127988.5724598924
0.99999575138092045 1129261.5449185884
0.99999575614929204 1130537.3779873413
0.99999576091766362 1131816.0813194979
0.99999576568603521 1133097.6646118918
0.9999957704544068 1134382.1376050985
0.99999577522277838 1135669.5100836453
0.99999577999114997 1136959.7918763037
0.99999578475952156 1138252.992856306
0.99999578952789314 1139549.1229416246
0.99999579429626473 1140848.1920951982
0.9999957990646362 1142150.210294852
0.99999580383300779 1143455.1876548859
0.99999580860137938 1144763.1342444483
0.99999581336975085 1146074.0601784
0.99999581813812244 1147387.9757094979
0.99999582290649403 1148704.8910454994
0.99999582767486561 1150024.8164714449
0.9999958324432372 1151347.7623194484
0.99999583721160878 1152673.7389689742
0.99999584197998037 1154002.7568470873
0.99999584674835196 1155334.8264287412
0.99999585151672354 1156669.9582370555
0.99999585628509513 1158008.1628435822
0.99999586105346672 1159349.4508685933
0.9999958658218383 1160693.832981355
0.99999587059020989 1162041.3199004128
0.99999587535858148 1163391.9223938845
0.99999588012695306 1164745.6512797384
0.99999588489532465 1166102.5174260808
0.99999588966369624 1167462.5317514483
0.99999589443206782 1168825.7052251117
0.99999589920043941 1170192.0488673558
0.999995903968811 1171561.573749776
0.99999590873718258 1172934.2909955971
0.99999591350555417 1174310.2117799495
0.99999591827392575 1175689.3473301851
0.99999592304229734 1177071.7089261848
0.99999592781066893 1178457.3079006681
0.99999593257904051 1179846.1556394864
0.9999959373474121 1181238.2635819546
0.99999594211578369 1182633.6432211499
0.99999594688415527 1184032.3061042358
0.99999595165252686 1185434.263832784
0.99999595642089845 1186839.5280630845
0.99999596118927003 1188248.1105064787
0.99999596595764162 1189660.0229296812
0.99999597072601321 1191075.277155102
0.99999597549438479 1192493.8850611905
0.99999598026275638 1193915.858582746
0.99999598503112797 1195341.2097112823
0.99999598979949955 1196769.9504953278
0.99999599456787114 1198202.0930407986
0.99999599933624272 1199637.6495113266
0.99999600410461431 1201076.6321285982
0.9999960088729859 1202519.0531727131
0.99999601364135748 1203964.9249825133
0.99999601840972907 1205414.2599559685
0.99999602317810066 1206867.0705504995
0.99999602794647213 1208323.3692494
0.99999603271484372 1209783.1686979069
0.99999603748321531 1211246.481500118
0.99999604225158678 1212713.3203207087
0.99999604701995837 1214183.6979881222
0.99999605178832995 1215657.6272900347
0.99999605655670154 1217135.1211102467
0.99999606132507313 1218616.1923949481
0.99999606609344471 1220100.8541531086
0.9999960708618163 1221589.1194568293
0.99999607563018789 1223081.0014417681
0.99999608039855947 1224576.5133074827
0.99999608516693106 1226075.6683178509
0.99999608993530265 1227578.4798014504
0.99999609470367423 1229084.9611519573
0.99999609947204582 1230595.1258285434
0.9999961042404174 1232108.9873562732
0.99999610900878899 1233626.5593265095
0.99999611377716058 1235147.8553973208
0.99999611854553216 1236672.8892938993
0.99999612331390375 1238201.6748089558
0.99999612808227534 1239734.2258031461
0.99999613285064692 1241270.5562055011
0.99999613761901851 1242810.6800138238
0.9999961423873901 1244354.6112951385
0.99999614715576168 1245902.3641860927
0.99999615192413327 1247453.9528934211
0.99999615669250486 1249009.3916943499
0.99999616146087644 1250568.6949370599
0.99999616622924803 1252131.8770411101
0.99999617099761962 1253698.9524978844
0.9999961757659912 1255269.9358710451
0.99999618053436279 1256844.8417969912
0.99999618530273438 1258423.6849852845
0.99999619007110596 1260006.4802191448
0.99999619483947755 1261593.2423558868
0.99999619960784913 1263183.9863273883
0.99999620437622072 1264778.7271405617
0.99999620914459231 1266377.4798778307
0.99999621391296389 1267980.2596976033
0.99999621868133548 1269587.0818347393
0.99999622344970707 1271197.9616010471
0.99999622821807865 1272812.9143857674
0.99999623298645024 1274431.9556560568
0.99999623775482183 1276055.1009574875
0.99999624252319341 1277682.3659145462
0.999996247291565 1279313.766231121
0.99999625205993659 1280949.3176910393
0.99999625682830806 1282589.03612031
0.99999626159667965 1284232.9375404739
0.99999626636505123 1285881.0379400379
0.99999627113342271 1287533.3533890978
0.9999962759017943 1289189.9001557182
0.99999628067016588 1290850.6944756203
0.99999628543853747 1292515.7527065261
0.99999629020690906 1294185.0912902495
0.99999629497528064 1295858.7267532495
0.99999629974365223 1297536.6757071705
0.99999630451202381 1299218.9548494008
0.9999963092803954 1300905.5809636151
0.99999631404876699 1302596.5709203368
0.99999631881713857 1304291.9416775052
0.99999632358551016 1305991.7102810282
0.99999632835388175 1307695.8938653863
0.99999633312225333 1309404.5096541638
0.99999633789062492 1311117.5749606579
0.99999634265899651 1312835.1071884602
0.99999634742736809 1314557.1238320416
0.99999635219573968 1316283.6424773457
0.99999635696411127 1318014.6808023893
0.99999636173248285 1319750.2565778696
0.99999636650085444 1321490.3876677542
0.99999637126922603 1323235.0920299334
0.99999637603759761 1324984.3877167853
0.9999963808059692 1326738.2928758452
0.99999638557434078 1328496.8257504019
0.99999639034271237 1330260.0046801514
0.99999639511108396 1332027.8481018208
0.99999639987945554 1333800.3745498084
0.99999640464782713 1335577.6026568587
0.99999640941619872 1337359.5511546643
0.9999964141845703 1339146.2388745784
0.99999641895294189 1340937.6847482508
0.99999642372131348 1342733.9078082955
0.99999642848968506 1344534.9271889641
0.99999643325805665 1346340.7621268479
0.99999643802642824 1348151.4319615252
0.99999644279479982 1349966.9561362823
0.99999644756317141 1351787.3541987978
0.999996452331543 1353612.6458018424
0.99999645709991458 1355442.8507039994
0.99999646186828617 1357277.9887703506
0.99999646663665775 1359118.0799732283
0.99999647140502934 1360963.1443929109
0.99999647617340093 1362813.2022183721
0.99999648094177251 1364668.2737480095
0.99999648571014399 1366528.3793470194
0.99999649047851558 1368393.5396215001
0.99999649524688716 1370263.7751593578
0.99999650001525864 1372139.1066604492
0.99999650478363022 1374019.5550688792
0.99999650955200181 1375905.1413118006
0.9999965143203734 1377795.8864747228
0.99999651908874498 1379691.8117586744
0.99999652385711657 1381592.9384810377
0.99999652862548816 1383499.2880763046
0.99999653339385974 1385410.8820969092
0.99999653816223133 1387327.7422140355
0.99999654293060292 1389249.8902184227
0.9999965476989745 1391177.3480212053
0.99999655246734609 1393110.1376547439
0.99999655723571768 1395048.2812734586
0.99999656200408926 1396991.8011546852
0.99999656677246085 1398940.7196995094
0.99999657154083244 1400895.0594336558
0.99999657630920402 1402854.8430083315
0.99999658107757561 1404820.0932011076
0.99999658584594719 1406790.8329168141
0.99999659061431878 1408767.0851884068
0.99999659538269037 1410748.8731778951
0.99999660015106195 1412736.2201772174
0.99999660491943354 1414729.1496091601
0.99999660968780513 1416727.6850282983
0.99999661445617671 1418731.8501219011
0.9999966192245483 1420741.668710876
0.99999662399291989 1422757.1647507085
0.99999662876129147 1424778.362332423
0.99999663352966306 1426805.2856835369
0.99999663829803465 1428837.959169022
0.99999664306640623 1430876.4072922978
0.99999664783477782 1432920.6546961947
0.99999665260314941 1434970.726163964
0.99999665737152099 1437026.6466202703
0.99999666213989258 1439088.4411322172
0.99999666690826416 1441156.1349103351
0.99999667167663575 1443229.7533096352
0.99999667644500734 1445309.3218306417
0.99999668121337892 1447394.866120436
0.99999668598175051 1449486.411973699
0.9999966907501221 1451583.9853337852
0.99999669551849368 1453687.6122938024
0.99999670028686527 1455797.3190976824
0.99999670505523686 1457913.1321412686
0.99999670982360844 1460035.0779734331
0.99999671459197992 1462163.1832475562
0.9999967193603515 1464297.4749209769
0.99999672412872309 1466437.9799588504
0.99999672889709457 1468584.7254832645
0.99999673366546615 1470737.7389250023
0.99999673843383774 1472897.0477248062
0.99999674320220933 1475062.6795343172
0.99999674797058091 1477234.662167364
0.9999967527389525 1479413.0236011415
0.99999675750732409 1481597.7919774125
0.99999676227569567 1483788.9956037356
0.99999676704406726 1485986.6629546674
0.99999677181243884 1488190.8226730025
0.99999677658081043 1490401.5035710251
0.99999678134918202 1492618.7346317533
0.9999967861175536 1494842.5450102186
0.99999679088592519 1497072.9640347264
0.99999679565429678 1499310.0212081603
0.99999680042266836 1501553.7462092896
0.99999680519103995 1503804.1688940458
0.99999680995941154 1506061.3192968883
0.99999681472778312 1508325.2276321258
0.99999681949615471 1510595.9242952501
0.9999968242645263 1512873.4398643191
0.99999682903289788 1515157.8051013125
0.99999683380126947 1517449.0509535205
0.99999683856964106 1519747.2085549561
0.99999684333801264 1522052.309227742
0.99999684810638423 1524364.384483549
0.99999685287475581 1526683.4660250284
0.9999968576431274 1529009.5857472562
0.99999686241149899 1531342.7757392093
0.99999686717987057 1533683.0682852124
0.99999687194824216 1536030.4958664721
0.99999687671661375 1538385.0911625293
0.99999688148498533 1540746.8870528091
0.99999688625335692 1543115.91661815
0.99999689102172851 1545492.2131423294
0.99999689579010009 1547875.8101136324
0.99999690055847168 1550266.7412264377
0.99999690532684327 1552665.0403827804
0.99999691009521485 1555070.7416939784
0.99999691486358644 1557483.8794822285
0.99999691963195803 1559904.488282257
0.99999692440032961 1562332.6028429579
0.9999969291687012 1564768.2581290482
0.99999693393707278 1567211.4893227655
0.99999693870544437 1569662.331825549
0.99999694347381585 1572120.8212024176
0.99999694824218743 1574586.9934128458
0.99999695301055902 1577060.8844690495
0.9999969577789305 1579542.5306086752
0.99999696254730208 1582031.9684707108
0.99999696731567367 1584529.2347506026
0.99999697208404525 1587034.3664329983
0.99999697685241684 1589547.4007358931
0.99999698162078843 1592068.375112464
0.99999698638916001 1594597.3272529386
0.9999969911575316 1597134.2950864579
0.99999699592590319 1599679.316782993
0.99999700069427477 1602232.430755242
0.99999700546264636 1604793.6756605755
0.99999701023101795 1607363.0904029792
0.99999701499938953 1609940.7141350261
0.99999701976776112 1612526.5862598619
0.99999702453613271 1615120.7464332297
0.99999702930450429 1617723.2345654713
0.99999703407287588 1620334.0908235945
0.99999703884124747 1622953.3556333217
0.99999704360961905 1625581.0696811983
0.99999704837799064 1628217.273916675
0.99999705314636222 1630862.009554266
0.99999705791473381 1633515.3180756574
0.9999970626831054 1636177.2412319139
0.99999706745147698 1638847.8210456406
0.99999707221984857 1641527.0998132084
0.99999707698822016 1644215.1201069916
0.99999708175659174 1646911.9247776021
0.99999708652496333 1649617.5569561878
0.99999709129333492 1652332.0600567181
0.9999970960617065 1655055.4777783295
0.99999710083007809 1657787.8541076269
0.99999710559844968 1660529.2333210963
0.99999711036682126 1663279.6599874678
0.99999711513519285 1666039.1789701474
0.99999711990356444 1668807.8354296435
0.99999712467193602 1671585.6748260353
0.99999712944030761 1674372.7429214786
0.99999713420867919 1677169.0857826825
0.99999713897705078 1679974.7497834805
0.99999714374542237 1682789.7816073706
0.99999714851379395 1685614.2282501266
0.99999715328216554 1688448.1370223917
0.99999715805053713 1691291.5555523338
0.99999716281890871 1694144.531788317
0.9999971675872803 1697007.1140015789
0.99999717235565178 1699879.3507219863
0.99999717712402336 1702761.291008492
0.99999718189239495 1705652.9840506753
0.99999718666076642 1708554.479371147
0.99999719142913801 1711465.8270320781
0.9999971961975096 1714387.0772327308
0.99999720096588118 1717318.2805823314
0.99999720573425277 1720259.4880355718
0.99999721050262436 1723210.7508955456
0.99999721527099594 1726172.1208167358
0.99999722003936753 1729143.6498080404
0.99999722480773912 1732125.3902357938
0.9999972295761107 1735117.3948268674
0.99999723434448229 1738119.7166717611
0.99999723911285388 1741132.4092277423
0.99999724388122546 1744155.5263220421
0.99999724864959705 1747189.1221550251
0.99999725341796863 1750233.2513034549
0.99999725818634022 1753287.9687237607
0.99999726295471181 1756353.3297553489
0.99999726772308339 1759429.390123924
0.99999727249145498 1762516.2059448957
0.99999727725982657 1765613.8337267737
0.99999728202819815 1768722.330374605
0.99999728679656974 1771841.7531934904
0.99999729156494133 1774972.1598920762
0.99999729633331291 1778113.6085861323
0.9999973011016845 1781266.1578021268
0.99999730587005609 1784429.8664808972
0.99999731063842767 1787604.7939812806
0.99999731540679926 1790791.0000838568
0.99999732017517085 1793988.544994686
0.99999732494354243 1797197.4893491068
0.99999732971191402 1800417.8942155656
0.9999973344802856 1803649.8210994955
0.99999733924865719 1806893.3319472286
0.99999734401702878 1810148.4891499472
0.99999734878540036 1813415.3555477022
0.99999735355377195 1816693.9944334354
0.99999735832214354 1819984.4695570848
0.99999736309051512 1823286.8451297006
0.99999736785888671 1826601.1858276457
0.9999973726272583 1829927.5567967827
0.99999737739562988 1833266.0236567787
0.99999738216400147 1836616.6525053983
0.99999738693237306 1839979.5099228686
0.99999739170074464 1843354.6629762973
0.99999739646911623 1846742.1792241198
0.9999974012374877 1850142.1266413163
0.99999740600585929 1853554.5739408827
0.99999741077423088 1856979.5901034924
0.99999741554260235 1860417.2446183146
0.99999742031097394 1863867.6077291488
0.99999742507934553 1867330.7499589745
0.99999742984771711 1870806.7424346153
0.9999974346160887 1874295.6568117109
0.99999743938446028 1877797.5652796596
0.99999744415283187 1881312.5405665804
0.99999744892120346 1884840.655944356
0.99999745368957504 1888381.9852337223
0.99999745845794663 1891936.6028094182
0.99999746322631822 1895504.5836053798
0.9999974679946898 1899086.0031200356
0.99999747276306139 1902680.9374216062
0.99999747753143298 1906289.4631534861
0.99999748229980456 1909911.657539722
0.99999748706817615 1913547.5983904856
0.99999749183654774 1917197.3641076628
0.99999749660491932 1920861.033690495
0.99999750137329091 1924538.6867412666
0.9999975061416625 1928230.4034710727
0.99999751091003408 1931936.2647056517
0.99999751567840567 1935656.3518912958
0.99999752044677725 1939390.7471007975
0.99999752521514884 1943139.5330394914
0.99999752998352043 1946902.7930513769
0.99999753475189201 1950680.6111252697
0.9999975395202636 1954473.0719010609
0.99999754428863519 1958280.2606760561
0.99999754905700677 1962102.2634113284
0.99999755382537836 1965939.1667382238
0.99999755859374995 1969791.0579649038
0.99999756336212153 1973658.02508295
0.99999756813049312 1977540.1567740713
0.99999757289886471 1981437.5424168978
0.99999757766723629 1985350.2720938204
0.99999758243560788 1989278.4365979361
0.99999758720397947 1993222.1274400796
0.99999759197235105 1997181.4368559292
0.99999759674072264 2001156.4578131763
0.99999760150909422 2005147.2840188337
0.99999760627746581 2009154.0099265724
0.9999976110458374 2013176.7307441933
0.99999761343002325 2015194.1192517232
0.99999761581420898 2017215.5424411544
0.99999761819839472 2019241.0125227799
0.99999762058258057 2021270.5417562102
0.99999762296676642 2023304.1422610264
0.99999762535095216 2025341.8262051255
0.9999976277351379 2027383.6059952627
0.99999763011932374 2029429.4940885166
0.99999763250350959 2031479.5028014025
0.99999763488769533 2033533.6444997333
0.99999763727188107 2035591.9317907128
0.99999763965606692 2037654.3773328834
0.99999764204025277 2039720.9936437104
0.9999976444244385 2041791.7932909378
0.99999764680862424 2043866.7890863081
0.99999764919281009 2045945.9938939207
0.99999765157699594 2048029.4204362878
0.99999765396118168 2050117.0814872358
0.99999765634536741 2052208.9900671972
0.99999765872955326 2054305.1592500424
0.99999766111373911 2056405.601967525
0.99999766349792485 2058510.3312037881
0.99999766588211059 2060619.3601922428
0.99999766826629644 2062732.7022208159
0.99999767065048228 2064850.3704348281
0.99999767303466802 2066972.3780330627
0.99999767541885376 2069098.7384662898
0.99999767780303961 2071229.4652409179
0.99999768018722546 2073364.5717202371
0.99999768257141119 2075504.0713221296
0.99999768495559693 2077647.9777192015
0.99999768733978278 2079796.3046408612
0.99999768972396863 2081949.0656729017
0.99999769210815437 2084106.2744568512
0.99999769449234011 2086267.9448917632
0.99999769687652595 2088434.0909346794
0.9999976992607118 2090604.7263985283
0.99999770164489754 2092779.8651531488
0.99999770402908328 2094959.5213287761
0.99999770641326902 2097143.7090129966
0.99999770879745475 2099332.4423520388
0.9999977111816406 2101525.7356533115
0.99999771356582645 2103723.6030794294
0.99999771595001219 2105926.0588517021
0.99999771833419793 2108133.1174562187
0.99999772071838366 2110344.793337015
0.9999977231025694 2112561.1009986284
0.99999772548675525 2114782.055109927
0.9999977278709411 2117007.6701943083
0.99999773025512684 2119237.96083574
0.99999773263931258 2121472.9418874769
0.99999773502349842 2123712.6282657362
0.99999773740768427 2125957.0347408112
0.99999773979187001 2128206.1761448807
0.99999774217605575 2130460.0675824392
0.9999977445602416 2132718.7242223141
0.99999774694442745 2134982.1610869551
0.99999774932861318 2137250.3932620184
0.99999775171279892 2139523.4361086236
0.99999775409698477 2141801.3050535545
0.99999775648117062 2144084.0153768281
0.99999775886535636 2146371.5824230108
0.99999776124954209 2148664.0218153056
0.99999776363372794 2150961.3492440069
0.99999776601791379 2153263.5802521957
0.99999776840209953 2155570.7304489268
0.99999777078628527 2157882.8157251277
0.99999777317047112 2160199.8520402401
0.99999777555465696 2162521.8552061138
0.9999977779388427 2164848.8411019817
0.99999778032302844 2167180.8258922673
0.99999778270721429 2169517.8258113749
0.99999778509140014 2171859.8569457307
0.99999778747558588 2174206.9354506303
0.99999778985977161 2176559.0777698872
0.99999779224395746 2178916.3004188528
0.99999779462814331 2181278.6197644952
0.99999779701232905 2183646.0522441599
0.99999779939651479 2186018.6145871747
0.99999780178070063 2188396.323595902
0.99999780416488648 2190779.1959240064
0.99999780654907222 2193167.2482970804
0.99999780893325796 2195560.4977361518
0.99999781131744381 2197958.9613369028
0.99999781370162966 2200362.6560459756
0.99999781608581539 2202771.5988835278
0.99999781847000113 2205185.8071687086
0.99999782085418698 2207605.298296954
0.99999782323837283 2210030.0895143454
0.99999782562255857 2212460.1981421011
0.9999978280067443 2214895.6418040586
0.99999783039093015 2217336.4382020272
0.999997832775116 2219782.60488815
0.99999783515930174 2222234.1594913797
0.99999783754348748 2224691.1199469864
0.99999783992767333 2227153.5042699389
0.99999784231185918 2229621.3303252463
0.99999784469604491 2232094.6160564544
0.99999784708023065 2234573.3797171926
0.9999978494644165 2237057.6396425469
0.99999785184860235 2239547.4140173844
0.99999785423278809 2242042.7211068799
0.99999785661697382 2244543.5794901252
0.99999785900115967 2247050.0078294887
0.99999786138534552 2249562.0246368703
0.99999786376953126 2252079.6485062963
0.999997866153717 2254602.8983496223
0.99999786853790285 2257131.7931638439
0.99999787092208869 2259666.3517952738
0.99999787330627443 2262206.5931741977
0.99999787569046017 2264752.536552744
0.99999787807464602 2267304.2012700741
0.99999788045883187 2269861.6065144879
0.9999978828430176 2272424.7715601628
0.99999788522720334 2274993.7160071768
0.99999788761138919 2277568.4595446433
0.99999788999557504 2280149.0217106002
0.99999789237976078 2282735.4221309475
0.99999789476394652 2285327.6807616446
0.99999789714813236 2287925.8176496984
0.99999789953231821 2290529.8526908937
0.99999790191650395 2293139.8058708981
0.99999790430068969 2295755.6975096599
0.99999790668487554 2298377.5480202897
0.99999790906906139 2301005.3776645074
0.99999791145324712 2303639.2067960212
0.99999791383743286 2306279.0561071392
0.99999791622161871 2308924.9463854581
0.99999791860580456 2311576.8982670913
0.9999979209899903 2314234.9324822687
0.99999792337417603 2316899.0701042525
0.99999792575836188 2319569.3323037536
0.99999792814254773 2322245.7400999656
0.99999793052673347 2324928.3146083727
0.99999793291091921 2327617.0772919925
0.99999793529510494 2330312.0495879189
0.99999793767929068 2333013.2530323858
0.99999794006347653 2335720.709387545
0.99999794244766238 2338434.4402639708
0.99999794483184812 2341154.4673719401
0.99999794721603386 2343880.8127761981
0.99999794960021959 2346613.4985173205
0.99999795198440533 2349352.5467385049
0.99999795436859118 2352097.9798141792
0.99999795675277703 2354849.8199672084
0.99999795913696277 2357608.0895237206
0.9999979615211485 2360372.8111714637
0.99999796390533435 2363144.0077050584
0.9999979662895202 2365921.7017676276
0.99999796867370594 2368705.9161079922
0.99999797105789168 2371496.6738415067
0.99999797344207753 2374293.9981929087
0.99999797582626337 2377097.9122355366
0.99999797821044911 2379908.4391509541
0.99999798059463485 2382725.6024922472
0.9999979829788207 2385549.425924493
0.99999798536300655 2388379.9329614891
0.99999798774719229 2391217.1472278521
0.99999799013137802 2394061.0927248402
0.99999799251556387 2396911.793568369
0.99999799489974972 2399769.2737232368
0.99999799728393546 2402633.5572677418
0.9999979996681212 2405504.6686620284
0.99999800205230704 2408382.6324836644
0.99999800443649289 2411267.473159295
0.99999800682067863 2414159.2152318116
0.99999800920486437 2417057.88363131
0.99999801158905022 2419963.5034080967
0.99999801397323607 2422876.0994618465
0.9999980163574218 2425795.6968112835
0.99999801874160754 2428722.3208678006
0.99999802112579339 2431655.9971659034
0.99999802350997924 2434596.7510897629
0.99999802589416498 2437544.6081455145
0.99999802827835071 2440499.5942375353
0.99999803066253656 2443461.7353963056
0.99999803304672241 2446431.05750232
0.99999803543090815 2449407.5865610256
0.99999803781509389 2452391.3489818219
0.99999804019927974 2455382.3713032855
0.99999804258346559 2458380.6799143963
0.99999804496765132 2461386.3013321855
0.99999804735183706 2464399.2624834389
0.99999804973602291 2467419.5904273284
0.99999805212020876 2470447.3120738496
0.9999980545043945 2473482.4544642102
0.99999805688858023 2476525.0450553885
0.99999805927276608 2479575.111439947
0.99999806165695193 2482632.6810618131
0.99999806404113767 2485697.7814993998
0.99999806642532341 2488770.4407529589
0.99999806880950926 2491850.6869617151
0.9999980711936951 2494938.5481167966
0.99999807357788084 2498034.0523472028
0.99999807596206658 2501137.2282099938
0.99999807834625243 2504248.1044046734
0.99999808073043828 2507366.7094832715
0.99999808311462401 2510493.072139143
0.99999808549880975 2513627.2215001038
0.9999980878829956 2516769.1868399694
0.99999809026718145 2519918.9972857577
0.99999809265136719 2523076.682109395
0.99999809503555293 2526242.271023795
0.99999809741973877 2529415.7938915505
0.99999809980392462 2532597.2804291938
0.99999810218811036 2535786.7605018532
0.9999981045722961 2538984.2644223301
0.99999810695648195 2542189.8226568862
0.9999981093406678 2545403.4655265519
0.99999811172485353 2548625.2235047258
0.99999811410903927 2551855.1275193426
0.99999811649322512 2555093.2086556926
0.99999811887741097 2558339.4978547078
0.99999812126159671 2561594.0262136138
0.99999812364578244 2564856.8252911805
0.99999812602996829 2568127.9268075544
0.99999812841415414 2571407.3623394761
0.99999813079833988 2574695.163624017
0.99999813318252562 2577991.3628669679
0.99999813556671147 2581295.9924396425
0.99999813795089731 2584609.0845709811
0.99999814033508305 2587930.6716544218
0.99999814271926879 2591260.7865594672
0.99999814510345464 2594599.4623254216
0.99999814748764049 2597946.7318503298
0.99999814987182623 2601302.6282010176
0.99999815225601196 2604667.1849279148
0.99999815464019781 2608040.4357556575
0.99999815702438366 2611422.4142688224
0.9999981594085694 2614813.1542251944
0.99999816179275514 2618212.6898738742
0.99999816417694087 2621621.055483805
0.99999816656112661 2625038.2855021637
0.99999816894531246 2628464.4147152915
0.99999817132949831 2631899.4777714526
0.99999817371368405 2635343.5094990064
0.99999817609786978 2638796.5452295789
0.99999817848205552 2642258.6203192146
0.99999818086624126 2645729.7703092932
0.99999818325042711 2649210.0310900393
0.99999818563461296 2652699.4384157811
0.99999818801879869 2656198.0282281786
0.99999819040298443 2659705.8369845562
0.99999819278717028 2663222.9013354895
0.99999819517135613 2666749.2577972393
0.99999819755554187 2670284.9430783936
0.99999819993972761 2673829.9944117568
0.99999820232391345 2677384.4492285275
0.9999982047080993 2680948.344827259
0.99999820709228504 2684521.7187040308
0.99999820947647078 2688104.6088878652
0.99999821186065663 2691697.0536115109
0.99999821424484248 2695299.0909768529
0.99999821662902821 2698910.7592886514
0.99999821901321395 2702532.0973935933
0.9999982213973998 2706163.1443475522
0.99999822378158565 2709803.9390774756
0.99999822616577139 2713454.5207186984
0.99999822854995712 2717114.9289576802
0.99999823093414297 2720785.2036957336
0.99999823331832882 2724465.3847072921
0.99999823570251456 2728155.5119808582
0.9999982380867003 2731855.6260655136
0.99999824047088615 2735565.7677310524
0.99999824285507199 2739285.9776225388
0.99999824523925773 2743016.2966049989
0.99999824762344347 2746756.7661137306
0.99999825000762932 2750507.4278107928
0.99999825239181517 2754268.323235807
0.99999825477600091 2758039.4941544365
0.99999825716018664 2761820.9829125707
0.99999825954437249 2765612.832089107
0.99999826192855834 2769415.0841429476
0.99999826431274408 2773227.7817653003
0.99999826669692982 2777050.9682378392
0.99999826908111566 2780884.687081689
0.99999827146530151 2784728.9817005568
0.99999827384948725 2788583.8957369588
0.99999827623367299 2792449.4734343742
0.99999827861785884 2796325.7592823976
0.99999828100204469 2800212.7976559382
0.99999828338623042 2804110.6331754276
0.99999828577041616 2808019.311073049
0.99999828815460201 2811938.8768339921
0.99999829053878786 2815869.3758316482
0.9999982929229736 2819810.853691882
0.99999829530715934 2823763.3566633835
0.99999829769134518 2827726.931254976
0.99999830007553103 2831701.6238667481
0.99999830245971677 2835687.4811584293
0.99999830484390251 2839684.5504239765
0.99999830722808836 2843692.8792248364
0.99999830961227421 2847712.5150169646
0.99999831199645994 2851743.5055233752
0.99999831438064568 2855785.8991130176
0.99999831676483153 2859839.7444299567
0.99999831914901738 2863905.0900161788
0.99999832153320312 2867981.9846884012
0.99999832391738885 2872070.4779213257
0.9999983263015747 2876170.6194726545
0.99999832868576055 2880282.4590016063
0.99999833106994629 2884406.0464500813
0.99999833345413203 2888541.4324303507
0.99999833583831788 2892688.6678458387
0.99999833822250372 2896847.803505294
0.99999834060668946 2901018.890508363
0.9999983429908752 2905201.9806378097
0.99999834537506105 2909397.1259759828
0.9999983477592469 2913604.3785145767
0.99999835014343263 2917823.7905446929
0.99999835252761837 2922055.4150536605
0.99999835491180422 2926299.3053371203
0.99999835729599007 2930555.5146043007
0.99999835968017581 2934824.0963726463
0.99999836206436155 2939105.1048693182
0.99999836444854739 2943398.5946388324
0.99999836683273324 2947704.6201437614
0.99999836921691898 2952023.2361640097
0.99999837160110472 2956354.4982030839
0.99999837398529057 2960698.4620912182
0.99999837636947642 2965055.1835814123
0.99999837875366215 2969424.7187534263
0.99999838113784789 2973807.1244249479
0.99999838352203374 2978202.4577500545
0.99999838590621959 2982610.7758105798
0.99999838829040533 2987032.1360249021
0.99999839067459106 2991466.5965640261
0.9999983930587768 2995914.215738012
0.99999839544296254 3000375.0522034667
0.99999839782714839 3004849.1651748135
0.99999840021133424 3009336.6138021569
0.99999840259551998 3013837.4575874908
0.99999840497970571 3018351.7568083699
0.99999840736389145 3022879.5718934075
0.99999840974807719 3027420.963633582
0.99999841213226304 3031975.993397431
0.99999841451644889 3036544.7224977654
0.99999841690063462 3041127.2126154657
0.99999841928482036 3045723.5262309681
0.99999842166900621 3050333.726203525
0.99999842405319206 3054957.8753427714
0.9999984264373778 3059596.0368377017
0.99999842882156353 3064248.2746934765
0.99999843120574938 3068914.6533056498
0.99999843358993523 3073595.2370265997
0.99999843597412097 3078290.0905997567
0.99999843835830671 3082999.2796018445
0.99999844074249256 3087722.870012003
0.9999984431266784 3092460.9277729467
0.99999844551086414 3097213.5192305935
0.99999844789504988 3101980.7115818076
0.99999845027923573 3106762.5724383499
0.99999845266342158 3111559.1693826565
0.99999845504760732 3116370.5704129599
0.99999845743179305 3121196.8443966787
0.9999984598159789 3126038.0606290358
0.99999846220016475 3130894.2883834266
0.99999846458435049 3135765.5973621141
0.99999846696853623 3140652.0581553443
0.99999846935272207 3145553.741794602
0.99999847173690792 3150470.7192973988
0.99999847412109366 3155403.0621236842
0.9999984765052794 3160350.8426408055
0.99999847888946525 3165314.1336712656
0.9999984812736511 3170293.0080318958
0.99999848365783683 3175287.5389960213
0.99999848604202257 3180297.8007644261
0.99999848842620842 3185323.8680075104
0.99999849081039427 3190365.8153986805
0.99999849319458001 3195423.7180825016
0.99999849557876574 3200497.6521516698
0.99999849796295159 3205587.6941835103
0.99999850034713744 3210693.9207675378
0.99999850273132318 3215816.4089795738
0.99999850511550892 3220955.2368649924
0.99999850749969477 3226110.4829693721
0.99999850988388062 3231282.2258601077
0.99999851226806635 3236470.5446066819
0.99999851465225209 3241675.5192702357
0.99999851703643794 3246897.2304283031
0.99999851942062379 3252135.7586903726
0.99999852180480953 3257391.1851844075
0.99999852418899526 3262663.5920528593
0.99999852657318111 3267953.0619714418
0.99999852895736696 3273259.677658434
0.9999985313415527 3278583.5223676404
0.99999853372573844 3283924.6803909792
0.99999853610992429 3289283.2365711257
0.99999853849411013 3294659.2758045089
0.99999854087829587 3300052.8835407989
0.99999854326248161 3305464.1462922199
0.99999854564666746 3310893.1511399369
0.99999854803085331 3316339.9852306317
0.99999855041503904 3321804.7362826471
0.99999855279922478 3327287.493102164
0.99999855518341063 3332788.3450832162
0.99999855756759648 3338307.3816977339
0.99999855995178222 3343844.6930084582
0.99999856233596796 3349400.3701921282
0.9999985647201538 3354974.5050330232
0.99999856710433965 3360567.1894063121
0.99999856948852539 3366178.5157979177
0.99999857187271113 3371808.5778348399
0.99999857425689698 3377457.4697720972
0.99999857664108283 3383125.2859692597
0.99999857902526856 3388812.1214174116
0.9999985814094543 3394518.0722767436
0.99999858379364015 3400243.2353567937
0.999998586177826 3405987.7075860007
0.99999858856201174 3411751.5865459293
0.99999859094619747 3417534.9710163125
0.99999859333038332 3423337.9604483806
0.99999859571456917 3429160.6544274115
0.99999859809875491 3435003.153214281
0.99999860048294065 3440865.5582981259
0.9999986028671265 3446747.9718627115
0.99999860525131234 3452650.4962417022
0.99999860763549808 3458573.2344678091
0.99999861001968382 3464516.2908331989
0.99999861240386967 3470479.7703487133
0.99999861478805552 3476463.7781918254
0.99999861717224126 3482468.4202634548
0.99999861955642699 3488493.8037563008
0.99999862194061273 3494540.0363248051
0.99999862432479847 3500607.2263697055
0.99999862670898432 3506695.483328518
0.99999862909317017 3512804.9168320671
0.9999986314773559 3518935.6372731882
0.99999863386154164 3525087.7563872952
0.99999863624572738 3531261.3864051858
0.99999863862991312 3537456.6403438686
0.99999864101409897 3543673.6323034563
0.99999864339828481 3549912.4766061599
0.99999864578247055 3556173.2883772338
0.99999864816665629 3562456.1841382068
0.99999865055084214 3568761.2812361554
0.99999865293502799 3575088.6972606755
0.99999865531921373 3581438.5506332535
0.99999865770339946 3587810.9612091579
0.99999866008758531 3594206.0496988283
0.99999866247177116 3600623.9370767414
0.9999986648559569 3607064.7451793323
0.99999866724014264 3613528.5973157906
0.99999866962432848 3620015.6176813752
0.99999867200851433 3626525.930758018
0.99999867439270007 3633059.6619210225
0.99999867677688581 3639616.9380588764
0.99999867916107166 3646197.8869784554
0.99999868154525751 3652802.6367970756
0.99999868392944324 3659431.3165582232
0.99999868631362898 3666084.0568606411
0.99999868869781483 3672760.9892551191
0.99999869108200068 3679462.2456279714
0.99999869346618642 3686187.9588258984
0.99999869585037215 3692938.2632945869
0.999998698234558 3699713.2944669728
0.99999870061874385 3706513.1881378633
0.99999870300292959 3713338.0810982399
0.99999870538711533 3720188.1117835296
0.99999870777130118 3727063.4196531749
0.99999871015548703 3733964.1445562481
0.99999871253967276 3740890.427375372
0.9999987149238585 3747842.4106849222
0.99999871730804435 3754820.2381217144
0.9999987196922302 3761824.0537414202
0.99999872207641594 3768854.0026723272
0.99999872446060167 3775910.2317837146
0.99999872684478752 3782992.8890474802
0.99999872922897337 3790102.1228851336
0.99999873161315911 3797238.0828316663
0.99999873399734485 3804400.9202143303
0.9999987363815307 3811590.7875049887
0.99999873876571654 3818807.8376575401
0.99999874114990228 3826052.2247820925
0.99999874353408802 3833324.1048344178
0.99999874591827387 3840623.6349588437
0.99999874830245972 3847950.9728158652
0.99999875068664545 3855306.2772669168
0.99999875307083119 3862689.7090747212
0.99999875545501704 3870101.4302365552
0.99999875783920289 3877541.6033018413
0.99999876022338863 3885010.3920677104
0.99999876260757437 3892507.9622906363
0.99999876499176021 3900034.4810097399
0.99999876737594606 3907590.115854213
0.9999987697601318 3915175.0357499761
0.99999877214431754 3922789.4116427628
0.99999877452850339 3930433.4158113669
0.99999877691268924 3938107.2211646144
0.99999877929687497 3945811.0019593863
0.99999878168106071 3953544.9345354857
0.99999878406524656 3961309.1966185858
0.99999878644943241 3969103.9666065141
0.99999878883361815 3976929.4242989477
0.99999879121780388 3984785.7516443287
0.99999879360198973 3992673.1320323353
0.99999879598617558 4000591.7495691939
0.99999879837036132 4008541.7898193868
0.99999880075454706 4016523.4405649225
0.99999880313873291 4024536.8910870361
0.99999880552291875 4032582.3314304049
0.99999880790710449 4040659.9531570585
0.99999880909919736 4044710.8925805255
0.99999881029129023 4048769.9501183941
0.9999988114833831 4052837.1501982897
0.99999881267547608 4056912.5177258668
0.99999881386756906 4060996.0769470511
0.99999881505966193 4065087.8522038097
0.9999988162517548 4069187.8686990738
0.99999881744384767 4073296.151355946
0.99999881863594053 4077412.7251981194
0.9999988198280334 4081537.6153504066
0.99999882102012627 4085670.8470392167
0.99999882221221925 4089812.4459792143
0.99999882340431223 4093962.4372170554
0.9999988245964051 4098120.8458994492
0.99999882578849797 4102287.6980505558
0.99999882698059084 4106463.0194126647
0.99999882817268371 4110646.8358328021
0.99999882936477658 4114839.1732632867
0.99999883055686944 4119040.0577622536
0.99999883174896242 4123249.5158866304
0.9999988329410554 4127467.5735169849
0.99999883413314827 4131694.2566381306
0.99999883532524114 4135929.5921293469
0.99999883651733401 4140173.6065860349
0.99999883770942688 4144426.3267127066
0.99999883890151975 4148687.7793235313
0.99999884009361262 4152957.991342925
0.9999988412857056 4157236.9902050206
0.99999884247779858 4161524.8026591255
0.99999884366989145 4165821.455563202
0.99999884486198432 4170126.9766872143
0.99999884605407718 4174441.3935153238
0.99999884724617005 4178764.7336453674
0.99999884843826292 4183097.0247894609
0.99999884963035579 4187438.2947745915
0.99999885082244877 4191788.5719487849
0.99999885201454175 4196147.8839666611
0.99999885320663462 4200516.2585961567
0.99999885439872749 4204893.724535306
0.99999885559082036 4209280.310194443
0.99999885678291323 4213676.0441024089
0.99999885797500609 4218080.954907164
0.99999885916709896 4222495.0713764131
0.99999886035919194 4226918.4228106132
0.99999886155128492 4231351.0378081622
0.99999886274337779 4235792.9450856503
0.99999886393547066 4240244.1743084323
0.99999886512756353 4244704.7548523899
0.9999988663196564 4249174.7162169432
0.99999886751174927 4253654.0880257497
0.99999886870384214 4258142.9000273086
0.99999886989593512 4262641.1825150289
0.9999988710880281 4267148.9650715161
0.99999887228012097 4271666.2774026841
0.99999887347221383 4276193.1501824902
0.9999988746643067 4280729.6137937233
0.99999887585639957 4285275.69874804
0.99999887704849244 4289831.4356866563
0.99999887824058531 4294396.8553810455
0.99999887943267829 4298971.9891601661
0.99999888062477127 4303556.8676333316
0.99999888181686414 4308151.5215385873
0.99999888300895701 4312755.9826019118
0.99999888420104988 4317370.2822565073
0.99999888539314274 4321994.4520700425
0.99999888658523561 4326628.5237453831
0.99999888777732848 4331272.5291213123
0.99999888896942146 4335926.5006071636
0.99999889016151444 4340590.4698837148
0.99999889135360731 4345264.4687661314
0.99999889254570018 4349948.5300781094
0.99999889373779305 4354642.6863490567
0.99999889492988592 4359346.970248742
0.99999889612197879 4364061.4145880565
0.99999889731407166 4368786.0523197735
0.99999889850616464 4373520.9169807695
0.99999889969825762 4378266.0413703723
0.99999890089035048 4383021.4584282786
0.99999890208244335 4387787.2021239828
0.99999890327453622 4392563.3061313042
0.99999890446662909 4397349.804270626
0.99999890565872196 4402146.7305096947
0.99999890685081483 4406954.1189644411
0.99999890804290781 4411772.004348943
0.99999890923500079 4416600.4206306711
0.99999891042709366 4421439.4019237766
0.99999891161918653 4426288.9833941767
0.99999891281127939 4431149.1999108857
0.99999891400337226 4436020.0864960114
0.99999891519546513 4440901.6783255972
0.999998916387558 4445794.0107304826
0.99999891757965098 4450697.1196542876
0.99999891877174396 4455611.0402848786
0.99999891996383683 4460535.8079634411
0.9999989211559297 4465471.459105704
0.99999892234802257 4470418.0298293475
0.99999892354011544 4475375.5564120561
0.99999892473220831 4480344.0752923805
0.99999892592430117 4485323.6230706489
0.99999892711639404 4490314.2365098521
0.99999892830848691 4495315.9525365513
0.99999892950057978 4500328.8082418023
0.99999893069267265 4505352.840882048
0.99999893188476563 4510388.0883495305
0.99999893307685861 4515434.5877669072
0.99999893426895148 4520492.3764208304
0.99999893546104435 4525561.4927081158
0.99999893665313722 4530641.9747261768
0.99999893784523008 4535733.8607434714
0.99999893903732295 4540837.1892004432
0.99999894022941582 4545951.998710501
0.99999894142150869 4551078.3280609846
0.99999894261360156 4556216.2162141427
0.99999894380569443 4561365.7023081444
0.9999989449977873 4566526.8256580308
0.99999894618988028 4571699.6262390576
0.99999894738197326 4576884.1432429655
0.99999894857406613 4582080.4160370408
0.999998949766159 4587288.4851362957
0.99999895095825186 4592508.3907554047
0.99999895215034473 4597740.1732920446
0.9999989533424376 4602983.873327937
0.99999895453453047 4608239.5316298977
0.99999895572662345 4613507.1896420447
0.99999895691871643 4618786.8880156484
0.9999989581108093 4624078.6675857874
0.99999895930290217 4629382.5703614373
0.99999896049499504 4634698.63805087
0.99999896168708791 4640026.9125539036
0.99999896287918077 4645367.4359630011
0.99999896407127364 4650720.2505643694
0.99999896526336662 4656085.3993393322
0.9999989664554596 4661462.9244670263
0.99999896764755247 4666852.8683190932
0.99999896883964534 4672255.2744682366
0.99999897003173821 4677670.1861863183
0.99999897122383108 4683097.6469457671
0.99999897241592395 4688537.700420741
0.99999897360801682 4693990.390488294
0.9999989748001098 4699455.7617391609
0.99999897599220278 4704933.8579525175
0.99999897718429565 4710424.723109277
0.99999897837638851 4715928.4024195625
0.99999897956848138 4721444.9407927981
0.99999898076057425 4726974.3833484938
0.99999898195266712 4732516.7754175011
0.99999898314475999 4738072.1625432493
0.99999898433685297 4743640.5910021793
0.99999898552894595 4749222.1062498409
0.99999898672103882 4754816.7539532594
0.99999898791313169 4760424.5810378995
0.99999898910522456 4766045.6341289384
0.99999899029731742 4771679.9600717351
0.99999899148941029 4777327.6059331335
0.99999899268150316 4782988.6190027902
0.99999899387359614 4788663.0473235697
0.99999899506568912 4794350.9381081117
0.99999899625778199 4800052.3387908321
0.99999899744987486 4805767.298094973
0.99999899864196773 4811495.8644441832
0.9999989998340606 4817238.0864929771
0.99999900102615347 4822994.0131280981
0.99999900221824634 4828763.6934699342
0.99999900341033932 4834547.1774131665
0.9999990046024323 4840344.5140129374
0.99999900579452516 4846155.7525570886
0.99999900698661803 4851980.9436538648
0.9999990081787109 4857820.1376129473
0.99999900937080377 4863673.3849861873
0.99999901056289664 4869540.7365690498
0.99999901175498951 4875422.2434021095
0.99999901294708249 4881317.9573222389
0.99999901413917547 4887227.9293175638
0.99999901533126834 4893152.2106204443
0.99999901652336121 4899090.8538164748
0.99999901771545407 4905043.9111941
0.99999901890754694 4911011.4352958994
0.99999902009963981 4916993.478920131
0.99999902129173268 4922990.0951223047
0.99999902248382566 4929001.3377772449
0.99999902367591864 4935027.2599018663
0.99999902486801151 4941067.9147695927
0.99999902606010438 4947123.3570411978
0.99999902725219725 4953193.6410821434
0.99999902844429012 4959278.8215247029
0.99999902963638299 4965378.9532696214
0.99999903082847585 4971494.0914877532
0.99999903202056883 4977624.2921933504
0.99999903321266181 4983769.6105337087
0.99999903440475468 4989930.1019256171
0.99999903559684755 4996105.823208767
0.99999903678894042 5002296.830929785
0.99999903798103329 5008503.1819155738
0.99999903917312616 5014724.933275057
0.99999904036521903 5020962.1424009399
0.99999904155731201 5027214.8675545026
0.99999904274940499 5033483.1661211355
0.99999904394149786 5039767.0957695497
0.99999904513359072 5046066.7156283529
0.99999904632568359 5052382.0845358325
0.99999904751777646 5058713.2616248401
0.99999904870986933 5065060.3063246273
0.9999990499019622 5071423.2783627091
0.99999905109405518 5077802.2383615738
0.99999905228614816 5084197.2460590685
0.99999905347824103 5090608.3614909798
0.9999990546703339 5097035.6461915998
0.99999905586242677 5103479.1614081562
0.99999905705451964 5109938.9686975973
0.9999990582466125 5116415.1299285488
0.99999905943870537 5122907.707283305
0.99999906063079835 5129416.7638667608
0.99999906182289133 5135942.3618906206
0.9999990630149842 5142484.5638800897
0.99999906420707707 5149043.4338991074
0.99999906539916994 5155619.035728395
0.99999906659126281 5162211.4334745035
0.99999906778335568 5168820.691571896
0.99999906897544855 5175446.8747850461
0.99999907016754153 5182090.0488300342
0.99999907135963451 5188750.2785214121
0.99999907255172737 5195427.6290037856
0.99999907374382024 5202122.1670024712
0.99999907493591311 5208833.9589640498
0.99999907612800598 5215563.0716780489
0.99999907732009885 5222309.5722791767
0.99999907851219172 5229073.5282495236
0.9999990797042847 5235855.0080532292
0.99999908089637768 5242654.0792448381
0.99999908208847055 5249470.8097265512
0.99999908328056342 5256305.2690251246
0.99999908447265629 5263157.5263937516
0.99999908566474915 5270027.6514467811
0.99999908685684202 5276915.7141620899
0.99999908804893489 5283821.784883447
0.99999908924102787 5290745.9349686289
0.99999909043312085 5297688.234858078
0.99999909162521372 5304648.7553586336
0.99999909281730659 5311627.5689474847
0.99999909400939946 5318624.7478341963
0.99999909520149233 5325640.3646088764
0.9999990963935852 5332674.4922446935
0.99999909758567807 5339727.2041004095
0.99999909877777104 5346798.5745823719
0.99999909996986402 5353888.6771722464
0.99999910116195689 5360997.5857380237
0.99999910235404976 5368125.3758659856
0.99999910354614263 5375272.122881501
0.9999991047382355 5382437.9025111618
0.99999910593032837 5389622.7908854159
0.99999910712242124 5396826.8645412875
0.99999910831451422 5404050.2010987187
0.9999991095066072 5411292.8772460409
0.99999911069870007 5418554.970079165
0.99999911189079294 5425836.5584624242
0.9999991130828858 5433137.721006901
0.99999911427497867 5440458.5367468996
0.99999911546707154 5447799.0851427726
0.99999911665916441 5455159.446083812
0.99999911785125739 5462539.7005794207
0.99999911904335037 5469939.9287009323
0.99999912023544324 5477360.2109499527
0.99999912142753611 5484800.6296490133
0.99999912261962898 5492261.2668760195
0.99999912381172185 5499742.2051555859
0.99999912500381472 5507243.5274620317
0.99999912619590758 5514765.3172224825
0.99999912738800056 5522307.659023338
0.99999912858009354 5529870.6365070669
0.99999912977218641 5537454.3337705899
0.99999913096427928 5545058.8367867842
0.99999913215637215 5552684.2312936382
0.99999913334846502 5560330.6035008822
0.99999913454055789 5567998.0400932198
0.99999913573265076 5575686.6282336283
0.99999913692474374 5583396.4562856583
0.99999913811683672 5591127.611663701
0.99999913930892959 5598880.182262443
0.99999914050102245 5606654.2579102265
0.99999914169311532 5614449.9282114236
0.99999914288520819 5622267.2832688978
0.99999914407730106 5630106.413687475
0.99999914526939393 5637967.4105774518
0.99999914646148691 5645850.366293299
0.99999914765357989 5653755.3722358029
0.99999914884567276 5661682.5203136727
0.99999915003776563 5669631.9044298446
0.9999991512298585 5677603.6182754934
0.99999915242195136 5685597.7560688797
0.99999915361404423 5693614.4125590762
0.9999991548061371 5701653.683029714
0.99999915599822997 5709715.6633027345
0.99999915719032284 5717800.4497422213
0.99999915838241571 5725908.1392582301
0.99999915957450858 5734038.8293106537
0.99999916076660156 5742192.6186736031
0.99999916195869454 5750369.6051622834
0.99999916315078741 5758569.8871449167
0.99999916434288028 5766793.5650806269
0.99999916553497314 5775040.7392377835
0.99999916672706601 5783311.5104585318
0.99999916791915888 5791605.9801629148
0.99999916911125175 5799924.2503530085
0.99999917030334462 5808266.423617118
0.99999917149543749 5816632.6031339793
0.99999917268753036 5825022.8926770072
0.99999917387962323 5833437.3966186158
0.99999917507171621 5841876.2207215717
0.99999917626380919 5850339.4697867762
0.99999917745590206 5858827.2492180802
0.99999917864799492 5867339.666614526
0.99999917984008779 5875876.829409115
0.99999918103218066 5884438.8456603447
0.99999918222427353 5893025.8240567939
0.9999991834163664 5901637.8739217324
0.99999918460845938 5910275.1060233116
0.99999918580055236 5918937.6301672505
0.99999918699264523 5927625.5567985661
0.9999991881847381 5936338.9986316152
0.99999918937683097 5945078.0682334593
0.99999919056892383 5953842.8788342988
0.9999991917610167 5962633.5443323553
0.99999919295310957 5971450.1792988097
0.99999919414520255 5980292.8998075416
0.99999919533729553 5989161.820970756
0.9999991965293884 5998057.0585789261
0.99999919772148127 6006978.730770045
0.99999919891357414 6015926.9555556355
0.99999920010566701 6024901.8516507307
0.99999920129775988 6033903.5384791018
0.99999920248985275 6042932.136178555
0.99999920368194573 6051987.7664509369
0.99999920487403871 6061070.5500386581
0.99999920606613157 6070180.6084042462
0.99999920725822444 6079318.0654402599
0.99999920845031731 6088483.0449358644
0.99999920964241018 6097675.6714270711
0.99999921083450305 6106896.0702023786
0.99999921202659592 6116144.367308463
0.9999992132186889 6125420.6904211491
0.99999921441078188 6134725.1662607612
0.99999921560287475 6144057.9223127021
0.99999921679496762 6153419.088579555
0.99999921798706048 6162808.7949860664
0.99999921917915335 6172227.1722504441
0.99999922037124622 6181674.351890373
0.99999922156333909 6191150.4662291678
0.99999922275543207 6200655.6492885435
0.99999922394752505 6210190.034140504
0.99999922513961792 6219753.7546704961
0.99999922633171079 6229346.9473732803
0.99999922752380366 6238969.7486940892
0.99999922871589653 6248622.2959217271
0.9999992299079894 6258304.7271950711
0.99999923110008226 6268017.1815096792
0.99999923229217524 6277759.7996332031
0.99999923348426822 6287532.7213914609
0.99999923467636109 6297336.0874758037
0.99999923586845396 6307170.0412843805
0.99999923706054683 6317034.7261971515
0.9999992382526397 6326930.2864915961
0.99999923944473257 6336856.8673497597
0.99999924063682544 6346814.6148653403
0.99999924182891842 6356803.6769826356
0.9999992430210114 6366824.2007143563
0.99999924421310427 6376876.3339948393
0.99999924540519713 6386960.2275685603
0.99999924659729 6397076.0321964025
0.99999924778938287 6407223.8995949337
0.99999924898147574 6417403.9824440219
0.99999925017356861 6427616.4343944555
0.99999925136566159 6437861.4110313524
0.99999925255775457 6448139.0670210924
0.99999925374984744 6458449.5580122322
0.99999925494194031 6468793.0425730161
0.99999925613403318 6479169.6793263685
0.99999925732612605 6489579.6279136697
0.99999925851821891 6500023.0490029203
0.99999925971031178 6510500.1042970344
0.99999926090240476 6521010.9575226214
0.99999926209449774 6531555.7715033805
0.99999926328659061 6542134.7101105126
0.99999926447868348 6552747.9402512768
0.99999926567077635 6563395.628929886
0.99999926686286922 6574077.9442367684
0.99999926805496209 6584795.0553573947
0.99999926924705496 6595547.1325812303
0.99999927043914794 6606334.3483170141
0.99999927163124092 6617156.8740896331
0.99999927282333378 6628014.8825421389
0.99999927401542665 6638908.5494772783
0.99999927520751952 6649838.050841515
0.99999927639961239 6660803.5637407498
0.99999927759170526 6671805.2664499059
0.99999927878379813 6682843.3384225881
0.99999927997589111 6693917.961333937
0.99999928116798409 6705029.3159980178
0.99999928236007696 6716177.5844234638
0.99999928355216983 6727362.9519102378
0.9999992847442627 6738585.6039536484
0.99999928593635556 6749845.7272876939
0.99999928712844843 6761143.5098954393
0.9999992883205413 6772479.1410194514
0.99999928951263428 6783852.8122334341
0.99999929070472726 6795264.7142769136
0.99999929189682013 6806715.0391666982
0.999999293088913 6818203.9823512118
0.99999929428100587 6829731.7395312749
0.99999929547309874 6841298.5077322358
0.99999929666519161 6852904.4853152158
0.99999929785728447 6864549.8719884362
0.99999929904937745 6876234.869908778
0.99999930024147043 6887959.6804304933
0.9999993014335633 6899724.5062748175
0.99999930262565617 6911529.553744222
0.99999930381774904 6923375.0294566313
0.99999930500984191 6935261.1414476084
0.99999930620193478 6947188.0991824949
0.99999930739402765 6959156.1135687409
0.99999930858612063 6971165.3980887188
0.99999930977821361 6983216.1654588673
0.99999931097030648 6995308.6298599662
0.99999931216239935 7007443.0092138778
0.99999931335449221 7019619.5218276381
0.99999931454658508 7031838.3875269461
0.99999931573867795 7044099.827669384
0.99999931693077082 7056404.0651577963
0.9999993181228638 7068751.3256057128
0.99999931931495678 7081141.8339032941
0.99999932050704965 7093575.8165107742
0.99999932169914252 7106053.5038004434
0.99999932289123539 7118575.1266068928
0.99999932408332826 7131140.9173931666
0.99999932527542112 7143751.1102651544
0.99999932646751399 7156405.9409861462
0.99999932765960697 7169105.6481763506
0.99999932885169995 7181850.4697816363
0.99999933004379282 7194640.6454329984
0.99999933123588569 7207476.4188566273
0.99999933242797856 7220358.0343262935
0.99999933362007143 7233285.7378637055
0.9999993348121643 7246259.7772541717
0.99999933600425717 7259280.4020624254
0.99999933719635015 7272347.8648678157
0.99999933838844313 7285462.4176317155
0.999999339580536 7298624.3141259076
0.99999934077262886 7311833.8124137875
0.99999934196472173 7325091.1712007551
0.9999993431568146 7338396.6510702791
0.99999934434890747 7351750.5145009868
0.99999934554100034 7365153.0258839149
0.99999934673309332 7378604.4527950129
0.9999993479251863 7392105.0622568252
0.99999934911727917 7405655.1232389007
0.99999935030937204 7419254.9092134014
0.99999935150146491 7432904.6943990178
0.99999935269355777 7446604.7550344886
0.99999935388565064 7460355.3693972044
0.99999935507774351 7474156.8178220587
0.99999935626983649 7488009.3840130065
0.99999935746192947 7501913.3511944134
0.99999935865402234 7515869.0046867831
0.99999935984611521 7529876.6345401825
0.99999936103820808 7543936.5316670695
0.99999936223030095 7558048.9891549572
0.99999936342239382 7572214.3022867609
0.99999936461448669 7586432.7685614107
0.99999936580657967 7600704.6890463438
0.99999936699867265 7615030.3644135762
0.99999936819076551 7629410.0975943143
0.99999936938285838 7643844.1964938305
0.99999937057495125 7658332.9700082345
0.99999937176704412 7672876.729378215
0.99999937295913699 7687475.7882113159
0.99999937415122986 7702130.462504453
0.99999937534332284 7716841.0720393928
0.99999937653541582 7731607.9362983592
0.99999937772750869 7746431.3772012014
0.99999937891960156 7761311.7219056888
0.99999938011169442 7776249.298702972
0.99999938130378729 7791244.4384143939
0.99999938249588016 7806297.4744158927
0.99999938368797303 7821408.7426627278
0.9999993848800659 7836578.5817144513
0.99999938607215877 7851807.3327602148
0.99999938726425164 7867095.3396443333
0.99999938845634451 7882442.948892165
0.99999938964843749 7897850.511174052
0.99999939084053047 7913318.3770298241
0.99999939203262334 7928846.8997373721
0.9999993932247162 7944436.4382489016
0.99999939441680907 7960087.3528939579
0.99999939560890194 7975800.0068449229
0.99999939680099481 7991574.7661451055
0.99999939799308768 8007411.9997371659
0.99999939918518055 8023312.0794918789
0.99999940037727342 8039275.3802372403
0.99999940156936629 8055302.2797879316
0.99999940276145916 8071393.1589751132
0.99999940395355214 8087548.4031841774
0.99999940454959857 8095650.2816581866
0.99999940514564511 8103768.3978746189
0.99999940574169155 8111902.7976645092
0.99999940633773798 8120053.5315899076
0.99999940693378442 8128220.6488994602
0.99999940752983085 8136404.1990400087
0.99999940812587729 8144604.2316575581
0.99999940872192372 8152820.7965983162
0.99999940931797016 8161053.9439096702
0.99999940991401659 8169303.7238412341
0.99999941051006302 8177570.1868458427
0.99999941110610946 8185853.3835806018
0.99999941170215589 8194153.364907912
0.99999941229820233 8202470.1818965143
0.99999941289424887 8210803.8873763774
0.99999941349029531 8219154.5297275288
0.99999941408634174 8227522.1621947354
0.99999941468238829 8235906.8382459776
0.99999941527843472 8244308.6068740087
0.99999941587448116 8252727.5219679885
0.99999941647052759 8261163.6360707171
0.99999941706657403 8269617.0019398844
0.99999941766262046 8278087.6725491881
0.99999941825866689 8286575.7010894213
0.99999941885471333 8295081.1409696108
0.99999941945075976 8303604.0458181035
0.9999994200468062 8312144.4694837248
0.99999942064285263 8320702.4660368916
0.99999942123889907 8329278.0897707753
0.9999994218349455 8337871.3952024197
0.99999942243099205 8346482.4386795191
0.99999942302703848 8355111.2719625179
0.99999942362308492 8363757.9518493675
0.99999942421913146 8372422.5353798894
0.9999994248151779 8381105.0749802524
0.99999942541122433 8389805.6281475853
0.99999942600727076 8398524.2509989329
0.9999994266033172 8407260.9998846408
0.99999942719936363 8416015.931389641
0.99999942779541007 8424789.1023345999
0.9999994283914565 8433580.5697772224
0.99999942898750294 8442390.3910134062
0.99999942958354937 8451218.6235785726
0.99999943017959581 8460065.3252488431
0.99999943077564224 8468930.554042358
0.99999943137168867 8477814.3682204988
0.99999943196773522 8486716.827949157
0.99999943256378165 8495637.9886636697
0.99999943315982809 8504577.9110193867
0.99999943375587463 8513536.6559340358
0.99999943435192107 8522514.2795672547
0.9999994349479675 8531510.8433340322
0.99999943554401394 8540526.4072348028
0.99999943614006037 8549561.0315236785
0.99999943673610681 8558614.7767098304
0.99999943733215324 8567687.7035588138
0.99999943792819967 8576779.8730939552
0.99999943852424611 8585891.3465976883
0.99999943912029254 8595022.1856129505
0.99999943971633898 8604172.4519445654
0.99999944031238541 8613342.2076606341
0.99999944090843185 8622531.5150939468
0.99999944150447839 8631740.4385604989
0.99999944210052483 8640969.0374961141
0.99999944269657126 8650217.3767495956
0.99999944329261781 8659485.5214548595
0.99999944388866424 8668773.5318368245
0.99999944448471068 8678081.4735708218
0.99999944508075711 8687409.410882486
0.99999944567680354 8696757.4082736745
0.99999944627284998 8706125.5305239726
0.99999944686889641 8715513.8426922001
0.99999944746494285 8724922.410117887
0.99999944806098928 8734351.2984228209
0.99999944865703572 8743800.5735125486
0.99999944925308215 8753270.301577935
0.99999944984912859 8762760.5490966868
0.99999945044517502 8772271.3828349207
0.99999945104122157 8781802.8716260269
0.999999451637268 8791355.0792668983
0.99999945223331443 8800928.0751717575
0.99999945282936098 8810521.9290650506
0.99999945342540741 8820136.7056046315
0.99999945402145385 8829772.4751053546
0.99999945461750028 8839429.3063965961
0.99999945521354672 8849107.2686089557
0.99999945580959315 8858806.4311759062
0.99999945640563959 8868526.8638354614
0.99999945700168602 8878268.6366318222
0.99999945759773246 8888031.8199170996
0.99999945819377889 8897816.4843529593
0.99999945878982532 8907622.7009123676
0.99999945938587176 8917450.5408812929
0.99999945998191819 8927300.075860424
0.99999946057796474 8937171.3796076216
0.99999946117401117 8947064.5206809361
0.99999946177005761 8956979.5734723639
0.99999946236610415 8966916.6127119754
0.99999946296215059 8976875.7078986112
0.99999946355819702 8986856.9344071094
0.99999946415424346 8996860.3660906088
0.99999946475028989 9006886.0771312006
0.99999946534633632 9016934.1420417912
0.99999946594238276 9027004.6356679201
0.99999946653842919 9037097.6331896409
0.99999946713447563 9047213.2101233713
0.99999946773052206 9057351.4423238095
0.9999994683265685 9067512.4059857912
0.99999946892261493 9077696.1776462235
0.99999946951866137 9087902.8341859933
0.99999947011470791 9098132.4547394756
0.99999947071075435 9108385.1130705401
0.99999947130680078 9118660.8890069574
0.99999947190284733 9128959.8627455514
0.99999947249889376 9139282.109079767
0.99999947309494019 9149627.7089116778
0.99999947369098663 9159996.741584992
0.99999947428703306 9170389.2868032362
0.9999994748830795 9180805.4246318415
0.99999947547912593 9191245.2355001569
0.99999947607517237 9201708.800203532
0.9999994766712188 9212196.199905416
0.99999947726726524 9222707.5161394384
0.99999947786331167 9233242.8308115285
0.9999994784593581 9243802.2262020409
0.99999947905540454 9254385.7849679105
0.99999947965145108 9264993.5921229012
0.99999948024749752 9275625.7271318659
0.99999948084354395 9286282.2757680304
0.9999994814395905 9296963.3242081106
0.99999948203563693 9307668.9530455321
0.99999948263168337 9318399.2492296658
0.9999994832277298 9329154.2981146593
0.99999948382377624 9339934.185448898
0.99999948441982267 9350738.9973772801
0.99999948501586911 9361568.8204435408
0.99999948561191554 9372423.7415925339
0.99999948620796197 9383303.848172579
0.99999948680400841 9394209.2279377803
0.99999948740005484 9405139.9690504186
0.99999948799610128 9416096.1600832939
0.99999948859214771 9427077.8900221493
0.99999948918819426 9438085.2503207047
0.99999948978424069 9449118.326697275
0.99999949038028713 9460177.2114387583
0.99999949097633367 9471261.9972739946
0.99999949157238011 9482372.7711604275
0.99999949216842654 9493509.6266748365
0.99999949276447297 9504672.6557618417
0.99999949336051941 9515861.9507987704
0.99999949395656584 9527077.6045981497
0.99999949455261228 9538319.7104103286
0.99999949514865871 9549588.3619260136
0.99999949574470515 9560883.6532789133
0.99999949634075158 9572205.6790483184
0.99999949693679802 9583554.534261778
0.99999949753284445 9594930.3143977392
0.99999949812889088 9606333.1153882276
0.99999949872493743 9617763.0357530676
0.99999949932098386 9629220.1680815872
0.9999994999170303 9640704.6118092705
0.99999950051307684 9652216.4668564256
0.99999950110912328 9663755.8271753304
0.99999950170516971 9675322.7936184872
0.99999950230121615 9686917.4653695766
0.99999950289726258 9698539.94208798
0.99999950349330902 9710190.3239116315
0.99999950408935545 9721868.7114598937
0.99999950468540189 9733575.2058364693
0.99999950528144832 9745309.9086322971
0.99999950587749475 9757072.9219285101
0.99999950647354119 9768864.3482993767
0.99999950706958762 9780684.290815305
0.99999950766563406 9792532.8530458286
0.9999995082616806 9804410.1412776224
0.99999950885772704 9816316.2556629684
0.99999950945377347 9828251.3034966625
0.99999951004982002 9840215.3926064242
0.99999951064586645 9852208.6246463023
0.99999951124191289 9864231.1084706914
0.99999951183795932 9876282.9512289837
0.99999951243400576 9888364.2605945282
0.99999951303005219 9900475.1447678413
0.99999951362609862 9912615.7124798242
0.99999951422214506 9924786.0729950424
0.99999951481819149 9936986.3361149747
0.99999951541423793 9949216.6121813338
0.99999951601028436 9961477.0120793879
0.9999995166063308 9973767.6472413056
0.99999951720237723 9986088.6296495534
0.99999951779842378 9998440.0741437469
0.99999951839447021 10010822.089215878
0.99999951899051664 10023234.790817549
0.99999951958656319 10035678.295487283
0.99999952018260962 10048152.713374909
0.99999952077865606 10060658.162151806
0.99999952137470249 10073194.757749066
0.99999952197074893 10085762.616675984
0.99999952256679536 10098361.856023686
0.9999995231628418 10110992.593468748
0.99999952375888823 10123654.94727686
0.99999952435493467 10136349.036306528
0.9999995249509811 10149074.980012788
0.99999952554702753 10161832.898450948
0.99999952614307397 10174622.912280373
0.9999995267391204 10187445.142768284
0.99999952733516695 10200299.714190952
0.99999952793121338 10213186.744254159
0.99999952852725982 10226106.358463136
0.99999952912330636 10239058.682970751
0.9999995297193528 10252043.837316483
0.99999953031539923 10265061.948905699
0.99999953091144567 10278113.143369572
0.9999995315074921 10291197.54697861
0.99999953210353854 10304315.286646739
0.99999953269958497 10317466.489935411
0.9999995332956314 10330651.285057724
0.99999953389167784 10343869.800882604
0.99999953448772427 10357122.166938998
0.99999953508377071 10370408.513420098
0.99999953567981714 10383728.971187614
0.99999953627586358 10397083.671776064
0.99999953687191012 10410472.749894228
0.99999953746795656 10423896.333447486
0.99999953806400299 10437354.558505587
0.99999953866004954 10450847.561854452
0.99999953925609597 10464375.473431757
0.99999953985214241 10477938.431411013
0.99999954044818884 10491536.572159544
0.99999954104423527 10505170.032753063
0.99999954164028171 10518838.950980311
0.99999954223632814 10532543.465347661
0.99999954283237458 10546283.715083817
0.99999954342842101 10560059.840144526
0.99999954402446745 10573871.981217345
0.99999954462051388 10587720.279726388
0.99999954521656031 10601604.877837202
0.99999954581260675 10615525.918461598
0.99999954640865329 10629483.547865797
0.99999954700469973 10643477.905269314
0.99999954760074616 10657509.138448771
0.99999954819679271 10671577.395974377
0.99999954879283914 10685682.819322843
0.99999954938888558 10699825.558604937
0.99999954998493201 10714005.7620959
0.99999955058097845 10728223.578857547
0.99999955117702488 10742479.158743566
0.99999955177307132 10756772.652404694
0.99999955236911775 10771104.211294113
0.99999955296516418 10785473.987672713
0.99999955356121062 10799882.134614551
0.99999955415725705 10814328.806012264
0.99999955475330349 10828814.156582536
0.99999955534934992 10843338.34187163
0.99999955594539647 10857901.520977207
0.9999995565414429 10872503.845696257
0.99999955713748934 10887145.476806346
0.99999955773353588 10901826.575966444
0.99999955832958232 10916547.297486022
0.99999955892562875 10931307.804738214
0.99999955952167519 10946108.259234801
0.99999956011772162 10960948.823362941
0.99999956071376805 10975829.66039115
0.99999956130981449 10990750.934475265
0.99999956190586092 11005712.81066449
0.99999956250190736 11020715.454907481
0.99999956309795379 11035759.034058481
0.99999956369400023 11050843.715883495
0.99999956429004666 11065969.669066548
0.9999995648860931 11081137.063215964
0.99999956548213964 11096346.071707463
0.99999956607818608 11111596.860351272
0.99999956667423251 11126889.60439585
0.99999956727027906 11142224.480070902
0.99999956786632549 11157601.655989705
0.99999956846237192 11173021.31029374
0.99999956905841836 11188483.619241869
0.99999956965446479 11203988.760069449
0.99999957025051123 11219536.910995115
0.99999957084655766 11235128.251227602
0.9999995714426041 11250762.960972643
0.99999957203865053 11266441.221439891
0.99999957263469696 11282163.214849938
0.9999995732307434 11297929.124441372
0.99999957382678983 11313739.13447788
0.99999957442283627 11329593.430255447
0.99999957501888281 11345492.201075112
0.99999957561492925 11361435.628396502
0.99999957621097568 11377423.90361337
0.99999957680702223 11393457.21921451
0.99999957740306866 11409535.759794317
0.9999995779991151 11425659.719978929
0.99999957859516153 11441829.292496514
0.99999957919120797 11458044.671167171
0.9999995797872544 11474306.050910706
0.99999958038330083 11490613.627754403
0.99999958097934727 11506967.598840939
0.9999995815753937 11523368.162436306
0.99999958217144014 11539815.51793782
0.99999958276748657 11556309.865882225
0.99999958336353301 11572851.407953814
0.99999958395957944 11589440.346992675
0.99999958455562599 11606076.890106214
0.99999958515167242 11622761.236273449
0.99999958574771886 11639493.594946222
0.9999995863437654 11656274.17680151
0.99999958693981184 11673103.184332898
0.99999958753585827 11689980.830612946
0.9999995881319047 11706907.326808436
0.99999958872795114 11723882.885310294
0.99999958932399757 11740907.719742488
0.99999958992004401 11757982.044970997
0.99999959051609044 11775106.077112829
0.99999959111213688 11792280.033545144
0.99999959170818331 11809504.132914476
0.99999959230422975 11826778.595145971
0.99999959290027618 11844103.641452787
0.99999959349632261 11861479.49434551
0.99999959409236916 11878906.380892478
0.99999959468841559 11896384.519735832
0.99999959528446203 11913914.140577214
0.99999959588050857 11931495.47449268
0.99999959647655501 11949128.744075077
0.99999959707260144 11966814.183092596
0.99999959766864788 11984552.023409383
0.99999959826469431 12002342.498265641
0.99999959886074075 12020185.842287838
0.99999959945678718 12038082.291499035
0.99999960005283361 12056032.083329275
0.99999960064888005 12074035.45662611
0.99999960124492648 12092092.651665164
0.99999960184097292 12110203.910160845
0.99999960243701935 12128369.475277117
0.99999960303306579 12146589.591638397
0.99999960362911233 12164864.508749595
0.99999960422515877 12183194.467381176
0.9999996048212052 12201579.720004007
0.99999960541725175 12220020.520635147
0.99999960601329818 12238517.114498243
0.99999960660934462 12257069.758644164
0.99999960720539105 12275678.708233524
0.99999960780143748 12294344.21997807
0.99999960839748392 12313066.55215247
0.99999960899353035 12331845.964606253
0.99999960958957679 12350682.718775805
0.99999961018562322 12369577.077696512
0.99999961078166966 12388529.306015002
0.99999961137771609 12407539.670001505
0.99999961197376253 12426608.43756233
0.99999961256980896 12445735.878252417
0.99999961316585539 12464922.26328807
0.99999961376190183 12484167.865559783
0.99999961435794826 12503472.959645152
0.9999996149539947 12522837.821821935
0.99999961555004113 12542262.730081255
0.99999961614608757 12561747.964140872
0.999999616742134 12581293.805458648
0.99999961733818044 12600900.537246058
0.99999961793422698 12620568.448151033
0.99999961853027342 12640297.817606669
0.99999961912631985 12660088.937825652
0.9999996197223664 12679942.102875805
0.99999962031841283 12699857.597548701
0.99999962091445926 12719835.719561551
0.9999996215105057 12739876.764791543
0.99999962210655213 12759981.030982606
0.99999962270259857 12780148.817760153
0.999999623298645 12800380.426645923
0.99999962389469144 12820676.161073087
0.99999962449073787 12841036.326401357
0.99999962508678431 12861461.229932318
0.99999962568283074 12881951.180924889
0.99999962627887717 12902506.490610946
0.99999962687492361 12923127.472211057
0.99999962747097004 12943814.440950399
0.99999962806701648 12964567.714074824
0.99999962866306291 12985387.610867083
0.99999962925910935 13006274.452663181
0.99999962985515578 13027228.56286893
0.99999963045120221 13048250.266976628
0.99999963104724865 13069339.892581921
0.99999963164329508 13090497.769400796
0.99999963223934163 13111724.233246949
0.99999963283538806 13133019.610221395
0.9999996334314345 13154384.240452319
0.99999963402748104 13175818.466309611
0.99999963462352748 13197322.620387373
0.99999963521957391 13218897.04947648
0.99999963581562035 13240542.098626075
0.99999963641166678 13262258.11514792
0.99999963700771322 13284045.448634977
0.99999963760375965 13305904.45098016
0.99999963819980608 13327835.476395277
0.99999963879585252 13349838.881430175
0.99999963939189895 13371915.024992047
0.99999963998794539 13394064.268364958
0.99999964058399182 13416286.975229563
0.99999964118003826 13438583.511682974
0.9999996417760848 13460954.250432724
0.99999964237213124 13483399.554135712
0.99999964296817767 13505919.800419906
0.99999964356422422 13528515.369467217
0.99999964416027065 13551186.631345335
0.99999964475631709 13573933.971281325
0.99999964535236352 13596757.772862028
0.99999964594840995 13619658.422257347
0.99999964654445639 13642636.308242058
0.99999964714050282 13665691.822217777
0.99999964773654926 13688825.358235229
0.99999964833259569 13712037.313016634
0.99999964892864213 13735328.085978447
0.99999964952468856 13758698.079254234
0.999999650120735 13782147.697717818
0.99999965071678143 13805677.349006664
0.99999965131282798 13829287.447950762
0.99999965190887441 13852978.398990581
0.99999965250492084 13876750.62258745
0.99999965310096739 13900604.542122833
0.99999965369701382 13924540.570525426
0.99999965429306026 13948559.136954704
0.99999965488910669 13972660.669068847
0.99999965548515313 13996845.597485565
0.99999965608119956 14021114.355807824
0.999999656677246 14045467.380649706
0.99999965727329243 14069905.111662591
0.99999965786933886 14094427.991561662
0.9999996584653853 14119036.466152592
0.99999965906143173 14143730.984358583
0.99999965965747817 14168511.998247653
0.9999996602535246 14193379.963060224
0.99999966084957115 14218335.341893481
0.99999966144561758 14243378.587120064
0.99999966204166402 14268510.168306209
0.99999966263771056 14293730.558369661
0.999999663233757 14319040.219441744
0.99999966382980343 14344439.631082548
0.99999966442584987 14369929.271536656
0.9999996650218963 14395509.622452535
0.99999966561794273 14421181.168912852
0.99999966621398917 14446944.399465157
0.9999996668100356 14472799.806152862
0.99999966740608204 14498747.884546582
0.99999966800212847 14524789.133775778
0.99999966859817491 14550924.056560777
0.99999966919422134 14577153.159245113
0.99999966979026778 14603476.951828217
0.99999967038631432 14629895.952928333
0.99999967098236076 14656410.67011448
0.99999967157840719 14683021.629465645
0.99999967217445374 14709729.360922826
0.99999967277050017 14736534.383318776
0.9999996733665466 14763437.234260978
0.99999967396259304 14790438.450286223
0.99999967455863947 14817538.571862001
0.99999967515468591 14844738.143422514
0.99999967575073234 14872037.713405168
0.99999967634677878 14899437.834287424
0.99999967694282521 14926939.062624058
0.99999967753887165 14954541.95908487
0.99999967813491808 14982247.088492751
0.99999967873096451 15010055.019862235
0.99999967932701095 15037966.326438449
0.99999967992305749 15065981.590964476
0.99999968051910393 15094101.384828815
0.99999968111515036 15122326.299415044
0.99999968171119691 15150656.930575872
0.99999968230724334 15179093.862755267
0.99999968290328978 15207637.700691875
0.99999968349933621 15236289.048373016
0.99999968409538265 15265048.514344392
0.99999968469142908 15293916.711753191
0.99999968528747551 15322894.258391675
0.99999968588352195 15351981.776741194
0.99999968647956838 15381179.894016823
0.99999968707561482 15410489.242212413
0.99999968767166125 15439910.458146198
0.99999968826770769 15469444.183506893
0.99999968886375412 15499091.064900406
0.99999968945980067 15528851.759450952
0.9999996900558471 15558726.912654232
0.99999969065189354 15588717.191685662
0.99999969124794008 15618823.26891564
0.99999969184398652 15649045.805039397
0.99999969244003295 15679385.482772941
0.99999969303607938 15709842.984494565
0.99999969363212582 15740418.99789289
0.99999969422817225 15771114.216018653
0.99999969482421869 15801929.337337034
0.99999969542026512 15832865.065780649
0.99999969601631156 15863922.110803174
0.99999969661235799 15895101.187433526
0.99999969720840443 15926403.01633081
0.99999969780445086 15957828.323839767
0.99999969840049729 15989377.842047026
0.99999969899654384 16021052.314749405
0.99999969959259027 16052852.473888921
0.99999970018863671 16084779.075009732
0.99999970078468325 16116832.879723594
0.99999970138072969 16149014.637751952
0.99999970197677612 16181325.122809056
0.99999970227479928 16197528.876556959
0.99999970257282256 16213765.108804874
0.99999970287084583 16230033.911233036
0.99999970316886899 16246335.37586554
0.99999970346689215 16262669.607254148
0.99999970376491543 16279036.71039583
0.9999997040629387 16295436.778503802
0.99999970436096186 16311869.905142542
0.99999970465898502 16328336.196510118
0.9999997049570083 16344835.75925847
0.99999970525503157 16361368.688165348
0.99999970555305473 16377935.078367304
0.99999970585107789 16394535.037741851
0.99999970614910116 16411168.674629219
0.99999970644712444 16427836.085403992
0.9999997067451476 16444537.366807325
0.99999970704317076 16461272.628430089
0.99999970734119403 16478041.980334908
0.99999970763921731 16494845.520526351
0.99999970793724047 16511683.347383467
0.99999970823526374 16528555.578537043
0.99999970853328701 16545462.313236333
0.99999970883131017 16562403.651111193
0.99999970912933345 16579379.711165508
0.99999970942735672 16596390.5939127
0.99999970972537988 16613436.400252955
0.99999971002340315 16630517.250584066
0.99999971032142643 16647633.246703388
0.99999971061944959 16664784.4908014
0.99999971091747286 16681971.104690893
0.99999971121549613 16699193.191473367
0.9999997115135193 16716450.854649873
0.99999971181154246 16733744.211020814
0.99999971210956573 16751073.377896903
0.999999712407589 16768438.460150519
0.99999971270561216 16785839.563062392
0.99999971300363533 16803276.805328812
0.9999997133016586 16820750.306166589
0.99999971359968187 16838260.172256496
0.99999971389770503 16855806.510696612
0.9999997141957282 16873389.442118403
0.99999971449375147 16891009.087684315
0.99999971479177474 16908665.555921897
0.9999997150897979 16926358.955785278
0.99999971538782106 16944089.409881331
0.99999971568584434 16961857.04135868
0.99999971598386761 16979661.960631046
0.99999971628189077 16997504.278548229
0.99999971657991393 17015384.119733822
0.99999971687793721 17033301.60936413
0.99999971717596048 17051256.859779477
0.99999971747398364 17069249.983766001
0.99999971777200691 17087281.114730511
0.99999971807003019 17105350.366485413
0.99999971836805335 17123457.853296407
0.99999971866607662 17141603.710185777
0.99999971896409989 17159788.052461796
0.99999971926212305 17178010.99589362
0.99999971956014633 17196272.677144308
0.9999997198581696 17214573.2130422
0.99999972015619276 17232912.720884293
0.99999972045421603 17251291.339000184
0.99999972075223931 17269709.185762979
0.99999972105026247 17288166.380022343
0.99999972134828563 17306663.05490277
0.9999997216463089 17325199.344128337
0.99999972194433218 17343775.368171066
0.99999972224235534 17362391.247990351
0.9999997225403785 17381047.118950065
0.99999972283840177 17399743.117026154
0.99999972313642504 17418479.364835456
0.99999972343444821 17437255.985493295
0.99999972373247137 17456073.116650969
0.99999972403049464 17474930.896584626
0.99999972432851791 17493829.450103074
0.99999972462654108 17512768.902524956
0.99999972492456424 17531749.393838283
0.99999972522258751 17550771.064669013
0.99999972552061078 17569834.042066276
0.99999972581863394 17588938.45360072
0.99999972611665711 17608084.44164763
0.99999972641468038 17627272.149233699
0.99999972671270365 17646501.705697987
0.99999972701072681 17665773.240913123
0.99999972730875009 17685086.906896308
0.99999972760677336 17704442.834737457
0.99999972790479652 17723841.15606923
0.99999972820281979 17743282.024820555
0.99999972850084307 17762765.573861409
0.99999972879886623 17782291.936613925
0.9999997290968895 17801861.268949773
0.99999972939491277 17821473.705548804
0.99999972969293593 17841129.381652649
0.99999972999095921 17860828.455107335
0.99999973028898248 17880571.06243303
0.99999973058700564 17900357.340721443
0.9999997308850288 17920187.442429774
0.99999973118305208 17940061.520724058
0.99999973148107535 17959979.714626536
0.99999973177909851 17979942.163744416
0.99999973207712167 17999949.023195744
0.99999973237514495 18020000.448822692
0.99999973267316822 18040096.582206294
0.99999973297119138 18060237.565526228
0.99999973326921454 18080423.556620572
0.99999973356723781 18100654.714067224
0.99999973386526109 18120931.182064153
0.99999973416328425 18141253.105422147
0.99999973446130741 18161620.644760046
0.99999973475933068 18182033.961452648
0.99999973505735396 18202493.202374663
0.99999973535537712 18222998.515028115
0.99999973565340028 18243550.062875036
0.99999973595142355 18264148.010149956
0.99999973624944682 18284792.506465755
0.99999973654746999 18305483.702077508
0.99999973684549326 18326221.771088824
0.99999973714351653 18347006.865207512
0.99999973744153969 18367839.13679504
0.99999973773956297 18388718.762231439
0.99999973803758624 18409645.895355646
0.9999997383356094 18430620.690672051
0.99999973863363267 18451643.326875377
0.99999973893165595 18472713.959972747
0.99999973922967911 18493832.746648621
0.99999973952770238 18514999.867951613
0.99999973982572565 18536215.482094742
0.99999974012374881 18557479.74798055
0.99999974042177198 18578792.841102608
0.99999974071979525 18600154.937797807
0.99999974101781852 18621566.199280445
0.99999974131584168 18643026.787471015
0.99999974161386485 18664536.881044861
0.99999974191188812 18686096.659539565
0.99999974220991139 18707706.287241139
0.99999974250793455 18729365.929158952
0.99999974280595771 18751075.767223526
0.99999974310398099 18772835.984247115
0.99999974340200426 18794646.747659858
0.99999974370002742 18816508.225632895
0.99999974399805058 18838420.60342744
0.99999974429607386 18860384.067206442
0.99999974459409713 18882398.787618611
0.99999974489212029 18904464.936071839
0.99999974519014345 18926582.701235659
0.99999974548816672 18948752.272701837
0.99999974578619 18970973.824414298
0.99999974608421316 18993247.531094752
0.99999974638223643 19015573.593227722
0.9999997466802597 19037952.187280059
0.99999974697828287 19060383.490510788
0.99999974727630614 19082867.706133269
0.99999974757432941 19105405.013182543
0.99999974787235257 19127995.591500528
0.99999974817037585 19150639.647077154
0.99999974846839912 19173337.361561932
0.99999974876642228 19196088.917426161
0.99999974906444555 19218894.523485195
0.99999974936246883 19241754.364050154
0.99999974966049199 19264668.624269355
0.99999974995851515 19287637.507266566
0.99999975025653842 19310661.217175923
0.99999975055456169 19333739.94193266
0.99999975085258486 19356873.870330147
0.99999975115060802 19380063.209322847
0.99999975144863129 19403308.166899223
0.99999975174665456 19426608.934706882
0.99999975204467773 19449965.70527314
0.99999975234270089 19473378.689475078
0.99999975264072416 19496848.09924804
0.99999975293874743 19520374.130042862
0.99999975323677059 19543956.978212297
0.99999975353479376 19567596.858650606
0.99999975383281703 19591293.987335287
0.9999997541308403 19615048.563613921
0.99999975442886346 19638860.787758905
0.99999975472688662 19662730.878778983
0.9999997550249099 19686659.056791883
0.99999975532293317 19710645.525138199
0.99999975562095633 19734690.488106921
0.9999997559189796 19758794.177911784
0.99999975621700288 19782956.800953064
0.99999975651502604 19807178.564597555
0.99999975681304931 19831459.704353746
0.99999975711107258 19855800.4297386
0.99999975740909575 19880200.951254133
0.99999975770711902 19904661.507763632
0.99999975800514229 19929182.31195901
0.99999975830316545 19953763.577536207
0.99999975860118873 19978405.546774667
0.999999758899212 20003108.435600821
0.99999975919723516 20027872.460964583
0.99999975949525832 20052697.859364614
0.9999997597932816 20077584.868519116
0.99999976009130487 20102533.708762277
0.99999976038932803 20127544.60147826
0.99999976068735119 20152617.787811764
0.99999976098537446 20177753.510156713
0.99999976128339774 20202951.993366607
0.9999997615814209 20228213.463372327
0.99999976187944406 20253538.166080602
0.99999976217746733 20278926.348677985
0.99999976247549061 20304378.240652278
0.99999976277351377 20329894.072596911
0.99999976307153693 20355474.095300172
0.9999997633695602 20381118.560861677
0.99999976366758347 20406827.703522064
0.99999976396560664 20432601.758656669
0.9999997642636298 20458440.982058495
0.99999976456165307 20484345.630864345
0.99999976485967634 20510315.944189832
0.99999976515769951 20536352.162315231
0.99999976545572278 20562454.555901457
0.99999976575374605 20588623.367802698
0.99999976605176921 20614858.842061043
0.99999976634979248 20641161.253346395
0.99999976664781576 20667530.848324057
0.99999976694583892 20693967.874870874
0.99999976724386219 20720472.611741919
0.99999976754188546 20747045.309487734
0.99999976783990863 20773686.219894655
0.9999997681379319 20800395.625880793
0.99999976843595517 20827173.781957839
0.99999976873397833 20854020.94389803
0.9999997690320015 20880937.388822164
0.99999976933002477 20907923.39533494
0.99999976962804804 20934979.223350655
0.9999997699260712 20962105.134078152
0.99999977022409436 20989301.410317987
0.99999977052211764 21016568.33639235
0.99999977082014091 21043906.177760586
0.99999977111816407 21071315.201211631
0.99999977141618723 21098795.695373673
0.99999977171421051 21126347.950435463
0.99999977201223378 21153972.237548284
0.99999977231025694 21181668.829229277
0.9999997726082801 21209438.02008675
0.99999977290630337 21237280.106329776
0.99999977320432665 21265195.364953224
0.99999977350234981 21293184.074355155
0.99999977380037297 21321246.535281412
0.99999977409839624 21349383.050120033
0.99999977439641952 21377593.901865888
0.99999977469444268 21405879.374955639
0.99999977499246595 21434239.787014175
0.99999977529048922 21462675.425642055
0.99999977558851239 21491186.579911463
0.99999977588653566 21519773.572366443
0.99999977618455893 21548436.69530635
0.99999977648258209 21577176.242532566
0.99999977678060537 21605992.541605916
0.99999977707862864 21634885.889619764
0.9999997773766518 21663856.58520079
0.99999977767467507 21692904.961026452
0.99999977797269834 21722031.319081765
0.99999977827072151 21751235.962917045
0.99999977856874467 21780519.219505165
0.99999977886676794 21809881.417640403
0.99999977916479121 21839322.865985893
0.99999977946281438 21868843.87481403
0.99999977976083754 21898444.778101195
0.99999978005886081 21928125.911693577
0.99999978035688408 21957887.591116108
0.99999978065490724 21987730.133548316
0.99999978095293041 22017653.880160499
0.99999978125095368 22047659.174042847
0.99999978154897695 22077746.337771699
0.99999978184700011 22107915.695624962
0.99999978214502327 22138167.596163552
0.99999978244304655 22168502.389919989
0.99999978274106982 22198920.406718042
0.99999978303909298 22229421.978131536
0.99999978333711614 22260007.460315254
0.99999978363513942 22290677.211448945
0.99999978393316269 22321431.568806354
0.99999978423118585 22352270.87146141
0.99999978452920912 22383195.494909003
0.9999997848272324 22414205.782147333
0.99999978512525556 22445302.078013536
0.99999978542327883 22476484.764093738
0.9999997857213021 22507754.189231344
0.99999978601932527 22539110.704148397
0.99999978631734854 22570554.696648613
0.99999978661537181 22602086.521544375
0.99999978691339497 22633706.535567433
0.99999978721141825 22665415.132868603
0.99999978750944152 22697212.674356192
0.99999978780746468 22729099.522899631
0.99999978810548784 22761076.067200679
0.99999978840351111 22793142.698218003
0.99999978870153439 22825299.785190832
0.99999978899955755 22857547.699376937
0.99999978929758071 22889886.838195
0.99999978959560398 22922317.601383515
0.99999978989362726 22954840.366752051
0.99999979019165042 22987455.51418807
0.99999979048967358 23020163.450075194
0.99999979078769685 23052964.583181966
0.99999979108572012 23085859.300135899
0.99999979138374329 23118847.989703897
0.99999979168176645 23151931.067491099
0.99999979197978972 23185108.951554887
0.99999979227781299 23218382.037597001
0.99999979257583615 23251750.72352219
0.99999979287385932 23285215.434422605
0.99999979317188259 23318776.597912215
0.99999979346990586 23352434.619032223
0.99999979376792902 23386189.905092712
0.9999997940659523 23420042.903576992
0.99999979436397557 23453994.026710492
0.99999979466199873 23488043.689038485
0.999999794960022 23522192.345662005
0.99999979525804528 23556440.416149188
0.99999979555606844 23590788.322440378
0.99999979585409171 23625236.527419928
0.99999979615211498 23659785.45816141
0.99999979645013815 23694435.544164326
0.99999979674816142 23729187.256266296
0.99999979704618469 23764041.02921338
0.99999979734420785 23798997.300232712
0.99999979764223101 23834056.535209835
0.99999979794025429 23869219.202855814
0.99999979823827756 23904485.748414263
0.99999979853630072 23939856.619685743
0.99999979883432388 23975332.29351671
0.99999979913234716 24010913.249661922
0.99999979943037043 24046599.944178406
0.99999979972839359 24082392.835758802
0.99999980002641675 24118292.412537545
0.99999980032444002 24154299.165643051
0.9999998006224633 24190413.562273085
0.99999980092048646 24226636.072342604
0.99999980121850962 24262967.195612852
0.99999980151653289 24299407.434927795
0.99999980181455617 24335957.268965248
0.99999980211257933 24372617.179204725
0.99999980241060249 24409387.677385423
0.99999980270862576 24446269.278421264
0.99999980300664904 24483262.47282178
0.9999998033046722 24520367.753985874
0.99999980360269547 24557585.659880485
0.99999980390071874 24594916.690127514
0.9999998041987419 24632361.347306143
0.99999980449676518 24669920.179013979
0.99999980479478845 24707593.694196071
0.99999980509281161 24745382.404824588
0.99999980539083488 24783286.868347678
0.99999980568885816 24821307.603250217
0.99999980598688132 24859445.131115939
0.99999980628490459 24897700.019469552
0.99999980658292786 24936072.796558429
0.99999980688095103 24974563.993802622
0.99999980717897419 25013174.174630005
0.99999980747699746 25051903.906046081
0.99999980777502073 25090753.729672164
0.99999980807304389 25129724.190403942
0.99999980837106706 25168815.865607075
0.99999980866909033 25208029.33633513
0.9999998089671136 25247365.158005811
0.99999980926513676 25286823.889416791
0.99999980956315992 25326406.122308552
0.9999998098611832 25366112.452223908
0.99999981015920647 25405943.44881548
0.99999981045722963 25445899.685225483
0.99999981075525279 25485981.768022895
0.99999981105327607 25526190.307697706
0.99999981135129934 25566525.888592776
0.9999998116493225 25606989.098654423
0.99999981194734566 25647580.55975106
0.99999981224536894 25688300.897795372
0.99999981254339221 25729150.712293308
0.99999981284141537 25770130.606472533
0.99999981313943864 25811241.233329356
0.99999981343746192 25852483.204063337
0.99999981373548508 25893857.133687511
0.99999981403350835 25935363.687519751
0.99999981433153162 25977003.488737542
0.99999981462955478 26018777.164426312
0.99999981492757806 26060685.392521687
0.99999981522560133 26102728.808471683
0.99999981552362449 26144908.051729575
0.99999981582164776 26187223.813153513
0.99999981611967104 26229676.740763314
0.9999998164176942 26272267.486684166
0.99999981671571736 26314996.739066761
0.99999981701374063 26357865.190648369
0.99999981731176391 26400873.506695163
0.99999981760978707 26444022.356716912
0.99999981790781023 26487312.44680728
0.9999998182058335 26530744.487795632
0.99999981850385677 26574319.162767798
0.99999981880187994 26618037.159196995
0.9999998190999031 26661899.201712668
0.99999981939792637 26705906.019834977
0.99999981969594964 26750058.315065689
0.9999998199939728 26794356.793443572
0.99999982029199597 26838802.198750351
0.99999982059001924 26883395.279819701
0.99999982088804251 26928136.757189669
0.99999982118606567 26973027.356090926
0.99999982148408884 27018067.840098899
0.99999982178211211 27063258.978008557
0.99999982208013538 27108601.510039702
0.99999982237815854 27154096.181266882
0.99999982267618182 27199743.792760141
0.99999982297420509 27245545.099940035
0.99999982327222825 27291500.863207832
0.99999982357025152 27337611.899606671
0.9999998238682748 27383878.980147392
0.99999982416629796 27430302.880951326
0.99999982446432123 27476884.435440097
0.9999998247623445 27523624.430616286
0.99999982506036766 27570523.658726901
0.99999982535839094 27617582.969989751
0.99999982565641421 27664803.167813167
0.99999982595443737 27712185.060987972
0.99999982625246053 27759729.499216784
0.99999982655048381 27807437.338163618
0.99999982684850708 27855309.403777391
0.99999982714653024 27903346.527580447
0.9999998274445534 27951549.582691725
0.99999982774257667 27999919.44839653
0.99999982804059995 28048456.973975204
0.99999982833862311 28097163.014480457
0.99999982863664627 28146038.467264961
0.99999982893466954 28195084.236061346
0.99999982923269282 28244301.194305569
0.99999982953071598 28293690.221413497
0.99999982982873914 28343252.239823472
0.99999983012676241 28392988.17857644
0.99999983042478569 28442898.9361233
0.99999983072280885 28492985.417111389
0.99999983102083201 28543248.569952954
0.99999983131885528 28593689.349894911
0.99999983161687855 28644308.681299388
0.99999983191490172 28695107.494950775
0.99999983221292499 28746086.785186537
0.99999983251094826 28797247.496413611
0.99999983280897142 28848590.579636961
0.9999998331069947 28900117.050205559
0.99999983340501797 28951827.873113994
0.99999983370304113 29003724.020136591
0.9999998340010644 29055806.528198175
0.99999983429908768 29108076.383441713
0.99999983459711084 29160534.578977436
0.99999983489513411 29213182.173888884
0.99999983519315738 29266020.17604642
0.99999983549118054 29319049.600481376
0.99999983578920371 29372271.509175263
0.99999983608722698 29425686.971976958
0.99999983638525025 29479297.026660442
0.99999983668327341 29533102.718429126
0.99999983698129657 29587105.140291039
0.99999983727931985 29641305.393408641
0.99999983757734312 29695704.546570249
0.99999983787536628 29750303.676274087
0.99999983817338944 29805103.907702625
0.99999983847141272 29860106.374492627
0.99999983876943599 29915312.177607141
0.99999983906745915 29970722.426012423
0.99999983936548231 30026338.278264772
0.99999983966350559 30082160.901687969
0.99999983996152886 30138191.430632722
0.99999984025955202 30194431.007759575
0.99999984055757518 30250880.826252092
0.99999984085559845 30307542.088388804
0.99999984115362173 30364415.963176094
0.99999984145164489 30421503.628250901
0.99999984174966805 30478806.312734649
0.99999984204769132 30536325.25518601
0.9999998423457146 30594061.660593238
0.99999984264373776 30652016.742910672
0.99999984294176092 30710191.768568248
0.99999984323978419 30768588.013791066
0.99999984353780746 30827206.720936671
0.99999984383583063 30886049.141679898
0.99999984413385379 30945116.58119313
0.99999984443187706 31004410.354818404
0.99999984472990033 31063931.743734546
0.9999998450279235 31123682.038805392
0.99999984532594666 31183662.585446499
0.99999984562396993 31243874.739634987
0.9999998459219932 31304319.822891079
0.99999984622001636 31364999.166805129
0.99999984651803964 31425914.181343708
0.99999984681606291 31487066.219323751
0.99999984711408607 31548456.643933166
0.99999984741210934 31610086.897842113
0.99999984771013262 31671958.366091408
0.99999984800815578 31734072.444404487
0.99999984830617905 31796430.609118182
0.99999984860420232 31859034.278457437
0.99999984890222549 31921884.881652746
0.99999984920024876 31984983.92970505
0.99999984949827203 32048332.875018228
0.99999984979629519 32111933.181336246
0.99999985009431835 32175786.371522937
0.99999985039234163 32239893.980765689
0.9999998506903649 32304257.508650031
0.99999985098838806 32368878.466566715
0.99999985113739964 32401285.973970033
0.99999985128641122 32433758.426264342
0.99999985143542292 32466296.043137241
0.9999998515844345 32498898.972309768
0.99999985173344608 32531567.434994511
0.99999985188245777 32564301.653392106
0.99999985203146935 32597101.777308874
0.99999985218048093 32629968.030493863
0.99999985232949251 32662900.613136541
0.99999985247850409 32695899.726235222
0.99999985262751578 32728965.596262041
0.99999985277652736 32762098.376573481
0.99999985292553895 32795298.295230098
0.99999985307455064 32828565.581317943
0.99999985322356222 32861900.390369423
0.9999998533725738 32895302.953083619
0.99999985352158538 32928773.47623666
0.99999985367059696 32962312.16744696
0.99999985381960865 32995919.260244232
0.99999985396862023 33029594.913865991
0.99999985411763181 33063339.363497034
0.99999985426664351 33097152.84538677
0.99999985441565509 33131035.521044001
0.99999985456466667 33164987.628399055
0.99999985471367825 33199009.381087881
0.99999985486268983 33233100.993623793
0.99999985501170152 33267262.706880551
0.9999998551607131 33301494.68623497
0.99999985530972468 33335797.174285889
0.99999985545873638 33370170.41473785
0.99999985560774796 33404614.575339161
0.99999985575675954 33439129.901546575
0.99999985590577112 33473716.61414272
0.9999998560547827 33508374.934824388
0.99999985620379439 33543105.112110142
0.99999985635280597 33577907.31778764
0.99999985650181755 33612781.802174054
0.99999985665082924 33647728.81673535
0.99999985679984082 33682748.535736099
0.99999985694885241 33717841.212469406
0.99999985709786399 33753007.075165898
0.99999985724687557 33788246.353009105
0.99999985739588726 33823559.302478202
0.99999985754489884 33858946.102057353
0.99999985769391042 33894407.010101676
0.99999985784292211 33929942.286160216
0.99999985799193369 33965552.111305021
0.99999985814094527 34001236.746991105
0.99999985828995686 34036996.429213807
0.99999985843896844 34072831.394962139
0.99999985858798013 34108741.909007609
0.99999985873699171 34144728.156831652
0.99999985888600329 34180790.40516305
0.99999985903501498 34216928.921971917
0.99999985918402656 34253143.895444341
0.99999985933303814 34289435.595539324
0.99999985948204972 34325804.266349964
0.99999985963106131 34362250.153005891
0.999999859780073 34398773.528919652
0.99999985992908458 34435374.58688651
0.99999986007809616 34472053.602361873
0.99999986022710785 34508810.852092184
0.99999986037611943 34545646.531700455
0.99999986052513101 34582560.920009233
0.9999998606741427 34619554.297151439
0.99999986082315429 34656626.861625582
0.99999986097216587 34693778.895674564
0.99999986112117756 34731010.68287126
0.99999986127018914 34768322.424638525
0.99999986141920072 34805714.406693757
0.99999986156821241 34843186.916104391
0.99999986171722399 34880740.15726734
0.99999986186623557 34918374.419429749
0.99999986201524727 34956089.993209235
0.99999986216425885 34993887.086027466
0.99999986231327043 35031765.990717709
0.99999986246228212 35069727.001504414
0.9999998626112937 35107770.328885779
0.99999986276030528 35145896.269338556
0.99999986290931697 35184105.120751865
0.99999986305832855 35222397.096753217
0.99999986320734013 35260772.497521333
0.99999986335635183 35299231.624668956
0.99999986350536341 35337774.695006758
0.99999986365437499 35376402.01247514
0.99999986380338668 35415113.882470474
0.99999986395239826 35453910.525041543
0.99999986410140984 35492792.247951262
0.99999986425042142 35531759.331376329
0.999999864399433 35570812.056724966
0.99999986454844469 35609950.735836402
0.99999986469745628 35649175.594281323
0.99999986484646786 35688486.94633197
0.99999986499547955 35727885.107777268
0.99999986514449113 35767370.307578042
0.99999986529350271 35806942.863997199
0.99999986544251429 35846603.067255981
0.99999986559152587 35886351.208862677
0.99999986574053756 35926187.611333072
0.99999986588954914 35966112.509410277
0.99999986603856073 36006126.228154175
0.99999986618757242 36046229.094205193
0.999999866336584 36086421.345857061
0.99999986648559558 36126703.31233751
0.99999986663460716 36167075.294366546
0.99999986678361874 36207537.59400972
0.99999986693263043 36248090.544933729
0.99999986708164201 36288734.391489379
0.99999986723065359 36329469.470004611
0.99999986737966529 36370296.118455201
0.99999986752867687 36411214.584912017
0.99999986767768845 36452225.210057661
0.99999986782670003 36493328.305590011
0.99999986797571161 36534524.184614152
0.9999998681247233 36575813.192447759
0.99999986827373488 36617195.58350908
0.99999986842274646 36658671.705900729
0.99999986857175815 36700241.909443989
0.99999986872076974 36741906.452456154
0.99999986886978132 36783665.687591568
0.9999998690187929 36825519.938031502
0.99999986916780448 36867469.528429508
0.99999986931681617 36909514.816281825
0.99999986946582775 36951656.066559859
0.99999986961483933 36993893.639675342
0.99999986976385102 37036227.897833362
0.9999998699128626 37078659.110093594
0.99999987006187419 37121187.641627468
0.99999987021088588 37163813.859428801
0.99999987035989746 37206538.036719292
0.99999987050890904 37249360.543511011
0.99999987065792073 37292281.751668014
0.99999987080693231 37335301.938649341
0.99999987095594389 37378421.479390278
0.99999987110495558 37421640.750708379
0.99999987125396717 37464960.034376845
0.99999987140297875 37508379.710338593
0.99999987155199044 37551900.160449542
0.99999987170100202 37595521.670875669
0.9999998718500136 37639244.626653537
0.99999987199902529 37683069.414764196
0.99999987214803687 37726996.325846583
0.99999987229704845 37771025.750118807
0.99999987244606015 37815158.079775549
0.99999987259507173 37859393.610010706
0.99999987274408331 37903732.736313649
0.999999872893095 37948175.856183045
0.99999987304210658 37992723.269451477
0.99999987319111816 38037375.376971178
0.99999987334012985 38082132.581637122
0.99999987348914143 38126995.18800611
0.99999987363815301 38171963.602386788
0.99999987378716459 38217038.199541815
0.99999987393617618 38262219.356005773
0.99999987408518787 38307507.483877845
0.99999987423419945 38352902.895783707
0.99999987438321103 38398406.007339306
0.99999987453222272 38444017.236295894
0.9999998746812343 38489736.900240697
0.99999987483024588 38535565.42050539
0.99999987497925746 38581503.186325796
0.99999987512826904 38627550.588795729
0.99999987527728074 38673708.055309065
0.99999987542629232 38719975.911929123
0.9999998755753039 38766354.589739352
0.99999987572431559 38812844.522056215
0.99999987587332717 38859446.040156141
0.99999987602233875 38906159.581112564
0.99999987617135033 38952985.549340047
0.99999987632036191 38999924.35120213
0.99999987646937361 39046976.430121906
0.99999987661838519 39094142.126283474
0.99999987676739677 39141421.886982478
0.99999987691640846 39188816.161851011
0.99999987706542004 39236325.296552949
0.99999987721443162 39283949.744664364
0.9999998773634432 39331689.92652566
0.99999987751245478 39379546.264522694
0.99999987766146647 39427519.218885414
0.99999987781047806 39475609.144643053
0.99999987795948964 39523816.506092064
0.99999987810850133 39572141.769974738
0.99999987825751291 39620585.297082938
0.99999987840652449 39669147.558301196
0.99999987855553607 39717828.99068749
0.99999987870454765 39766630.033447526
0.99999987885355934 39815551.164441772
0.99999987900257092 39864592.754313216
0.9999998791515825 39913755.285194576
0.9999998793005942 39963039.241780147
0.99999987944960578 40012445.000775762
0.99999987959861736 40061973.051228233
0.99999987974762905 40111623.884791143
0.99999987989664063 40161397.884350441
0.99999988004565221 40211295.545994401
0.9999998801946639 40261317.368464082
0.99999988034367548 40311463.740945607
0.99999988049268707 40361735.166698761
0.99999988064169876 40412132.151683301
0.99999988079071034 40462655.091508225
0.99999988093972192 40513304.496737875
0.99999988108873361 40564080.880684778
0.99999988123774519 40614984.645506404
0.99999988138675677 40666016.309207723
0.99999988153576846 40717176.392591089
0.99999988168478005 40768465.304490946
0.99999988183379163 40819883.570492022
0.99999988198280332 40871431.719026662
0.9999998821318149 40923110.165737815
0.99999988228082648 40974919.443932176
0.99999988242983817 41026860.08981555
0.99999988257884975 41078932.525973879
0.99999988272786133 41131137.293581337
0.99999988287687303 41183474.93676386
0.99999988302588461 41235945.885188073
0.99999988317489619 41288550.688044459
0.99999988332390777 41341289.858185209
0.99999988347291935 41394163.911085673
0.99999988362193104 41447173.404407062
0.99999988377094262 41500318.77993191
0.9999998839199542 41553600.600551412
0.99999988406896589 41607019.43225459
0.99999988421797747 41660575.724287935
0.99999988436698906 41714270.047972791
0.99999988451600064 41768102.93762514
0.99999988466501222 41822074.930322267
0.99999988481402391 41876186.606289089
0.99999988496303549 41930438.427546956
0.99999988511204707 41984830.979829088
0.99999988526105876 42039364.852121703
0.99999988541007034 42094040.514317982
0.99999988555908192 42148858.561021313
0.99999988570809351 42203819.54914622
0.99999988585710509 42258924.038515359
0.99999988600611678 42314172.633095808
0.99999988615512836 42369565.816257328
0.99999988630413994 42425104.197771415
0.99999988645315163 42480788.390827373
0.99999988660216321 42536618.887101337
0.99999988675117479 42592596.305703029
0.99999988690018637 42648721.227352969
0.99999988704919796 42704994.235836193
0.99999988719820965 42761415.960115403
0.99999988734722123 42817986.906091034
0.99999988749623281 42874707.7088456
0.9999998876452445 42931579.007054716
0.99999988779425608 42988601.31538827
0.99999988794326766 43045775.278765254
0.99999988809227924 43103101.502997965
0.99999988824129082 43160580.597129658
0.99999988839030252 43218213.216453195
0.9999998885393141 43275999.890659861
0.99999988868832568 43333941.281498425
0.99999988883733737 43392038.054497071
0.99999988898634895 43450290.748610601
0.99999988913536053 43508700.03595487
0.99999988928437222 43567266.592498079
0.9999998894333838 43625990.966652192
0.99999988958239538 43684873.841108017
0.99999988973140708 43743915.902483381
0.99999988988041866 43803117.708845921
0.99999989002943024 43862479.953674316
0.99999989017844193 43922003.334450766
0.99999989032745351 43981688.419101946
0.99999989047646509 44041535.912112586
0.99999989062547678 44101546.522049181
0.99999989077448836 44161720.826906025
0.99999989092349995 44222059.542397335
0.99999989107251164 44282563.388399318
0.99999989122152322 44343232.953187563
0.9999998913705348 44404068.963934794
0.99999989151954649 44465072.152057849
0.99999989166855807 44526243.116332799
0.99999989181756965 44587582.59562549
0.99999989196658134 44649091.333130047
0.99999989211559293 44710769.93834769
0.99999989226460451 44772619.162077874
0.9999998924136162 44834639.759534568
0.99999989256262778 44896832.351174496
0.99999989271163936 44959197.699977249
0.99999989286065094 45021736.526765287
0.99999989300966252 45084449.55637686
0.99999989315867421 45147337.564614475
0.99999989330768579 45210401.190722093
0.99999989345669738 45273641.218544021
0.99999989360570907 45337058.436579466
0.99999989375472065 45400653.495671518
0.99999989390373223 45464427.192532547
0.99999989405274381 45528380.280908227
0.99999989420175539 45592513.518790737
0.99999989435076708 45656827.716434009
0.99999989449977866 45721323.54457809
0.99999989464879024 45786001.821985498
0.99999989479780194 45850863.372330286
0.99999989494681352 45915908.878640473
0.9999998950958251 45981139.17328205
0.99999989524483668 46046555.044825271
0.99999989539384826 46112157.286333613
0.99999989554285995 46177946.744482815
0.99999989569187153 46243924.123385981
0.99999989584088311 46310090.27872695
0.9999998959898948 46376446.07137537
0.99999989613890639 46442992.218470089
0.99999989628791797 46509729.590085216
0.99999989643692955 46576659.01165016
0.99999989658594113 46643781.313351847
0.99999989673495282 46711097.380395792
0.9999998968839644 46778607.952279016
0.99999989703297598 46846313.923750259
0.99999989718198767 46914216.195037194
0.99999989733099925 46982315.519453526
0.99999989748001084 47050612.806980543
0.99999989762902242 47119108.922085814
0.999999897778034 47187804.734277509
0.99999989792704569 47256701.169547968
0.99999989807605727 47325799.004934236
0.99999989822506885 47395099.176545426
0.99999989837408054 47464602.626283392
0.99999989852309212 47534310.145850249
0.9999998986721037 47604222.687490255
0.9999998988211154 47674341.209363766
0.99999989897012698 47744666.518171951
0.99999989911913856 47815199.582649238
0.99999989926815025 47885941.377572745
0.99999989941716183 47956892.724985696
0.99999989956617341 48028054.610477217
0.9999998997151851 48099428.02580899
0.99999989986419668 48171013.808718696
0.99999990001320826 48242812.962024383
0.99999990016221996 48314826.494850025
0.99999990031123154 48387055.260989696
0.99999990046024312 48459500.280874781
0.99999990060925481 48532162.581379354
0.99999990075826639 48605043.032725908
0.99999990090727797 48678142.673353814
0.99999990105628966 48751462.548285671
0.99999990120530124 48825003.544554584
0.99999990135431283 48898766.719013363
0.99999990150332452 48972753.135242335
0.9999999016523361 49046963.697478049
0.99999990180134768 49121399.481403232
0.99999990195035937 49196061.569576383
0.99999990209937095 49270950.88384115
0.99999990224838253 49346068.519138195
0.99999990239739411 49421415.521212459
0.99999990254640569 49496992.94220493
0.99999990269541739 49572801.897270046
0.99999990284442897 49648843.338524729
0.99999990299344055 49725118.393989228
0.99999990314245224 49801628.198974676
0.99999990329146382 49878373.724337913
0.9999999034404754 49955356.118556961
0.99999990358948698 50032576.479941525
0.99999990373849856 50110035.913602084
0.99999990388751026 50187735.589482978
0.99999990403652184 50265676.510673851
0.99999990418553342 50343859.860806607
0.99999990433454511 50422286.831250161
0.99999990448355669 50500958.445054501
0.99999990463256827 50579875.907600373
0.99999990478157985 50659040.373106942
0.99999990493059143 50738453.003029965
0.99999990507960312 50818115.02556432
0.9999999052286147 50898027.498104751
0.99999990537762629 50978191.663419135
0.99999990552663798 51058608.772492349
0.99999990567564956 51139279.903995335
0.99999990582466114 51220206.323835477
0.99999990597367272 51301389.245744713
0.9999999061226843 51382829.891161218
0.99999990627169599 51464529.550258391
0.99999990642070757 51546489.338330053
0.99999990656971915 51628710.561077327
0.99999990671873085 51711194.532935262
0.99999990686774243 51793942.391894013
0.99999990701675401 51876955.468293585
0.99999990716576559 51960235.039264269
0.99999990731477717 52043782.390149362
0.99999990746378886 52127598.877120048
0.99999990761280044 52211685.677249365
0.99999990776181202 52296044.163266838
0.99999990791082372 52380675.717193171
0.9999999080598353 52465581.540331788
0.99999990820884688 52550763.031669229
0.99999990835785857 52636221.599703237
0.99999990850687015 52721958.470574588
0.99999990865588173 52807975.070166342
0.99999990880489342 52894272.834099352
0.999999908953905 52980853.013976626
0.99999990910291658 53067717.063236386
0.99999990925192828 53154866.445287623
0.99999990940093986 53242302.437839419
0.99999990954995144 53330026.522563115
0.99999990969896313 53418040.191340752
0.99999990984797471 53506344.748650655
0.99999990999698629 53594941.70509553
0.99999991014599798 53683832.581735797
0.99999991029500956 53773018.710502423
0.99999991044402115 53862501.63164854
0.99999991059303284 53952282.89613951
0.99999991074204442 54042363.864062987
0.999999910891056 54132746.106063493
0.99999991104006769 54223431.20375964
0.99999991118907927 54314420.546121508
0.99999991133809085 54405715.734948277
0.99999991148710254 54497318.383282878
0.99999991163611412 54589229.909725979
0.99999991178512571 54681451.948017761
0.99999991193413729 54773986.074360162
0.99999991208314887 54866833.875641286
0.99999991223216056 54959997.019055732
0.99999991238117214 55053476.974314027
0.99999991253018372 55147275.430204891
0.99999991267919541 55241394.087520733
0.99999991282820699 55335834.447712973
0.99999991297721857 55430598.233728513
0.99999991312623016 55525687.109850839
0.99999991327524174 55621102.751801759
0.99999991342425343 55716846.918297671
0.99999991357326501 55812921.165564694
0.99999991372227659 55909327.275446855
0.99999991387128828 56006067.042615511
0.99999991402029986 56103142.0573292
0.99999991416931144 56200554.137995452
0.99999991431832302 56298305.043218866
0.99999991446733461 56396396.543859154
0.9999999146163463 56494830.496604957
0.99999991476535788 56593608.550471239
0.99999991491436946 56692732.586940251
0.99999991506338115 56792204.501215041
0.99999991521239273 56892025.978833921
0.99999991536140431 56992198.940455079
0.99999991551041589 57092725.245781779
0.99999991565942747 57193606.767660156
0.99999991580843917 57294845.467757553
0.99999991595745075 57396443.094699651
0.99999991610646233 57498401.63675911
0.99999991625547402 57600723.096899681
0.9999999164044856 57703409.262981422
0.99999991655349718 57806462.165293396
0.99999991670250876 57909883.772008151
0.99999991685152034 58013676.065407015
0.99999991700053203 58117841.119755022
0.99999991714954362 58222380.790715635
0.9999999172985552 58327297.181131728
0.99999991744756689 58432592.409592539
0.99999991759657847 58538268.373949803
0.99999991774559005 58644327.222155154
0.99999991789460174 58750771.118326016
0.99999991804361332 58857602.003677778
0.9999999181926249 58964822.072500765
0.9999999183416366 59072433.535684019
0.99999991849064818 59180438.379021406
0.99999991863965976 59288838.844412297
0.99999991878867145 59397637.190802112
0.99999991893768303 59506835.449818477
0.99999991908669461 59616435.912282594
0.9999999192357063 59726440.886523589
0.99999991938471788 59836852.451300666
0.99999991953372946 59947672.947713256
0.99999991968274116 60058904.73484607
0.99999991983175274 60170549.939931594
0.99999991998076432 60282610.955749564
0.99999992012977601 60395090.193558253
0.99999992027878759 60507989.83045081
0.99999992042779917 60621312.312336773
0.99999992057681086 60735060.104113854
0.99999992072582244 60849235.434170976
0.99999992087483403 60963840.803046025
0.99999992102384572 61078878.73079206
0.9999999211728573 61194351.498578243
0.99999992132186888 61310261.663120627
0.99999992147088046 61426611.714343295
0.99999992161989204 61543404.161105171
0.99999992176890373 61660641.618895195
0.99999992191791531 61778326.460289158
0.99999992206692689 61896461.339223154
0.99999992221593859 62015048.930643149
0.99999992236495017 62134091.664121032
0.99999992251396175 62253592.254170239
0.99999992266297333 62373553.347359993
0.99999992281198491 62493977.610696338
0.9999999229609966 62614867.822064191
0.99999992311000818 62736226.509799801
0.99999992325901976 62858056.493311152
0.99999992340803145 62980360.61465209
0.99999992355704304 63103141.463778436
0.99999992370605462 63226401.925496072
0.9999999238550662 63350144.815533914
0.99999992400407778 63474372.971704975
0.99999992415308947 63599089.347226843
0.99999992430210105 63724296.638894252
0.99999992445111263 63849997.844823293
0.99999992460012432 63976195.987569526
0.9999999247491359 64102893.830624558
0.99999992489814749 64230094.442792401
0.99999992504715907 64357800.822695367
0.99999992519617065 64486015.992849171
0.99999992534518234 64614743.096001893
0.99999992549419392 64743985.011357985
0.99999992556869977 64808800.074264437
0.9999999256432055 64873744.930273689
0.99999992571771135 64938820.163778804
0.99999992579221719 65004026.070513539
0.99999992586672293 65069362.947010249
0.99999992594122877 65134831.383563042
0.99999992601573462 65200431.680078767
0.99999992609024035 65266164.137279913
0.99999992616474609 65332029.253198139
0.99999992623925194 65398027.528273582
0.99999992631375778 65464159.268081807
0.99999992638826352 65530424.779036991
0.99999992646276936 65596824.665525287
0.99999992653727521 65663359.237453729
0.99999992661178094 65730028.80558566
0.99999992668628679 65796833.980488747
0.99999992676079263 65863775.076471463
0.99999992683529837 65930852.408716641
0.99999992690980422 65998066.594060853
0.99999992698431006 66065417.95128528
0.9999999270588158 66132906.800063923
0.99999992713332164 66200533.763591193
0.99999992720782749 66268299.165193617
0.99999992728233322 66336203.329109423
0.99999992735683907 66404246.884981342
0.99999992743134491 66472430.160755284
0.99999992750585065 66540753.485308148
0.9999999275803565 66609217.494823046
0.99999992765486234 66677822.52194076
0.99999992772936808 66746568.900252633
0.99999992780387392 66815457.272576034
0.99999992787837977 66884487.976323418
0.9999999279528855 66953661.349877954
0.99999992802739135 67022978.042786568
0.9999999281018972 67092438.397311836
0.99999992817640293 67162042.75670746
0.99999992825090878 67231791.777347192
0.99999992832541462 67301685.806423545
0.99999992839992036 67371725.192141041
0.9999999284744262 67441910.597799182
0.99999992854893205 67512242.375601798
0.99999992862343778 67582720.878786102
0.99999992869794363 67653346.777678043
0.99999992877244948 67724120.429575726
0.99999992884695521 67795042.192832544
0.99999992892146106 67866112.744903356
0.9999999289959669 67937332.44826521
0.99999992907047264 68008701.666472659
0.99999992914497848 68080221.084213942
0.99999992921948433 68151891.069231212
0.99999992929399006 68223711.990366951
0.99999992936849591 68295684.539649069
0.99999992944300176 68367809.090172768
0.99999992951750749 68440086.016156852
0.99999992959201334 68512516.017077118
0.99999992966651918 68585099.471471474
0.99999992974102492 68657836.759025261
0.99999992981553076 68730728.586772367
0.99999992989003661 68803775.338784888
0.99999992996454234 68876977.400306463
0.99999993003904819 68950335.486041486
0.99999993011355404 69023849.985689327
0.99999993018805977 69097521.290145814
0.99999993026256562 69171350.121900126
0.99999993033707146 69245336.876373976
0.9999999304115772 69319481.950210899
0.99999993048608304 69393786.073801428
0.99999993056058889 69468249.648386568
0.99999993063509462 69542873.076455042
0.99999993070960047 69617657.096417353
0.99999993078410632 69692602.11543268
0.99999993085861205 69767708.541934386
0.99999993093311779 69842977.010193974
0.99999993100762363 69918408.157706708
0.99999993108212948 69994002.399679914
0.99999993115663521 70069760.152631178
0.99999993123114106 70145682.17415835
0.99999993130564691 70221768.885625333
0.99999993138015264 70298020.709734157
0.99999993145465849 70374438.412514538
0.99999993152916433 70451022.421592578
0.99999993160367007 70527773.165960997
0.99999993167817591 70604691.420210019
0.99999993175268176 70681777.618335724
0.99999993182718749 70759032.195729867
0.99999993190169334 70836455.935674325
0.99999993197619919 70914049.278645054
0.99999993205070492 70991812.666543439
0.99999993212521066 71069746.775218099
0.9999999321997165 71147852.28399837
0.99999993227422235 71226129.642174974
0.99999993234872808 71304579.30050461
0.99999993242323393 71383202.063073665
0.99999993249773977 71461998.385918006
0.99999993257224551 71540968.726570755
0.99999993264675135 71620113.898265377
0.9999999327212572 71699434.363900483
0.99999993279576294 71778930.587903872
0.99999993287026878 71858603.392798424
0.99999993294477463 71938453.248465449
0.99999993301928036 72018480.626348153
0.99999993309378621 72098686.358403951
0.99999993316829205 72179070.921619356
0.99999993324279779 72259634.794576079
0.99999993331730352 72340378.698361769
0.99999993339180937 72421303.357828051
0.99999993346631522 72502409.259629816
0.99999993354082095 72583696.892062917
0.9999999336153268 72665167.109679103
0.99999993368983264 72746820.406534046
0.99999993376433838 72828657.278359577
0.99999993383884422 72910678.589646488
0.99999993391335007 72992884.841982409
0.9999999339878558 73075276.538666993
0.99999993406236165 73157854.554287985
0.9999999341368675 73240619.398098752
0.99999993421137323 73323571.581101432
0.99999993428587908 73406711.988141716
0.99999993436038492 73490041.136275306
0.99999993443489066 73573559.54434441
0.99999993450939639 73657267.982739344
0.99999993458390224 73741167.225927785
0.99999993465840809 73825257.801586181
0.99999993473291382 73909540.239228964
0.99999993480741967 73994015.448280767
0.99999993488192551 74078683.964550555
0.99999993495643125 74163546.325724885
0.99999993503093709 74248603.45204629
0.99999993510544294 74333855.887602702
0.99999993517994867 74419304.178400263
0.99999993525445452 74504949.25567466
0.99999993532896037 74590791.671942428
0.9999999354034661 74676831.981679797
0.99999993547797195 74763071.127294481
0.99999993555247779 74849509.669884428
0.99999993562698353 74936148.172549635
0.99999993570148926 75022987.459501714
0.99999993577599511 75110028.359376609
0.99999993585050095 75197271.444957435
0.99999993592500669 75284717.291087463
0.99999993599951253 75372366.866958603
0.99999993607401838 75460220.754304662
0.99999993614852412 75548279.536964342
0.99999993622302996 75636544.195924461
0.99999993629753581 75725015.322033525
0.99999993637204154 75813693.508290693
0.99999993644654739 75902579.747672871
0.99999993652105323 75991674.640310764
0.99999993659555897 76080978.78853263
0.99999993667006482 76170493.197504625
0.99999993674457066 76260218.476810828
0.9999999368190764 76350155.238280818
0.99999993689358224 76440304.499473318
0.99999993696808809 76530666.879600689
0.99999993704259382 76621243.000169769
0.99999993711709967 76712033.891339451
0.99999993719160551 76803040.182129025
0.99999993726611125 76894262.50390254
0.9999999373406171 76985701.899630725
0.99999993741512294 77077359.008322477
0.99999993748962868 77169234.471382841
0.99999993756413452 77261329.34481068
0.99999993763864037 77353644.277791142
0.9999999377131461 77446179.921958059
0.99999993778765195 77538937.346559212
0.9999999378621578 77631917.211146712
0.99999993793666353 77725120.177775264
0.99999993801116938 77818547.329166934
0.99999993808567522 77912199.335435763
0.99999993816018096 78006076.869253576
0.9999999382346868 78100181.027046889
0.99999993830919265 78194512.489691049
0.99999993838369838 78289071.940675542
0.99999993845820423 78383860.490366399
0.99999993853271008 78478878.830603972
0.99999993860721581 78574127.655900612
0.99999993868172166 78669608.090801835
0.9999999387562275 78765320.838321358
0.99999993883073324 78861266.604203999
0.99999993890523908 78957446.527419999
0.99999993897974493 79053861.322369397
0.99999993905425066 79150511.706243917
0.99999993912875651 79247398.832688943
0.99999993920326236 79344523.427708581
0.99999993927776809 79441886.220160738
0.99999993935227394 79539488.378621668
0.99999993942677978 79637330.640922382
0.99999993950128552 79735413.747811124
0.99999993957579136 79833738.883056402
0.99999993965029721 79932306.796543747
0.99999993972480294 80031118.241141155
0.99999993979930879 80130174.416076332
0.99999993987381464 80229476.083522409
0.99999993994832037 80329024.008701548
0.99999994002282622 80428819.406573519
0.99999994009733206 80528863.051837265
0.9999999401718378 80629155.722309083
0.99999994024634364 80729698.648959532
0.99999994032084949 80830492.619257137
0.99999994039535522 80931538.423857763
0.99999994046986096 81032837.158891678
0.99999994054436681 81134389.926739231
0.99999994061887265 81236197.532283962
0.99999994069337839 81338260.783692658
0.99999994076788423 81440580.950413138
0.99999994084239008 81543158.850689337
0.99999994091689581 81645995.306122512
0.99999994099140166 81749091.603145555
0.9999999410659075 81852448.573625907
0.99999994114041324 81956067.052864119
0.99999994121491909 82059948.344584629
0.99999994128942493 82164093.294547498
0.99999994136393067 82268502.752023712
0.99999994143843651 82373178.038342535
0.99999994151294236 82478120.01343213
0.99999994158744809 82583329.54081127
0.99999994166195383 82688807.802358642
0.99999994173645967 82794555.986801192
0.99999994181096552 82900574.973397717
0.99999994188547126 83006865.645106867
0.9999999419599771 83113429.36559394
0.99999994203448295 83220267.028954074
0.99999994210898868 83327379.533066705
0.99999994218349453 83434768.260297999
0.99999994225800037 83542434.119877249
0.99999994233250611 83650378.02490449
0.99999994240701195 83758601.376791909
0.9999999424815178 83867105.100207657
0.99999994255602354 83975890.123779431
0.99999994263052938 84084957.868318424
0.99999994270503523 84194309.274243787
0.99999994277954096 84303945.286025152
0.9999999428540467 84413867.180223659
0.99999994292855254 84524076.240920752
0.99999994300305839 84634573.430035427
0.99999994307756412 84745359.713661909
0.99999994315206997 84856436.559294149
0.99999994322657582 84967804.945359826
0.99999994330108155 85079465.854558274
0.9999999433755874 85191420.775018677
0.99999994345009324 85303670.702015176
0.99999994352459898 85416216.635192528
0.99999994359910482 85529060.083704725
0.99999994367361067 85642202.06001851
0.9999999437481164 85755643.581072599
0.99999994382262225 85869386.177444592
0.9999999438971281 85983430.879148185
0.99999994397163383 86097778.720773205
0.99999994404613957 86212431.083655864
0.99999994412064541 86327389.357409537
0.99999994419515126 86442654.596010372
0.99999994426965699 86558227.858153462
0.99999994434416284 86674110.726008341
0.99999994441866868 86790304.271959409
0.99999994449317442 86906809.573220417
0.99999994456768027 87023628.234782532
0.99999994464218611 87140761.347822696
0.99999994471669185 87258210.008460596
0.99999994479119769 87375975.84495008
0.99999994486570354 87494059.967654586
0.99999994494020927 87612463.491996467
0.99999994501471512 87731188.069943979
0.99999994508922097 87850234.831450641
0.9999999451637267 87969604.911648184
0.99999994523823243 88089299.80807966
0.99999994531273828 88209321.027419642
0.99999994538724413 88329669.726387173
0.99999994546174986 88450347.067043498
0.99999994553625571 88571354.758508191
0.99999994561076155 88692693.978071988
0.99999994568526729 88814365.908494577
0.99999994575977313 88936372.284195349
0.99999994583427898 89058714.303475082
0.99999994590878472 89181393.170233712
0.99999994598329056 89304410.644691274
0.99999994605779641 89427767.946608156
0.99999994613230214 89551466.301477492
0.99999994620680799 89675507.495832995
0.99999994628131383 89799892.771355569
0.99999994635581957 89924623.375596136
0.99999994643032541 90049701.121927664
0.99999994650483126 90175127.2744243
0.999999946579337 90300903.103171125
0.99999994665384284 90427030.448918894
0.99999994672834869 90553510.598619923
0.99999994680285442 90680344.845381901
0.99999994687736027 90807535.057885468
0.99999994695186611 90935082.546458229
0.99999994702637185 91062988.627731785
0.9999999471008777 91191255.198882148
0.99999994717538354 91319883.594122455
0.99999994724988928 91448875.154122338
0.99999994732439512 91578231.80513297
0.99999994739890097 91707954.905776262
0.9999999474734067 91838045.821287543
0.99999994754791255 91968506.507587329
0.99999994762241839 92099338.348243445
0.99999994769692413 92230542.733597964
0.99999994777142998 92362121.649850145
0.99999994784593582 92494076.506064653
0.99999994792044156 92626408.718245953
0.9999999479949474 92759120.30349654
0.99999994806945325 92892212.696943507
0.99999994814395898 93025687.340823755
0.99999994821846483 93159546.28378354
0.99999994829297068 93293790.987592891
0.99999994836747641 93428422.921306178
0.99999994844198226 93563444.165770382
0.9999999485164881 93698856.209994212
0.99999994859099384 93834660.550450251
0.99999994866549968 93970859.300859883
0.99999994874000553 94107453.978082165
0.99999994881451126 94244446.106624573
0.99999994888901711 94381837.833773896
0.99999994896352296 94519630.704867631
0.99999994903802869 94657826.273081288
0.99999994911253454 94796426.719976097
0.99999994918704038 94935433.62001279
0.99999994926154612 95074848.555685073
0.99999994933605196 95214673.743556067
0.99999994941055781 95354910.787871912
0.99999994948506354 95495561.301112369
0.99999994955956939 95636627.535588682
0.99999994963407524 95778111.126012757
0.99999994970858097 95920013.715536073
0.99999994978308682 96062337.592984155
0.99999994985759266 96205084.424233139
0.9999999499320984 96348255.883810863
0.99999995000660413 96491854.083546132
0.99999995008110998 96635881.149151161
0.99999995015561582 96780338.789174452
0.99999995023012156 96925228.721108198
0.99999995030462741 97070553.322071105
0.99999995037913325 97216314.333481401
0.99999995045363899 97362513.505927533
0.99999995052814483 97509153.255745023
0.99999995060265068 97656235.357986525
0.99999995067715641 97803761.597107932
0.99999995075166226 97951734.429519653
0.9999999508261681 98100155.664694756
0.99999995090067384 98249027.121748954
0.99999995097517969 98398351.298049018
0.99999995104968553 98548130.038295954
0.99999995112419127 98698365.19708015
0.999999951198697 98849059.088735238
0.99999995127320285 99000214.043121144
0.99999995134770869 99151831.953205168
0.99999995142221443 99303914.722183868
0.99999995149672027 99456464.94655104
0.99999995157122612 99609484.556475684
0.99999995164573185 99762975.492619962
0.9999999517202377 99916940.395547763
0.99999995179474355 100071381.23351586
0.99999995186924928 100226299.98554556
0.99999995194375513 100381699.33726111
0.99999995201826097 100537581.295918
0.99999995209276671 100693947.87981588
0.99999995216727255 100850801.82065673
0.9999999522417784 101008145.16563192
0.99999995231628414 101165979.97326466
0.99999995239078987 101324308.78608274
0.99999995246529572 101483134.1640314
0.99999995253980156 101642458.20905387
0.9999999526143073 101802283.03482239
0.99999995268881314 101962611.48467104
0.99999995276331899 102123445.70277122
0.99999995283782472 102284787.84533165
0.99999995291233057 102446640.80536497
0.99999995298683642 102609006.77030092
0.99999995306134215 102771887.93992399
0.999999953135848 102935287.25807208
0.99999995321035384 103099206.95649326
0.99999995328485958 103263649.27961746
0.99999995335936542 103428617.22328711
0.99999995343387127 103594113.0646596
0.999999953508377 103760139.09391132
0.99999995358288274 103926698.11151099
0.99999995365738858 104093792.9375304
0.99999995373189443 104261425.91142553
0.99999995380640017 104429599.3861367
0.99999995388090601 104598316.48362662
0.99999995395541186 104767579.59143299
0.99999995402991759 104937391.1109394
0.99999995410442344 105107754.22029266
0.99999995417892928 105278671.35631447
0.99999995425343502 105450144.9700449
0.99999995432794087 105622178.2971482
0.99999995440244671 105794773.82496797
0.99999995447695245 105967934.05545057
0.99999995455145829 106141662.28314957
0.99999995462596414 106315961.04720582
0.99999995470046987 106490832.90175907
0.99999995477497561 106666280.9397954
0.99999995484948145 106842308.27643943
0.9999999549239873 107018917.52194533
0.99999995499849303 107196111.3021137
0.99999995507299888 107373893.05447005
0.99999995514750473 107552265.4441932
0.99999995522201046 107731231.15243407
0.99999995529651631 107910793.6804786
0.99999995537102215 108090955.74983889
0.99999995544552789 108271720.09843837
0.99999995552003373 108453090.29287972
0.99999995559453958 108635069.11246027
0.99999995566904532 108817659.35334156
0.99999995574355116 109000864.64904611
0.99999995581805701 109184687.83815283
0.99999995589256274 109369131.7765726
0.99999995596706859 109554200.16639864
0.99999995604157443 109739895.90703456
0.99999995611608017 109926221.91569816
0.99999995619058601 110113181.96475469
0.99999995626509186 110300779.01602304
0.9999999563395976 110489016.04963456
0.99999995641410344 110677896.90997909
0.99999995648860929 110867424.62293161
0.99999995656311502 111057602.23319347
0.99999995663762087 111248433.6589856
0.99999995671212671 111439921.99193119
0.99999995678663245 111632070.34301034
0.99999995686113829 111824882.70613708
0.99999995693564414 112018362.24042816
0.99999995701014988 112212512.1249055
0.99999995708465572 112407336.43109554
0.99999995715916157 112602838.38740972
0.9999999572336673 112799021.24273047
0.99999995730817315 112995889.14817588
0.99999995738267899 113193445.4033103
0.99999995745718473 113391693.32875398
0.99999995753169058 113590637.15725732
0.99999995760619642 113790280.26145589
0.99999995768070216 113990626.0356449
0.999999957755208 114191678.79631214
0.99999995782971385 114393441.9911442
0.99999995790421958 114595919.09011115
0.99999995797872543 114799114.49560983
0.99999995805323127 115003031.73242167
0.99999995812773701 115207674.34825671
0.99999995820224286 115413046.83366103
0.9999999582767487 115619152.79262172
0.99999995835125444 115825995.85272083
0.99999995842576028 116033580.59496596
0.99999995850026613 116241910.70472939
0.99999995857477186 116450989.8916676
0.99999995864927771 116660822.82963574
0.99999995872378356 116871413.28764296
0.99999995879828929 117082765.05969501
0.99999995887279514 117294882.91495793
0.99999995894730098 117507770.7084038
0.99999995902180672 117721432.32073791
0.99999995909631256 117935872.61898056
0.99999995917081841 118151095.54647024
0.99999995924532414 118367105.0730406
0.99999995931982999 118583906.16619243
0.99999995939433584 118801502.86011459
0.99999995946884157 119019899.21627921
0.99999995954334731 119239099.97814398
0.99999995961785315 119459109.9265797
0.999999959692359 119679933.22091782
0.99999995976686473 119901574.04886656
0.99999995984137058 120124037.62308596
0.99999995991587642 120347328.19988436
0.99999995999038216 120571450.06480046
0.999999960064888 120796408.54037161
0.99999996013939385 121022207.98265857
0.99999996021389959 121248852.77783619
0.99999996028840543 121476348.3613441
0.99999996036291128 121704699.19186647
0.99999996043741701 121933909.75911595
0.99999996051192286 122163985.61456181
0.9999999605864287 122394931.32248104
0.99999996066093444 122626751.47912644
0.99999996073544017 122859451.40782145
0.99999996080994602 123093036.47500302
0.99999996088445187 123327511.39053684
0.9999999609589576 123562880.89757979
0.99999996103346345 123799150.83110034
0.99999996110796929 124036326.01389407
0.99999996118247503 124274411.30307561
0.99999996125698087 124513412.66085576
0.99999996133148672 124753335.02628945
0.99999996140599245 124994183.37381548
0.9999999614804983 125235963.79650496
0.99999996155500415 125478681.35311899
0.99999996162950988 125722341.1389064
0.99999996170401573 125966949.38154203
0.99999996177852157 126212511.26306292
0.99999996185302731 126459032.00313754
0.99999996192753304 126706517.59841484
0.99999996200203889 126954974.09546286
0.99999996207654474 127204406.84646034
0.99999996215105047 127454821.24280822
0.99999996222555632 127706223.8415608
0.99999996230006216 127958620.12700699
0.9999999623745679 128212015.62390243
0.99999996244907374 128466417.03736027
0.99999996252357959 128721829.98779565
0.99999996259808532 128978260.13738132
0.99999996267259117 129235714.34364052
0.99999996274709702 129494198.36727718
0.99999996278434988 129623828.30009629
0.99999996282160275 129753718.01209164
0.99999996285885562 129883868.28494503
0.9999999628961086 130014280.29252511
0.99999996293336157 130144954.43532532
0.99999996297061444 130275891.11388516
0.99999996300786731 130407091.51158622
0.99999996304512018 130538556.42596537
0.99999996308237304 130670286.65777871
0.99999996311962591 130802283.01101774
0.99999996315687878 130934546.2929256
0.99999996319413176 131067077.70938708
0.99999996323138474 131199877.68042798
0.9999999632686376 131332946.62617429
0.99999996330589047 131466285.76241502
0.99999996334314334 131599895.91290092
0.99999996338039621 131733777.90473469
0.99999996341764918 131867932.96860766
0.99999996345490216 132002361.53979091
0.99999996349215503 132137064.05369866
0.9999999635294079 132272041.75123286
0.99999996356666077 132407295.47651424
0.99999996360391363 132542826.0771195
0.99999996364116661 132678634.8092545
0.99999996367841959 132814722.12396868
0.99999996371567246 132951088.47249997
0.99999996375292532 133087735.12158257
0.99999996379017819 133224662.93634076
0.99999996382743106 133361872.78546283
0.99999996386468404 133499365.9514022
0.99999996390193702 133637142.90154101
0.99999996393918988 133775204.10349756
0.99999996397644275 133913550.85058343
0.99999996401369562 134052184.02958402
0.99999996405094849 134191104.53096022
0.99999996408820147 134330313.66417313
0.99999996412545444 134469811.91351348
0.99999996416270731 134609599.76355904
0.99999996419996018 134749678.53497091
0.99999996423721305 134890049.13687751
0.99999996427446591 135030712.48219919
0.99999996431171878 135171669.48766819
0.99999996434897165 135312921.07384822
0.99999996438622463 135454468.58743984
0.99999996442347761 135596312.53621519
0.99999996446073047 135738453.42830506
0.99999996449798334 135880892.62208658
0.99999996453523621 136023631.05758515
0.99999996457248908 136166669.67878008
0.99999996460974205 136310009.8612611
0.99999996464699503 136453652.13114536
0.9999999646842479 136597597.01496539
0.99999996472150077 136741845.90036115
0.99999996475875363 136886399.75139588
0.9999999647960065 137031259.53621358
0.99999996483325948 137176426.66014963
0.99999996487051246 137321901.66832325
0.99999996490776533 137467685.10632929
0.99999996494501819 137613778.39194122
0.99999996498227106 137760182.51403344
0.99999996501952393 137906898.4656927
0.99999996505677691 138053927.68288833
0.99999996509402989 138201270.73042566
0.99999996513128275 138348928.17364913
0.99999996516853562 138496901.46136886
0.99999996520578849 138645191.6080738
0.99999996524304136 138793799.63260207
0.99999996528029433 138942727.00247806
0.99999996531754731 139091974.30290535
0.99999996535480018 139241542.11969358
0.99999996539205305 139391431.93362665
0.99999996542930591 139541644.78564268
0.99999996546655878 139692181.72117132
0.99999996550381176 139843044.24024811
0.99999996554106474 139994232.94921637
0.99999996557831761 140145748.45509577
0.99999996561557047 140297592.27161676
0.99999996565282334 140449765.46703407
0.99999996569007621 140602269.1142422
0.99999996572732919 140755104.74678007
0.99999996576458217 140908272.99290299
0.99999996580183503 141061774.48161671
0.9999999658390879 141215610.76060748
0.99999996587634077 141369782.92634904
0.99999996591359364 141524292.08010828
0.99999996595084661 141679139.78995785
0.99999996598809959 141834326.70686924
0.99999996602535246 141989853.48264286
0.99999996606260533 142145721.69996908
0.9999999660998582 142301932.48447827
0.99999996613711106 142458486.96675417
0.99999996617436404 142615386.75047272
0.99999996621161702 142772632.51016
0.99999996624886989 142930224.92125329
0.99999996628612275 143088165.60253569
0.99999996632337562 143246455.70977002
0.99999996636062849 143405096.40383872
0.99999996639788147 143564089.32513255
0.99999996643513445 143723435.1726054
0.99999996647238731 143883134.64620945
0.99999996650964018 144043189.40195176
0.99999996654689305 144203600.62674248
0.99999996658414592 144364369.51278469
0.99999996662139889 144525497.73833826
0.99999996665865187 144686986.02769583
0.99999996669590474 144848835.10623986
0.99999996673315761 145011046.66837636
0.99999996677041048 145173621.93321943
0.99999996680766334 145336562.12535614
0.99999996684491632 145499868.96211547
0.9999999668821693 145663543.19407833
0.99999996691942217 145827585.57301185
0.99999996695667503 145991997.83294281
0.9999999669939279 146156781.22628886
0.99999996703118077 146321937.01112816
0.99999996706843375 146487466.94510612
0.99999996710568673 146653371.80608237
0.99999996714293959 146819652.37320435
0.99999996718019246 146986310.42138991
0.99999996721744533 147153347.23750502
0.9999999672546982 147320764.11427176
0.99999996729195118 147488562.85094941
0.99999996732920415 147656744.25370935
0.99999996736645702 147825309.13011807
0.99999996740370989 147994259.29730543
0.99999996744096276 148163596.07777855
0.99999996747821562 148333320.80010411
0.9999999675154686 148503435.30650434
0.99999996755272158 148673940.43254077
0.99999996758997445 148844837.01528293
0.99999996762722732 149016126.91544697
0.99999996766448018 149187811.49242359
0.99999996770173305 149359892.11187524
0.99999996773898603 149532370.66039079
0.99999996777623901 149705248.00404742
0.99999996781349187 149878525.01054946
0.99999996785074474 150052203.58562931
0.99999996788799761 150226285.12685612
0.99999996792525048 150400771.03829178
0.99999996796250346 150575663.25235313
0.99999996799975643 150750962.66680801
0.9999999680370093 150926670.1811769
0.99999996807426217 151102787.74769729
0.99999996811151504 151279316.80346656
0.9999999681487679 151456258.79230523
0.99999996818602088 151633615.69397905
0.99999996822327386 151811388.43917382
0.99999996826052673 151989577.96046034
0.9999999682977796 152168186.25813118
0.99999996833503246 152347214.81021926
0.99999996837228533 152526665.10172114
0.99999996840953831 152706539.16133553
0.99999996844679129 152886837.95394826
0.99999996848404415 153067562.4464696
0.99999996852129702 153248714.68886176
0.99999996855854989 153430296.20156121
0.99999996859580276 153612308.51221883
0.99999996863305574 153794753.70011646
0.99999996867030871 153977632.76567954
0.99999996870756158 154160946.71150538
0.99999996874481445 154344697.63890764
0.99999996878206732 154528887.11225805
0.99999996881932018 154713516.70340431
0.99999996885657316 154898588.54393074
0.99999996889382614 155084103.67120299
0.99999996893107901 155270063.12491351
0.99999996896833188 155456469.05948052
0.99999996900558474 155643323.08480942
0.99999996904283761 155830626.81855485
0.99999996908009048 156018381.88616735
0.99999996911734335 156206589.92094049
0.99999996915459632 156395253.12699607
0.9999999691918493 156584372.59324223
0.99999996922910217 156773949.41113424
0.99999996926635504 156963985.8087526
0.99999996930360791 157154483.45932272
0.99999996934086077 157345444.04420257
0.99999996937811375 157536869.82411796
0.99999996941536673 157728761.92843857
0.9999999694526196 157921121.48925695
0.99999996948987246 158113950.79214469
0.99999996952712533 158307251.5598706
0.9999999695643782 158501025.52363813
0.99999996960163118 158695275.00275367
0.99999996963888416 158890001.16867498
0.99999996967613702 159085205.19576794
0.99999996971338989 159280889.42911196
0.99999996975064276 159477055.64286631
0.99999996978789563 159673705.61994085
0.9999999698251486 159870841.74028534
0.99999996986240158 160068465.21914768
0.99999996989965445 160266577.27487987
0.99999996993690732 160465180.31417328
0.99999996997416019 160664276.16450846
0.99999997001141305 160863866.6624465
0.99999997004866603 161063954.25073361
0.99999997008591901 161264540.19019008
0.99999997012317188 161465625.74494663
0.99999997016042474 161667213.38550401
0.99999997019767761 161869304.99468216
0.99999997023493048 162071902.46472687
0.99999997027218335 162275007.69736892
0.99999997030943621 162478622.6038835
0.99999997034668919 162682749.71425948
0.99999997038394217 162887390.35299858
0.99999997042119504 163092545.84820661
0.99999997045844791 163298218.75904983
0.99999997049570077 163504411.04543409
0.99999997053295364 163711124.67717633
0.99999997057020662 163918362.25246367
0.9999999706074596 164126125.14586413
0.99999997064471247 164334414.73578417
0.99999997068196533 164543233.65071353
0.9999999707192182 164752583.91097462
0.99999997075647107 164962467.54718474
0.99999997079372405 165172887.22821927
0.99999997083097703 165383844.38079387
0.99999997086822989 165595340.43570989
0.99999997090548276 165807378.09332281
0.99999997094273563 166019959.43671799
0.9999999709799885 166233086.55967689
0.99999997101724147 166446762.20436615
0.99999997105449445 166660987.85183084
0.99999997109174732 166875764.98746338
0.99999997112900019 167091096.38614315
0.99999997116625305 167306984.19617447
0.99999997120350592 167523430.57697836
0.9999999712407589 167740438.34673455
0.99999997127801188 167958009.04310587
0.99999997131526475 168176144.20837903
0.99999997135251761 168394846.69473746
0.99999997138977048 168614118.7182771
0.99999997142702335 168833962.50665098
0.99999997146427622 169054380.29914483
0.99999997150152908 169275374.34675315
0.99999997153878206 169496947.57345811
0.99999997157603504 169719101.59616798
0.99999997161328791 169941838.03680772
0.99999997165054078 170165159.85518152
0.99999997168779364 170389069.36198869
0.99999997172504651 170613568.88010621
0.99999997176229949 170838661.41638061
0.99999997179955247 171064348.65012571
0.99999997183680533 171290632.26598638
0.9999999718740582 171517515.30807146
0.99999997191131107 171745000.16136354
0.99999997194856394 171973089.22351468
0.99999997198581692 172201785.5874033
0.99999997202306989 172431090.99743745
0.99999997206032276 172661007.20368868
0.99999997209757563 172891537.33780828
0.9999999721348285 173122683.86207134
0.99999997217208136 173354449.25193799
0.99999997220933434 173586836.68963701
0.99999997224658732 173819847.98749438
0.99999997228384019 174053484.96385148
0.99999997232109306 174287750.84129417
0.99999997235834592 174522648.16254687
0.99999997239559879 174758179.48405975
0.99999997243285177 174994348.08088863
0.99999997247010475 175231155.83624494
0.99999997250735762 175468604.63972721
0.99999997254461048 175706697.80841136
0.99999997258186335 175945437.96878338
0.99999997261911622 176184827.7616232
0.99999997265636908 176424869.84210181
0.99999997269362195 176665566.87987959
0.99999997273087493 176906922.27948147
0.99999997276812791 177148938.02351198
0.99999997280538078 177391616.10149226
0.99999997284263364 177634959.96231431
0.99999997287988651 177878972.34958613
0.99999997291713938 178123656.02201116
0.99999997295439236 178369014.48572323
0.99999997299164534 178615049.80174133
0.9999999730288982 178861764.0384258
0.99999997306615107 179109160.74814141
0.99999997310340394 179357242.76664591
0.99999997314065681 179606012.94542938
0.99999997317790978 179855474.89630932
0.99999997321516276 180105630.76222819
0.99999997325241563 180356482.69391942
0.9999999732896685 180608034.35138994
0.99999997332692137 180860288.6664488
0.99999997336417423 181113248.58730689
0.99999997340142721 181366917.83574215
0.99999997343868019 181621298.64031395
0.99999997347593306 181876393.23784855
0.99999997351318592 182132205.40037256
0.99999997355043879 182388738.1598478
0.99999997358769166 182645994.56534168
0.99999997362494464 182903978.45308429
0.99999997366219762 183162692.14114034
0.99999997369945048 183422137.95634595
0.99999997373670335 183682319.78734538
0.99999997377395622 183943240.77056661
0.99999997381120909 184204904.06028348
0.99999997384846195 184467312.82874304
0.99999997388571482 184730470.26629335
0.9999999739229678 184994380.36914858
0.99999997396022078 185259045.5811235
0.99999997399747365 185524468.35552374
0.99999997403472651 185790652.74404219
0.99999997407197938 186057602.02949503
0.99999997410923225 186325319.5135926
0.99999997414648523 186593809.31838843
0.99999997418373821 186863073.98710525
0.99999997422099107 187133116.07303458
0.99999997425824394 187403939.75614879
0.99999997429549681 187675548.43469319
0.99999997433274967 187947945.52664176
0.99999997437000265 188221135.28519097
0.99999997440725563 188495120.35760328
0.9999999744445085 188769903.40182292
0.99999997448176137 189045488.73153511
0.99999997451901423 189321879.86553258
0.9999999745562671 189599080.34321564
0.99999997459352008 189877094.55450404
0.99999997463077306 190155925.25558558
0.99999997466802593 190435575.21398035
0.99999997470527879 190716048.88280454
0.99999997474253166 190997349.90679112
0.99999997477978453 191279481.95220762
0.99999997481703751 191562449.55157042
0.99999997485429049 191846255.57514888
0.99999997489154335 192130902.90523461
0.99999997492879622 192416396.14039552
0.99999997496604909 192702739.05699003
0.99999997500330196 192989935.45388815
0.99999997504055493 193277990.01238891
0.99999997507780791 193566905.72228688
0.99999997511506078 193856685.58613124
0.99999997515231365 194147334.35428381
0.99999997518956651 194438855.94072405
0.99999997522681938 194731254.28297439
0.99999997526407236 195024534.21763399
0.99999997530132534 195318698.85977232
0.99999997533857821 195613751.33799198
0.99999997537583107 195909696.56113201
0.99999997541308394 196206538.58712
0.99999997545033681 196504281.49851432
0.99999997548758979 196802930.29408491
0.99999997552484277 197102488.22025248
0.99999997556209563 197402958.53779775
0.9999999755993485 197704346.32108477
0.99999997563660137 198006655.77866805
0.99999997567385424 198309891.14488173
0.99999997571110721 198614057.58791271
0.99999997574836019 198919158.49195713
0.99999997578561306 199225197.25645006
0.99999997582286593 199532179.12871552
0.99999997586011879 199840108.47498897
0.99999997589737166 200148989.68849966
0.99999997593462464 200458828.11449736
0.99999997597187762 200769627.28174922
0.99999997600913049 201081390.73519608
0.99999997604638335 201394123.90296865
0.99999997608363622 201707831.31643823
0.99999997612088909 202022517.53525251
0.99999997615814207 202338188.08979693
0.99999997619539505 202654846.66060096
0.99999997623264791 202972496.94536221
0.99999997626990078 203291144.56130588
0.99999997630715365 203610794.21281984
0.99999997634440652 203931450.63392577
0.99999997638165949 204253119.54867128
0.99999997641891247 204575804.79696327
0.99999997645616534 204899510.23693493
0.99999997649341821 205224241.68366134
0.99999997653067108 205550004.02288434
0.99999997656792394 205876802.17141551
0.99999997660517692 206204642.05597663
0.9999999766424299 206533527.68391877
0.99999997667968277 206863463.08194599
0.99999997671693563 207194454.27223992
0.9999999767541885 207526506.33072022
0.99999997679144137 207859624.36589643
0.99999997682869435 208193814.51669389
0.99999997686594733 208529080.96645808
0.99999997690320019 208865427.91908821
0.99999997694045306 209202861.61366341
0.99999997697770593 209541387.32562494
0.9999999770149588 209881010.36461461
0.99999997705221177 210221737.09184361
0.99999997708946475 210563571.87571996
0.99999997712671762 210906519.10648417
0.99999997716397049 211250585.25047508
0.99999997720122336 211595775.79255608
0.99999997723847622 211942096.25349817
0.9999999772757292 212289553.22747207
0.99999997731298218 212638151.27756941
0.99999997735023505 212987894.99007866
0.99999997738748791 213338791.06957102
0.99999997742474078 213690845.22082806
0.99999997746199365 214044063.186349
0.99999997749924663 214398451.80456945
0.99999997753649961 214754015.84348011
0.99999997757375247 215110760.09572321
0.99999997761100534 215468691.51572868
0.99999997764825821 215827816.03932956
0.99999997768551108 216188139.6419974
0.99999997772276406 216549669.41841546
0.99999997776001703 216912410.35232407
0.9999999777972699 217276367.45366836
0.99999997783452277 217641547.93906304
0.99999997787177564 218007957.98720944
0.9999999779090285 218375603.81848657
0.99999997794628148 218744492.79653266
0.99999997798353446 219114630.13237122
0.99999997802078733 219486021.06488892
0.9999999780580402 219858673.08596092
0.99999997809529306 220232592.62970638
0.99999997813254593 220607786.17408827
0.99999997816979891 220984261.36518401
0.99999997820705189 221362023.65356642
0.99999997824430475 221741078.51944306
0.99999997828155762 222121433.74382895
0.99999997831881049 222503096.02959669
0.99999997835606336 222886072.12576583
0.99999997839331634 223270369.97517022
0.99999997843056931 223655995.28098464
0.99999997846782218 224042953.77791294
0.99999997850507505 224431253.55085221
0.99999997854232792 224820901.58560836
0.99999997857958078 225211904.91658416
0.99999997861683365 225604270.62720263
0.99999997865408652 225998005.8503345
0.9999999786913395 226393118.94831598
0.99999997872859248 226789615.9829005
0.99999997876584534 227187503.05010247
0.99999997880309821 227586788.66453782
0.99999997884035108 227987480.21289268
0.99999997887760395 228389585.13396376
0.99999997891485692 228793112.12384507
0.9999999789521099 229198067.53075057
0.99999997898936277 229604457.73937297
0.99999997902661564 230012291.60633072
0.9999999790638685 230421576.83797759
0.99999997910112137 230832321.19561473
0.99999997913837435 231244533.72666135
0.99999997917562733 231658221.0819239
0.9999999792128802 232073389.95106274
0.99999997925013306 232490049.55080739
0.99999997928738593 232908207.92466065
0.9999999793246388 233327873.17409652
0.99999997936189178 233749054.71656519
0.99999997939914476 234171759.52268016
0.99999997943639762 234595994.60445419
0.99999997947365049 235021769.55801749
0.99999997951090336 235449092.7826626
0.99999997954815623 235877972.73887917
0.9999999795854092 236308419.23408103
0.99999997962266218 236740439.57707068
0.99999997965991505 237174041.12077972
0.99999997969716792 237609233.86130032
0.99999997973442079 238046026.57360643
0.99999997977167365 238484428.09731284
0.99999997980892652 238924447.33727109
0.99999997984617939 239366093.26417273
0.99999997988343237 239809376.23868877
0.99999997992068534 240254304.0513272
0.99999997995793821 240700884.54067805
0.99999997999519108 241149128.27048716
0.99999998003244395 241599044.54992738
0.99999998006969681 242050642.75777262
0.99999998010694979 242503933.69648921
0.99999998014420277 242958925.54274333
0.99999998018145564 243415626.52450356
0.99999998021870851 243874047.65897945
0.99999998025596137 244334198.68287513
0.99999998029321424 244796089.40651822
0.99999998033046722 245259731.09893104
0.9999999803677202 245725132.34593076
0.99999998040497307 246192301.78809875
0.99999998044222593 246661250.92168245
0.9999999804794788 247131989.93574521
0.99999998051673167 247604529.09727794
0.99999998055398465 248078880.16832757
0.99999998059123762 248555052.16849151
0.99999998062849049 249033054.17585361
0.99999998066574336 249512898.19304892
0.99999998070299623 249994594.88807788
0.99999998074024909 250478155.01147848
0.99999998077750207 250963590.84663862
0.99999998081475505 251450911.87333727
0.99999998085200792 251940127.63384575
0.99999998088926079 252431250.66645721
0.99999998092651365 252924292.14658332
0.99999998096376652 253419263.33711469
0.99999998100101939 253916175.5892781
0.99999998103827226 254415040.34350443
0.99999998107552523 254915870.62583217
0.99999998111277821 255418676.57402977
0.99999998115003108 255923468.39418349
0.99999998118728395 256430259.38795128
0.99999998122453682 256939061.45516461
0.99999998126178968 257449886.5902859
0.99999998129904266 257962748.4148396
0.99999998133629564 258477657.59613934
0.99999998137354851 258994624.87458512
0.99999998139217494 259253884.74021178
0.99999998141080138 259513664.16419101
0.99999998142942781 259773964.70988628
0.99999998144805424 260034787.94693983
0.99999998146668068 260296135.45130411
0.99999998148530711 260558008.80527323
0.99999998150393354 260820409.5975152
0.99999998152256009 261083340.99186906
0.99999998154118663 261346803.02741703
0.99999998155981307 261610795.73706073
0.9999999815784395 261875322.30405185
0.99999998159706593 262140384.34941295
0.99999998161569237 262405983.50073647
0.9999999816343188 262672121.39221758
0.99999998165294524 262938799.66468745
0.99999998167157167 263206019.96564767
0.9999999816901981 263473783.94930366
0.99999998170882454 263742093.27659884
0.99999998172745097 264010949.61524922
0.99999998174607752 264280356.24719694
0.99999998176470406 264550313.25295848
0.99999998178333049 264820820.70680517
0.99999998180195693 265091881.91130987
0.99999998182058336 265363498.5685733
0.99999998183920979 265635672.38767916
0.99999998185783623 265908405.08473021
0.99999998187646266 266181698.38288385
0.9999999818950891 266455554.01238871
0.99999998191371553 266729973.71062121
0.99999998193234196 267004959.2221221
0.9999999819509684 267280512.29863358
0.99999998196959494 267556636.34665602
0.99999998198822149 267833331.49174505
0.99999998200684792 268110597.85315445
0.99999998202547435 268388438.85932577
0.99999998204410079 268666856.29857105
0.99999998206272722 268945851.9666301
0.99999998208135366 269225427.66670966
0.99999998209998009 269505585.20952189
0.99999998211860652 269786326.41332352
0.99999998213723296 270067653.10395527
0.99999998215585939 270349567.11488169
0.99999998217448582 270632070.28723019
0.99999998219311226 270915164.46983212
0.99999998221173869 271198851.51926225
0.99999998223036513 271483133.29987997
0.99999998224899156 271768011.68386978
0.9999999822676181 272053490.25464624
0.99999998228624465 272339569.20397246
0.99999998230487108 272626248.71724671
0.99999998232349752 272913532.40173197
0.99999998234212395 273201422.16936046
0.99999998236075038 273489919.94014043
0.99999998237937682 273779027.64219838
0.99999998239800325 274068747.21182215
0.99999998241662968 274359080.59350437
0.99999998243525612 274650029.73998559
0.99999998245388255 274941596.61229837
0.99999998247250899 275233783.17981112
0.99999998249113553 275526593.16740406
0.99999998250976208 275820026.82156587
0.99999998252838851 276114084.38238567
0.99999998254701494 276408769.6001538
0.99999998256564138 276704084.48658913
0.99999998258426781 277000031.06201714
0.99999998260289424 277296611.3554154
0.99999998262152068 277593827.40446037
0.99999998264014711 277891681.25557387
0.99999998265877355 278190174.96397001
0.99999998267739998 278489310.59370255
0.99999998269602641 278789090.21771252
0.99999998271465296 279089517.71048391
0.9999999827332795 279390593.37800729
0.99999998275190594 279692317.51985157
0.99999998277053237 279994694.03759658
0.9999999827891588 280297725.04934388
0.99999998280778524 280601412.68237418
0.99999998282641167 280905759.07319736
0.9999999828450381 281210766.36760199
0.99999998286366454 281516436.72070652
0.99999998288229097 281822772.29700959
0.99999998290091741 282129775.27044094
0.99999998291954384 282437447.82441342
0.99999998293817038 282745793.99175781
0.99999998295679693 283054814.14317214
0.99999998297542336 283364508.64292449
0.9999999829940498 283674881.55276352
0.99999998301267623 283985935.10429925
0.99999998303130266 284297671.53894013
0.9999999830499291 284610093.10794699
0.99999998306855553 284923202.07248712
0.99999998308718197 285237000.70368916
0.9999999831058084 285551491.28269738
0.99999998312443483 285866676.1007275
0.99999998314306127 286182557.45912212
0.99999998316168781 286499139.55846113
0.99999998318031436 286816422.83982754
0.99999998319894079 287134407.73788339
0.99999998321756722 287453098.48409718
0.99999998323619366 287772497.43129373
0.99999998325482009 288092606.94276673
0.99999998327344652 288413429.39233667
0.99999998329207296 288734967.16440958
0.99999998331069939 289057222.6540361
0.99999998332932583 289380198.26697129
0.99999998334795226 289703896.41973388
0.99999998336657869 290028319.53966689
0.99999998338520513 290353470.06499857
0.99999998340383156 290679350.44490278
0.99999998342245799 291005963.1395613
0.99999998344108443 291333310.62022501
0.99999998345971097 291661397.32701814
0.99999998347833752 291990223.80461019
0.99999998349696395 292319790.59129077
0.99999998351559038 292650102.16095769
0.99999998353421682 292981161.04115266
0.99999998355284325 293312969.77086723
0.99999998357146969 293645530.90060735
0.99999998359009612 293978846.99245924
0.99999998360872255 294312920.62015492
0.99999998362734899 294647754.36913854
0.99999998364597542 294983350.83663285
0.99999998366460185 295319712.6317066
0.9999999836832284 295656844.38708782
0.99999998370185494 295994746.73319674
0.99999998372048138 296333420.2941314
0.99999998373910781 296672869.73877102
0.99999998375773425 297013097.73643768
0.99999998377636068 297354106.96871209
0.99999998379498711 297695900.12950432
0.99999998381361355 298038479.92512405
0.99999998383223998 298381849.07435274
0.99999998385086641 298726010.30851495
0.99999998386949285 299070966.37155145
0.99999998388811928 299416720.02009147
0.99999998390674583 299763276.09154195
0.99999998392537237 300110635.30970567
0.9999999839439988 300458798.39214772
0.99999998396262524 300807770.21500754
0.99999998398125167 301157553.5994699
0.99999998399987811 301508151.37985653
0.99999998401850454 301859566.40370303
0.99999998403713097 302211801.53183562
0.99999998405575741 302564859.63844866
0.99999998407438384 302918743.61118317
0.99999998409301027 303273456.35120553
0.99999998411163671 303629000.77328646
0.99999998413026325 303985381.9325608
0.9999999841488898 304342600.65457082
0.99999998416751623 304700657.75873536
0.99999998418614267 305059558.3417275
0.9999999842047691 305419305.3875497
0.99999998422339553 305779901.89429635
0.99999998424202197 306141350.8742373
0.9999999842606484 306503655.35390186
0.99999998427927483 306866818.37416285
0.99999998429790127 307230842.99032187
0.9999999843165277 307595732.2721951
0.99999998433515414 307961489.30419958
0.99999998435378068 308328119.37331593
0.99999998437240722 308695623.41598499
0.99999998439103366 309064002.36267418
0.99999998440966009 309433261.54495519
0.99999998442828653 309803404.1215651
0.99999998444691296 310174433.26637268
0.99999998446553939 310546352.16846925
0.99999998448416583 310919164.03225964
0.99999998450279226 311292872.07755464
0.99999998452141869 311667479.53966331
0.99999998454004513 312042989.66948676
0.99999998455867156 312419405.73361188
0.99999998457729811 312796733.2661584
0.99999998459592465 313174973.32451546
0.99999998461455109 313554126.96028799
0.99999998463317752 313934199.75551301
0.99999998465180395 314315195.0566417
0.99999998467043039 314697116.22638988
0.99999998468905682 315079966.6438368
0.99999998470768325 315463749.70452499
0.99999998472630969 315848468.82056063
0.99999998474493612 316234127.42071462
0.99999998476356255 316620728.95052433
0.99999998478218899 317008276.87239635
0.99999998480081553 317396776.98417753
0.99999998481944208 317786230.4752422
0.99999998483806851 318176638.52941662
0.99999998485669495 318568006.99609303
0.99999998487532138 318960339.42359018
0.99999998489394781 319353639.37772763
0.99999998491257425 319747910.44193399
0.99999998493120068 320143156.21735555
0.99999998494982711 320539380.32296622
0.99999998496845355 320936586.39567763
0.99999998498707998 321334778.0904507
0.99999998500570642 321733959.08040762
0.99999998502433296 322134135.44513643
0.9999999850429595 322535308.51813364
0.99999998506158594 322937479.62763524
0.99999998508021237 323340654.90873849
0.99999998509883881 323744838.12708318
0.99999998511746524 324150033.06716102
0.99999998513609167 324556243.53243357
0.99999998515471811 324963473.34545118
0.99999998517334454 325371726.34797311
0.99999998519197097 325781006.40108806
0.99999998521059741 326191317.3853361
0.99999998522922384 326602663.20083135
0.99999998524785039 327015050.22849458
0.99999998526647693 327428479.95930362
0.99999998528510337 327842953.87932396
0.9999999853037298 328258478.42932004
0.99999998532235623 328675057.60914856
0.99999998534098267 329092695.4389956
0.9999999853596091 329511395.95950633
0.99999998537823553 329931163.23191494
0.99999998539686197 330352001.33817625
0.9999999854154884 330773914.38109821
0.99999998543411484 331196906.48447466
0.99999998545274127 331620981.7932201
0.99999998547136781 332046147.01092362
0.99999998548999436 332472403.80076706
0.99999998550862079 332899753.82143742
0.99999998552724723 333328203.8411147
0.99999998554587366 333757758.11236811
0.99999998556450009 334188420.90971619
0.99999998558312653 334620196.52976727
0.99999998560175296 335053089.29136348
0.99999998562037939 335487103.5357244
0.99999998563900583 335922243.62659186
0.99999998565763226 336358513.95037675
0.9999999856762587 336795918.91630584
0.99999998569488524 337234465.57390314
0.99999998571351179 337674155.7748009
0.99999998573213822 338114991.36663318
0.99999998575076465 338556979.46872109
0.99999998576939109 339000124.60662425
0.99999998578801752 339444431.3296271
0.99999998580664395 339889904.21089506
0.99999998582527039 340336547.84763104
0.99999998584389682 340784366.86123383
0.99999998586252326 341233365.8974573
0.99999998588114969 341683549.62657124
0.99999998589977612 342134922.74352312
0.99999998591840267 342587492.66918302
0.99999998593702921 343041261.46158308
0.99999998595565565 343496231.17534423
0.99999998597428208 343952409.30685192
0.99999998599290851 344409800.67691702
0.99999998601153495 344868410.13202733
0.99999998603016138 345328242.54451829
0.99999998604878781 345789302.81274587
0.99999998606741425 346251595.86126041
0.99999998608604068 346715126.64098209
0.99999998610466712 347179900.12937754
0.99999998612329355 347645921.33063787
0.99999998614192009 348113198.06477451
0.99999998616054664 348581732.61607659
0.99999998617917307 349051527.26611292
0.99999998619779951 349522589.9167003
0.99999998621642594 349994925.70837653
0.99999998623505237 350468539.80950361
0.99999998625367881 350943437.41645664
0.99999998627230524 351419623.75381333
0.99999998629093168 351897104.0745458
0.99999998630955811 352375883.66021389
0.99999998632818454 352855967.82115948
0.99999998634681098 353337361.89670354
0.99999998636543752 353820074.1364485
0.99999998638406407 354304107.07293856
0.9999999864026905 354789463.236808
0.99999998642131693 355276150.96639371
0.99999998643994337 355764175.74891156
0.9999999864585698 356253543.10176897
0.99999998647719623 356744258.57277167
0.99999998649582267 357236327.74033451
0.9999999865144491 357729756.21369201
0.99999998653307554 358224549.6331116
0.99999998655170197 358720713.67010903
0.9999999865703284 359218254.02766448
0.99999998658895495 359717179.41838408
0.99999998660758149 360217492.64747077
0.99999998662620793 360719196.51916569
0.99999998664483436 361222299.8424539
0.99999998666346079 361726808.48095399
0.99999998668208723 362232728.33108777
0.99999998670071366 362740065.32231015
0.99999998671934009 363248825.41734105
0.99999998673796653 363759014.61239874
0.99999998675659296 364270638.93743515
0.9999999867752194 364783704.45637411
0.99999998679384583 365298217.26735026
0.99999998681247237 365814186.5826965
0.99999998683109892 366331615.50738806
0.99999998684972535 366850507.14654303
0.99999998686835179 367370870.81732297
0.99999998688697822 367892712.79258406
0.99999998690560465 368416039.38087416
0.99999998692423109 368940856.92668748
0.99999998694285752 369467171.81072044
0.99999998696148396 369994990.45013088
0.99999998698011039 370524319.29879826
0.99999998699873682 371055164.84758723
0.99999998701736326 371587533.62461251
0.9999999870359898 372121435.38236541
0.99999998705461635 372656873.55576265
0.99999998707324278 373193851.58115035
0.99999998709186921 373732379.32520276
0.99999998711049565 374272463.50634706
0.99999998712912208 374814110.8819015
0.99999998714774851 375357328.24835706
0.99999998716637495 375902122.44166166
0.99999998718500138 376448500.33750737
0.99999998720362782 376996468.85161912
0.99999998722225425 377546034.94004685
0.99999998724088068 378097205.59945971
0.99999998725950723 378649991.16710228
0.99999998727813377 379204395.44145489
0.99999998729676021 379760422.2239235
0.99999998731538664 380318081.9763096
0.99999998733401307 380877381.9028852
0.99999998735263951 381438329.25036317
0.99999998737126594 382000931.30820948
0.99999998738989238 382565195.40895945
0.99999998740851881 383131128.92853612
0.99999998742714524 383698739.28657156
0.99999998744577168 384268033.94673145
0.99999998746439811 384839020.41704184
0.99999998748302465 385411709.66877562
0.9999999875016512 385986105.90151083
0.99999998752027763 386562213.31948817
0.99999998753890407 387140043.03006309
0.9999999875575305 387719602.76807529
0.99999998757615693 388300900.31475019
0.99999998759478337 388883943.49804741
0.9999999876134098 389468740.19301188
0.99999998763203624 390055298.32212842
0.99999998765066267 390643625.85567981
0.9999999876692891 391233730.81210756
0.99999998768791554 391825621.25837606
0.99999998770654208 392419308.85433817
0.99999998772516863 393014798.24264055
0.99999998774379506 393612094.07260883
0.99999998776242149 394211208.15300763
0.99999998778104793 394812148.79899871
0.99999998779967436 395414924.37652326
0.9999999878183008 396019543.30269074
0.99999998783692723 396626014.04616964
0.99999998785555366 397234345.12758362
0.9999999878741801 397844545.11991072
0.99999998789280653 398456622.64888501
0.99999998791143296 399070586.3934043
0.99999998793005951 399686448.76241189
0.99999998794868605 400304214.88864082
0.99999998796731249 400923889.91384143
0.99999998798593892 401545486.41017717
0.99999998800456535 402169013.328592
0.99999998802319179 402794479.67571265
0.99999998804181822 403421894.51428115
0.99999998806044466 404051266.96359384
0.99999998807907109 404682606.19994229
0.99999998809769752 405315921.45705956
0.99999998811632396 405951222.02657062
0.99999998813495039 406588517.2584464
0.99999998815357682 407227816.5614627
0.99999998817220326 407869129.40366298
0.99999998819082969 408512465.3128261
0.99999998820945613 409157833.87693787
0.99999998822808267 409805248.60964662
0.99999998824670921 410454715.38032699
0.99999998826533565 411106240.07107991
0.99999998828396208 411759836.38050801
0.99999998830258852 412415514.20486939
0.99999998832121495 413073283.50355655
0.99999998833984138 413733154.29959929
0.99999998835846782 414395136.68017584
0.99999998837709425 415059240.79712468
0.99999998839572068 415725476.86746567
0.99999998841434712 416393855.17392206
0.99999998843297355 417064386.06545061
0.9999999884516001 417737083.97381449
0.99999998847022664 418411955.39197874
0.99999998848885308 419089006.82893956
0.99999998850747951 419768252.9200204
0.99999998852610594 420449704.35346133
0.99999998854473238 421133371.88702011
0.99999998856335881 421819266.34853709
0.99999998858198524 422507398.63650727
0.99999998860061168 423197779.72065777
0.99999998861923811 423890420.64253038
0.99999998863786455 424585332.51607072
0.99999998865649098 425282526.52822185
0.99999998867511752 425982018.11565667
0.99999998869374407 426683814.46453232
0.9999999887123705 427387922.78087437
0.99999998873099694 428094358.72581273
0.99999998874962337 428803133.86040586
0.9999999887682498 429514259.82240176
0.99999998878687624 430227748.32687646
0.99999998880550267 430943611.16687572
0.9999999888241291 431661860.21406609
0.99999998884275554 432382507.41939014
0.99999998886138197 433105564.81373018
0.99999998888000841 433831044.50857699
0.99999998889863495 434558963.04269743
0.9999999889172615 435289328.37408656
0.99999998893588793 436022148.4850623
0.99999998895451436 436757440.16237396
0.9999999889731408 437495215.930839
0.99999998899176723 438235488.40004522
0.99999998901039366 438978270.26506913
0.9999999890290201 439723574.30720162
0.99999998904764653 440471413.39468092
0.99999998906627297 441221800.48343319
0.9999999890848994 441974748.6178214
0.99999998910352583 442730270.93140024
0.99999998912215238 443488385.17410797
0.99999998914077892 444249100.16483766
0.99999998915940536 445012424.75198293
0.99999998917803179 445778376.96001214
0.99999998919665822 446546970.38005441
0.99999998921528466 447318218.69713342
0.99999998923391109 448092135.69097847
0.99999998925253752 448868735.23684549
0.99999998927116396 449648031.30634624
0.99999998928979039 450430037.96828628
0.99999998930841683 451214769.38951159
0.99999998932704326 452002239.83576375
0.99999998934566969 452792463.67254519
0.99999998936429613 453585455.36599159
0.99999998938292256 454381229.48375577
0.99999998940154899 455179800.69589895
0.99999998942017554 455981188.56082237
0.99999998943880208 456785403.20487589
0.99999998945742852 457592454.79215693
0.99999998947605495 458402363.1965034
0.99999998949468138 459215143.61373669
0.99999998951330782 460030811.34764051
0.99999998953193425 460849381.81092286
0.99999998955056069 461670870.52618557
0.99999998956918712 462495293.12690663
0.99999998958781355 463322665.35843122
0.99999998960643999 464153003.07897395
0.99999998962506642 464986322.26063305
0.99999998964369297 465822643.98421955
0.99999998966231951 466661979.49489826
0.99999998968094594 467504340.08296955
0.99999998969957238 468349747.18022394
0.99999998971819881 469198217.34376043
0.99999998973682525 470049767.25087553
0.99999998975545168 470904413.70015407
0.99999998977407811 471762173.61257565
0.99999998979270455 472623064.03263015
0.99999998981133098 473487102.12944704
0.99999998982995741 474354305.19793719
0.99999998984858385 475224690.65994602
0.99999998986721039 476098281.28197247
0.99999998988583694 476975089.56515676
0.99999998990446337 477855128.06439978
0.9999999899230898 478738419.93763673
0.99999998994171624 479624983.2591508
0.99999998996034267 480514836.23735619
0.99999998997896911 481407997.21604633
0.99999998999759554 482304484.67565292
0.9999999899999239 482416783.10502815
0.99999998999999673 482420296.6210829
0.99999999000006945 482420451.94538236
0.999999990000215 482420451.94538236
0.99999999000050599 482420451.94538236
0.99999999000108808 482420451.94538236
0.99999999000225215 482420451.94538236
0.99999999000690876 482420451.94538236
0.99999999001622197 482420451.94538236
0.99999999016523367 482420451.94538236
0.99999999046325683 482420451.94538236
1 482420451.94538236
