# Silicon exchange_current_density; sampled from pre-migration BESFEM model.
# concentration value; solver units (see ../README.md)
0 0
2.8421709430404008e-16 9.9147553010821548e-13
5.6843418860808016e-16 1.4021581414400922e-12
1.1368683772161603e-15 1.9829510602164301e-12
2.2737367544323206e-15 2.8043162828801819e-12
4.5474735088646413e-15 3.9659021204328538e-12
9.0949470177292826e-15 5.6086325657603445e-12
1.8189894035458565e-14 7.9318042408656527e-12
2.7284841053187846e-14 9.71443656488222e-12
3.637978807091713e-14 1.1217265131520534e-11
5.4569682106375692e-14 1.3738287940869347e-11
7.2759576141834261e-14 1.5863608481730872e-11
1.0913936421275138e-13 1.9428873129763642e-11
1.4551915228366852e-13 2.2434530263039846e-11
1.8189894035458566e-13 2.5082567355716215e-11
2.1827872842550277e-13 2.7476575881736449e-11
2.9103830456733704e-13 3.1727216963458281e-11
3.6379788070917132e-13 3.5472106933587306e-11
4.3655745685100554e-13 3.8857746259520931e-11
5.0931703299283986e-13 4.1971162938745651e-11
5.8207660913467408e-13 4.4869060526069896e-11
7.2759576141834263e-13 5.0165134711418736e-11
8.7311491370201108e-13 5.4953151763454914e-11
1.0186340659856797e-12 5.9356187856529994e-11
1.1641532182693482e-12 6.3454433926888852e-11
1.3096723705530166e-12 6.7303590789080358e-11
1.4551915228366853e-12 7.094421386713589e-11
1.7462298274040222e-12 7.7715492518990965e-11
2.0372681319713594e-12 8.3942325877427183e-11
2.3283064365386963e-12 8.9738121052061442e-11
2.6193447411060332e-12 9.518165089026404e-11
2.9103830456733705e-12 1.0033026942272797e-10
3.2014213502407074e-12 1.0522727430983698e-10
3.4924596548080443e-12 1.0990630352676587e-10
4.0745362639427189e-12 1.187123757128786e-10
4.6566128730773927e-12 1.2690886785355612e-10
5.2386894822120665e-12 1.3460718157789628e-10
5.820766091346741e-12 1.4188842773396208e-10
6.4028427004814148e-12 1.4881383846028722e-10
6.9849193096160886e-12 1.5543098503757483e-10
7.5669959187507632e-12 1.6177769840807726e-10
8.1490725278854378e-12 1.6788465175434133e-10
9.3132257461547854e-12 1.7947624210349609e-10
1.0477378964424133e-11 1.9036330177978013e-10
1.1641532182693482e-11 2.0066053884457994e-10
1.280568540096283e-11 2.1045454861866337e-10
1.3969838619232177e-11 2.198126070523802e-10
1.5133991837501526e-11 2.2878821517734153e-10
1.6298145055770876e-11 2.3742475142430612e-10
1.7462298274040225e-11 2.4575796583985676e-10
1.8626451492309571e-11 2.5381773570533934e-10
1.9790604710578917e-11 2.6162933349190301e-10
2.0954757928848266e-11 2.6921436315367709e-10
2.3283064365386964e-11 2.8377685546544644e-10
2.5611370801925659e-11 2.9762767691771591e-10
2.7939677238464354e-11 3.1086197007189258e-10
3.0267983675003053e-11 3.2355539681248195e-10
3.2596290111541751e-11 3.357693035045783e-10
3.492459654808045e-11 3.4755424834891474e-10
3.7252902984619141e-11 3.5895248420197765e-10
3.9581209421157833e-11 3.6999975173522137e-10
4.1909515857696532e-11 3.8072660355357679e-10
4.423782229423523e-11 3.9115940104095907e-10
4.6566128730773928e-11 4.013210776821519e-10
4.8894435167312627e-11 4.1123173243460708e-10
5.1222741603851319e-11 4.2090909722924162e-10
5.3551048040390011e-11 4.3036890977330669e-10
5.5879354476928709e-11 4.3962521409554825e-10
6.0535967350006106e-11 4.5757643034429553e-10
6.5192580223083502e-11 4.7484950283700349e-10
6.9849193096160899e-11 4.9151593166683908e-10
7.4505805969238283e-11 5.0763547139649542e-10
7.9162418842315667e-11 5.232586669682725e-10
8.3819031715393063e-11 5.3842872629043017e-10
8.847564458847046e-11 5.5318292998962495e-10
9.3132257461547857e-11 5.6755371091107126e-10
9.7788870334625253e-11 5.8156949327298741e-10
1.0244548320770264e-10 5.9525535381256389e-10
1.0710209608078002e-10 6.0863354900883672e-10
1.1175870895385742e-10 6.2172394011772907e-10
1.1641532182693481e-10 6.3454433923232269e-10
1.2107193470001221e-10 6.4711079359558378e-10
1.2572854757308961e-10 6.5943782112029171e-10
1.30385160446167e-10 6.7153860697632218e-10
1.350417733192444e-10 6.8342516883369951e-10
1.396983861923218e-10 6.9510849666141481e-10
1.4901161193847657e-10 7.1790496836383921e-10
1.5832483768463133e-10 7.3999950342650757e-10
1.6763806343078613e-10 7.6145320705928537e-10
1.7695128917694092e-10 7.8231880203000604e-10
1.8626451492309571e-10 8.0264215530823988e-10
1.9557774066925051e-10 8.2246346480889326e-10
2.0489096641540527e-10 8.4181819439380277e-10
2.1420419216156004e-10 8.6073781947747339e-10
2.2351741790771484e-10 8.7925042811739854e-10
2.3283064365386963e-10 8.9738121041719017e-10
2.4214386940002442e-10 9.1515286060549167e-10
2.5145709514617922e-10 9.3258591011145324e-10
2.6077032089233401e-10 9.4969900558113714e-10
2.700835466384888e-10 9.6650914256648057e-10
2.793967723846436e-10 9.8303186323068218e-10
2.8870999813079839e-10 9.9928142461890086e-10
2.9802322387695313e-10 1.0152709426795254e-09
3.0733644962310787e-10 1.0310125161751266e-09
3.1664967536926267e-10 1.0465173338122779e-09
3.2596290111541746e-10 1.0617957672870767e-09
3.3527612686157225e-10 1.0768574524454689e-09
3.5390257835388184e-10 1.1063658598324206e-09
3.7252902984619143e-10 1.1351074216635699e-09
3.9115548133850101e-10 1.1631389863753616e-09
4.0978193283081055e-10 1.1905107074421842e-09
4.2840838432312008e-10 1.2172670978221157e-09
4.4703483581542967e-10 1.2434478800270088e-09
4.6566128730773926e-10 1.2690886782430331e-09
4.8428773880004884e-10 1.2942215869561269e-09
5.0291419029235843e-10 1.3188756419918531e-09
5.2154064178466802e-10 1.3430772136899684e-09
5.4016709327697761e-10 1.3668503373905262e-09
5.5879354476928719e-10 1.3902169930315131e-09
5.7741999626159678e-10 1.4131973431195549e-09
5.9604644775390626e-10 1.4358099364067501e-09
6.1467289924621575e-10 1.4580718831272148e-09
6.3329935073852533e-10 1.4799990065015345e-09
6.5192580223083492e-10 1.5016059743229964e-09
6.7055225372314451e-10 1.5229064137356248e-09
6.8917870521545409e-10 1.5439130117559372e-09
7.0780515670776368e-10 1.5646376036447151e-09
7.2643160820007327e-10 1.5850912508768898e-09
7.4505805969238285e-10 1.6052843101679686e-09
7.6368451118469244e-10 1.6252264947797392e-09
7.8231096267700203e-10 1.6449269291352199e-09
8.0093741416931161e-10 1.6643941976142587e-09
8.195638656616211e-10 1.6836363882701629e-09
8.3819031715393058e-10 1.7026611320989233e-09
8.5681676864624017e-10 1.7214756384018258e-09
8.9406967163085934e-10 1.7585008556452136e-09
9.3132257461547852e-10 1.7947624202075669e-09
9.6857547760009769e-10 1.8303057205461876e-09
1.0058283805847169e-09 1.8651718195193902e-09
1.043081283569336e-09 1.8993980104193143e-09
1.0803341865539552e-09 1.9330182843498465e-09
1.1175870895385744e-09 1.9660637256373969e-09
1.1548399925231936e-09 1.9985628483722937e-09
1.1920928955078125e-09 2.0305418844513277e-09
1.2293457984924315e-09 2.0620250313996497e-09
1.2665987014770507e-09 2.0930346666304174e-09
1.3038516044616698e-09 2.1235915335358353e-09
1.341104507446289e-09 2.1537149038078034e-09
1.3783574104309082e-09 2.1834227195971544e-09
1.4156103134155274e-09 2.2127317184902038e-09
1.4528632164001465e-09 2.2416575437748264e-09
1.4901161193847657e-09 2.2702148420585583e-09
1.5273690223693849e-09 2.2984173499679604e-09
1.5646219253540041e-09 2.3262779713858189e-09
1.6018748283386232e-09 2.3538088464585431e-09
1.6391277313232422e-09 2.3810214134208191e-09
1.6763806343078612e-09 2.4079264641306744e-09
1.7136335372924803e-09 2.4345341940797686e-09
1.7508864402770995e-09 2.4608542475361701e-09
1.7881393432617187e-09 2.4868957583864245e-09
1.8253922462463379e-09 2.5126673871673435e-09
1.862645149230957e-09 2.5381773547131701e-09
1.8998980522155762e-09 2.563433472788698e-09
1.9371509552001954e-09 2.5884431720319266e-09
1.9744038581848146e-09 2.6132135274895318e-09
2.0116567611694337e-09 2.637751281993862e-09
2.0489096641540529e-09 2.6620628676003585e-09
2.0861625671386721e-09 2.6861544252785287e-09
2.1234154701232912e-09 2.7100318230272873e-09
2.1606683731079104e-09 2.7337006725660698e-09
2.2351741790771488e-09 2.7804339837324937e-09
2.3096799850463871e-09 2.8263946837910841e-09
2.384185791015625e-09 2.8716198702460719e-09
2.458691596984863e-09 2.9161437635657176e-09
2.5331974029541013e-09 2.9599980101912216e-09
2.6077032089233397e-09 3.0032119457091861e-09
2.682209014892578e-09 3.0458128244076848e-09
2.7567148208618164e-09 3.0878260203197786e-09
2.8312206268310547e-09 3.1292752039670547e-09
2.9057264328002931e-09 3.1701824982993988e-09
2.9802322387695314e-09 3.2105686167478468e-09
3.0547380447387698e-09 3.2504529858359976e-09
3.1292438507080081e-09 3.2898538544099068e-09
3.2037496566772465e-09 3.328788391229291e-09
3.2782554626464844e-09 3.3672727724007832e-09
3.3527612686157223e-09 3.4053222599163837e-09
3.4272670745849607e-09 3.4429512723786841e-09
3.501772880554199e-09 3.4801734488423949e-09
3.5762786865234374e-09 3.5170017065737601e-09
3.6507844924926757e-09 3.553448293421408e-09
3.7252902984619141e-09 3.5895248354006254e-09
3.7997961044311524e-09 3.6252423800151432e-09
3.8743019104003908e-09 3.6606114357740071e-09
3.9488077163696291e-09 3.6956420083041883e-09
4.0233135223388675e-09 3.7303436334106526e-09
4.0978193283081058e-09 3.764725407393449e-09
4.1723251342773441e-09 3.7987960148949488e-09
4.2468309402465825e-09 3.8325637545188101e-09
4.3213367462158208e-09 3.8660365624347759e-09
4.3958425521850592e-09 3.8992220341595421e-09
4.4703483581542975e-09 3.9321274446830511e-09
4.5448541641235359e-09 3.9647597670912726e-09
4.6193599700927742e-09 3.9971256898205257e-09
4.6938657760620126e-09 4.0292316326642732e-09
4.7683715820312501e-09 4.0610837616408732e-09
4.8428773880004876e-09 4.0926880028198534e-09
4.917383193969726e-09 4.1240500551944747e-09
4.9918889999389643e-09 4.1551754026797867e-09
5.0663948059082027e-09 4.1860693253077298e-09
5.140900611877441e-09 4.2167369096839684e-09
5.2154064178466794e-09 4.2471830587651254e-09
5.2899122238159177e-09 4.2774125010096318e-09
5.3644180297851561e-09 4.3074297989505359e-09
5.5134296417236327e-09 4.3668454301656977e-09
5.6624412536621094e-09 4.4254634275833107e-09
5.8114528656005861e-09 4.4833150777791873e-09
5.9604644775390628e-09 4.5404296739684649e-09
6.1094760894775395e-09 4.5968346894043267e-09
6.2584877014160162e-09 4.6525559318524004e-09
6.4074993133544929e-09 4.7076176816055649e-09
6.5565109252929688e-09 4.7620428151332431e-09
6.7055225372314447e-09 4.8158529161515454e-09
6.8545341491699213e-09 4.8690683756438397e-09
7.003545761108398e-09 4.9217084821463114e-09
7.1525573730468747e-09 4.9737915034320999e-09
7.3015689849853514e-09 5.0253347605748766e-09
7.4505805969238281e-09 5.0763546952431688e-09
7.5995922088623048e-09 5.1268669309666096e-09
7.7486038208007815e-09 5.1768863290212388e-09
7.8976154327392582e-09 5.2264270395004472e-09
8.0466270446777349e-09 5.2755025480689731e-09
8.1956386566162116e-09 5.3241257188377379e-09
8.3446502685546883e-09 5.3723088337457927e-09
8.493661880493165e-09 5.4200636287910034e-09
8.6426734924316417e-09 5.4674013274122774e-09
8.7916851043701184e-09 5.5143326712923626e-09
8.9406967163085951e-09 5.5608679488207236e-09
9.0897083282470718e-09 5.6070170214301327e-09
9.2387199401855485e-09 5.6527893479979674e-09
9.3877315521240252e-09 5.6981940074832248e-09
9.5367431640625002e-09 5.7432397199527172e-09
9.6857547760009752e-09 5.7879348661343632e-09
9.8347663879394519e-09 5.8322875056217398e-09
9.9837779998779286e-09 5.8763053938419089e-09
1.0132789611816405e-08 5.9199959978876651e-09
1.0281801223754882e-08 5.9633665113057429e-09
1.0430812835693359e-08 6.0064238679239157e-09
1.0579824447631835e-08 6.049174754792239e-09
1.0728836059570312e-08 6.0916256243068502e-09
1.0877847671508789e-08 6.1337827055785308e-09
1.1026859283447265e-08 6.1756520151027911e-09
1.1175870895385742e-08 6.2172393667831734e-09
1.1324882507324219e-08 6.2585503813551031e-09
1.1473894119262696e-08 6.2995904952534965e-09
1.1622905731201172e-08 6.3403649689637472e-09
1.1771917343139649e-08 6.3808788948924232e-09
1.1920928955078126e-08 6.4211372047909738e-09
1.2069940567016602e-08 6.4611446767631298e-09
1.2218952178955079e-08 6.5009059418841484e-09
1.2367963790893556e-08 6.5404254904578729e-09
1.2516975402832032e-08 6.5797076779355481e-09
1.2665987014770509e-08 6.6187567305184513e-09
1.2814998626708986e-08 6.657576750464767e-09
1.2964010238647463e-08 6.6961717211195466e-09
1.3113021850585938e-08 6.7345455116852251e-09
1.3262033462524413e-08 6.7727018817488568e-09
1.3411045074462889e-08 6.8106444855810696e-09
1.3709068298339843e-08 6.885902509357627e-09
1.4007091522216796e-08 6.9603468611244581e-09
1.4305114746093749e-08 7.0340033754141852e-09
1.4603137969970703e-08 7.1068965479241932e-09
1.4901161193847656e-08 7.1790496306851849e-09
1.519918441772461e-08 7.2504847187047401e-09
1.5497207641601563e-08 7.3212228290010719e-09
1.5795230865478516e-08 7.3912839728282379e-09
1.609325408935547e-08 7.4606872217962779e-09
1.6391277313232423e-08 7.5294507685054015e-09
1.6689300537109377e-08 7.5975919822404606e-09
1.698732376098633e-08 7.6651274602088691e-09
1.7285346984863283e-08 7.7320730747502137e-09
1.7583370208740237e-08 7.7984440168979854e-09
1.788139343261719e-08 7.8642548366321636e-09
1.8179416656494144e-08 7.9295194801247801e-09
1.8477439880371097e-08 7.9942513242485674e-09
1.877546310424805e-08 8.0584632085905276e-09
1.9073486328125e-08 8.1221674651874756e-09
1.937150955200195e-08 8.1853759461785481e-09
1.9669532775878904e-08 8.2481000495503447e-09
1.9967555999755857e-08 8.3103507431330507e-09
2.0265579223632811e-08 8.3721385869906195e-09
2.0563602447509764e-08 8.4334737543344576e-09
2.0861625671386717e-08 8.494366051077894e-09
2.1159648895263671e-08 8.554824934137853e-09
2.1457672119140624e-08 8.6148595285805092e-09
2.1755695343017578e-08 8.6744786436988657e-09
2.2053718566894531e-08 8.7336907881025104e-09
2.2351741790771484e-08 8.792504183892731e-09
2.2649765014648438e-08 8.85092677998984e-09
2.2947788238525391e-08 8.908966264673867e-09
2.3245811462402345e-08 8.9666300773946508e-09
2.3543834686279298e-08 9.0239254199026584e-09
2.3841857910156251e-08 9.0808592667477201e-09
2.4139881134033205e-08 9.1374383751889758e-09
2.4437904357910158e-08 9.1936692945558975e-09
2.4735927581787111e-08 9.2495583750971238e-09
2.5033950805664065e-08 9.3051117763509084e-09
2.5331974029541018e-08 9.3603354750684539e-09
2.5629997253417972e-08 9.4152352727189572e-09
2.5928020477294925e-08 9.4698168026030506e-09
2.6226043701171875e-08 9.5240855365993281e-09
2.6524066925048825e-08 9.5780467915668273e-09
2.6822090148925779e-08 9.6317057354246586e-09
2.7120113372802732e-08 9.6850673929284846e-09
2.7418136596679685e-08 9.7381366511620918e-09
2.7716159820556639e-08 9.7909182647610721e-09
2.8014183044433592e-08 9.8434168608843888e-09
2.8312206268310546e-08 9.8956369439485706e-09
2.8610229492187499e-08 9.9475829001382105e-09
2.8908252716064452e-08 9.9992590017055808e-09
2.9206275939941406e-08 1.0050669411071267e-08
2.9504299163818359e-08 1.0101818184736986e-08
2.9802322387695312e-08 1.0152709277020967e-08
3.0100345611572266e-08 1.0203346543625674e-08
3.0398368835449219e-08 1.0253733745046923e-08
3.0696392059326173e-08 1.030387454983297e-08
3.0994415283203126e-08 1.0353772537701552e-08
3.1292438507080079e-08 1.0403431202522352e-08
3.1590461730957033e-08 1.045285395517196e-08
3.1888484954833986e-08 1.0502044126267902e-08
3.218650817871094e-08 1.0551004968787941e-08
3.2484531402587893e-08 1.0599739660580493e-08
3.2782554626464846e-08 1.0648251306771641e-08
3.3378601074218753e-08 1.0744617533001469e-08
3.397464752197266e-08 1.0840127119473444e-08
3.4570693969726567e-08 1.0934802513065658e-08
3.5166740417480474e-08 1.1028665197143897e-08
3.576278686523438e-08 1.1121735748487344e-08
3.6358833312988287e-08 1.1214033889961817e-08
3.6954879760742194e-08 1.130557853932232e-08
3.7550926208496101e-08 1.1396387854487098e-08
3.8146972656250001e-08 1.1486479275590026e-08
3.8743019104003901e-08 1.1575869564087172e-08
3.9339065551757808e-08 1.1664574839165922e-08
3.9935111999511715e-08 1.175261061168063e-08
4.0531158447265621e-08 1.1839991815817104e-08
4.1127204895019528e-08 1.1926732838669035e-08
4.1723251342773435e-08 1.2012847547892178e-08
4.2319297790527342e-08 1.2098349317586855e-08
4.2915344238281248e-08 1.2183251052545538e-08
4.3511390686035155e-08 1.2267565210989997e-08
4.4107437133789062e-08 1.2351303825911439e-08
4.4703483581542969e-08 1.243447852511715e-08
4.5299530029296876e-08 1.2517100550078157e-08
4.5895576477050782e-08 1.2599180773664486e-08
4.6491622924804689e-08 1.2680729716847098e-08
4.7087669372558596e-08 1.2761757564439306e-08
4.7683715820312503e-08 1.284227417994418e-08
4.8279762268066409e-08 1.2922289119569357e-08
4.8875808715820316e-08 1.3001811645465515e-08
4.9471855163574223e-08 1.3080850738240505e-08
5.006790161132813e-08 1.3159415108796974e-08
5.0663948059082037e-08 1.3237513209537637e-08
5.1259994506835943e-08 1.3315153244979019e-08
5.185604095458985e-08 1.3392343181811372e-08
5.245208740234375e-08 1.3469090758439715e-08
5.304813385009765e-08 1.354540349403831e-08
5.3644180297851557e-08 1.3621288697148551e-08
5.4240226745605464e-08 1.3696753473848133e-08
5.4836273193359371e-08 1.3771804735517322e-08
5.5432319641113278e-08 1.3846449206226349e-08
5.6028366088867184e-08 1.3920693429766264e-08
5.6624412536621091e-08 1.3994543776344099e-08
5.7220458984374998e-08 1.4068006448961687e-08
5.7816505432128905e-08 1.4141087489496215e-08
5.8412551879882811e-08 1.4213792784499407e-08
5.9008598327636718e-08 1.4286128070731093e-08
5.9604644775390625e-08 1.4358098940441835e-08
6.0200691223144532e-08 1.4429710846418416e-08
6.0796737670898439e-08 1.4500969106805111e-08
6.1392784118652345e-08 1.4571878909712693e-08
6.1988830566406252e-08 1.4642445317626603e-08
6.2584877014160159e-08 1.4712673271624822e-08
6.3180923461914066e-08 1.4782567595415355e-08
6.3776969909667972e-08 1.4852132999202742e-08
6.4373016357421879e-08 1.4921374083392341e-08
6.4969062805175786e-08 1.4990295342140548e-08
6.5565109252929693e-08 1.5058901166758848e-08
6.61611557006836e-08 1.5127195848978879e-08
6.6757202148437506e-08 1.5195183584085423e-08
6.7353248596191413e-08 1.5262868473923791e-08
6.794929504394532e-08 1.5330254529787722e-08
6.8545341491699227e-08 1.5397345675193484e-08
6.9141387939453133e-08 1.5464145748545719e-08
6.973743438720704e-08 1.553065850570001e-08
7.0333480834960947e-08 1.5596887622427174e-08
7.0929527282714854e-08 1.5662836696783705e-08
7.1525573730468761e-08 1.5728509251392808e-08
7.2121620178222667e-08 1.5793908735640028e-08
7.2717666625976574e-08 1.5859038527787429e-08
7.3313713073730481e-08 1.5923901937009914e-08
7.3909759521484388e-08 1.5988502205357221e-08
7.4505805969238294e-08 1.6052842509644819e-08
7.5101852416992201e-08 1.6116925963276904e-08
7.5697898864746095e-08 1.6180755618004403e-08
7.6293945312500002e-08 1.6244334465620784e-08
7.6889991760253908e-08 1.6307665439598402e-08
7.7486038208007802e-08 1.6370751416667817e-08
7.8082084655761709e-08 1.6433595218342604e-08
7.8678131103515615e-08 1.6496199612391849e-08
7.9274177551269522e-08 1.6558567314262535e-08
7.9870223999023429e-08 1.66207009884539e-08
8.1062316894531243e-08 1.6744276664982511e-08
8.2254409790039056e-08 1.6866946988401096e-08
8.344650268554687e-08 1.6988731570536913e-08
8.4638595581054683e-08 1.7109649325224411e-08
8.5830688476562497e-08 1.7229718502596507e-08
8.702278137207031e-08 1.7348956721239768e-08
8.8214874267578124e-08 1.7467380998373921e-08
8.9406967163085938e-08 1.7585007778202088e-08
9.0599060058593751e-08 1.7701852958565419e-08
9.1791152954101565e-08 1.7817931916024498e-08
9.2983245849609378e-08 1.79332595294795e-08
9.4175338745117192e-08 1.8047850202431867e-08
9.5367431640625005e-08 1.8161717883981745e-08
9.6559524536132819e-08 1.8274876088647897e-08
9.7751617431640632e-08 1.8387337915089734e-08
9.8943710327148446e-08 1.8499116063805e-08
1.0013580322265626e-07 1.8610222853870654e-08
1.0132789611816407e-07 1.8720670238789553e-08
1.0251998901367189e-07 1.8830469821500523e-08
1.037120819091797e-07 1.8939632868605253e-08
1.049041748046875e-07 1.9048170323861371e-08
1.060962677001953e-07 1.9156092820987358e-08
1.0728836059570311e-07 1.926341069582184e-08
1.0848045349121093e-07 1.9370133997876555e-08
1.0967254638671874e-07 1.9476272501319463e-08
1.1086463928222656e-07 1.9581835715422139e-08
1.1205673217773437e-07 1.9686832894502893e-08
1.1324882507324218e-07 1.9791273047395156e-08
1.1444091796875e-07 1.9895164946468491e-08
1.1563301086425781e-07 1.99985171362278e-08
1.1682510375976562e-07 2.0101337941514616e-08
1.1801719665527344e-07 2.0203635475332724e-08
1.1920928955078125e-07 2.0305417646318944e-08
1.2040138244628906e-07 2.0406692165878528e-08
1.2159347534179688e-07 2.0507466555003455e-08
1.2278556823730469e-07 2.060774815079057e-08
1.239776611328125e-07 2.0707544112675671e-08
1.2516975402832032e-07 2.0806861428398455e-08
1.2636184692382813e-07 2.0905706919712422e-08
1.2755393981933594e-07 2.100408724785292e-08
1.2874603271484376e-07 2.1102008918775799e-08
1.2993812561035157e-07 2.1199478288178201e-08
1.3113021850585939e-07 2.1296501566312582e-08
1.323223114013672e-07 2.1393084822604225e-08
1.3351440429687501e-07 2.1489233990081969e-08
1.3470649719238283e-07 2.158495486963127e-08
1.3589859008789064e-07 2.1680253134078325e-08
1.3709068298339845e-07 2.1775134332113252e-08
1.3828277587890627e-07 2.1869603892060116e-08
1.3947486877441408e-07 2.1963667125501031e-08
1.4066696166992189e-07 2.2057329230761103e-08
1.4185905456542971e-07 2.2150595296260802e-08
1.4305114746093752e-07 2.2243470303741816e-08
1.4424324035644533e-07 2.2335959131372149e-08
1.4543533325195315e-07 2.2428066556735991e-08
1.4662742614746096e-07 2.251979725971354e-08
1.4781951904296878e-07 2.261115582525567e-08
1.4901161193847659e-07 2.2702146746058074e-08
1.502037048339844e-07 2.2792774425139354e-08
1.5139579772949219e-07 2.2883043178327217e-08
1.52587890625e-07 2.297295723665673e-08
1.5377998352050782e-07 2.3062520748684424e-08
1.549720764160156e-07 2.3151737782721842e-08
1.5616416931152342e-07 2.3240612328991903e-08
1.5735626220703123e-07 2.3329148301711327e-08
1.5854835510253904e-07 2.3417349541102219e-08
1.5974044799804686e-07 2.3505219815335699e-08
1.6093254089355467e-07 2.3592762822410376e-08
1.6212463378906249e-07 2.3679982191968356e-08
1.633167266845703e-07 2.3766881487051206e-08
1.6450881958007811e-07 2.3853464205798408e-08
1.6570091247558593e-07 2.3939733783090495e-08
1.6689300537109374e-07 2.4025693592139072e-08
1.6808509826660155e-07 2.4111346946025858e-08
1.6927719116210937e-07 2.4196697099192654e-08
1.7046928405761718e-07 2.4281747248884204e-08
1.7166137695312499e-07 2.436650053654572e-08
1.7285346984863281e-07 2.4450960049176799e-08
1.7404556274414062e-07 2.4535128820643403e-08
1.7523765563964843e-07 2.4619009832949476e-08
1.7642974853515625e-07 2.4702606017469684e-08
1.7762184143066406e-07 2.4785920256144724e-08
1.7881393432617188e-07 2.4868955382640647e-08
1.8000602722167969e-07 2.4951714183473384e-08
1.811981201171875e-07 2.503419939909987e-08
1.8239021301269532e-07 2.5116413724976887e-08
1.8358230590820313e-07 2.5198359812588836e-08
1.8477439880371094e-07 2.5280040270445508e-08
1.8596649169921876e-07 2.5361457665050941e-08
1.8715858459472657e-07 2.5442614521844354e-08
1.8835067749023438e-07 2.5523513326114201e-08
1.895427703857422e-07 2.5604156523886168e-08
1.9073486328125001e-07 2.5684546522786153e-08
1.9311904907226564e-07 2.5844576367483416e-08
1.9550323486328126e-07 2.6003621384508688e-08
1.9788742065429689e-07 2.6161699535078981e-08
2.0027160644531252e-07 2.6318828241000872e-08
2.0265579223632815e-07 2.6475024407081052e-08
2.0503997802734377e-07 2.6630304442353807e-08
2.074241638183594e-07 2.6784684280200868e-08
2.09808349609375e-07 2.6938179397433461e-08
2.121925354003906e-07 2.7090804832401291e-08
2.1457672119140623e-07 2.7242575202188294e-08
2.1696090698242186e-07 2.7393504718951012e-08
2.1934509277343748e-07 2.7543607205451086e-08
2.2172927856445311e-07 2.7692896109830079e-08
2.2411346435546874e-07 2.7841384519671172e-08
2.2649765014648436e-07 2.7989085175389505e-08
2.2888183593749999e-07 2.8136010482989775e-08
2.3126602172851562e-07 2.8282172526227391e-08
2.3365020751953125e-07 2.8427583078206834e-08
2.3603439331054687e-07 2.8572253612448745e-08
2.384185791015625e-07 2.8716195313455239e-08
2.4080276489257813e-07 2.8859419086800861e-08
2.4318695068359375e-07 2.90019355687751e-08
2.4557113647460938e-07 2.9143755135600446e-08
2.4795532226562501e-07 2.9284887912248725e-08
2.5033950805664064e-07 2.9425343780876799e-08
2.5272369384765626e-07 2.9565132388901585e-08
2.5510787963867189e-07 2.9704263156733058e-08
2.5749206542968752e-07 2.9842745285182778e-08
2.5987625122070314e-07 2.9980587762564446e-08
2.6226043701171877e-07 3.0117799371501859e-08
2.646446228027344e-07 3.0254388695459133e-08
2.6702880859375003e-07 3.0390364125006657e-08
2.6941299438476565e-07 3.0525733863835906e-08
2.7179718017578128e-07 3.06605059345351e-08
2.7418136596679691e-07 3.0794688184137642e-08
2.7656555175781253e-07 3.0928288289453548e-08
2.7894973754882816e-07 3.1061313762194789e-08
2.8133392333984379e-07 3.1193771953903754e-08
2.8371810913085942e-07 3.1325670060694185e-08
2.8610229492187504e-07 3.1457015127813252e-08
2.8848648071289067e-07 3.1587814054032766e-08
2.908706665039063e-07 3.1718073595877587e-08
2.9325485229492192e-07 3.1847800371698251e-08
2.9563903808593755e-07 3.1977000865594929e-08
2.9802322387695318e-07 3.2105681431199258e-08
3.0040740966796881e-07 3.2233848295320354e-08
3.0279159545898438e-07 3.2361507561460713e-08
3.0517578125000001e-07 3.2488665213207983e-08
3.0755996704101563e-07 3.2615327117507517e-08
3.0994415283203121e-07 3.2741499027821114e-08
3.1232833862304683e-07 3.2867186587176565e-08
3.1471252441406246e-07 3.2992395331112695e-08
3.1709671020507809e-07 3.3117130690524102e-08
3.1948089599609372e-07 3.3241397994409914e-08
3.2186508178710934e-07 3.3365202472530332e-08
3.2424926757812497e-07 3.3488549257974857e-08
3.266334533691406e-07 3.3611443389645606e-08
3.2901763916015622e-07 3.3733889814659286e-08
3.3140182495117185e-07 3.3855893390670909e-08
3.3378601074218748e-07 3.3977458888122497e-08
3.3617019653320311e-07 3.4098590992419517e-08
3.3855438232421873e-07 3.4219294306038104e-08
3.4093856811523436e-07 3.4339573350565511e-08
3.4332275390624999e-07 3.445943256867655e-08
3.4570693969726561e-07 3.4578876326048262e-08
3.4809112548828124e-07 3.4697908913215438e-08
3.5047531127929687e-07 3.4816534547368854e-08
3.528594970703125e-07 3.4934757374098672e-08
3.5524368286132812e-07 3.5052581469084892e-08
3.5762786865234375e-07 3.5170010839736797e-08
3.6001205444335938e-07 3.5287049426783383e-08
3.62396240234375e-07 3.5403701105816356e-08
3.6478042602539063e-07 3.5519969688787602e-08
3.6716461181640626e-07 3.5635858925462663e-08
3.6954879760742189e-07 3.5751372504831795e-08
3.7193298339843751e-07 3.5866514056480147e-08
3.7431716918945314e-07 3.5981287151918455e-08
3.7670135498046877e-07 3.6095695305875674e-08
3.7908554077148439e-07 3.620974197755484e-08
3.8146972656250002e-07 3.6323430571853461e-08
3.8385391235351565e-07 3.643676444054958e-08
3.8623809814453128e-07 3.6549746883454853e-08
3.886222839355469e-07 3.6662381149535501e-08
3.9100646972656253e-07 3.6774670438002481e-08
3.9339065551757816e-07 3.688661789937172e-08
3.9577484130859378e-07 3.6998226636495507e-08
3.9815902709960941e-07 3.710949970556596e-08
4.0054321289062504e-07 3.7220440117091492e-08
4.0292739868164067e-07 3.7331050836847146e-08
4.0531158447265629e-07 3.7441334786799705e-08
4.0769577026367192e-07 3.7551294846008287e-08
4.1007995605468755e-07 3.7660933851501328e-08
4.1246414184570317e-07 3.7770254599130612e-08
4.148483276367188e-07 3.7879259844403179e-08
4.1723251342773438e-07 3.7987952303291661e-08
4.1961669921875e-07 3.8096334653023875e-08
4.2200088500976563e-07 3.8204409532852258e-08
4.243850708007812e-07 3.8312179544803724e-08
4.2676925659179683e-07 3.84196472544106e-08
4.2915344238281246e-07 3.8526815191423261e-08
4.3153762817382808e-07 3.8633685850504911e-08
4.3392181396484371e-07 3.8740261691909155e-08
4.3630599975585934e-07 3.8846545142140798e-08
4.3869018554687497e-07 3.8952538594600496e-08
4.4107437133789059e-07 3.905824441021356e-08
4.4345855712890622e-07 3.9163664918043549e-08
4.4584274291992185e-07 3.9268802415891048e-08
4.4822692871093747e-07 3.9373659170877998e-08
4.5299530029296873e-07 3.9582539370773724e-08
4.5776367187499998e-07 3.9790323062472791e-08
4.6253204345703124e-07 3.9997027334987948e-08
4.6730041503906249e-07 4.0202668838005124e-08
4.7206878662109375e-07 4.0407263797534711e-08
4.76837158203125e-07 4.0610828030853139e-08
4.8160552978515625e-07 4.081337696077366e-08
4.8637390136718751e-07 4.1014925629282931e-08
4.9114227294921876e-07 4.1215488710577308e-08
4.9591064453125002e-07 4.141508052353101e-08
5.0067901611328127e-07 4.1613715043626025e-08
5.0544738769531253e-07 4.1811405914371871e-08
5.1021575927734378e-07 4.2008166458241795e-08
5.1498413085937503e-07 4.2204009687149971e-08
5.1975250244140629e-07 4.239894831249311e-08
5.2452087402343754e-07 4.2592994754778527e-08
5.292892456054688e-07 4.2786161152859191e-08
5.3405761718750005e-07 4.2978459372795095e-08
5.3882598876953131e-07 4.3169901016359502e-08
5.4359436035156256e-07 4.3360497429207048e-08
5.4836273193359381e-07 4.3550259708720239e-08
5.5313110351562507e-07 4.3739198711549434e-08
5.5789947509765632e-07 4.3927325060861046e-08
5.6266784667968758e-07 4.4114649153307457e-08
5.6743621826171883e-07 4.4301181165731746e-08
5.7220458984375008e-07 4.4486931061619398e-08
5.7697296142578134e-07 4.4671908597308492e-08
5.8174133300781259e-07 4.4856123327969481e-08
5.8650970458984385e-07 4.5039584613364805e-08
5.912780761718751e-07 4.522230162339821e-08
5.9604644775390636e-07 4.5404283343463061e-08
6.0081481933593761e-07 4.5585538579598527e-08
6.0558319091796876e-07 4.5766075963461955e-08
6.1035156250000001e-07 4.5945903957125398e-08
6.1511993408203127e-07 4.6125030857703803e-08
6.1988830566406242e-07 4.6303464801822137e-08
6.2465667724609367e-07 4.6481213769928077e-08
6.2942504882812492e-07 4.6658285590456888e-08
6.3419342041015618e-07 4.6834687943854602e-08
6.3896179199218743e-07 4.7010428366465211e-08
6.4373016357421869e-07 4.7185514254287748e-08
6.4849853515624994e-07 4.7359952866608117e-08
6.5326690673828119e-07 4.7533751329511213e-08
6.5803527832031245e-07 4.7706916639277713e-08
6.628036499023437e-07 4.7879455665670346e-08
6.6757202148437496e-07 4.8051375155114009e-08
6.7234039306640621e-07 4.8222681733773778e-08
6.7710876464843747e-07 4.8393381910534902e-08
6.8187713623046872e-07 4.8563482079888499e-08
6.8664550781249997e-07 4.8732988524726568e-08
6.9141387939453123e-07 4.8901907419049894e-08
6.9618225097656248e-07 4.9070244830591992e-08
7.0095062255859374e-07 4.9238006723362295e-08
7.0571899414062499e-07 4.9405198960111629e-08
7.1048736572265625e-07 4.9571827304722951e-08
7.152557373046875e-07 4.9737897424529865e-08
7.2002410888671875e-07 4.99034148925657e-08
7.2479248046875001e-07 5.0068385189745812e-08
7.2956085205078126e-07 5.0232813706985235e-08
7.3432922363281252e-07 5.039670574725422e-08
7.3909759521484377e-07 5.0560066527573768e-08
7.4386596679687503e-07 5.0722901180953351e-08
7.4863433837890628e-07 5.0885214758272865e-08
7.5340270996093753e-07 5.1047012230110566e-08
7.5817108154296879e-07 5.1208298488519225e-08
7.6293945312500004e-07 5.1369078348751992e-08
7.677078247070313e-07 5.1529356550939735e-08
7.7247619628906255e-07 5.1689137761721735e-08
7.7724456787109381e-07 5.1848426575830983e-08
7.8201293945312506e-07 5.2007227517635863e-08
7.8678131103515631e-07 5.2165545042639608e-08
7.9154968261718757e-07 5.2323383538938865e-08
7.9631805419921882e-07 5.2480747328642828e-08
8.0108642578125008e-07 5.2637640669254167e-08
8.0585479736328133e-07 5.2794067755013023e-08
8.1062316894531258e-07 5.2950032718205256e-08
8.1539154052734384e-07 5.3105539630436162e-08
8.2015991210937509e-07 5.3260592503870617e-08
8.2492828369140635e-07 5.3415195292440982e-08
8.296966552734376e-07 5.3569351893023459e-08
8.3446502685546875e-07 5.3723066146584172e-08
8.392333984375e-07 5.3876341839295816e-08
8.4400177001953126e-07 5.4029182703625748e-08
8.4877014160156241e-07 5.4181592419396496e-08
8.5353851318359366e-07 5.4333574614819432e-08
8.5830688476562492e-07 5.448513286750262e-08
8.6307525634765617e-07 5.4636270705433351e-08
8.6784362792968742e-07 5.4786991607936365e-08
8.7261199951171868e-07 5.4937299006608449e-08
8.7738037109374993e-07 5.5087196286229987e-08
8.8214874267578119e-07 5.5236686785654292e-08
8.8691711425781244e-07 5.5385773798675381e-08
8.9168548583984369e-07 5.5534460574874711e-08
8.9645385742187495e-07 5.5682750320447602e-08
9.012222290039062e-07 5.583064619900988e-08
9.0599060058593746e-07 5.5978151332385402e-08
9.1075897216796871e-07 5.6125268801374868e-08
9.1552734374999997e-07 5.6272001646506605e-08
9.2029571533203122e-07 5.6418352868769714e-08
9.2506408691406247e-07 5.6564325430330262e-08
9.2983245849609373e-07 5.6709922255230732e-08
9.3460083007812498e-07 5.6855146230073467e-08
9.3936920166015624e-07 5.7000000204688385e-08
9.4413757324218749e-07 5.7144486992785501e-08
9.4890594482421875e-07 5.7288609372592577e-08
9.5367431640625e-07 5.7432370087478452e-08
9.5844268798828115e-07 5.7575771846562283e-08
9.6321105957031251e-07 5.7718817325309211e-08
9.6797943115234387e-07 5.7861509166112761e-08
9.7274780273437502e-07 5.8003849978864364e-08
9.7751617431640617e-07 5.814584234151029e-08
9.8228454589843753e-07 5.8287488800596465e-08
9.8705291748046889e-07 5.8428791871801173e-08
9.9182128906250003e-07 5.8569754040456532e-08
9.9658966064453118e-07 5.8710377762058455e-08
1.0013580322265625e-06 5.8850665462765662e-08
1.0061264038085939e-06 5.8990619539888077e-08
1.0108947753906251e-06 5.9130242362364849e-08
1.0156631469726562e-06 5.9269536271232164e-08
1.0204315185546876e-06 5.9408503580081186e-08
1.0251998901367189e-06 5.9547146575506475e-08
1.0299682617187501e-06 5.9685467517544815e-08
1.0395050048828126e-06 5.9961152151389986e-08
1.0490417480468751e-06 6.0235575046871168e-08
1.0585784912109376e-06 6.0508753370923291e-08
1.0681152343750001e-06 6.0780703904693777e-08
1.0776519775390626e-06 6.1051443055572072e-08
1.0871887207031251e-06 6.1320986868741157e-08
1.0967254638671876e-06 6.1589351038274109e-08
1.1062622070312501e-06 6.1856550917797327e-08
1.1157989501953126e-06 6.212260153074092e-08
1.1253356933593752e-06 6.2387517580195795e-08
1.1348724365234377e-06 6.2651313458395524e-08
1.1444091796875002e-06 6.2914003255840321e-08
1.1539459228515627e-06 6.3175600770079793e-08
1.1634826660156252e-06 6.3436119514169468e-08
1.1730194091796877e-06 6.3695572724816151e-08
1.1825561523437502e-06 6.3953973370225845e-08
1.1920928955078127e-06 6.4211334157667506e-08
1.2016296386718752e-06 6.4467667540764814e-08
1.2111663818359375e-06 6.4722985726528324e-08
1.220703125e-06 6.4977300682138704e-08
1.2302398681640625e-06 6.5230624141492033e-08
1.2397766113281248e-06 6.5482967611517161e-08
1.2493133544921873e-06 6.5734342378274943e-08
1.2588500976562498e-06 6.5984759512848172e-08
1.2683868408203124e-06 6.6234229877031155e-08
1.2779235839843749e-06 6.6482764128827165e-08
1.2874603271484374e-06 6.6730372727761644e-08
1.2969970703124999e-06 6.6977065940018532e-08
1.3065338134765624e-06 6.7222853843406907e-08
1.3160705566406249e-06 6.7467746332165027e-08
1.3256072998046874e-06 6.7711753121607735e-08
1.3351440429687499e-06 6.7954883752623755e-08
1.3446807861328124e-06 6.8197147596028698e-08
1.3542175292968749e-06 6.8438553856779479e-08
1.3637542724609374e-06 6.8679111578055181e-08
1.3732910156249999e-06 6.8918829645209902e-08
1.3828277587890625e-06 6.9157716789602279e-08
1.392364501953125e-06 6.9395781592306325e-08
1.4019012451171875e-06 6.9633032487707922e-08
1.41143798828125e-06 6.986947776699176e-08
1.4209747314453125e-06 7.0105125581522153e-08
1.430511474609375e-06 7.033998394612193e-08
1.4400482177734375e-06 7.0574060742253277e-08
1.4495849609375e-06 7.0807363721103791e-08
1.4591217041015625e-06 7.1039900506581356e-08
1.468658447265625e-06 7.1271678598221176e-08
1.4781951904296875e-06 7.1502705374007799e-08
1.4877319335937501e-06 7.1732988093115517e-08
1.4972686767578126e-06 7.1962533898569787e-08
1.5068054199218751e-06 7.2191349819832466e-08
1.5163421630859376e-06 7.24194427753135e-08
1.5258789062500001e-06 7.2646819574811785e-08
1.5354156494140626e-06 7.287348692188723e-08
1.5449523925781251e-06 7.3099451416166908e-08
1.5544891357421876e-06 7.3324719555587045e-08
1.5640258789062501e-06 7.3549297738573248e-08
1.5735626220703126e-06 7.3773192266161075e-08
1.5830993652343751e-06 7.3996409344058759e-08
1.5926361083984376e-06 7.421895508465412e-08
1.6021728515625002e-06 7.4440835508967614e-08
1.6117095947265627e-06 7.4662056548552859e-08
1.6212463378906252e-06 7.4882624047346954e-08
1.6307830810546877e-06 7.5102543763471589e-08
1.6403198242187502e-06 7.5321821370987107e-08
1.6498565673828127e-06 7.5540462461600526e-08
1.6593933105468752e-06 7.5758472546329343e-08
1.6689300537109375e-06 7.5975857057122144e-08
1.678466796875e-06 7.6192621348437936e-08
1.6880035400390625e-06 7.6408770698784902e-08
1.6975402832031248e-06 7.6624310312220141e-08
1.7070770263671873e-06 7.6839245319811576e-08
1.7166137695312498e-06 7.7053580781063171e-08
1.7261505126953123e-06 7.7267321685304565e-08
1.7356872558593748e-06 7.748047295304613e-08
1.7452239990234374e-06 7.7693039437300627e-08
1.7547607421874999e-06 7.7905025924872489e-08
1.7642974853515624e-06 7.8116437137615424e-08
1.7738342285156249e-06 7.8327277733659661e-08
1.7833709716796874e-06 7.8537552308609388e-08
1.7929077148437499e-06 7.8747265396711513e-08
1.8024444580078124e-06 7.8956421471996471e-08
1.8119812011718749e-06 7.9165024949391878e-08
1.8215179443359374e-06 7.937308018580981e-08
1.8310546874999999e-06 7.9580591481208644e-08
1.8405914306640624e-06 7.9787563079629795e-08
1.8501281738281249e-06 7.9993999170210613e-08
1.8596649169921875e-06 8.0199903888173545e-08
1.86920166015625e-06 8.0405281315792648e-08
1.8787384033203125e-06 8.0610135483337969e-08
1.888275146484375e-06 8.0814470369998175e-08
1.8978118896484375e-06 8.1018289904782536e-08
1.9073486328125e-06 8.1221597967402303e-08
1.9168853759765623e-06 8.1424398389132325e-08
1.926422119140625e-06 8.1626694953653519e-08
1.9359588623046877e-06 8.1828491397876446e-08
1.94549560546875e-06 8.2029791412746738e-08
1.9550323486328123e-06 8.2230598644032768e-08
1.9645690917968751e-06 8.2430916693096004e-08
1.9741058349609378e-06 8.2630749117644641e-08
1.9836425781250001e-06 8.2830099432470733e-08
1.9931793212890624e-06 8.3028971110171613e-08
2.0027160644531251e-06 8.3227367581855561e-08
2.0122528076171878e-06 8.34252922378325e-08
2.0217895507812501e-06 8.3622748428289974e-08
2.0313262939453124e-06 8.3819739463954765e-08
2.0408630371093751e-06 8.4016268616740553e-08
2.0503997802734378e-06 8.4212339120381976e-08
2.0599365234375001e-06 8.4407954171055447e-08
2.0694732666015624e-06 8.4603116927986987e-08
2.0790100097656252e-06 8.4797830514047615e-08
2.0885467529296879e-06 8.499209801633631e-08
2.0980834960937502e-06 8.5185922486751031e-08
2.1076202392578125e-06 8.5379306942548179e-08
2.1171569824218752e-06 8.5572254366890576e-08
2.1266937255859379e-06 8.5764767709384352e-08
2.1362304687500002e-06 8.5956849886605031e-08
2.1457672119140625e-06 8.6148503782613137e-08
2.1553039550781252e-06 8.6339732249459394e-08
2.1648406982421879e-06 8.6530538107679819e-08
2.1743774414062502e-06 8.6720924146781229e-08
2.1839141845703125e-06 8.6910893125716999e-08
2.1934509277343753e-06 8.7100447773353561e-08
2.202987670898438e-06 8.7289590788927643e-08
2.2125244140625003e-06 8.7478324842494871e-08
2.2220611572265626e-06 8.7666652575369478e-08
2.2315979003906253e-06 8.785457660055553e-08
2.241134643554688e-06 8.8042099503170013e-08
2.2506713867187503e-06 8.8229223840857644e-08
2.2602081298828126e-06 8.8415952144197936e-08
2.2697448730468753e-06 8.8602286917104482e-08
2.279281616210938e-06 8.8788230637216641e-08
2.2888183593750003e-06 8.8973785756283889e-08
2.2983551025390626e-06 8.9158954700543142e-08
2.3078918457031254e-06 8.9343739871088725e-08
2.3269653320312504e-06 8.9712168371876333e-08
2.3460388183593754e-06 9.0079089978187887e-08
2.3651123046875004e-06 9.0444523029846904e-08
2.3841857910156254e-06 9.0808485497656024e-08
2.4032592773437504e-06 9.1170994993709283e-08
2.422332763671875e-06 9.1532068781336831e-08
2.4414062500000001e-06 9.1891723784698113e-08
2.4604797363281251e-06 9.2249976598038177e-08
2.4795532226562497e-06 9.2606843494621848e-08
2.4986267089843747e-06 9.2962340435359289e-08
2.5177001953124997e-06 9.3316483077135669e-08
2.5367736816406247e-06 9.3669286780857474e-08
2.5558471679687497e-06 9.4020766619227013e-08
2.5749206542968747e-06 9.4370937384256392e-08
2.5939941406249998e-06 9.47198135945315e-08
2.6130676269531248e-06 9.5067409502235853e-08
2.6321411132812498e-06 9.5413739099944464e-08
2.6512145996093748e-06 9.5758816127196355e-08
2.6702880859374998e-06 9.6102654076854634e-08
2.6893615722656248e-06 9.6445266201262731e-08
2.7084350585937499e-06 9.6786665518204203e-08
2.7275085449218749e-06 9.7126864816674191e-08
2.7465820312499999e-06 9.7465876662469558e-08
2.7656555175781249e-06 9.7803713403604514e-08
2.7847290039062499e-06 9.8140387175558621e-08
2.8038024902343749e-06 9.8475909906363173e-08
2.8228759765625e-06 9.8810293321532132e-08
2.841949462890625e-06 9.9143548948843547e-08
2.86102294921875e-06 9.9475688122976641e-08
2.880096435546875e-06 9.980672199001004e-08
2.899169921875e-06 1.0013666151178623e-07
2.9182434082031251e-06 1.0046551747014698e-07
2.9373168945312501e-06 1.0079330047104434e-07
2.9563903808593751e-06 1.0112002094853177e-07
2.9754638671875001e-06 1.0144568916863959e-07
2.9945373535156251e-06 1.0177031523313873e-07
3.0136108398437501e-06 1.0209390908319695e-07
3.0326843261718752e-06 1.0241648050293078e-07
3.0517578125000002e-06 1.0273803912285738e-07
3.0708312988281252e-06 1.0305859442324936e-07
3.0899047851562502e-06 1.0337815573739596e-07
3.1089782714843752e-06 1.0369673225477379e-07
3.1280517578125002e-06 1.0401433302413017e-07
3.1471252441406253e-06 1.0433096695648193e-07
3.1661987304687503e-06 1.0464664282803271e-07
3.1852722167968753e-06 1.0496136928301115e-07
3.2043457031250003e-06 1.0527515483643272e-07
3.2234191894531253e-06 1.0558800787678774e-07
3.2424926757812503e-06 1.0589993666865789e-07
3.2615661621093754e-06 1.0621094935526362e-07
3.2806396484375004e-06 1.0652105396094456e-07
3.2997131347656254e-06 1.06830258393575e-07
3.3187866210937504e-06 1.0713857044691704e-07
3.337860107421875e-06 1.0744599780291244e-07
3.35693359375e-06 1.0775254803391603e-07
3.376007080078125e-06 1.0805822860487194e-07
3.3950805664062496e-06 1.0836304687543444e-07
3.4141540527343746e-06 1.0866701010203556e-07
3.4332275390624997e-06 1.0897012543990053e-07
3.4523010253906247e-06 1.0927239994501297e-07
3.4713745117187497e-06 1.0957384057603143e-07
3.4904479980468747e-06 1.0987445419615829e-07
3.5095214843749997e-06 1.1017424757496317e-07
3.5285949707031247e-06 1.1047322739016154e-07
3.5476684570312498e-06 1.1077140022935004e-07
3.5667419433593748e-06 1.1106877259170023e-07
3.5858154296874998e-06 1.1136535088961133e-07
3.6048889160156248e-06 1.1166114145032346e-07
3.6239624023437498e-06 1.1195615051749276e-07
3.6430358886718748e-06 1.1225038425272897e-07
3.6621093749999999e-06 1.1254384873709699e-07
3.6811828613281249e-06 1.1283654997258333e-07
3.7002563476562499e-06 1.1312849388352823e-07
3.7193298339843749e-06 1.1341968631802475e-07
3.7384033203124999e-06 1.137101330492856e-07
3.7574768066406249e-06 1.1399983977697865e-07
3.77655029296875e-06 1.1428881212853175e-07
3.795623779296875e-06 1.1457705566040833e-07
3.814697265625e-06 1.1486457585935383e-07
3.8337707519531246e-06 1.151513781436143e-07
3.85284423828125e-06 1.1543746786412768e-07
3.8719177246093755e-06 1.1572285030568869e-07
3.8909912109375001e-06 1.1600753068808771e-07
3.9100646972656247e-06 1.1629151416722482e-07
3.9291381835937501e-06 1.1657480583619924e-07
3.9482116699218755e-06 1.1685741072637504e-07
3.9672851562500001e-06 1.1713933380842375e-07
3.9863586425781247e-06 1.1742057999334444e-07
4.0054321289062502e-06 1.1770115413346183e-07
4.0245056152343756e-06 1.1798106102340296e-07
4.0435791015625002e-06 1.1826030540105324e-07
4.0626525878906248e-06 1.1853889194849216e-07
4.0817260742187502e-06 1.1881682529290906e-07
4.1007995605468757e-06 1.1909411000749994e-07
4.1198730468750003e-06 1.1937075061234554e-07
4.1389465332031249e-06 1.1964675157527069e-07
4.1580200195312503e-06 1.1992211731268653e-07
4.1770935058593757e-06 1.201968521904148e-07
4.1961669921875003e-06 1.2047096052449549e-07
4.2152404785156249e-06 1.2074444658197798e-07
4.2343139648437504e-06 1.2101731458169604e-07
4.2533874511718758e-06 1.2128956869502708e-07
4.2724609375000004e-06 1.2156121304663612e-07
4.291534423828125e-06 1.2183225171520501e-07
4.3106079101562504e-06 1.2210268873414688e-07
4.3296813964843759e-06 1.2237252809230633e-07
4.3487548828125005e-06 1.2264177373464601e-07
4.3678283691406251e-06 1.2291042956291936e-07
4.3869018554687505e-06 1.2317849943633055e-07
4.4059753417968759e-06 1.2344598717218095e-07
4.4250488281250005e-06 1.237128965465036e-07
4.4441223144531251e-06 1.23979231294685e-07
4.4631958007812506e-06 1.2424499511207508e-07
4.482269287109376e-06 1.2451019165458537e-07
4.5013427734375006e-06 1.2477482453927576e-07
4.5204162597656252e-06 1.2503889734493017e-07
4.5394897460937506e-06 1.2530241361262111e-07
4.5585632324218761e-06 1.2556537684626378e-07
4.5776367187500007e-06 1.2582779051315949e-07
4.5967102050781253e-06 1.2608965804452925e-07
4.6157836914062507e-06 1.2635098283603717e-07
4.6348571777343762e-06 1.2661176824830403e-07
4.6539306640625007e-06 1.2687201760741176e-07
4.6730041503906253e-06 1.2713173420539815e-07
4.6920776367187508e-06 1.273909213007429e-07
4.7111511230468762e-06 1.2764958211884441e-07
4.7302246093750008e-06 1.2790771985248813e-07
4.7492980957031254e-06 1.2816533766230646e-07
4.7683715820312508e-06 1.2842243867723017e-07
4.7874450683593763e-06 1.2867902599493167e-07
4.8065185546875009e-06 1.2893510268226075e-07
4.8255920410156255e-06 1.2919067177567199e-07
4.8446655273437501e-06 1.2944573628164489e-07
4.8637390136718747e-06 1.2970029917709654e-07
4.8828125000000001e-06 1.299543634097871e-07
4.9018859863281255e-06 1.3020793189871782e-07
4.9209594726562501e-06 1.3046100753452241e-07
4.9400329589843747e-06 1.3071359317985161e-07
4.9591064453124993e-06 1.3096569166975086e-07
4.9781799316406239e-06 1.3121730581203156e-07
4.9972534179687494e-06 1.3146843838763594e-07
5.0163269042968748e-06 1.3171909215099573e-07
5.0354003906249994e-06 1.3196926983038449e-07
5.054473876953124e-06 1.3221897412826431e-07
5.0735473632812494e-06 1.3246820772162609e-07
5.1116943359374995e-06 1.3296527337740772e-07
5.1498413085937495e-06 1.3346048771682008e-07
5.1879882812499995e-06 1.3395387127227063e-07
5.2261352539062496e-06 1.344454441994166e-07
5.2642822265624996e-06 1.3493522628677315e-07
5.3024291992187496e-06 1.3542323696500814e-07
5.3405761718749997e-06 1.3590949531593683e-07
5.3787231445312497e-06 1.3639402008122791e-07
5.4168701171874997e-06 1.3687682967083207e-07
5.4550170898437498e-06 1.3735794217114423e-07
5.4931640624999998e-06 1.3783737535290876e-07
5.5313110351562498e-06 1.3831514667887875e-07
5.5694580078124999e-06 1.387912733112377e-07
5.6076049804687499e-06 1.3926577211879252e-07
5.6457519531249999e-06 1.3973865968394733e-07
5.68389892578125e-06 1.4020995230946515e-07
5.7220458984375e-06 1.4067966602502569e-07
5.76019287109375e-06 1.4114781659358701e-07
5.7983398437500001e-06 1.4161441951755772e-07
5.8364868164062501e-06 1.4207949004478664e-07
5.8746337890625001e-06 1.425430431743768e-07
5.9127807617187502e-06 1.4300509366232979e-07
5.9509277343750002e-06 1.4346565602702627e-07
5.9890747070312502e-06 1.4392474455454886e-07
6.0272216796875003e-06 1.4438237330385288e-07
6.0653686523437503e-06 1.4483855611178931e-07
6.1035156250000003e-06 1.4529330659798676e-07
6.1416625976562504e-06 1.4574663816959577e-07
6.1798095703125004e-06 1.4619856402590071e-07
6.2179565429687504e-06 1.4664909716280409e-07
6.2561035156250005e-06 1.4709825037718683e-07
6.2942504882812505e-06 1.4754603627114955e-07
6.3323974609375005e-06 1.4799246725613791e-07
6.3705444335937506e-06 1.4843755555695653e-07
6.4086914062500006e-06 1.4888131321567494e-07
6.4468383789062506e-06 1.4932375209542882e-07
6.4849853515625007e-06 1.4976488388412051e-07
6.5231323242187507e-06 1.5020472009802141e-07
6.5612792968750007e-06 1.5064327208527985e-07
6.5994262695312508e-06 1.5108055102933729e-07
6.6375732421875008e-06 1.5151656795225581e-07
6.67572021484375e-06 1.5195133371795968e-07
6.7138671875e-06 1.5238485903539363e-07
6.7520141601562501e-06 1.5281715446160052e-07
6.7901611328124993e-06 1.5324823040472074e-07
6.8283081054687493e-06 1.5367809712691631e-07
6.8664550781249993e-06 1.5410676474722103e-07
6.9046020507812494e-06 1.5453424324431962e-07
6.9427490234374994e-06 1.5496054245925834e-07
6.9808959960937494e-06 1.5538567209808796e-07
7.0190429687499995e-06 1.5580964173444224e-07
7.0571899414062495e-06 1.5623246081205347e-07
7.0953369140624995e-06 1.5665413864720662e-07
7.1334838867187496e-06 1.5707468443113449e-07
7.1716308593749996e-06 1.574941072323551e-07
7.2097778320312496e-06 1.579124159989533e-07
7.2479248046874997e-06 1.5832961956080819e-07
7.2860717773437497e-06 1.5874572663176746e-07
7.3242187499999997e-06 1.5916074581177129e-07
7.3623657226562498e-06 1.5957468558892588e-07
7.4005126953124998e-06 1.5998755434152886e-07
7.4386596679687498e-06 1.6039936034004809e-07
7.4768066406249999e-06 1.6081011174905445e-07
7.5149536132812499e-06 1.6121981662911046e-07
7.5531005859374999e-06 1.6162848293861592e-07
7.59124755859375e-06 1.6203611853561153e-07
7.62939453125e-06 1.6244273117954181e-07
7.6675415039062492e-06 1.6284832853297833e-07
7.7056884765625001e-06 1.6325291816330465e-07
7.7438354492187509e-06 1.6365650754436344e-07
7.7819824218750001e-06 1.6405910405806734e-07
7.8201293945312493e-06 1.6446071499597427e-07
7.8582763671875002e-06 1.6486134756082832e-07
7.8964233398437511e-06 1.6526100886806672e-07
7.9345703125000003e-06 1.6565970594729442e-07
7.9727172851562495e-06 1.6605744574372663e-07
8.0108642578125003e-06 1.6645423511960039e-07
8.0490112304687512e-06 1.6685008085555591e-07
8.0871582031250004e-06 1.6724498965198844e-07
8.1253051757812496e-06 1.6763896813037155e-07
8.1634521484375005e-06 1.6803202283455253e-07
8.2015991210937514e-06 1.6842416023202037e-07
8.2397460937500005e-06 1.6881538671514745e-07
8.2778930664062497e-06 1.6920570860240542e-07
8.3160400390625006e-06 1.6959513213955567e-07
8.3541870117187515e-06 1.6998366350081524e-07
8.3923339843750007e-06 1.7037130878999916e-07
8.4304809570312499e-06 1.7075807404163924e-07
8.4686279296875007e-06 1.7114396522207993e-07
8.5067749023437516e-06 1.7152898823055211e-07
8.5449218750000008e-06 1.719131489002255e-07
8.58306884765625e-06 1.7229645299923952e-07
8.6212158203125009e-06 1.7267890623171392e-07
8.6593627929687518e-06 1.7306051423873899e-07
8.6975097656250009e-06 1.7344128259934642e-07
8.7356567382812501e-06 1.738212168314609e-07
8.773803710937501e-06 1.7420032239283312e-07
8.8119506835937519e-06 1.7457860468195428e-07
8.8500976562500011e-06 1.7495606903895328e-07
8.8882446289062503e-06 1.7533272074647602e-07
8.9263916015625012e-06 1.7570856503054804e-07
8.964538574218752e-06 1.7608360706142056e-07
9.0026855468750012e-06 1.7645785195440019e-07
9.0408325195312504e-06 1.7683130477066302e-07
9.0789794921875013e-06 1.7720397051805316e-07
9.1171264648437522e-06 1.7757585415186613e-07
9.1552734375000014e-06 1.7794696057561769e-07
9.1934204101562505e-06 1.7831729464179824e-07
9.2315673828125014e-06 1.7868686115261291e-07
9.2697143554687523e-06 1.7905566486070833e-07
9.3078613281250015e-06 1.7942371046988537e-07
9.3460083007812507e-06 1.7979100263579945e-07
9.3841552734375016e-06 1.8015754596664743e-07
9.4223022460937524e-06 1.8052334502384217e-07
9.4604492187500016e-06 1.8088840432267475e-07
9.4985961914062508e-06 1.8125272833296498e-07
9.5367431640625017e-06 1.8161632147969959e-07
9.5748901367187526e-06 1.8197918814365947e-07
9.6130371093750018e-06 1.8234133266203538e-07
9.6511840820312509e-06 1.8270275932903298e-07
9.6893310546875001e-06 1.8306347239646658e-07
9.7274780273437493e-06 1.8342347607434288e-07
9.7656250000000002e-06 1.837827745314344e-07
9.8037719726562511e-06 1.841413718958423e-07
9.8419189453125003e-06 1.8449927225555002e-07
9.8800659179687495e-06 1.8485647965896698e-07
9.9182128906249986e-06 1.8521299811546279e-07
9.9563598632812478e-06 1.8556883159589224e-07
9.9945068359374987e-06 1.8592398403311135e-07
1.003265380859375e-05 1.8627845932248447e-07
1.0070800781249999e-05 1.8663226132238285e-07
1.0108947753906248e-05 1.8698539385467451e-07
1.0147094726562499e-05 1.8733786070520588e-07
1.018524169921875e-05 1.8768966562427544e-07
1.0223388671874999e-05 1.8804081232709928e-07
1.0261535644531248e-05 1.8839130449426869e-07
1.0299682617187499e-05 1.8874114577220034e-07
1.033782958984375e-05 1.8909033977357898e-07
1.0375976562499999e-05 1.8943889007779249e-07
1.0414123535156248e-05 1.8978680023136005e-07
1.0452270507812499e-05 1.9013407374835329e-07
1.049041748046875e-05 1.9048071411081006e-07
1.0528564453124999e-05 1.9082672476914207e-07
1.0566711425781248e-05 1.9117210914253543e-07
1.0604858398437499e-05 1.9151687061934489e-07
1.064300537109375e-05 1.9186101255748171e-07
1.0681152343749999e-05 1.9220453828479504e-07
1.0719299316406249e-05 1.925474510994476e-07
1.0757446289062499e-05 1.9288975427028502e-07
1.079559326171875e-05 1.9323145103719932e-07
1.0833740234374999e-05 1.9357254461148666e-07
1.0871887207031249e-05 1.9391303817619966e-07
1.09100341796875e-05 1.9425293488649376e-07
1.094818115234375e-05 1.9459223786996834e-07
1.0986328125e-05 1.9493095022700247e-07
1.10626220703125e-05 1.9560661532914273e-07
1.1138916015625e-05 1.9627995446397386e-07
1.12152099609375e-05 1.9695099148765777e-07
1.129150390625e-05 1.9761974985132072e-07
1.13677978515625e-05 1.9828625261061607e-07
1.1444091796875e-05 1.9895052243499862e-07
1.15203857421875e-05 1.9961258161672087e-07
1.15966796875e-05 2.0027245207956234e-07
1.16729736328125e-05 2.0093015538729985e-07
1.1749267578125e-05 2.015857127519301e-07
1.18255615234375e-05 2.0223914504165177e-07
1.190185546875e-05 2.0289047278861613e-07
1.19781494140625e-05 2.0353971619645498e-07
1.2054443359375001e-05 2.0418689514759278e-07
1.2130737304687501e-05 2.0483202921035083e-07
1.2207031250000001e-05 2.0547513764585076e-07
1.2283325195312501e-05 2.0611623941472441e-07
1.2359619140625001e-05 2.0675535318363583e-07
1.2435913085937501e-05 2.0739249733162323e-07
1.2512207031250001e-05 2.0802768995626534e-07
1.2588500976562501e-05 2.0866094887967923e-07
1.2664794921875001e-05 2.0929229165435478e-07
1.2741088867187501e-05 2.0992173556883113e-07
1.2817382812500001e-05 2.105492976532203e-07
1.2893676757812501e-05 2.1117499468458332e-07
1.2969970703125001e-05 2.1179884319216334e-07
1.3046264648437501e-05 2.1242085946248011e-07
1.3122558593750001e-05 2.1304105954429118e-07
1.3198852539062502e-05 2.1365945925342288e-07
1.3275146484375002e-05 2.1427607417747612e-07
1.33514404296875e-05 2.1489091968041083e-07
1.3427734375e-05 2.1550401090701228e-07
1.35040283203125e-05 2.1611536278724355e-07
1.3580322265624999e-05 2.1672499004048761e-07
1.3656616210937499e-05 2.1733290717968225e-07
1.3732910156249999e-05 2.1793912851535096e-07
1.3809204101562499e-05 2.1854366815953348e-07
1.3885498046874999e-05 2.1914654002961865e-07
1.3961791992187499e-05 2.197477578520827e-07
1.4038085937499999e-05 2.2034733516613546e-07
1.4114379882812499e-05 2.2094528532727791e-07
1.4190673828124999e-05 2.2154162151077303e-07
1.4266967773437499e-05 2.2213635671503286e-07
1.4343261718749999e-05 2.227295037649242e-07
1.4419555664062499e-05 2.233210753149953e-07
1.4495849609374999e-05 2.2391108385262568e-07
1.4572143554687499e-05 2.2449954170110157e-07
1.4648437499999999e-05 2.2508646102261926e-07
1.47247314453125e-05 2.2567185382121738e-07
1.4801025390625e-05 2.2625573194564168e-07
1.48773193359375e-05 2.2683810709214305e-07
1.495361328125e-05 2.2741899080721115e-07
1.50299072265625e-05 2.2799839449024547e-07
1.5106201171875e-05 2.2857632939616498e-07
1.51824951171875e-05 2.2915280663795943e-07
1.52587890625e-05 2.2972783718918189e-07
1.5335083007812498e-05 2.3030143188638633e-07
1.5411376953125e-05 2.3087360143151004e-07
1.5487670898437502e-05 2.3144435639420348e-07
1.556396484375e-05 2.3201370721410769e-07
1.5640258789062499e-05 2.3258166420308296e-07
1.5716552734375e-05 2.331482375473874e-07
1.5792846679687502e-05 2.3371343730980822e-07
1.5869140625000001e-05 2.3427727343174726e-07
1.5945434570312499e-05 2.3483975573526104e-07
1.6021728515625001e-05 2.3540089392505666e-07
1.6098022460937502e-05 2.3596069759044591e-07
1.6174316406250001e-05 2.3651917620725653e-07
1.6250610351562499e-05 2.3707633913970412e-07
1.6326904296875001e-05 2.3763219564222383e-07
1.6403198242187503e-05 2.3818675486126344e-07
1.6479492187500001e-05 2.3874002583703972e-07
1.6555786132812499e-05 2.3929201750525767e-07
1.6632080078125001e-05 2.3984273869879418e-07
1.6708374023437503e-05 2.4039219814934703e-07
1.6784667968750001e-05 2.4094040448905022e-07
1.68609619140625e-05 2.4148736625205604e-07
1.6937255859375001e-05 2.4203309187608532e-07
1.7013549804687503e-05 2.4257758970394572e-07
1.7089843750000002e-05 2.4312086798501974e-07
1.71661376953125e-05 2.4366293487672336e-07
1.7242431640625002e-05 2.4420379844593462e-07
1.7318725585937504e-05 2.4474346667039405e-07
1.7395019531250002e-05 2.4528194744007814e-07
1.74713134765625e-05 2.4581924855854468e-07
1.7547607421875002e-05 2.4635537774425233e-07
1.7623901367187504e-05 2.4689034263185411e-07
1.7700195312500002e-05 2.4742415077346569e-07
1.7776489257812501e-05 2.479568096399097e-07
1.7852783203125002e-05 2.4848832662193504e-07
1.7929077148437504e-05 2.4901870903141372e-07
1.8005371093750002e-05 2.495479641025141e-07
1.8081665039062501e-05 2.5007609899285216e-07
1.8157958984375003e-05 2.5060312078462083e-07
1.8234252929687504e-05 2.5112903648569811e-07
1.8310546875000003e-05 2.5165385303073391e-07
1.8386840820312501e-05 2.5217757728221737e-07
1.8463134765625003e-05 2.5270021603152347e-07
1.8539428710937505e-05 2.532217759999401e-07
1.8615722656250003e-05 2.5374226383967721e-07
1.8692016601562501e-05 2.5426168613485646e-07
1.8768310546875003e-05 2.5478004940248271e-07
1.8844604492187505e-05 2.55297360093398e-07
1.8920898437500003e-05 2.5581362459321839e-07
1.8997192382812502e-05 2.563288492232534e-07
1.9073486328125003e-05 2.5684304024140897e-07
1.9149780273437505e-05 2.573562038430743e-07
1.9226074218750004e-05 2.5786834616199283e-07
1.9302368164062502e-05 2.5837947327111736e-07
1.9378662109375e-05 2.5888959118345041e-07
1.9454956054687499e-05 2.593987058528694e-07
1.953125e-05 2.5990682317493742e-07
1.9607543945312502e-05 2.6041394898769972e-07
1.9683837890625001e-05 2.6092008907246625e-07
1.9760131835937499e-05 2.6142524915458045e-07
1.9836425781249997e-05 2.619294349041753e-07
1.9912719726562496e-05 2.624326519369152e-07
1.9989013671874997e-05 2.6293490581472615e-07
2.0065307617187499e-05 2.6343620204651272e-07
2.0141601562499998e-05 2.6393654608886316e-07
2.0217895507812496e-05 2.6443594334674226e-07
2.0294189453124998e-05 2.6493439917417231e-07
2.0370483398437499e-05 2.6543191887490328e-07
2.0446777343749998e-05 2.6592850770307068e-07
2.0523071289062496e-05 2.6642417086384333e-07
2.0599365234374998e-05 2.6691891351405957e-07
2.06756591796875e-05 2.6741274076285325e-07
2.0751953124999998e-05 2.6790565767226955e-07
2.0828247070312496e-05 2.6839766925786993e-07
2.0904541015624998e-05 2.688887804893278e-07
2.09808349609375e-05 2.6937899629101427e-07
2.1057128906249998e-05 2.6986832154257375e-07
2.1133422851562497e-05 2.7035676107949102e-07
2.1209716796874999e-05 2.7084431969364873e-07
2.12860107421875e-05 2.7133100213387553e-07
2.1362304687499999e-05 2.7181681310648585e-07
2.1438598632812497e-05 2.7230175727581102e-07
2.1514892578124999e-05 2.7278583926472145e-07
2.1591186523437501e-05 2.7326906365514118e-07
2.1667480468749999e-05 2.7375143498855319e-07
2.1743774414062497e-05 2.7423295776649808e-07
2.1820068359374999e-05 2.7471363645106353e-07
2.1896362304687501e-05 2.7519347546536712e-07
2.1972656249999999e-05 2.7567247919403103e-07
2.2048950195312498e-05 2.7615065198364949e-07
2.2125244140624999e-05 2.7662799814324884e-07
2.2201538085937501e-05 2.7710452194474058e-07
2.2277832031249999e-05 2.7758022762336739e-07
2.2354125976562498e-05 2.7805511937814253e-07
2.2430419921875e-05 2.7852920137228168e-07
2.2506713867187501e-05 2.7900247773362935e-07
2.25830078125e-05 2.7947495255507786e-07
2.2659301757812498e-05 2.7994662989498016e-07
2.2735595703125e-05 2.8041751377755703e-07
2.2811889648437502e-05 2.8088760819329692e-07
2.288818359375e-05 2.8135691709935115e-07
2.2964477539062498e-05 2.81825444419922e-07
2.3040771484375e-05 2.8229319404664596e-07
2.3117065429687502e-05 2.8276016983897041e-07
2.3193359375e-05 2.8322637562452555e-07
2.3345947265625e-05 2.8415649232895203e-07
2.3498535156250001e-05 2.8508357415839326e-07
2.3651123046875001e-05 2.8600765062511143e-07
2.3803710937500001e-05 2.8692875076612479e-07
2.3956298828125001e-05 2.8784690315385264e-07
2.4108886718750001e-05 2.887621359064573e-07
2.4261474609375001e-05 2.8967447669789036e-07
2.4414062500000001e-05 2.9058395276765594e-07
2.4566650390625001e-05 2.9149059093029983e-07
2.4719238281250002e-05 2.9239441758463317e-07
2.4871826171875002e-05 2.9329545872270116e-07
2.5024414062500002e-05 2.9419373993850374e-07
2.5177001953125002e-05 2.9508928643647775e-07
2.5329589843750002e-05 2.9598212303974819e-07
2.5482177734375002e-05 2.9687227419815592e-07
2.5634765625000002e-05 2.9775976399606927e-07
2.5787353515625003e-05 2.9864461615998721e-07
2.5939941406250003e-05 2.9952685406593967e-07
2.6092529296875003e-05 3.0040650074669277e-07
2.6245117187500003e-05 3.012835788987646e-07
2.6397705078125003e-05 3.0215811088925762e-07
2.6550292968750003e-05 3.0303011876251355e-07
2.6702880859375e-05 3.0389962424659668e-07
2.685546875e-05 3.0476664875961016e-07
2.7008056640625e-05 3.056312134158518e-07
2.7160644531249997e-05 3.0649333903181273e-07
2.7313232421874997e-05 3.0735304613202522e-07
2.7465820312499997e-05 3.0821035495476362e-07
2.7618408203124997e-05 3.0906528545760251e-07
2.7770996093749998e-05 3.0991785732283742e-07
2.7923583984374998e-05 3.1076808996277171e-07
2.8076171874999998e-05 3.1161600252487268e-07
2.8228759765624998e-05 3.1246161389680323e-07
2.8381347656249998e-05 3.1330494271133013e-07
2.8533935546874998e-05 3.1414600735111391e-07
2.8686523437499998e-05 3.149848259533843e-07
2.8839111328124999e-05 3.1582141641450291e-07
2.8991699218749999e-05 3.1665579639441833e-07
2.9144287109374999e-05 3.1748798332101512e-07
2.9296874999999999e-05 3.18317994394361e-07
2.9449462890624999e-05 3.191458465908542e-07
2.9602050781249999e-05 3.1997155666727483e-07
2.9754638671874999e-05 3.2079514116474163e-07
2.9907226562499999e-05 3.2161661641257799e-07
3.0059814453125e-05 3.2243599853208938e-07
3.021240234375e-05 3.2325330344025432e-07
3.0364990234375e-05 3.2406854685333189e-07
3.0517578125e-05 3.248817442903872e-07
3.0670166015624997e-05 3.2569291107673846e-07
3.082275390625e-05 3.2650206234732642e-07
3.0975341796875004e-05 3.2730921305000881e-07
3.1127929687500001e-05 3.2811437794878176e-07
3.1280517578124997e-05 3.2891757162693105e-07
3.1433105468750001e-05 3.2971880849011341e-07
3.1585693359375004e-05 3.3051810276937064e-07
3.1738281250000001e-05 3.3131546852407866e-07
3.1890869140624998e-05 3.3211091964483292e-07
3.2043457031250001e-05 3.3290446985627125e-07
3.2196044921875005e-05 3.3369613271983642e-07
3.2348632812500002e-05 3.3448592163648051e-07
3.2501220703124998e-05 3.3527384984931088e-07
3.2653808593750002e-05 3.3605993044618124e-07
3.2806396484375005e-05 3.368441763622275e-07
3.2958984375000002e-05 3.3762660038235151e-07
3.3111572265624999e-05 3.3840721514365227e-07
3.3264160156250002e-05 3.3918603313780714e-07
3.3416748046875006e-05 3.3996306671340412e-07
3.3569335937500003e-05 3.4073832807822586e-07
3.3721923828124999e-05 3.4151182930148752e-07
3.3874511718750003e-05 3.4228358231602835e-07
3.4027099609375007e-05 3.4305359892045992e-07
3.4179687500000003e-05 3.4382189078127004e-07
3.4332275390625e-05 3.4458846943488513e-07
3.4484863281250004e-05 3.4535334628969122e-07
3.4637451171875007e-05 3.4611653262801447e-07
3.4790039062500004e-05 3.468780396080628e-07
3.4942626953125001e-05 3.4763787826582926e-07
3.5095214843750004e-05 3.4839605951695789e-07
3.5247802734375008e-05 3.491525941585731e-07
3.5400390625000004e-05 3.4990749287107327e-07
3.5552978515625001e-05 3.506607662198903e-07
3.5705566406250005e-05 3.5141242465721424e-07
3.5858154296875008e-05 3.5216247852368578e-07
3.6010742187500005e-05 3.5291093805005522e-07
3.6163330078125002e-05 3.5365781335881132e-07
3.6315917968750005e-05 3.5440311446577772e-07
3.6468505859375009e-05 3.5514685128168018e-07
3.6621093750000005e-05 3.5588903361368403e-07
3.6773681640625002e-05 3.5662967116690309e-07
3.6926269531250006e-05 3.5736877354587983e-07
3.7078857421875009e-05 3.5810635025603854e-07
3.7231445312500006e-05 3.588424107051119e-07
3.7384033203125003e-05 3.5957696420454029e-07
3.7536621093750006e-05 3.6031001997084634e-07
3.768920898437501e-05 3.61041587126984e-07
3.7841796875000007e-05 3.6177167470366275e-07
3.7994384765625003e-05 3.6250029164064873e-07
3.8146972656250007e-05 3.6322744678804139e-07
3.829956054687501e-05 3.6395314890752747e-07
3.8452148437500007e-05 3.6467740667361292e-07
3.8604736328125004e-05 3.6540022867483238e-07
3.8757324218750001e-05 3.6612162341493758e-07
3.8909912109374997e-05 3.6684159931406414e-07
3.9062500000000001e-05 3.6756016470987815e-07
3.9215087890625004e-05 3.682773278587029e-07
3.9367675781250001e-05 3.6899309693662519e-07
3.9520263671874998e-05 3.6970748004058321e-07
3.9672851562499995e-05 3.7042048518943459e-07
3.9825439453124991e-05 3.7113212032500699e-07
3.9978027343749995e-05 3.7184239331312968e-07
4.0130615234374998e-05 3.7255131194464791e-07
4.0283203124999995e-05 3.7325888393641998e-07
4.0435791015624992e-05 3.7396511693229727e-07
4.0588378906249995e-05 3.7467001850408722e-07
4.0740966796874999e-05 3.7537359615250074e-07
4.0893554687499996e-05 3.7607585730808327e-07
4.1046142578124992e-05 3.7677680933213002e-07
4.1198730468749996e-05 3.7747645951758661e-07
4.1351318359374999e-05 3.7817481508993356e-07
4.1503906249999996e-05 3.7887188320805766e-07
4.1656494140624993e-05 3.7956767096510751e-07
4.1809082031249996e-05 3.8026218538933581e-07
4.1961669921875e-05 3.8095543344492729e-07
4.2114257812499997e-05 3.8164742203281368e-07
4.2266845703124993e-05 3.8233815799147515e-07
4.2419433593749997e-05 3.8302764809772839e-07
4.2572021484375001e-05 3.8371589906750238e-07
4.2724609374999997e-05 3.8440291755660162e-07
4.2877197265624994e-05 3.8508871016145702e-07
4.3029785156249998e-05 3.8577328341986464e-07
4.3182373046875001e-05 3.8645664381171292e-07
4.3334960937499998e-05 3.8713879775969823e-07
4.3487548828124995e-05 3.8781975163002891e-07
4.3640136718749998e-05 3.8849951173311849e-07
4.3792724609375002e-05 3.8917808432426791e-07
4.3945312499999998e-05 3.8985547560433722e-07
4.4097900390624995e-05 3.9053169172040606e-07
4.4250488281249999e-05 3.9120673876642516e-07
4.4403076171875002e-05 3.9188062278385638e-07
4.4555664062499999e-05 3.9255334976230379e-07
4.4708251953124996e-05 3.9322492564013472e-07
4.4860839843749999e-05 3.938953563050912e-07
4.5013427734375003e-05 3.9456464759489223e-07
4.5166015624999999e-05 3.952328052978264e-07
4.5318603515624996e-05 3.958998351533365e-07
4.547119140625e-05 3.9656574285259416e-07
4.5623779296875003e-05 3.9723053403906669e-07
4.57763671875e-05 3.978942143090746e-07
4.5928955078124997e-05 3.9855678921234151e-07
4.608154296875e-05 3.9921826425253546e-07
4.6234130859375004e-05 3.9987864488780224e-07
4.6386718750000001e-05 4.0053793653129076e-07
4.6539306640624997e-05 4.011961445516705e-07
4.6691894531250001e-05 4.0185327427364197e-07
4.6844482421875004e-05 4.025093309784387e-07
4.6997070312500001e-05 4.0316431990432278e-07
4.7149658203124998e-05 4.0381824624707249e-07
4.7302246093750001e-05 4.0447111516046339e-07
4.7454833984375005e-05 4.0512293175674194e-07
4.7607421875000002e-05 4.0577370110709259e-07
4.7760009765624998e-05 4.0642342824209817e-07
4.7912597656250002e-05 4.0707211815219309e-07
4.8065185546875005e-05 4.0771977578811114e-07
4.8217773437500002e-05 4.0836640606132564e-07
4.8522949218750002e-05 4.0965660397183827e-07
4.8828125000000003e-05 4.1094275040667309e-07
4.9133300781250003e-05 4.1222488328778548e-07
4.9438476562500003e-05 4.1350303994918957e-07
4.9743652343750004e-05 4.1477725714964104e-07
5.0048828125000004e-05 4.1604757108497016e-07
5.0354003906250004e-05 4.1731401740007815e-07
5.0659179687500004e-05 4.1857663120060561e-07
5.0964355468750005e-05 4.1983544706428533e-07
5.1269531250000005e-05 4.2109049905199075e-07
5.1574707031250005e-05 4.2234182071848664e-07
5.1879882812500005e-05 4.235894451228968e-07
5.2185058593750006e-05 4.2483340483889268e-07
5.2490234375000006e-05 4.260737319646154e-07
5.2795410156250006e-05 4.2731045813233842e-07
5.3100585937500007e-05 4.285436145178791e-07
5.340576171875e-05 4.2977323184976715e-07
5.37109375e-05 4.3099934041817791e-07
5.4016113281250001e-05 4.322219700836374e-07
5.4321289062499994e-05 4.3344115028550599e-07
5.4626464843749994e-05 4.3465691005024876e-07
5.4931640624999995e-05 4.3586927799949726e-07
5.5236816406249995e-05 4.3707828235791082e-07
5.5541992187499995e-05 4.3828395096084195e-07
5.5847167968749995e-05 4.3948631126181337e-07
5.6152343749999996e-05 4.406853903398101e-07
5.6457519531249996e-05 4.4188121490639502e-07
5.6762695312499996e-05 4.4307381131265031e-07
5.7067871093749996e-05 4.44263205555952e-07
5.7373046874999997e-05 4.4544942328658108e-07
5.7678222656249997e-05 4.4663248981417686e-07
5.7983398437499997e-05 4.4781243011403722e-07
5.8288574218749998e-05 4.4898926883326939e-07
5.8593749999999998e-05 4.5016303029679562e-07
5.8898925781249998e-05 4.5133373851321939e-07
5.9204101562499998e-05 4.525014171805544e-07
5.9509277343749999e-05 4.5366608969182021e-07
5.9814453124999999e-05 4.5482777914051032e-07
6.0119628906249999e-05 4.5598650832593344e-07
6.0424804687499999e-05 4.5714229975843383e-07
6.072998046875e-05 4.5829517566449321e-07
6.103515625e-05 4.5944515799171619e-07
6.1340332031249993e-05 4.6059226841370555e-07
6.1645507812500001e-05 4.6173652833482705e-07
6.1950683593750008e-05 4.6287795889486874e-07
6.2255859375000001e-05 4.6401658097359669e-07
6.2561035156249995e-05 4.6515241519521185e-07
6.2866210937500002e-05 4.6628548193270667e-07
6.3171386718750009e-05 4.6741580131212937e-07
6.3476562500000002e-05 4.685433932167531e-07
6.3781738281249996e-05 4.6966827729115735e-07
6.4086914062500003e-05 4.7079047294521975e-07
6.439208984375001e-05 4.7190999935802314e-07
6.4697265625000003e-05 4.7302687548167978e-07
6.5002441406249997e-05 4.7414112004507414e-07
6.5307617187500004e-05 4.7525275155752635e-07
6.5612792968750011e-05 4.7636178831237917e-07
6.5917968750000004e-05 4.7746824839050961e-07
6.6223144531249998e-05 4.7857214966376862e-07
6.6528320312500005e-05 4.7967350979834738e-07
6.6833496093750012e-05 4.8077234625807609e-07
6.7138671875000005e-05 4.8186867630765462e-07
6.7443847656249999e-05 4.8296251701581628e-07
6.7749023437500006e-05 4.8405388525842833e-07
6.8054199218750013e-05 4.8514279772152887e-07
6.8359375000000007e-05 4.8622927090430315e-07
6.866455078125e-05 4.873133211220004e-07
6.8969726562500007e-05 4.8839496450879099e-07
6.9274902343750014e-05 4.8947421702056797e-07
6.9580078125000008e-05 4.9055109443769301e-07
6.9885253906250001e-05 4.9162561236768814e-07
7.0190429687500008e-05 4.9269778624787421e-07
7.0495605468750015e-05 4.93767631347958e-07
7.0800781250000009e-05 4.9483516277256994e-07
7.1105957031250002e-05 4.9590039546375026e-07
7.1411132812500009e-05 4.9696334420339069e-07
7.1716308593750016e-05 4.980240236156256e-07
7.202148437500001e-05 4.9908244816917978e-07
7.2326660156250003e-05 5.001386321796714e-07
7.263183593750001e-05 5.011925898118693e-07
7.2937011718750017e-05 5.0224433508191055e-07
7.3242187500000011e-05 5.0329388185947348e-07
7.3547363281250004e-05 5.0434124386991235e-07
7.3852539062500011e-05 5.0538643469635085e-07
7.4157714843750018e-05 5.0642946778173644e-07
7.4462890625000012e-05 5.0747035643085829e-07
7.4768066406250005e-05 5.085091138123262e-07
7.5073242187500012e-05 5.0954575296051493e-07
7.537841796875002e-05 5.1058028677747078e-07
7.5683593750000013e-05 5.1161272803478617e-07
7.5988769531250007e-05 5.1264308937543814e-07
7.6293945312500014e-05 5.1367138331559453e-07
7.6599121093750021e-05 5.1469762224638746e-07
7.6904296875000014e-05 5.1572181843565524e-07
7.7209472656250008e-05 5.1674398402965331e-07
7.7514648437500001e-05 5.1776413105473405e-07
7.7819824218749995e-05 5.1878227141899763e-07
7.8125000000000002e-05 5.1979841691391378e-07
7.8430175781250009e-05 5.2081257921591426e-07
7.8735351562500002e-05 5.2182476988795796e-07
7.9040527343749996e-05 5.2283500038106997e-07
7.9345703124999989e-05 5.2384328203585094e-07
7.9650878906249983e-05 5.2484962608396348e-07
7.995605468749999e-05 5.2585404364959112e-07
8.0261230468749997e-05 5.268565457508728e-07
8.056640624999999e-05 5.2785714330131262e-07
8.0871582031249984e-05 5.2885584711116583e-07
8.1176757812499991e-05 5.2985266788880187e-07
8.1481933593749998e-05 5.3084761624204231e-07
8.1787109374999991e-05 5.318407026794788e-07
8.2092285156249985e-05 5.3283193761176756e-07
8.2397460937499992e-05 5.3382133135290215e-07
8.2702636718749999e-05 5.348088941214655e-07
8.3007812499999992e-05 5.3579463604186094e-07
8.3312988281249986e-05 5.367785671455235e-07
8.3618164062499993e-05 5.3776069737210994e-07
8.392333984375e-05 5.3874103657067025e-07
8.4228515624999993e-05 5.397195945008001e-07
8.4533691406249987e-05 5.4069638083377367e-07
8.4838867187499994e-05 5.416714051536599e-07
8.5144042968750001e-05 5.42644676958417e-07
8.5449218749999995e-05 5.4361620566097432e-07
8.5754394531249988e-05 5.4458600059029279e-07
8.6059570312499995e-05 5.4555407099241012e-07
8.6364746093750002e-05 5.4652042603146892e-07
8.6669921874999996e-05 5.4748507479072951e-07
8.6975097656249989e-05 5.4844802627356459e-07
8.7280273437499996e-05 5.4940928940444035e-07
8.7585449218750003e-05 5.503688730298809e-07
8.7890624999999997e-05 5.5132678591941804e-07
8.819580078124999e-05 5.5228303676652603e-07
8.8500976562499997e-05 5.5323763418954225e-07
8.8806152343750004e-05 5.5419058673257251e-07
8.9111328124999998e-05 5.5514190286638421e-07
8.9416503906249991e-05 5.5609159098928329e-07
8.9721679687499998e-05 5.5703965942798044e-07
9.0026855468750005e-05 5.5798611643844154e-07
9.0332031249999999e-05 5.5893097020672703e-07
9.0637207031249992e-05 5.598742288498176e-07
9.0942382812499999e-05 5.6081590041642751e-07
9.1247558593750007e-05 5.617559928878055e-07
9.1552734375e-05 5.626945141785244e-07
9.1857910156249993e-05 5.63631472137258e-07
9.2163085937500001e-05 5.6456687454754663e-07
9.2468261718750008e-05 5.6550072912855157e-07
9.2773437500000001e-05 5.6643304353579799e-07
9.3078613281249995e-05 5.6736382536190692e-07
9.3383789062500002e-05 5.6829308213731709e-07
9.3688964843750009e-05 5.6922082133099445e-07
9.3994140625000002e-05 5.7014705035113343e-07
9.4299316406249996e-05 5.7107177654584669e-07
9.4604492187500003e-05 5.7199500720384502e-07
9.490966796875001e-05 5.729167495551071e-07
9.5214843750000003e-05 5.7383701077154094e-07
9.5520019531249997e-05 5.7475579796763376e-07
9.5825195312500004e-05 5.7567311820109425e-07
9.6130371093750011e-05 5.7658897847348427e-07
9.6435546875000004e-05 5.7750338573084287e-07
9.6740722656249998e-05 5.784163468643004e-07
9.7045898437500005e-05 5.7932786871068487e-07
9.7351074218750012e-05 5.8023795805311788e-07
9.7656250000000005e-05 5.8114662162160472e-07
9.7961425781249999e-05 5.8205386609361434e-07
9.8266601562500006e-05 5.8295969809465137e-07
9.8571777343750013e-05 5.8386412419882131e-07
9.8876953125000007e-05 5.8476715092938641e-07
9.918212890625e-05 5.8566878475931476e-07
9.9487304687500007e-05 5.8656903211182129e-07
0.00010009765625000001 5.8836539283185929e-07
0.00010070800781250001 5.9015628350026041e-07
0.00010131835937500001 5.9194175376514334e-07
0.00010192871093750001 5.9372185252804171e-07
0.00010253906250000001 5.9549662795952771e-07
0.00010314941406250001 5.9726612751441786e-07
0.00010375976562500001 5.9903039794657483e-07
0.00010437011718750001 6.0078948532331778e-07
0.00010498046875000001 6.0254343503945401e-07
0.00010559082031250001 6.0429229183094363e-07
0.00010620117187500001 6.0603609978821114e-07
0.0001068115234375 6.0777490236910979e-07
0.000107421875 6.0950874241155679e-07
0.0001080322265625 6.1123766214584372e-07
0.00010864257812499999 6.129617032066341e-07
0.00010925292968749999 6.1468090664465994e-07
0.00010986328124999999 6.1639531293812338e-07
0.00011047363281249999 6.1810496200381309e-07
0.00011108398437499999 6.1980989320794603e-07
0.00011169433593749999 6.2151014537674126e-07
0.00011230468749999999 6.2320575680673317e-07
0.00011291503906249999 6.2489676527483356e-07
0.00011352539062499999 6.2658320804814877e-07
0.00011413574218749999 6.282651218935613e-07
0.00011474609374999999 6.2994254308707843e-07
0.00011535644531249999 6.3161550742295896e-07
0.00011596679687499999 6.3328405022262354e-07
0.0001165771484375 6.3494820634335318e-07
0.0001171875 6.3660801018678253e-07
0.0001177978515625 6.382634957071962e-07
0.000118408203125 6.3991469641963045e-07
0.0001190185546875 6.4156164540778762e-07
0.00011962890625 6.4320437533176822e-07
0.0001202392578125 6.4484291843562544e-07
0.000120849609375 6.4647730655474805e-07
0.0001214599609375 6.4810757112307423e-07
0.0001220703125 6.4973374318014465e-07
0.00012268066406249999 6.5135585337799477e-07
0.000123291015625 6.5297393198789476e-07
0.00012390136718750002 6.5458800890693857e-07
0.00012451171875 6.5619811366448686e-07
0.00012512207031249999 6.5780427542846931e-07
0.000125732421875 6.5940652301154775e-07
0.00012634277343750002 6.6100488487714384e-07
0.000126953125 6.625993891453386e-07
0.00012756347656249999 6.6419006359864168e-07
0.00012817382812500001 6.6577693568763852e-07
0.00012878417968750002 6.6736003253651514e-07
0.00012939453125000001 6.6893938094846629e-07
0.00013000488281249999 6.7051500741098885e-07
0.00013061523437500001 6.7208693810106282e-07
0.00013122558593750002 6.7365519889022423e-07
0.00013183593750000001 6.7521981534953153e-07
0.0001324462890625 6.7678081275442904e-07
0.00013305664062500001 6.7833821608950953e-07
0.00013366699218750002 6.798920500531779e-07
0.00013427734375000001 6.8144233906222029e-07
0.0001348876953125 6.8298910725627929e-07
0.00013549804687500001 6.8453237850223781e-07
0.00013610839843750003 6.8607217639851487e-07
0.00013671875000000001 6.8760852427927417e-07
0.0001373291015625 6.8914144521854836e-07
0.00013793945312500001 6.9067096203428178e-07
0.00013854980468750003 6.9219709729229103e-07
0.00013916015625000002 6.9371987331014864e-07
0.0001397705078125 6.9523931216098975e-07
0.00014038085937500002 6.9675543567724409e-07
0.00014099121093750003 6.9826826545429397e-07
0.00014160156250000002 6.9977782285406329e-07
0.0001422119140625 7.012841290085349e-07
0.00014282226562500002 7.0278720482320139e-07
0.00014343261718750003 7.0428707098044898e-07
0.00014404296875000002 7.0578374794287621e-07
0.00014465332031250001 7.0727725595655141e-07
0.00014526367187500002 7.0876761505420613e-07
0.00014587402343750003 7.1025484505836904e-07
0.00014648437500000002 7.1173896558444119e-07
0.00014709472656250001 7.132199960437139e-07
0.00014770507812500002 7.1469795564632945e-07
0.00014831542968750004 7.1617286340418702e-07
0.00014892578125000002 7.1764473813379562e-07
0.00014953613281250001 7.1911359845907377e-07
0.00015014648437500002 7.2057946281409837e-07
0.00015075683593750004 7.2204234944580172e-07
0.00015136718750000003 7.2350227641662209e-07
0.00015197753906250001 7.2495926160710395e-07
0.00015258789062500003 7.264133227184527e-07
0.00015319824218750004 7.2786447727504234e-07
0.00015380859375000003 7.2931274262687935e-07
0.00015441894531250002 7.3075813595202143e-07
0.000155029296875 7.3220067425895456e-07
0.00015563964843749999 7.336403743889267e-07
0.00015625 7.3507725301824152e-07
0.00015686035156250002 7.3651132666051064e-07
0.000157470703125 7.3794261166886756e-07
0.00015808105468749999 7.3937112423814271e-07
0.00015869140624999998 7.4079688040700015e-07
0.00015930175781249997 7.4221989606003826e-07
0.00015991210937499998 7.4364018692985312e-07
0.00016052246093749999 7.4505776859906774e-07
0.00016113281249999998 7.4647265650232589e-07
0.00016174316406249997 7.4788486592825188e-07
0.00016235351562499998 7.4929441202137712e-07
0.0001629638671875 7.5070130978403493e-07
0.00016357421874999998 7.5210557407822208e-07
0.00016418457031249997 7.5350721962743055e-07
0.00016479492187499998 7.5490626101844734e-07
0.0001654052734375 7.5630271270312507e-07
0.00016601562499999998 7.5769658900012301e-07
0.00016662597656249997 7.5908790409661991e-07
0.00016723632812499999 7.6047667204999754e-07
0.0001678466796875 7.6186290678949726e-07
0.00016845703124999999 7.6324662211784927e-07
0.00016906738281249997 7.6462783171287585e-07
0.00016967773437499999 7.6600654912906812e-07
0.0001702880859375 7.6738278779913681e-07
0.00017089843749999999 7.6875656103553941e-07
0.00017150878906249998 7.7012788203198118e-07
0.00017211914062499999 7.7149676386489386e-07
0.0001727294921875 7.7286321949488888e-07
0.00017333984374999999 7.7422726176818893e-07
0.00017395019531249998 7.7558890341803703e-07
0.00017456054687499999 7.7694815706608172e-07
0.00017517089843750001 7.7830503522374225e-07
0.00017578124999999999 7.7965955029355149e-07
0.00017639160156249998 7.810117145704778e-07
0.00017700195312499999 7.8236154024322673e-07
0.00017761230468750001 7.8370903939552296e-07
0.00017822265625 7.8505422400737043e-07
0.00017883300781249998 7.8639710595629616e-07
0.000179443359375 7.877376970185722e-07
0.00018005371093750001 7.8907600887042079e-07
0.0001806640625 7.9041205308919911e-07
0.00018127441406249998 7.9174584115456872e-07
0.000181884765625 7.9307738444964542e-07
0.00018249511718750001 7.9440669426213182e-07
0.00018310546875 7.9573378178543311e-07
0.00018371582031249999 7.9705865811975799e-07
0.000184326171875 7.9838133427319904e-07
0.00018493652343750002 7.9970182116280067e-07
0.000185546875 8.0102012961560999e-07
0.00018615722656249999 8.0233627036971209e-07
0.000186767578125 8.0365025407524945e-07
0.00018737792968750002 8.0496209129542767e-07
0.00018798828125 8.0627179250750558e-07
0.00018859863281249999 8.0757936810377119e-07
0.00018920898437500001 8.0888482839250291e-07
0.00018981933593750002 8.1018818359891773e-07
0.00019042968750000001 8.1148944386610518e-07
0.00019104003906249999 8.1278861925594761e-07
0.00019165039062500001 8.1408571975002813e-07
0.00019226074218750002 8.1538075525052421e-07
0.00019287109375000001 8.1667373558108955e-07
0.0001934814453125 8.1796467048772316e-07
0.00019409179687500001 8.1925356963962651e-07
0.00019470214843750002 8.2054044263004691e-07
0.00019531250000000001 8.2182529897711136e-07
0.0001959228515625 8.2310814812464717e-07
0.00019653320312500001 8.2438899944299093e-07
0.00019714355468750003 8.2566786222978784e-07
0.00019775390625000001 8.2694474571077729e-07
0.0001983642578125 8.2821965904057046e-07
0.00019897460937500001 8.2949261130341455e-07
0.00019958496093750003 8.3076361151394865e-07
0.00020019531250000002 8.3203266861794702e-07
0.0002008056640625 8.332997914930545e-07
0.00020141601562500002 8.3456498894951035e-07
0.00020202636718750003 8.3582826973086212e-07
0.00020263671875000002 8.3708964251467057e-07
0.0002032470703125 8.3834911591320587e-07
0.00020385742187500002 8.3960669847413159e-07
0.00020507812500000002 8.4211622495482915e-07
0.00020629882812500002 8.446182890714378e-07
0.00020751953125000002 8.4711295694730237e-07
0.00020874023437500002 8.4960029373481896e-07
0.00020996093750000002 8.520803636352784e-07
0.00021118164062500002 8.545532299181924e-07
0.00021240234375000003 8.5701895494011747e-07
0.000213623046875 8.5947760016299206e-07
0.00021484375 8.6192922617200422e-07
0.000216064453125 8.6437389269300222e-07
0.00021728515624999998 8.6681165860946175e-07
0.00021850585937499998 8.6924258197902817e-07
0.00021972656249999998 8.716667200496404e-07
0.00022094726562499998 8.7408412927525336e-07
0.00022216796874999998 8.7649486533117072e-07
0.00022338867187499998 8.7889898312899717e-07
0.00022460937499999998 8.812965368312259e-07
0.00022583007812499998 8.8368757986546835e-07
0.00022705078124999998 8.8607216493833845e-07
0.00022827148437499999 8.884503440490013e-07
0.00022949218749999999 8.9082216850239658e-07
0.00023071289062499999 8.9318768892214645e-07
0.00023193359374999999 8.9554695526315494e-07
0.00023315429687499999 8.9790001682391029e-07
0.00023437499999999999 9.0024692225849808e-07
0.00023559570312499999 9.0258771958833328e-07
0.00023681640624999999 9.0492245621361742e-07
0.00023803710937499999 9.0725117892453245e-07
0.0002392578125 9.0957393391217554e-07
0.000240478515625 9.1189076677924339e-07
0.00024169921875 9.142017225504727e-07
0.000242919921875 9.1650684568284353e-07
0.000244140625 9.1880618007555255e-07
0.00024536132812499997 9.2109976907976199e-07
0.00024658203125 9.2338765550813096e-07
0.00024780273437500003 9.2566988164413319e-07
0.0002490234375 9.279464892511707e-07
0.00025024414062499998 9.3021751958148571e-07
0.00025146484375000001 9.3248301338487649e-07
0.00025268554687500003 9.3474301091722379e-07
0.00025390625000000001 9.3699755194883148e-07
0.00025512695312499998 9.3924667577258876e-07
0.00025634765625000001 9.4149042121195431e-07
0.00025756835937500004 9.43728826628771e-07
0.00025878906250000001 9.4596192993091398e-07
0.00026000976562499999 9.4818976857977714e-07
0.00026123046875000002 9.5041237959759969e-07
0.00026245117187500004 9.5262979957464196e-07
0.00026367187500000002 9.5484206467620701e-07
0.00026489257812499999 9.5704921064952043e-07
0.00026611328125000002 9.5925127283046511e-07
0.00026733398437500005 9.6144828615017794e-07
0.00026855468750000002 9.6364028514150966e-07
0.000269775390625 9.6582730394535566e-07
0.00027099609375000002 9.6800937631685598e-07
0.00027221679687500005 9.70186535631469e-07
0.00027343750000000003 9.7235881489092523e-07
0.000274658203125 9.7452624672905827e-07
0.00027587890625000003 9.7668886341752461e-07
0.00027709960937500006 9.7884669687140276e-07
0.00027832031250000003 9.8099977865468664e-07
0.000279541015625 9.8314813998566978e-07
0.00028076171875000003 9.8529181174222147e-07
0.00028198242187500006 9.8743082446696256e-07
0.00028320312500000003 9.8956520837233919e-07
0.00028442382812500001 9.9169499334559782e-07
0.00028564453125000004 9.9382020895366609e-07
0.00028686523437500007 9.9594088444793827e-07
0.00028808593750000004 9.9805704876896855e-07
0.00028930664062500001 1.0001687305510776e-06
0.00029052734375000004 1.0022759581268694e-06
0.00029174804687500007 1.0043787595316637e-06
0.00029296875000000004 1.0064771625078443e-06
0.00029418945312500002 1.0085711945091277e-06
0.00029541015625000005 1.0106608827047506e-06
0.00029663085937500007 1.0127462539835787e-06
0.00029785156250000005 1.0148273349581423e-06
0.00029907226562500002 1.0169041519685962e-06
0.00030029296875000005 1.018976731086605e-06
0.00030151367187500008 1.0210450981191601e-06
0.00030273437500000005 1.0231092786123271e-06
0.00030395507812500003 1.0251692978549235e-06
0.00030517578125000005 1.0272251808821308e-06
0.00030639648437500008 1.0292769524790425e-06
0.00030761718750000006 1.0313246371841474e-06
0.00030883789062500003 1.0333682592927506e-06
0.00031005859375 1.0354078428603366e-06
0.00031127929687499998 1.0374434117058677e-06
0.00031250000000000001 1.0394749894150292e-06
0.00031372070312500003 1.0415025993434144e-06
0.00031494140625000001 1.0435262646196555e-06
0.00031616210937499998 1.0455460081484997e-06
0.00031738281249999996 1.0475618526138319e-06
0.00031860351562499993 1.0495738204816435e-06
0.00031982421874999996 1.0515819340029537e-06
0.00032104492187499999 1.0535862152166764e-06
0.00032226562499999996 1.0555866859524413e-06
0.00032348632812499993 1.0575833678333656e-06
0.00032470703124999996 1.0595762822787796e-06
0.00032592773437499999 1.0615654505069034e-06
0.00032714843749999997 1.0635508935374828e-06
0.00032836914062499994 1.065532632194379e-06
0.00032958984374999997 1.067510687108112e-06
0.000330810546875 1.0694850787183686e-06
0.00033203124999999997 1.071455827276461e-06
0.00033325195312499994 1.0734229528477506e-06
0.00033447265624999997 1.0753864753140301e-06
0.000335693359375 1.0773464143758639e-06
0.00033691406249999997 1.0793027895548947e-06
0.00033813476562499995 1.0812556201961096e-06
0.00033935546874999998 1.0832049254700694e-06
0.000340576171875 1.0851507243751039e-06
0.00034179687499999998 1.0870930357394699e-06
0.00034301757812499995 1.0890318782234745e-06
0.00034423828124999998 1.0909672703215668e-06
0.00034545898437500001 1.0928992303643924e-06
0.00034667968749999998 1.0948277765208192e-06
0.00034790039062499996 1.0967529267999288e-06
0.00034912109374999998 1.0986746990529764e-06
0.00035034179687500001 1.1005931109753211e-06
0.00035156249999999999 1.1025081801083254e-06
0.00035278320312499996 1.1044199238412248e-06
0.00035400390624999999 1.106328359412969e-06
0.00035522460937500002 1.1082335039140332e-06
0.00035644531249999999 1.1101353742882031e-06
0.00035766601562499997 1.1120339873343305e-06
0.00035888671874999999 1.1139293597080657e-06
0.00036010742187500002 1.1158215079235577e-06
0.000361328125 1.1177104483551322e-06
0.00036254882812499997 1.119596197238946e-06
0.00036376953125 1.121478770674611e-06
0.00036499023437500003 1.1233581846267974e-06
0.0003662109375 1.1252344549268121e-06
0.00036743164062499997 1.1271075972741531e-06
0.00036865234375 1.1289776272380416e-06
0.00036987304687500003 1.1308445602589296e-06
0.00037109375 1.1327084116499863e-06
0.00037231445312499998 1.1345691965985617e-06
0.00037353515625000001 1.1364269301676315e-06
0.00037475585937500003 1.1382816272972153e-06
0.00037597656250000001 1.1401333028057797e-06
0.00037719726562499998 1.1419819713916168e-06
0.00037841796875000001 1.1438276476342055e-06
0.00037963867187500004 1.1456703459955515e-06
0.00038085937500000001 1.1475100808215071e-06
0.00038208007812499999 1.1493468663430749e-06
0.00038330078125000002 1.1511807166776901e-06
0.00038452148437500004 1.1530116458304847e-06
0.00038574218750000002 1.1548396676955355e-06
0.00038696289062499999 1.1566647960570926e-06
0.00038818359375000002 1.1584870445907911e-06
0.00038940429687500005 1.1603064268648456e-06
0.00039062500000000002 1.1621229563412273e-06
0.000391845703125 1.1639366463768254e-06
0.00039306640625000002 1.1657475102245932e-06
0.00039428710937500005 1.1675555610346745e-06
0.00039550781250000003 1.169360811855519e-06
0.000396728515625 1.1711632756349782e-06
0.00039794921875000003 1.1729629652213899e-06
0.00039916992187500006 1.1747598933646433e-06
0.00040039062500000003 1.1765540727172336e-06
0.000401611328125 1.1783455158353003e-06
0.00040283203125000003 1.180134235179651e-06
0.00040405273437500006 1.1819202431167717e-06
0.00040527343750000003 1.1837035519198234e-06
0.00040649414062500001 1.1854841737696262e-06
0.00040771484375000004 1.1872621207556272e-06
0.00040893554687500007 1.1890374048768588e-06
0.00041015625000000004 1.1908100380428818e-06
0.00041137695312500001 1.192580032074717e-06
0.00041259765625000004 1.1943473987057643e-06
0.00041381835937500007 1.1961121495827083e-06
0.00041503906250000004 1.1978742962664147e-06
0.00041748046875000005 1.201390822873759e-06
0.00041992187500000005 1.2048970693315729e-06
0.00042236328125000005 1.2083931251258158e-06
0.00042480468750000005 1.2118790784512516e-06
0.00042724609375 1.215355016237383e-06
0.0004296875 1.2188210241737223e-06
0.00043212890625 1.2222771867344123e-06
0.00043457031249999995 1.2257235872022262e-06
0.00043701171874999995 1.2291603076919604e-06
0.00043945312499999996 1.2325874291732385e-06
0.00044189453124999996 1.2360050314927473e-06
0.00044433593749999996 1.2394131933959223e-06
0.00044677734374999996 1.2428119925480948e-06
0.00044921874999999997 1.2462015055551205e-06
0.00045166015624999997 1.2495818079835069e-06
0.00045410156249999997 1.2529529743800469e-06
0.00045654296874999997 1.2563150782909833e-06
0.00045898437499999997 1.2596681922807091e-06
0.00046142578124999998 1.2630123879500217e-06
0.00046386718749999998 1.2663477359539434e-06
0.00046630859374999998 1.2696743060191216e-06
0.00046874999999999998 1.272992166960816e-06
0.00047119140624999998 1.2763013866994922e-06
0.00047363281249999999 1.2796020322770259e-06
0.00047607421874999999 1.2828941698725352e-06
0.00047851562499999999 1.2861778648178417e-06
0.00048095703124999999 1.2894531816125859e-06
0.0004833984375 1.2927201839389898e-06
0.00048583984375 1.2959789346762882e-06
0.00048828125 1.2992294959148345e-06
0.00049072265624999995 1.3024719289698873e-06
0.0004931640625 1.3057062943950911e-06
0.00049560546875000006 1.3089326519956547e-06
0.00049804687500000001 1.3121510608412401e-06
0.00050048828124999996 1.3153615792785654e-06
0.00050292968750000001 1.318564264943734e-06
0.00050537109375000007 1.3217591747742901e-06
0.00050781250000000002 1.3249463650210193e-06
0.00051025390624999997 1.3281258912594877e-06
0.00051269531250000002 1.3312978084013367e-06
0.00051513671875000008 1.3344621707053337e-06
0.00051757812500000003 1.3376190317881911e-06
0.00052001953124999997 1.34076844463515e-06
0.00052246093750000003 1.3439104616103481e-06
0.00052490234375000009 1.3470451344669614e-06
0.00052734375000000003 1.3501725143571417e-06
0.00052978515624999998 1.3532926518417421e-06
0.00053222656250000004 1.3564055968998434e-06
0.0005346679687500001 1.3595113989380821e-06
0.00053710937500000004 1.3626101067997915e-06
0.00053955078124999999 1.3657017687739494e-06
0.00054199218750000005 1.3687864326039491e-06
0.0005444335937500001 1.3718641454961902e-06
0.00054687500000000005 1.3749349541284986e-06
0.00054931640625 1.3779989046583733e-06
0.00055175781250000006 1.3810560427310739e-06
0.00055419921875000011 1.3841064134875425e-06
0.00055664062500000006 1.3871500615721708e-06
0.00055908203125000001 1.3901870311404159e-06
0.00056152343750000007 1.3932173658662623e-06
0.00056396484375000012 1.396241108949542e-06
0.00056640625000000007 1.3992583031231092e-06
0.00056884765625000002 1.402268990659879e-06
0.00057128906250000007 1.4052732133797272e-06
0.00057373046875000013 1.408271012656261e-06
0.00057617187500000008 1.411262429423455e-06
0.00057861328125000003 1.4142475041821679e-06
0.00058105468750000008 1.4172262770065288e-06
0.00058349609375000014 1.4201987875502071e-06
0.00058593750000000009 1.4231650750525622e-06
0.00058837890625000003 1.4261251783446817e-06
0.00059082031250000009 1.4290791358553e-06
0.00059326171875000015 1.4320269856166152e-06
0.0005957031250000001 1.4349687652699914e-06
0.00059814453125000004 1.4379045120715612e-06
0.0006005859375000001 1.4408342628977217e-06
0.00060302734375000016 1.4437580542505332e-06
0.0006054687500000001 1.4466759222630151e-06
0.00060791015625000005 1.449587902704352e-06
0.00061035156250000011 1.4524940309850004e-06
0.00061279296875000016 1.4553943421617059e-06
0.00061523437500000011 1.4582888709424312e-06
0.00061767578125000006 1.4611776516911944e-06
0.00062011718750000001 1.4640607184328223e-06
0.00062255859374999996 1.4669381048576207e-06
0.00062500000000000001 1.4698098443259593e-06
0.00062744140625000007 1.4726759698727788e-06
0.00062988281250000002 1.4755365142120185e-06
0.00063232421874999997 1.4783915097409672e-06
0.00063476562499999991 1.4812409885445358e-06
0.00063720703124999986 1.484084982399461e-06
0.00063964843749999992 1.4869235227784312e-06
0.00064208984374999997 1.4897566408541456e-06
0.00064453124999999992 1.4925843675033019e-06
0.00064697265624999987 1.4954067333105171e-06
0.00064941406249999993 1.4982237685721815e-06
0.00065185546874999998 1.5010355033002463e-06
0.00065429687499999993 1.5038419672259496e-06
0.00065673828124999988 1.5066431898034787e-06
0.00065917968749999993 1.5094392002135709e-06
0.00066162109374999999 1.512230027367055e-06
0.00066406249999999994 1.5150156999083344e-06
0.00066650390624999989 1.5177962462188107e-06
0.00066894531249999994 1.520571694420254e-06
0.00067138671875 1.5233420723781145e-06
0.00067382812499999995 1.5261074077047822e-06
0.0006762695312499999 1.5288677277627943e-06
0.00067871093749999995 1.5316230596679867e-06
0.00068115234375000001 1.5343734302925989e-06
0.00068359374999999996 1.5371188662683262e-06
0.0006860351562499999 1.5398593939893244e-06
0.00068847656249999996 1.5425950396151646e-06
0.00069091796875000002 1.5453258290737423e-06
0.00069335937499999997 1.5480517880641408e-06
0.00069580078124999991 1.5507729420594475e-06
0.00069824218749999997 1.553489316309527e-06
0.00070068359375000003 1.556200935843751e-06
0.00070312499999999997 1.5589078254736828e-06
0.00070556640624999992 1.5616100097957246e-06
0.00070800781249999998 1.5643075131937186e-06
0.00071044921875000003 1.5670003598415115e-06
0.00071289062499999998 1.5696885737054763e-06
0.00071533203124999993 1.5723721785469991e-06
0.00071777343749999999 1.575051197924923e-06
0.00072021484375000004 1.5777256551979598e-06
0.00072265624999999999 1.5803955735270598e-06
0.00072509765624999994 1.5830609758777495e-06
0.0007275390625 1.5857218850224328e-06
0.00072998046875000005 1.5883783235426567e-06
0.000732421875 1.5910303138313417e-06
0.00073486328124999995 1.5936778780949847e-06
0.0007373046875 1.5963210383558205e-06
0.00073974609375000006 1.5989598164539571e-06
0.00074218750000000001 1.6015942340494791e-06
0.00074462890624999996 1.6042243126245152e-06
0.00074707031250000001 1.6068500734852818e-06
0.00074951171875000007 1.6094715377640919e-06
0.00075195312500000002 1.6120887264213347e-06
0.00075439453124999997 1.61470166024743e-06
0.00075683593750000002 1.6173103598647511e-06
0.00075927734375000008 1.6199148457295189e-06
0.00076171875000000003 1.6225151381336717e-06
0.00076416015624999997 1.6251112572067059e-06
0.00076660156250000003 1.627703222917492e-06
0.00076904296875000009 1.6302910550760612e-06
0.00077148437500000003 1.632874773335371e-06
0.00077392578124999998 1.6354543971930425e-06
0.00077636718750000004 1.638029945993074e-06
0.0007788085937500001 1.6406014389275311e-06
0.00078125000000000004 1.6431688950382106e-06
0.00078369140624999999 1.6457323332182847e-06
0.00078613281250000005 1.6482917722139186e-06
0.0007885742187500001 1.6508472306258681e-06
0.00079101562500000005 1.653398726911054e-06
0.00079345703125 1.6559462793841122e-06
0.00079589843750000006 1.6584899062189289e-06
0.00079833984375000011 1.6610296254501473e-06
0.00080078125000000006 1.6635654549746568e-06
0.00080322265625000001 1.6660974125530638e-06
0.00080566406250000007 1.6686255158111384e-06
0.00080810546875000012 1.6711497822412442e-06
0.00081054687500000007 1.6736702292037477e-06
0.00081298828125000002 1.6761868739284079e-06
0.00081542968750000007 1.6786997335157492e-06
0.00081787109375000013 1.6812088249384142e-06
0.00082031250000000008 1.6837141650424983e-06
0.00082275390625000003 1.686215770548866e-06
0.00082519531250000008 1.6887136580544526e-06
0.00082763671875000014 1.6912078440335458e-06
0.00083007812500000009 1.6936983448390485e-06
0.00083251953125000003 1.696185176703731e-06
0.00083496093750000009 1.6986683557414611e-06
0.00083740234375000015 1.7011478979484199e-06
0.0008398437500000001 1.703623819204302e-06
0.0008447265625000001 1.7085648618062737e-06
0.0008496093750000001 1.7134916082998234e-06
0.0008544921875 1.7184041816478237e-06
0.000859375 1.7233027030593099e-06
0.00086425781250000001 1.728187292024307e-06
0.0008691406249999999 1.7330580663477713e-06
0.00087402343749999991 1.7379151421826758e-06
0.00087890624999999991 1.7427586340622651e-06
0.00088378906249999992 1.7475886549315028e-06
0.00088867187499999992 1.752405316177742e-06
0.00089355468749999993 1.757208727660636e-06
0.00089843749999999993 1.7619989977413144e-06
0.00090332031249999993 1.766776233310848e-06
0.00090820312499999994 1.7715405398180209e-06
0.00091308593749999994 1.7762920212964332e-06
0.00091796874999999995 1.7810307803909504e-06
0.00092285156249999995 1.7857569183835218e-06
0.00092773437499999996 1.7904705352183858e-06
0.00093261718749999996 1.7951717295266773e-06
0.00093749999999999997 1.7998605986504554e-06
0.00094238281249999997 1.8045372386661724e-06
0.00094726562499999997 1.8092017444075935e-06
0.00095214843749999998 1.8138542094881857e-06
0.00095703124999999998 1.8184947263229908e-06
0.00096191406249999999 1.8231233861499973e-06
0.00096679687499999999 1.8277402790510261e-06
0.0009716796875 1.8323454939721378e-06
0.0009765625 1.8369391187435852e-06
0.0009814453124999999 1.8415212400993119e-06
0.00098632812500000001 1.8460919436960177e-06
0.00099121093750000012 1.8506513141318006e-06
0.00099609375000000002 1.8551994349643831e-06
0.0010009765624999999 1.8597363887289394e-06
0.001005859375 1.8642622569555325e-06
0.0010107421875000001 1.8687771201861662e-06
0.001015625 1.8732810579914721e-06
0.0010205078124999999 1.8777741489870355e-06
0.001025390625 1.8822564708493653e-06
0.0010302734375000002 1.886728100331528e-06
0.0010351562500000001 1.8911891132784445e-06
0.0010400390624999999 1.8956395846418662e-06
0.0010449218750000001 1.900079588495033e-06
0.0010498046875000002 1.9045091980470205e-06
0.0010546875000000001 1.9089284856567948e-06
0.0010595703125 1.9133375228469664e-06
0.0010644531250000001 1.9177363803172682e-06
0.0010693359375000002 1.9221251279577439e-06
0.0010742187500000001 1.9265038348616792e-06
0.0010791015625 1.9308725693382575e-06
0.0010839843750000001 1.9352313989249654e-06
0.0010888671875000002 1.9395803903997431e-06
0.0010937500000000001 1.9439196097928906e-06
0.0010986328125 1.948249122398739e-06
0.0011035156250000001 1.9525689927870807e-06
0.0011083984375000002 1.9568792848143799e-06
0.0011132812500000001 1.9611800616347571e-06
0.0011181640625 1.9654713857107576e-06
0.0011230468750000001 1.9697533188239098e-06
0.0011279296875000002 1.9740259220850767e-06
0.0011328125000000001 1.9782892559446034e-06
0.0011376953125 1.9825433802022722e-06
0.0011425781250000001 1.9867883540170648e-06
0.0011474609375000003 1.9910242359167332e-06
0.0011523437500000002 1.9952510838071905e-06
0.0011572265625000001 1.9994689549817251e-06
0.0011621093750000002 2.0036779061300353e-06
0.0011669921875000003 2.0078779933470954e-06
0.0011718750000000002 2.0120692721418569e-06
0.0011767578125000001 2.0162517974457829e-06
0.0011816406250000002 2.0204256236212271e-06
0.0011865234375000003 2.0245908044696554e-06
0.0011914062500000002 2.0287473932397133e-06
0.0011962890625000001 2.0328954426351504e-06
0.0012011718750000002 2.0370350048225936e-06
0.0012060546875000003 2.0411661314391803e-06
0.0012109375000000002 2.0452888736000546e-06
0.0012158203125000001 2.0494032819057245e-06
0.0012207031250000002 2.0535094064492903e-06
0.0012255859375000003 2.0576072968235382e-06
0.0012304687500000002 2.0616970021279075e-06
0.0012353515625000001 2.0657785709753417e-06
0.001240234375 2.0698520514990025e-06
0.0012451171874999999 2.073917491358883e-06
0.00125 2.0779749377482874e-06
0.0012548828125000001 2.0820244374002114e-06
0.001259765625 2.0860660365935963e-06
0.0012646484374999999 2.0900997811594913e-06
0.0012695312499999998 2.0941257164870923e-06
0.0012744140624999997 2.0981438875296861e-06
0.0012792968749999998 2.1021543388104929e-06
0.0012841796874999999 2.1061571144283991e-06
0.0012890624999999998 2.1101522580636041e-06
0.0012939453124999997 2.114139812983162e-06
0.0012988281249999999 2.1181198220464346e-06
0.0013037109375 2.1220923277104474e-06
0.0013085937499999999 2.126057372035161e-06
0.0013134765624999998 2.1300149966886506e-06
0.0013183593749999999 2.1339652429521986e-06
0.0013232421875 2.1379081517253041e-06
0.0013281249999999999 2.1418437635306086e-06
0.0013330078124999998 2.1457721185187401e-06
0.0013378906249999999 2.1496932564730785e-06
0.0013427734375 2.1536072168144412e-06
0.0013476562499999999 2.1575140386056916e-06
0.0013525390624999998 2.1614137605562771e-06
0.0013574218749999999 2.1653064210266868e-06
0.0013623046875 2.1691920580328417e-06
0.0013671874999999999 2.1730707092504146e-06
0.0013720703124999998 2.1769424120190752e-06
0.0013769531249999999 2.1808072033466744e-06
0.0013818359375 2.184665119913358e-06
0.0013867187499999999 2.1885161980756125e-06
0.0013916015624999998 2.1923604738702548e-06
0.0013964843749999999 2.1961979830183495e-06
0.0014013671875000001 2.2000287609290734e-06
0.0014062499999999999 2.20385284270351e-06
0.0014111328124999998 2.2076702631383974e-06
0.001416015625 2.211481056729803e-06
0.0014208984375000001 2.2152852576767526e-06
0.00142578125 2.2190828998847992e-06
0.0014306640624999999 2.2228740169695386e-06
0.001435546875 2.2266586422600657e-06
0.0014404296875000001 2.2304368088023867e-06
0.0014453125 2.2342085493627704e-06
0.0014501953124999999 2.2379738964310552e-06
0.001455078125 2.241732882223904e-06
0.0014599609375000001 2.2454855386880074e-06
0.00146484375 2.2492318975032417e-06
0.0014697265624999999 2.2529719900857808e-06
0.001474609375 2.2567058475911566e-06
0.0014794921875000001 2.2604335009172778e-06
0.001484375 2.2641549807074051e-06
0.0014892578124999999 2.2678703173530761e-06
0.001494140625 2.2715795409969962e-06
0.0014990234375000001 2.2752826815358765e-06
0.00150390625 2.2789797686232413e-06
0.0015087890624999999 2.2826708316721837e-06
0.001513671875 2.2863558998580914e-06
0.0015185546875000002 2.2900350021213246e-06
0.0015234375000000001 2.2937081671698583e-06
0.0015283203124999999 2.2973754234818894e-06
0.0015332031250000001 2.3010367993084028e-06
0.0015380859375000002 2.3046923226757002e-06
0.0015429687500000001 2.3083420213878956e-06
0.0015478515625 2.3119859230293729e-06
0.0015527343750000001 2.3156240549672118e-06
0.0015576171875000002 2.3192564443535761e-06
0.0015625000000000001 2.3228831181280682e-06
0.0015673828125 2.3265041030200538e-06
0.0015722656250000001 2.330119425550953e-06
0.0015771484375000002 2.3337291120364948e-06
0.0015820312500000001 2.3373331885889468e-06
0.0015869140625 2.3409316811193122e-06
0.0015917968750000001 2.344524615339491e-06
0.0015966796875000002 2.3481120167644205e-06
0.0016015625000000001 2.3516939107141788e-06
0.0016064453125 2.3552703223160617e-06
0.0016113281250000001 2.358841276506635e-06
0.0016162109375000002 2.3624067980337516e-06
0.0016210937500000001 2.3659669114585474e-06
0.0016259765625 2.3695216411574092e-06
0.0016308593750000001 2.3730710113239111e-06
0.0016357421875000003 2.376615045970732e-06
0.0016406250000000002 2.380153768931542e-06
0.0016455078125000001 2.3836872038628665e-06
0.0016503906250000002 2.3872153742459232e-06
0.0016552734375000003 2.3907383033884374e-06
0.0016601562500000002 2.3942560144264286e-06
0.0016650390625000001 2.3977685303259816e-06
0.0016699218750000002 2.4012758738849845e-06
0.0016748046875000003 2.4047780677348498e-06
0.0016796875000000002 2.4082751343422137e-06
0.0016845703125000001 2.4117670960106078e-06
0.0016894531250000002 2.4152539748821167e-06
0.0016943359375000003 2.4187357929390034e-06
0.0016992187500000002 2.4222125720053271e-06
0.001708984375 2.4291510996809994e-06
0.00171875 2.4360697293973529e-06
0.001728515625 2.4429686302109418e-06
0.0017382812499999998 2.449847968794656e-06
0.0017480468749999998 2.4567079094845248e-06
0.0017578124999999998 2.4635486143253371e-06
0.0017675781249999998 2.4703702431151281e-06
0.0017773437499999998 2.4771729534485575e-06
0.0017871093749999999 2.4839569007592191e-06
0.0017968749999999999 2.4907222383609107e-06
0.0018066406249999999 2.497469117487896e-06
0.0018164062499999999 2.5041976873341887e-06
0.0018261718749999999 2.510908095091888e-06
0.0018359374999999999 2.517600485988591e-06
0.0018457031249999999 2.5242750033239153e-06
0.0018554687499999999 2.5309317885051462e-06
0.0018652343749999999 2.537570981082048e-06
0.0018749999999999999 2.5441927187808511e-06
0.0018847656249999999 2.5507971375374482e-06
0.0018945312499999999 2.5573843715298098e-06
0.001904296875 2.5639545532096599e-06
0.0019140625 2.5705078133334117e-06
0.001923828125 2.5770442809923988e-06
0.00193359375 2.5835640836424186e-06
0.001943359375 2.5900673471325973e-06
0.001953125 2.5965541957336142e-06
0.0019628906249999998 2.6030247521652814e-06
0.00197265625 2.6094791376235147e-06
0.0019824218750000002 2.615917471806697e-06
0.0019921875 2.6223398729414658e-06
0.0020019531249999998 2.6287464578079282e-06
0.0020117187500000001 2.6351373417643229e-06
0.0020214843750000003 2.6415126387711447e-06
0.0020312500000000001 2.6478724614147476e-06
0.0020410156249999999 2.6542169209304347e-06
0.0020507812500000001 2.6605461272250528e-06
0.0020605468750000003 2.6668601888991024e-06
0.0020703125000000001 2.6731592132683814e-06
0.0020800781249999999 2.6794433063851623e-06
0.0020898437500000001 2.6857125730589295e-06
0.0020996093750000003 2.6919671168766761e-06
0.0021093750000000001 2.6982070402227802e-06
0.0021191406249999999 2.704432444298465e-06
0.0021289062500000002 2.7106434291408584e-06
0.0021386718750000004 2.7168400936416546e-06
0.0021484375000000002 2.7230225355654006e-06
0.002158203125 2.7291908515674007e-06
0.0021679687500000002 2.735345137211264e-06
0.0021777343750000004 2.7414854869860925e-06
0.0021875000000000002 2.7476119943233204e-06
0.002197265625 2.7537247516132265e-06
0.0022070312500000002 2.7598238502210999e-06
0.0022167968750000005 2.7659093805031022e-06
0.0022265625000000002 2.7719814318218002e-06
0.002236328125 2.7780400925614017e-06
0.0022460937500000003 2.7840854501426909e-06
0.0022558593750000005 2.790117591037669e-06
0.0022656250000000003 2.7961366007839104e-06
0.0022753906250000001 2.8021425639986452e-06
0.0022851562500000003 2.8081355643925643e-06
0.0022949218750000005 2.8141156847833632e-06
0.0023046875000000003 2.8200830071090231e-06
0.0023144531250000001 2.8260376124408444e-06
0.0023242187500000003 2.8319795809962278e-06
0.0023339843750000006 2.837908992151217e-06
0.0023437500000000003 2.8438259244528041e-06
0.0023535156250000001 2.8497304556310057e-06
0.0023632812500000004 2.8556226626107129e-06
0.0023730468750000006 2.8615026215233216e-06
0.0023828125000000004 2.8673704077181461e-06
0.0023925781250000002 2.8732260957736267e-06
0.0024023437500000004 2.8790697595083263e-06
0.0024121093750000006 2.8849014719917299e-06
0.0024218750000000004 2.8907213055548462e-06
0.0024316406250000002 2.8965293318006155e-06
0.0024414062500000004 2.9023256216141343e-06
0.0024511718750000007 2.9081102451726909e-06
0.0024609375000000005 2.9138832719556227e-06
0.0024707031250000002 2.919644770754002e-06
0.00248046875 2.9253948096801421e-06
0.0024902343749999998 2.9311334561769418e-06
0.0025000000000000001 2.9368607770270624e-06
0.0025097656250000003 2.9425768383619419e-06
0.0025195312500000001 2.9482817056706547e-06
0.0025292968749999999 2.9539754438086162e-06
0.0025390624999999997 2.9596581170061353e-06
0.0025488281249999994 2.9653297888768183e-06
0.0025585937499999997 2.970990522425832e-06
0.0025683593749999999 2.9766403800580183e-06
0.0025781249999999997 2.9822794235858768e-06
0.0025878906249999995 2.9879077142374098e-06
0.0025976562499999997 2.9935253126638296e-06
0.0026074218749999999 2.9991322789471427e-06
0.0026171874999999997 3.0047286726075992e-06
0.0026269531249999995 3.0103145526110246e-06
0.0026367187499999997 3.0158899773760222e-06
0.002646484375 3.0214550047810614e-06
0.0026562499999999998 3.0270096921714416e-06
0.0026660156249999995 3.0325540963661485e-06
0.0026757812499999998 3.0380882736645946e-06
0.002685546875 3.0436122798532461e-06
0.0026953124999999998 3.0491261702121428e-06
0.0027050781249999996 3.0546299995213179e-06
0.0027148437499999998 3.0601238220671066e-06
0.002724609375 3.0656076916483499e-06
0.0027343749999999998 3.0710816615825117e-06
0.0027441406249999996 3.0765457847116815e-06
0.0027539062499999998 3.0820001134084954e-06
0.0027636718750000001 3.0874446995819514e-06
0.0027734374999999999 3.0928795946831384e-06
0.0027832031249999997 3.0983048497108751e-06
0.0027929687499999999 3.1037205152172559e-06
0.0028027343750000001 3.1091266413131112e-06
0.0028124999999999999 3.1145232776733866e-06
0.0028222656249999997 3.1199104735424295e-06
0.0028320312499999999 3.1252882777392011e-06
0.0028417968750000001 3.1306567386624038e-06
0.0028515624999999999 3.1360159042955321e-06
0.0028613281249999997 3.14136582221184e-06
0.0028710937499999999 3.1467065395792409e-06
0.0028808593750000002 3.1520381031651247e-06
0.002890625 3.1573605593411051e-06
0.0029003906249999998 3.162673954087695e-06
0.00291015625 3.1679783329989116e-06
0.0029199218750000002 3.173273741286808e-06
0.0029296875 3.1785602237859409e-06
0.0029394531249999998 3.183837824957771e-06
0.00294921875 3.189106588894996e-06
0.0029589843750000002 3.1943665593258182e-06
0.00296875 3.1996177796181524e-06
0.0029785156249999998 3.2048602927837701e-06
0.0029882812500000001 3.2100941414823787e-06
0.0029980468750000003 3.2153193680256489e-06
0.0030078125000000001 3.2205360143811715e-06
0.0030175781249999999 3.2257441221763726e-06
0.0030273437500000001 3.2309437327023526e-06
0.0030371093750000003 3.2361348869176877e-06
0.0030468750000000001 3.2413176254521615e-06
0.0030566406249999999 3.2464919886104549e-06
0.0030664062500000001 3.251658016375775e-06
0.0030761718750000003 3.2568157484134341e-06
0.0030859375000000001 3.2619652240743791e-06
0.0030957031249999999 3.2671064823986722e-06
0.0031054687500000002 3.2722395621189123e-06
0.0031152343750000004 3.2773645016636254e-06
0.0031250000000000002 3.2824813391605903e-06
0.003134765625 3.2875901124401262e-06
0.0031445312500000002 3.2926908590383353e-06
0.0031542968750000004 3.2977836162002922e-06
0.0031640625000000002 3.3028684208832012e-06
0.003173828125 3.3079453097594964e-06
0.0031835937500000002 3.3130143192199086e-06
0.0031933593750000005 3.3180754853764853e-06
0.0032031250000000002 3.3231288440655727e-06
0.003212890625 3.3281744308507514e-06
0.0032226562500000003 3.3332122810257376e-06
0.0032324218750000005 3.3382424296172415e-06
0.0032421875000000003 3.3432649113877871e-06
0.0032519531250000001 3.3482797608384962e-06
0.0032617187500000003 3.3532870122118316e-06
0.0032714843750000005 3.3582866994943058e-06
0.0032812500000000003 3.3632788564191483e-06
0.0032910156250000001 3.3682635164689511e-06
0.0033007812500000003 3.3732407128782576e-06
0.0033105468750000006 3.3782104786361359e-06
0.0033203125000000003 3.383172846488708e-06
0.0033300781250000001 3.3881278489416495e-06
0.0033398437500000004 3.393075518262654e-06
0.0033496093750000006 3.3980158864838656e-06
0.0033593750000000004 3.4029489854042814e-06
0.0033691406250000002 3.4078748465921197e-06
0.0033789062500000004 3.4127935013871625e-06
0.0033886718750000006 3.4177049809030589e-06
0.0033984375000000004 3.4226093160296063e-06
0.0034082031250000002 3.4275065374350002e-06
0.00341796875 3.4323966755680532e-06
0.0034375 3.442155822728596e-06
0.00345703125 3.451886996796666e-06
0.0034765624999999996 3.4615904336849574e-06
0.0034960937499999996 3.4712663659996314e-06
0.0035156249999999997 3.4809150231048656e-06
0.0035351562499999997 3.4905366311857813e-06
0.0035546874999999997 3.5001314133098193e-06
0.0035742187499999997 3.509699589486596e-06
0.0035937499999999997 3.5192413767262887e-06
0.0036132812499999997 3.5287569890965975e-06
0.0036328124999999998 3.5382466377783216e-06
0.0036523437499999998 3.5477105311195969e-06
0.0036718749999999998 3.5571488746888231e-06
0.0036914062499999998 3.5665618713263348e-06
0.0037109374999999998 3.5759497211948364e-06
0.0037304687499999998 3.5853126218286495e-06
0.0037499999999999999 3.5946507681817993e-06
0.0037695312499999999 3.6039643526749747e-06
0.0037890624999999999 3.6132535652413987e-06
0.0038085937499999999 3.6225185933716315e-06
0.0038281249999999999 3.6317596221573448e-06
0.0038476562499999999 3.6409768343340935e-06
0.0038671875 3.6501704103231052e-06
0.00388671875 3.6593405282721308e-06
0.00390625 3.6684873640953632e-06
0.0039257812499999996 3.6776110915124654e-06
0.0039453125 3.6867118820867255e-06
0.0039648437500000005 3.6957899052623595e-06
0.0039843750000000001 3.7048453284009915e-06
0.0040039062499999997 3.713878316817329e-06
0.0040234375000000001 3.7228890338140566e-06
0.0040429687500000006 3.7318776407159686e-06
0.0040625000000000001 3.7408442969033577e-06
0.0040820312499999997 3.7497891598446911e-06
0.0041015625000000002 3.7587123851285691e-06
0.0041210937500000006 3.7676141264950191e-06
0.0041406250000000002 3.7764945358661021e-06
0.0041601562499999998 3.7853537633758885e-06
0.0041796875000000002 3.794191957399791e-06
0.0041992187500000007 3.8030092645832834e-06
0.0042187500000000003 3.8118058298700231e-06
0.0042382812499999999 3.8205817965293811e-06
0.0042578125000000003 3.8293373061834135e-06
0.0042773437500000008 3.8380724988332599e-06
0.0042968750000000003 3.8467875128850171e-06
0.0043164062499999999 3.8554824851750754e-06
0.0043359375000000004 3.8641575509949441e-06
0.0043554687500000008 3.8728128441155641e-06
0.0043750000000000004 3.8814484968111454e-06
0.00439453125 3.8900646398825173e-06
0.0044140625000000005 3.8986614026800099e-06
0.0044335937500000009 3.9072389131258942e-06
0.0044531250000000005 3.9157972977363551e-06
0.0044726562500000001 3.9243366816430558e-06
0.0044921875000000005 3.9328571886142668e-06
0.004511718750000001 3.9413589410755741e-06
0.0045312500000000006 3.9498420601302021e-06
0.0045507812500000001 3.9583066655789324e-06
0.0045703125000000006 3.9667528759396375e-06
0.004589843750000001 3.9751808084664453e-06
0.0046093750000000006 3.9835905791685317e-06
0.0046289062500000002 3.9919823028285562e-06
0.0046484375000000007 4.0003560930207546e-06
0.0046679687500000011 4.0087120621286755e-06
0.0046875000000000007 4.017050321362601e-06
0.0047070312500000003 4.0253709807766282e-06
0.0047265625000000007 4.0336741492854359e-06
0.0047460937500000012 4.0419599346807436e-06
0.0047656250000000008 4.0502284436474573e-06
0.0047851562500000003 4.0584797817795299e-06
0.0048046875000000008 4.0667140535955213e-06
0.0048242187500000012 4.0749313625538772e-06
0.0048437500000000008 4.0831318110679272e-06
0.0048632812500000004 4.0913155005206178e-06
0.0048828125000000009 4.099482531278976e-06
0.0049023437500000013 4.1076330027083071e-06
0.0049218750000000009 4.1157670131861466e-06
0.0049414062500000005 4.1238846601159625e-06
0.0049609375000000001 4.1319860399406058e-06
0.0049804687499999997 4.1400712481555359e-06
0.0050000000000000001 4.148140379321799e-06
0.0050195312500000006 4.156193527078791e-06
0.0050390625000000001 4.1642307841567872e-06
0.0050585937499999997 4.1722522423892642e-06
0.0050781249999999993 4.1802579927249955e-06
0.0050976562499999989 4.18824812523995e-06
0.0051171874999999993 4.1962227291489756e-06
0.0051367187499999998 4.2041818928172905e-06
0.0051562499999999994 4.212125703771772e-06
0.005175781249999999 4.2200542487120579e-06
0.0051953124999999994 4.2279676135214557e-06
0.0052148437499999999 4.2358658832776714e-06
0.0052343749999999994 4.2437491422633471e-06
0.005253906249999999 4.2516174739764446e-06
0.0052734374999999995 4.2594709611404309e-06
0.0052929687499999999 4.2673096857143013e-06
0.0053124999999999995 4.2751337289024504e-06
0.0053320312499999991 4.2829431711643609e-06
0.0053515624999999995 4.2907380922241427e-06
0.00537109375 4.2985185710799118e-06
0.0053906249999999996 4.3062846860130218e-06
0.0054101562499999992 4.3140365145971394e-06
0.0054296874999999996 4.3217741337071725e-06
0.0054492187500000001 4.3294976195280553e-06
0.0054687499999999997 4.3372070475633968e-06
0.0054882812499999992 4.3449024926439795e-06
0.0055078124999999997 4.3525840289361346e-06
0.0055273437500000001 4.360251729949973e-06
0.0055468749999999997 4.3679056685474949e-06
0.0055664062499999993 4.3755459169505598e-06
0.0055859374999999998 4.3831725467487432e-06
0.0056054687500000002 4.3907856289070634e-06
0.0056249999999999998 4.3983852337735835e-06
0.0056445312499999994 4.4059714310869039e-06
0.0056640624999999998 4.4135442899835325e-06
0.0056835937500000003 4.4211038790051382e-06
0.0057031249999999999 4.4286502661056998e-06
0.0057226562499999994 4.4361835186585407e-06
0.0057421874999999999 4.4437037034632541e-06
0.0057617187500000003 4.4512108867525233e-06
0.0057812499999999999 4.4587051341988397e-06
0.0058007812499999995 4.4661865109211222e-06
0.0058203125 4.4736550814912241e-06
0.0058398437500000004 4.481110909940358e-06
0.005859375 4.4885540597654078e-06
0.0058789062499999996 4.4959845939351618e-06
0.0058984375 4.5034025748964414e-06
0.0059179687500000005 4.5108080645801427e-06
0.0059375000000000001 4.5182011244071878e-06
0.0059570312499999997 4.5255818152943915e-06
0.0059765625000000001 4.5329501976602344e-06
0.0059960937500000006 4.5403063314305584e-06
0.0060156250000000001 4.5476502760441738e-06
0.0060351562499999997 4.5549820904583876e-06
0.0060546875000000002 4.5623018331544494e-06
0.0060742187500000006 4.5696095621429199e-06
0.0060937500000000002 4.5769053349689627e-06
0.0061132812499999998 4.584189208717552e-06
0.0061328125000000002 4.5914612400186237e-06
0.0061523437500000007 4.5987214850521252e-06
0.0061718750000000003 4.6059699995530216e-06
0.0061914062499999999 4.6132068388162143e-06
0.0062109375000000003 4.6204320577013877e-06
0.0062304687500000008 4.6276457106378026e-06
0.0062500000000000003 4.6348478516290051e-06
0.0062695312499999999 4.6420385342574794e-06
0.0062890625000000004 4.6492178116892339e-06
0.0063085937500000008 4.6563857366783209e-06
0.0063281250000000004 4.6635423615712942e-06
0.00634765625 4.6706877383116067e-06
0.0063671875000000005 4.6778219184439465e-06
0.0063867187500000009 4.684944953118509e-06
0.0064062500000000005 4.6920568930952181e-06
0.0064257812500000001 4.6991577887478823e-06
0.0064453125000000005 4.7062476900682987e-06
0.006464843750000001 4.7133266466703001e-06
0.0064843750000000006 4.7203947077937394e-06
0.0065039062500000001 4.7274519223084427e-06
0.0065234375000000006 4.7344983387180754e-06
0.006542968750000001 4.7415340051639837e-06
0.0065625000000000006 4.7485589694289759e-06
0.0065820312500000002 4.755573278941049e-06
0.0066015625000000007 4.762576980777073e-06
0.0066210937500000011 4.7695701216664129e-06
0.0066406250000000007 4.7765527479945225e-06
0.0066601562500000003 4.7835249058064779e-06
0.0066796875000000007 4.7904866408104622e-06
0.0066992187500000012 4.7974379983812106e-06
0.0067187500000000008 4.804379023563409e-06
0.0067382812500000003 4.8113097610750498e-06
0.0067578125000000008 4.8182302553107392e-06
0.0067773437500000012 4.8251405503449632e-06
0.0067968750000000008 4.8320406899353185e-06
0.0068164062500000004 4.8389307175256863e-06
0.0068359375 4.8458106762493822e-06
0.0068554687499999996 4.8526806089322539e-06
0.006875 4.859540558095745e-06
0.0069140625000000001 4.8732306744464307e-06
0.0069531249999999992 4.8868813594987995e-06
0.0069921874999999993 4.9004929427692439e-06
0.0070312499999999993 4.9140657491845374e-06
0.0070703124999999993 4.9276000991709064e-06
0.0071093749999999994 4.9410963087408825e-06
0.0071484374999999994 4.9545546895780172e-06
0.0071874999999999994 4.9679755491195187e-06
0.0072265624999999995 4.9813591906368627e-06
0.0072656249999999995 4.9947059133144563e-06
0.0073046874999999995 5.0080160123263959e-06
0.0073437499999999996 5.0212897789113758e-06
0.0073828124999999996 5.0345275004458198e-06
0.0074218749999999997 5.0477294605152634e-06
0.0074609374999999997 5.0608959389840553e-06
0.0074999999999999997 5.0740272120634123e-06
0.0075390624999999998 5.0871235523778867e-06
0.0075781249999999998 5.1001852290302869e-06
0.0076171874999999998 5.1132125076650913e-06
0.0076562499999999999 5.1262056505304045e-06
0.0076953124999999999 5.1391649165384903e-06
0.0077343749999999999 5.1520905613249271e-06
0.0077734375 5.1649828373064159e-06
0.0078125 5.1778419937372913e-06
0.0078515624999999992 5.1906682767647579e-06
0.0078906250000000001 5.2034619294828872e-06
0.007929687500000001 5.2162231919854272e-06
0.0079687500000000001 5.2289523014174262e-06
0.0080078124999999993 5.2416494920257366e-06
0.0080468750000000002 5.254314995208399e-06
0.0080859375000000011 5.2669490395629534e-06
0.0081250000000000003 5.2795518509337038e-06
0.0081640624999999994 5.2921236524579606e-06
0.0082031250000000003 5.3046646646112884e-06
0.0082421875000000012 5.3171751052517826e-06
0.0082812500000000004 5.329655189663408e-06
0.0083203124999999996 5.3421051305984252e-06
0.0083593750000000005 5.3545251383188991e-06
0.0083984375000000014 5.3669154206373659e-06
0.0084375000000000006 5.3792761829566226e-06
0.0084765624999999997 5.3916076283087142e-06
0.0085156250000000006 5.4039099573930873e-06
0.0085546875000000015 5.4161833686139817e-06
0.0085937500000000007 5.42842805811704e-06
0.0086328124999999999 5.4406442198251766e-06
0.0086718750000000008 5.4528320454737064e-06
0.0087109375000000017 5.4649917246447812e-06
0.0087500000000000008 5.4771234448011123e-06
0.0087890625 5.4892273913190348e-06
0.0088281250000000009 5.5013037475208976e-06
0.0088671875000000018 5.5133526947068119e-06
0.008906250000000001 5.5253744121857802e-06
0.0089453125000000001 5.5373690773062025e-06
0.008984375000000001 5.5493368654857892e-06
0.0090234375000000019 5.5612779502408863e-06
0.0090625000000000011 5.5731925032152242e-06
0.0091015625000000003 5.5850806942081335e-06
0.0091406250000000012 5.5969426912021822e-06
0.0091796875000000021 5.6087786603903141e-06
0.0092187500000000012 5.6205887662024427e-06
0.0092578125000000004 5.6323731713315607e-06
0.0092968750000000013 5.6441320367593367e-06
0.0093359375000000022 5.6558655217812381e-06
0.0093750000000000014 5.6675737840311796e-06
0.0094140625000000006 5.679256979505715e-06
0.0094531250000000015 5.6909152625877618e-06
0.0094921875000000024 5.7025487860699122e-06
0.0095312500000000015 5.714157701177279e-06
0.0095703125000000007 5.7257421575899563e-06
0.0096093750000000016 5.7373023034650428e-06
0.0096484375000000025 5.74883828545827e-06
0.0096875000000000017 5.7603502487452432e-06
0.0097265625000000008 5.771838337042289e-06
0.0097656250000000017 5.7833026926269308e-06
0.0098046875000000026 5.7947434563579983e-06
0.0098437500000000018 5.8061607676953667e-06
0.009882812500000001 5.8175547647193646e-06
0.0099218750000000001 5.8289255841498112e-06
0.0099609374999999993 5.8402733613647358e-06
0.01 5.8515982304187635e-06
0.010039062500000001 5.8629003240611695e-06
0.010078125 5.874179773753627e-06
0.010117187499999999 5.8854367096876481e-06
0.010156249999999999 5.8966712608017109e-06
0.010195312499999998 5.9078835547980982e-06
0.010234374999999999 5.9190737181594467e-06
0.0102734375 5.9302418761650099e-06
0.010312499999999999 5.9413881529066401e-06
0.010351562499999998 5.952512671304511e-06
0.010390624999999999 5.963615553122558e-06
0.0104296875 5.9746969189836642e-06
0.010468749999999999 5.9857568883845926e-06
0.010507812499999998 5.9967955797106675e-06
0.010546874999999999 6.0078131102502125e-06
0.0105859375 6.0188095962087364e-06
0.010624999999999999 6.0297851527228975e-06
0.010664062499999998 6.0407398938742382e-06
0.010703124999999999 6.0516739327026773e-06
0.0107421875 6.0625873812197992e-06
0.010781249999999999 6.0734803504219143e-06
0.010820312499999998 6.0843529503029129e-06
0.010859374999999999 6.0952052898669066e-06
0.0108984375 6.106037477140671e-06
0.010937499999999999 6.1168496191858739e-06
0.010976562499999998 6.127641822111134e-06
0.011015624999999999 6.1384141910838544e-06
0.0110546875 6.1491668303418918e-06
0.011093749999999999 6.1598998432050299e-06
0.011132812499999999 6.1706133320862732e-06
0.011171875 6.1813073985029626e-06
0.0112109375 6.191982143087719e-06
0.01125 6.2026376655992083e-06
0.011289062499999999 6.2132740649327487e-06
0.011328125 6.2238914391307444e-06
0.011367187500000001 6.2344898853929587e-06
0.01140625 6.2450695000866358e-06
0.011445312499999999 6.2556303787564595e-06
0.011484375 6.2661726161343606e-06
0.011523437500000001 6.2766963061491764e-06
0.0115625 6.2872015419361562e-06
0.011601562499999999 6.2976884158463366e-06
0.011640625 6.3081570194557639e-06
0.011679687500000001 6.3186074435745746e-06
0.01171875 6.3290397782559479e-06
0.011757812499999999 6.3394541128049265e-06
0.011796875 6.3498505357870882e-06
0.011835937500000001 6.3602291350371187e-06
0.011875 6.37058999766721e-06
0.011914062499999999 6.3809332100753971e-06
0.011953125 6.3912588579537162e-06
0.011992187500000001 6.4015670262962704e-06
0.01203125 6.4118577994071741e-06
0.012070312499999999 6.4221312609083778e-06
0.012109375 6.4323874937473853e-06
0.012148437500000001 6.4426265802048501e-06
0.0121875 6.4528486019020603e-06
0.0122265625 6.4630536398083406e-06
0.012265625 6.4732417742483097e-06
0.012304687500000001 6.4834130849090655e-06
0.012343750000000001 6.4935676508472491e-06
0.0123828125 6.5037055504960201e-06
0.012421875000000001 6.5138268616719251e-06
0.012460937500000002 6.5239316615816727e-06
0.012500000000000001 6.5340200268288133e-06
0.0125390625 6.5440920334203206e-06
0.012578125000000001 6.5541477567730892e-06
0.012617187500000002 6.5641872717203328e-06
0.012656250000000001 6.574210652517902e-06
0.0126953125 6.5842179728505024e-06
0.012734375000000001 6.594209305837844e-06
0.012773437500000002 6.604184724040685e-06
0.012812500000000001 6.6141442994668166e-06
0.0128515625 6.6240881035769391e-06
0.012890625000000001 6.6340162072904802e-06
0.012929687500000002 6.6439286809913266e-06
0.012968750000000001 6.6538255945334639e-06
0.0130078125 6.6637070172465694e-06
0.013046875000000001 6.6735730179415006e-06
0.013085937500000002 6.6834236649157321e-06
0.013125000000000001 6.6932590259586921e-06
0.0131640625 6.7030791683570685e-06
0.013203125000000001 6.7128841589000031e-06
0.013242187500000002 6.7226740638842377e-06
0.013281250000000001 6.7324489491191908e-06
0.013320312500000001 6.7422088799319702e-06
0.013359375000000001 6.7519539211723034e-06
0.013398437500000002 6.7616841372174185e-06
0.013437500000000002 6.7713995919768594e-06
0.013476562500000001 6.7811003488972359e-06
0.013515625000000002 6.7907864709669047e-06
0.013554687500000002 6.8004580207206041e-06
0.013593750000000002 6.8101150602440152e-06
0.013632812500000001 6.8197576511782743e-06
0.013671875 6.8293858547244181e-06
0.013710937499999999 6.8389997316477829e-06
0.01375 6.8485993422823333e-06
0.013789062500000001 6.8581847465349532e-06
0.013828125 6.8677560038896593e-06
0.013867187499999999 6.8773131734117898e-06
0.013906249999999998 6.8868563137521131e-06
0.013984374999999999 6.905900739441934e-06
0.014062499999999999 6.9248897420272616e-06
0.014140624999999999 6.9438237761982787e-06
0.014218749999999999 6.9627032903902418e-06
0.014296874999999999 6.9815287269034498e-06
0.014374999999999999 7.000300522020287e-06
0.014453124999999999 7.019019106119411e-06
0.014531249999999999 7.0376849037871532e-06
0.014609374999999999 7.0562983339262435e-06
0.014687499999999999 7.0748598098619153e-06
0.014765624999999999 7.0933697394454853e-06
0.014843749999999999 7.1118285251554579e-06
0.014921874999999999 7.130236564196255e-06
0.014999999999999999 7.1485942485946145e-06
0.015078125 7.1669019652937351e-06
0.01515625 7.1851600962452359e-06
0.015234375 7.2033690184989757e-06
0.0153125 7.2215291042908194e-06
0.015390625 7.2396407211283822e-06
0.01546875 7.2577042318748154e-06
0.015546875 7.2757199948307072e-06
0.015625 7.2936883638141202e-06
0.015703124999999998 7.3116096882388404e-06
0.01578125 7.3294843131908738e-06
0.015859375000000002 7.3473125795032392e-06
0.0159375 7.3650948238291118e-06
0.016015624999999999 7.3828313787133635e-06
0.01609375 7.4005225726625117e-06
0.016171875000000002 7.4181687302131696e-06
0.016250000000000001 7.4357701719989986e-06
0.016328124999999999 7.4533272148162095e-06
0.016406250000000001 7.4708401716876779e-06
0.016484375000000002 7.4883093519256517e-06
0.016562500000000001 7.5057350611931667e-06
0.016640624999999999 7.5231176015641305e-06
0.016718750000000001 7.5404572715821477e-06
0.016796875000000003 7.557754366318119e-06
0.016875000000000001 7.57500917742662e-06
0.016953124999999999 7.5922219932011224e-06
0.017031250000000001 7.6093930986280771e-06
0.017109375000000003 7.6265227754398522e-06
0.017187500000000001 7.6436113021666263e-06
0.017265625 7.6606589541871919e-06
0.017343750000000002 7.6776660037787424e-06
0.017421875000000003 7.6946327201656433e-06
0.017500000000000002 7.7115593695672227e-06
0.017578125 7.7284462152446104e-06
0.017656250000000002 7.7452935175466305e-06
0.017734375000000004 7.7621015339547985e-06
0.017812500000000002 7.7788705191274019e-06
0.017890625 7.7956007249427401e-06
0.017968750000000002 7.8122924005415091e-06
0.018046875000000004 7.8289457923683346e-06
0.018125000000000002 7.8455611442125362e-06
0.018203125000000001 7.862138697248072e-06
0.018281250000000002 7.8786786900727271e-06
0.018359375000000004 7.8951813587465526e-06
0.018437500000000002 7.9116469368295491e-06
0.018515625000000001 7.9280756554186696e-06
0.018593750000000003 7.9444677431840801e-06
0.018671875000000004 7.9608234264047692e-06
0.018750000000000003 7.9771429290034665e-06
0.018828125000000001 7.993426472580923e-06
0.018906250000000003 8.0096742764495323e-06
0.018984375000000005 8.0258865576663658e-06
0.019062500000000003 8.0420635310655438e-06
0.019140625000000001 8.0582054092900561e-06
0.019218750000000003 8.0743124028229872e-06
0.019296875000000005 8.0903847200181453e-06
0.019375000000000003 8.1064225671301824e-06
0.019453125000000002 8.122426148344124e-06
0.019531250000000003 8.1383956658043862e-06
0.019609375000000005 8.154331319643279e-06
0.019687500000000004 8.1702333080089814e-06
0.019765625000000002 8.1861018270930349e-06
0.01984375 8.2019370711573267e-06
0.019921874999999999 8.2177392325606318e-06
0.02 8.2335085017846425e-06
0.020078125000000002 8.2492450674595813e-06
0.020156250000000001 8.2649491163893354e-06
0.020234374999999999 8.2806208335761836e-06
0.020312499999999997 8.2962604022450617e-06
0.020390624999999996 8.3118680038674389e-06
0.020468749999999997 8.327443818184762e-06
0.020546874999999999 8.342988023231505e-06
0.020624999999999998 8.35850079535783e-06
0.020703124999999996 8.3739823092518567e-06
0.020781249999999998 8.3894327379615537e-06
0.020859374999999999 8.404852252916259e-06
0.020937499999999998 8.4202410239478524e-06
0.021015624999999996 8.4355992193115497e-06
0.021093749999999998 8.4509270057063758e-06
0.021171875 8.4662245482952715e-06
0.021249999999999998 8.481492010724882e-06
0.021328124999999996 8.4967295551450231e-06
0.021406249999999998 8.5119373422278179e-06
0.021484375 8.5271155311865071e-06
0.021562499999999998 8.5422642797939926e-06
0.021640624999999997 8.5573837444010319e-06
0.021718749999999998 8.5724740799541692e-06
0.021796875 8.587535440013368e-06
0.021874999999999999 8.602567976769351e-06
0.021953124999999997 8.6175718410606731e-06
0.022031249999999999 8.6325471823905247e-06
0.022109375000000001 8.6474941489432527e-06
0.022187499999999999 8.6624128876006227e-06
0.022265624999999997 8.6773035439578475e-06
0.022343749999999999 8.6921662623393174e-06
0.022421875000000001 8.7070011858141335e-06
0.022499999999999999 8.7218084562113612e-06
0.022578124999999998 8.7365882141350646e-06
0.022656249999999999 8.7513405989790994e-06
0.022734375000000001 8.7660657489416784e-06
0.022812499999999999 8.7807638010397133e-06
0.022890624999999998 8.7954348911229385e-06
0.02296875 8.8100791538878123e-06
0.023046875000000001 8.8246967228912101e-06
0.023125 8.8392877305639007e-06
0.023203124999999998 8.853852308223838e-06
0.02328125 8.8683905860892307e-06
0.023359375000000002 8.8829026932914255e-06
0.0234375 8.8973887578875858e-06
0.023515624999999998 8.9118489068732055e-06
0.02359375 8.9262832661944115e-06
0.023671875000000002 8.9406919607600828e-06
0.02375 8.9550751144538142e-06
0.023828124999999999 8.9694328501456799e-06
0.02390625 8.9837652897038311e-06
0.023984375000000002 8.9980725540059238e-06
0.024062500000000001 9.0123547629503781e-06
0.024140624999999999 9.0266120354674875e-06
0.024218750000000001 9.040844489530339e-06
0.024296875000000002 9.0550522421655908e-06
0.024375000000000001 9.0692354094641024e-06
0.024453124999999999 9.0833941065913973e-06
0.024531250000000001 9.0975284477979848e-06
0.024609375000000003 9.1116385464295211e-06
0.024687500000000001 9.1257245149368501e-06
0.024765624999999999 9.1397864648858679e-06
0.024843750000000001 9.1538245069672838e-06
0.024921875000000003 9.1678387510062174e-06
0.025000000000000001 9.1818293059716584e-06
0.025078125 9.1957962799858293e-06
0.025156250000000002 9.2097397803333659e-06
0.025234375000000003 9.2236599134704057e-06
0.025312500000000002 9.2375567850335498e-06
0.025390625 9.2514304998486752e-06
0.025468750000000002 9.2652811619396422e-06
0.025546875000000004 9.279108874536894e-06
0.025625000000000002 9.292913740085911e-06
0.025703125 9.3066958602555651e-06
0.025781250000000002 9.3204553359463673e-06
0.025859375000000004 9.3341922672985778e-06
0.025937500000000002 9.3479067537002304e-06
0.026015625000000001 9.3615988937950476e-06
0.026093750000000002 9.3752687854902258e-06
0.026171875000000004 9.3889165259641375e-06
0.026250000000000002 9.4025422116739266e-06
0.026328125000000001 9.4161459383629984e-06
0.026406250000000003 9.4297278010684039e-06
0.026484375000000004 9.4432878941281444e-06
0.026562500000000003 9.4568263111883582e-06
0.026640625000000001 9.4703431452104232e-06
0.026718750000000003 9.483838488477971e-06
0.026796875000000005 9.4973124326037946e-06
0.026875000000000003 9.5107650685366796e-06
0.026953125000000001 9.5241964865681359e-06
0.027031250000000003 9.5376067763390537e-06
0.027109375000000005 9.5509960268462464e-06
0.027187500000000003 9.5643643264489552e-06
0.027265625000000002 9.5777117628752246e-06
0.02734375 9.5910384232282088e-06
0.027421874999999998 9.6043443939924246e-06
0.0275 9.6176297610398807e-06
0.027578125000000002 9.6308946096361546e-06
0.02765625 9.6441390244463938e-06
0.027734374999999999 9.6573630895412357e-06
0.027812499999999997 9.6705668884026316e-06
0.027890624999999995 9.6837505039296501e-06
0.027968749999999997 9.6969140184441461e-06
0.028046874999999999 9.7100575136963965e-06
0.028124999999999997 9.7231810708706606e-06
0.028203124999999996 9.7362847705906597e-06
0.028281249999999997 9.7493686929249987e-06
0.028437499999999998 9.7754775229675795e-06
0.028593749999999998 9.8015081906465974e-06
0.028749999999999998 9.8274613170640345e-06
0.028906249999999998 9.8533375149376346e-06
0.029062499999999998 9.8791373887589183e-06
0.029218749999999998 9.9048615349474278e-06
0.029374999999999998 9.930510542001226e-06
0.029531249999999998 9.9560849906438418e-06
0.029687499999999999 9.981585453967691e-06
0.029843749999999999 1.0007012497574132e-05
0.029999999999999999 1.0032366679710228e-05
0.030156249999999999 1.0057648551402302e-05
0.030312499999999999 1.0082858656586405e-05
0.030468749999999999 1.0107997532235728e-05
0.030624999999999999 1.0133065708485142e-05
0.03078125 1.015806370875282e-05
0.0309375 1.0182992049859136e-05
0.03109375 1.0207851242142852e-05
0.03125 1.0232641789574675e-05
0.031406249999999997 1.0257364189868289e-05
0.0315625 1.0282018934588886e-05
0.031718750000000004 1.0306606509259297e-05
0.031875000000000001 1.0331127393463771e-05
0.032031249999999997 1.0355582060949477e-05
0.032187500000000001 1.0379970979725781e-05
0.032343750000000004 1.0404294612161358e-05
0.032500000000000001 1.0428553415079197e-05
0.032656249999999998 1.045274783984957e-05
0.032812500000000001 1.0476878332480979e-05
0.032968750000000005 1.0500945333709181e-05
0.033125000000000002 1.0524949279084319e-05
0.033281249999999998 1.0548890599056191e-05
0.033437500000000002 1.0572769719057746e-05
0.033593750000000006 1.0596587059586798e-05
0.033750000000000002 1.0620343036286071e-05
0.033906249999999999 1.0644038060021552e-05
0.034062500000000002 1.066767253695924e-05
0.034218750000000006 1.0691246868640305e-05
0.034375000000000003 1.0714761452054707e-05
0.034531249999999999 1.073821667971333e-05
0.034687500000000003 1.0761612939718626e-05
0.034843750000000007 1.0784950615833847e-05
0.035000000000000003 1.0808230087550875e-05
0.03515625 1.0831451730156714e-05
0.035312500000000004 1.0854615914798616e-05
0.035468750000000007 1.0877723008547957e-05
0.035625000000000004 1.0900773374462819e-05
0.035781250000000001 1.0923767371649356e-05
0.035937500000000004 1.0946705355321956e-05
0.036093750000000008 1.0969587676862216e-05
0.036250000000000004 1.0992414683876788e-05
0.036406250000000001 1.1015186720254103e-05
0.036562500000000005 1.1037904126219995e-05
0.036718750000000008 1.1060567238392258e-05
0.036875000000000005 1.1083176389834166e-05
0.037031250000000002 1.1105731910106989e-05
0.037187500000000005 1.1128234125321473e-05
0.037343750000000009 1.1150683358188405e-05
0.037500000000000006 1.117307992806818e-05
0.037656250000000002 1.1195424151019464e-05
0.037812500000000006 1.1217716339846957e-05
0.037968750000000009 1.1239956804148254e-05
0.038125000000000006 1.1262145850359847e-05
0.038281250000000003 1.1284283781802286e-05
0.038437500000000006 1.1306370898724507e-05
0.03859375000000001 1.1328407498347348e-05
0.038750000000000007 1.1350393874906282e-05
0.038906250000000003 1.1372330319693382e-05
0.039062500000000007 1.139421712109851e-05
0.039218750000000011 1.1416054564649784e-05
0.039375000000000007 1.1437842933053308e-05
0.039531250000000004 1.1459582506232224e-05
0.039687500000000001 1.1481273561365018e-05
0.039843749999999997 1.1502916372923209e-05
0.040000000000000001 1.152451121270833e-05
0.040156250000000004 1.154605834988828e-05
0.040312500000000001 1.1567558051033043e-05
0.040468749999999998 1.1589010580149784e-05
0.040624999999999994 1.161041619871732e-05
0.040781249999999991 1.1631775165720024e-05
0.040937499999999995 1.1653087737681132e-05
0.041093749999999998 1.1674354168695474e-05
0.041249999999999995 1.1695574710461645e-05
0.041406249999999992 1.171674961231366e-05
0.041562499999999995 1.1737879121252034e-05
0.041718749999999999 1.175896348197434e-05
0.041874999999999996 1.1780002936905301e-05
0.042031249999999992 1.1800997726226311e-05
0.042187499999999996 1.1821948087904521e-05
0.042343749999999999 1.1842854257721399e-05
0.042499999999999996 1.1863716469300841e-05
0.042656249999999993 1.188453495413682e-05
0.042812499999999996 1.1905309941620561e-05
0.04296875 1.1926041659067296e-05
0.043124999999999997 1.1946730331742552e-05
0.043281249999999993 1.1967376182888048e-05
0.043437499999999997 1.1987979433747139e-05
0.043593750000000001 1.2008540303589873e-05
0.043749999999999997 1.2029059009737629e-05
0.043906249999999994 1.204953576758737e-05
0.044062499999999998 1.2069970790635509e-05
0.044218750000000001 1.2090364290501388e-05
0.044374999999999998 1.2110716476950383e-05
0.044531249999999994 1.2131027557916665e-05
0.044687499999999998 1.2151297739525578e-05
0.044843750000000002 1.2171527226115665e-05
0.044999999999999998 1.2191716220260378e-05
0.045156249999999995 1.2211864922789428e-05
0.045312499999999999 1.2231973532809799e-05
0.045468750000000002 1.2252042247726443e-05
0.045624999999999999 1.2272071263262673e-05
0.045781249999999996 1.2292060773480219e-05
0.045937499999999999 1.231201097079898e-05
0.046093750000000003 1.2331922046016483e-05
0.046249999999999999 1.2351794188327054e-05
0.046406249999999996 1.2371627585340676e-05
0.0465625 1.2391422423101571e-05
0.046718750000000003 1.2411178886106515e-05
0.046875 1.2430897157322858e-05
0.047031249999999997 1.2450577418206298e-05
0.0471875 1.2470219848718361e-05
0.047343750000000004 1.2489824627343647e-05
0.047500000000000001 1.2509391931106803e-05
0.047656249999999997 1.2528921935589266e-05
0.047812500000000001 1.2548414814945728e-05
0.047968750000000004 1.256787074192039e-05
0.048125000000000001 1.2587289887862977e-05
0.048281249999999998 1.2606672422744475e-05
0.048437500000000001 1.2626018515172721e-05
0.048593750000000005 1.2645328332407679e-05
0.048750000000000002 1.2664602040376556e-05
0.048906249999999998 1.2683839803688683e-05
0.049062500000000002 1.2703041785650174e-05
0.049218750000000006 1.2722208148278391e-05
0.049375000000000002 1.2741339052316186e-05
0.049531249999999999 1.2760434657245951e-05
0.049687500000000002 1.2779495121303478e-05
0.049843750000000006 1.27985206014916e-05
0.050000000000000003 1.2817511253593655e-05
0.050156249999999999 1.2836467232186777e-05
0.050312500000000003 1.2855388690654957e-05
0.050468750000000007 1.287427578120197e-05
0.050625000000000003 1.2893128654864092e-05
0.05078125 1.2911947461522647e-05
0.050937500000000004 1.2930732349916397e-05
0.051093750000000007 1.2949483467653733e-05
0.051250000000000004 1.2968200961224731e-05
0.051406250000000001 1.2986884976013008e-05
0.051562500000000004 1.300553565630745e-05
0.051718750000000008 1.3024153145313753e-05
0.051875000000000004 1.3042737585165835e-05
0.052031250000000001 1.3061289116937064e-05
0.052187500000000005 1.307980788065136e-05
0.052343750000000008 1.3098294015294127e-05
0.052500000000000005 1.3116747658823053e-05
0.052656250000000002 1.3135168948178773e-05
0.052812500000000005 1.3153558019295364e-05
0.052968750000000009 1.3171915007110722e-05
0.053125000000000006 1.3190240045576787e-05
0.053281250000000002 1.3208533267669659e-05
0.053437500000000006 1.3226794805399545e-05
0.053593750000000009 1.3245024789820607e-05
0.053750000000000006 1.3263223351040655e-05
0.053906250000000003 1.3281390618230734e-05
0.054062500000000006 1.3299526719634589e-05
0.05421875000000001 1.3317631782577979e-05
0.054375000000000007 1.3335705933477893e-05
0.054531250000000003 1.3353749297851658e-05
0.0546875 1.3371762000325888e-05
0.054843749999999997 1.3389744164645373e-05
0.055 1.3407695913681814e-05
0.055156250000000004 1.3425617369442453e-05
0.055312500000000001 1.3443508653078607e-05
0.055468749999999997 1.3461369884894093e-05
0.055624999999999994 1.3479201184353527e-05
0.055781249999999991 1.3497002670090536e-05
0.055937499999999994 1.3514774459915875e-05
0.056093749999999998 1.3532516670825398e-05
0.056249999999999994 1.3550229419008004e-05
0.056406249999999991 1.3567912819853404e-05
0.056562499999999995 1.3585566987959847e-05
0.056718749999999998 1.3603192037141726e-05
0.056874999999999995 1.3620788080437105e-05
0.057031249999999992 1.3638355230115126e-05
0.057187499999999995 1.3655893597683361e-05
0.057343749999999999 1.3673403293895042e-05
0.057499999999999996 1.3690884428756237e-05
0.057656249999999992 1.3708337111532887e-05
0.057812499999999996 1.3725761450757819e-05
0.057968749999999999 1.374315755423762e-05
0.058124999999999996 1.3760525529059474e-05
0.058281249999999993 1.377786548159787e-05
0.058437499999999996 1.3795177517521271e-05
0.058749999999999997 1.3829718258706139e-05
0.059062499999999997 1.3864148584088904e-05
0.059374999999999997 1.3898469314260385e-05
0.059687499999999998 1.3932681259126665e-05
0.059999999999999998 1.3966785218103698e-05
0.060312499999999998 1.4000781980307366e-05
0.060624999999999998 1.4034672324739096e-05
0.060937499999999999 1.4068457020467255e-05
0.061249999999999999 1.41021368268043e-05
0.061562499999999999 1.4135712493479925e-05
0.061874999999999999 1.4169184760810253e-05
0.0621875 1.4202554359863207e-05
0.0625 1.4235822012620137e-05
0.062812499999999993 1.4268988432133842e-05
0.063125000000000001 1.430205432268307e-05
0.063437500000000008 1.4335020379923581e-05
0.063750000000000001 1.4367887291035867e-05
0.064062499999999994 1.4400655734869659e-05
0.064375000000000002 1.443332638208523e-05
0.064687500000000009 1.4465899895291666e-05
0.065000000000000002 1.4498376929182108e-05
0.065312499999999996 1.4530758130666115e-05
0.065625000000000003 1.4563044138999152e-05
0.06593750000000001 1.4595235585909342e-05
0.066250000000000003 1.4627333095721518e-05
0.066562499999999997 1.4659337285478645e-05
0.066875000000000004 1.4691248765060701e-05
0.067187500000000011 1.4723068137301051e-05
0.067500000000000004 1.4754795998100416e-05
0.067812499999999998 1.478643293653846e-05
0.068125000000000005 1.4817979534983088e-05
0.068437500000000012 1.4849436369197468e-05
0.068750000000000006 1.4880804008444909e-05
0.069062499999999999 1.4912083015591563e-05
0.069375000000000006 1.4943273947207071e-05
0.069687500000000013 1.4974377353663137e-05
0.070000000000000007 1.500539377923019e-05
0.0703125 1.5036323762172037e-05
0.070625000000000007 1.5067167834838685e-05
0.070937500000000014 1.5097926523757308e-05
0.071250000000000008 1.5128600349721384e-05
0.071562500000000001 1.5159189827878151e-05
0.071875000000000008 1.5189695467814277e-05
0.072187500000000016 1.5220117773639907e-05
0.072500000000000009 1.5250457244071078e-05
0.072812500000000002 1.5280714372510517e-05
0.073125000000000009 1.5310889647126893e-05
0.073437500000000017 1.5340983550932595e-05
0.07375000000000001 1.537099656185994e-05
0.074062500000000003 1.5400929152836019e-05
0.074375000000000011 1.5430781791856096e-05
0.074687500000000018 1.546055494205559e-05
0.075000000000000011 1.5490249061780774e-05
0.075312500000000004 1.5519864604658103e-05
0.075625000000000012 1.5549402019662284e-05
0.075937500000000019 1.5578861751183059e-05
0.076250000000000012 1.5608244239090765e-05
0.076562500000000006 1.5637549918800719e-05
0.076875000000000013 1.5666779221336387e-05
0.07718750000000002 1.5695932573391412e-05
0.077500000000000013 1.5725010397390522e-05
0.077812500000000007 1.5754013111549368e-05
0.078125000000000014 1.5782941129933214e-05
0.078437500000000021 1.5811794862514643e-05
0.078750000000000014 1.5840574715230193e-05
0.079062500000000008 1.586928109003601e-05
0.079375000000000001 1.5897914384962499e-05
0.079687499999999994 1.5926474994168021e-05
0.080000000000000002 1.5954963307991653e-05
0.080312500000000009 1.5983379713004989e-05
0.080625000000000002 1.6011724592063081e-05
0.080937499999999996 1.6039998324354476e-05
0.081249999999999989 1.6068201285450401e-05
0.081562499999999982 1.6096333847353079e-05
0.081874999999999989 1.6124396378543212e-05
0.082187499999999997 1.61523892440267e-05
0.08249999999999999 1.6180312805380493e-05
0.082812499999999983 1.6208167420797747e-05
0.083124999999999991 1.6235953445132121e-05
0.083437499999999998 1.6263671229941424e-05
0.083749999999999991 1.6291321123530467e-05
0.084062499999999984 1.6318903470993215e-05
0.084374999999999992 1.6346418614254242e-05
0.084687499999999999 1.6373866892109492e-05
0.084999999999999992 1.6401248640266387e-05
0.085312499999999986 1.6428564191383231e-05
0.085624999999999993 1.6455813875108018e-05
0.0859375 1.6482998018116557e-05
0.086249999999999993 1.6510116944150035e-05
0.086562499999999987 1.653717097405189e-05
0.086874999999999994 1.6564160425804188e-05
0.087187500000000001 1.6591085614563305e-05
0.087499999999999994 1.661794685269513e-05
0.087812499999999988 1.6644744449809657e-05
0.088124999999999995 1.6671478712795021e-05
0.088437500000000002 1.6698149945851022e-05
0.088749999999999996 1.6724758450522088e-05
0.089062499999999989 1.675130452572976e-05
0.089374999999999996 1.6777788467804616e-05
0.089687500000000003 1.6804210570517718e-05
0.089999999999999997 1.6830571125111589e-05
0.09031249999999999 1.6856870420330677e-05
0.090624999999999997 1.6883108742451358e-05
0.090937500000000004 1.6909286375311479e-05
0.091249999999999998 1.6935403600339438e-05
0.091562499999999991 1.6961460696582837e-05
0.091874999999999998 1.6987457940736677e-05
0.092187500000000006 1.7013395607171118e-05
0.092499999999999999 1.7039273967958848e-05
0.092812499999999992 1.7065093292902016e-05
0.093124999999999999 1.709085384955876e-05
0.093437500000000007 1.7116555903269337e-05
0.09375 1.7142199717181869e-05
0.094062499999999993 1.7167785552277686e-05
0.094375000000000001 1.719331366739633e-05
0.094687500000000008 1.7218784319260153e-05
0.095000000000000001 1.7244197762498553e-05
0.095312499999999994 1.7269554249671861e-05
0.095625000000000002 1.7294854031294906e-05
0.095937500000000009 1.732009735586017e-05
0.096250000000000002 1.7345284469860683e-05
0.096562499999999996 1.7370415617812499e-05
0.096875000000000003 1.7395491042276948e-05
0.09718750000000001 1.7420510983882461e-05
0.097500000000000003 1.7445475681346153e-05
0.097812499999999997 1.7470385371495081e-05
0.098125000000000004 1.7495240289287184e-05
0.098437500000000011 1.752004066783192e-05
0.098750000000000004 1.7544786738410642e-05
0.099062499999999998 1.7569478730496655e-05
0.099375000000000005 1.7594116871774995e-05
0.099687500000000012 1.7618701388161939e-05
0.10000000000000001 1.7643232503824238e-05
0.1003125 1.7667710441198071e-05
0.10062500000000001 1.7692135421007764e-05
0.10093750000000001 1.771650766228419e-05
0.10125000000000001 1.7740827382382987e-05
0.1015625 1.7765094797002473e-05
0.10187500000000001 1.7789310120201334e-05
0.10218750000000001 1.7813473564416052e-05
0.10250000000000001 1.7837585340478123e-05
0.1028125 1.7861645657631032e-05
0.10312500000000001 1.7885654723546956e-05
0.10343750000000002 1.7909612744343313e-05
0.10375000000000001 1.7933519924599019e-05
0.1040625 1.7957376467370574e-05
0.10437500000000001 1.7981182574207894e-05
0.10468750000000002 1.8004938445169968e-05
0.10500000000000001 1.8028644278840274e-05
0.1053125 1.8052300272342011e-05
0.10562500000000001 1.8075906621353118e-05
0.10593750000000002 1.80994635201211e-05
0.10625000000000001 1.8122971161477632e-05
0.1065625 1.8146429736853042e-05
0.10687500000000001 1.8169839436290503e-05
0.10718750000000002 1.8193200448460117e-05
0.10750000000000001 1.8216512960672799e-05
0.10781250000000001 1.8239777158893946e-05
0.10812500000000001 1.8262993227756987e-05
0.10843750000000002 1.8286161350576682e-05
0.10875000000000001 1.8309281709362333e-05
0.10906250000000001 1.8332354484830761e-05
0.109375 1.8355379856419139e-05
0.10968749999999999 1.8378358002297684e-05
0.11 1.8401289099382145e-05
0.11031250000000001 1.8424173323346135e-05
0.110625 1.8447010848633377e-05
0.11093749999999999 1.8469801848469688e-05
0.11124999999999999 1.8492546494874905e-05
0.11156249999999998 1.8515244958674575e-05
0.11187499999999999 1.8537897409511617e-05
0.1121875 1.8560504015857691e-05
0.11249999999999999 1.8583064945024542e-05
0.11281249999999998 1.8605580363175167e-05
0.11312499999999999 1.8628050435334815e-05
0.1134375 1.8650475325401885e-05
0.11374999999999999 1.8672855196158674e-05
0.11406249999999998 1.8695190209282024e-05
0.11437499999999999 1.8717480525353768e-05
0.1146875 1.8739726303871129e-05
0.11499999999999999 1.8761927703256932e-05
0.11531249999999998 1.8784084880869747e-05
0.11562499999999999 1.8806197993013832e-05
0.1159375 1.8828267194949045e-05
0.11624999999999999 1.8850292640900567e-05
0.11656249999999999 1.8872274484068539e-05
0.11687499999999999 1.8894212876637585e-05
0.1171875 1.8916107969786208e-05
0.11749999999999999 1.8937959913696089e-05
0.11781249999999999 1.8959768857561248e-05
0.11812499999999999 1.8981534949597132e-05
0.1184375 1.9003258337049582e-05
0.11874999999999999 1.9024939166203661e-05
0.11906249999999999 1.9046577582392443e-05
0.119375 1.9068173730005646e-05
0.1196875 1.9089727752498184e-05
0.12 1.9111239792398612e-05
0.12031249999999999 1.913270999131747e-05
0.120625 1.9154138489955574e-05
0.1209375 1.9175525428112117e-05
0.12125 1.9196870944692784e-05
0.12156249999999999 1.921817517771769e-05
0.121875 1.9239438264329277e-05
0.1221875 1.9260660340800092e-05
0.1225 1.9281841542540484e-05
0.12281249999999999 1.9302982004106242e-05
0.123125 1.9324081859206079e-05
0.12343750000000001 1.9345141240709112e-05
0.12375 1.9366160280652178e-05
0.12406249999999999 1.9387139110247145e-05
0.124375 1.940807785988807e-05
0.12468750000000001 1.9428976659158337e-05
0.125 1.9449835636837656e-05
0.12531249999999999 1.9470654920909044e-05
0.12562499999999999 1.9491434638565668e-05
0.12593749999999998 1.9512174916217675e-05
0.12625 1.9532875879498902e-05
0.12687500000000002 1.957416036164253e-05
0.1275 1.9615289074791635e-05
0.12812499999999999 1.965626299673815e-05
0.12875 1.9697083093473255e-05
0.12937500000000002 1.973775031938538e-05
0.13 1.9778265617453924e-05
0.13062499999999999 1.9818629919438868e-05
0.13125000000000001 1.9858844146066258e-05
0.13187500000000002 1.9898909207209766e-05
0.13250000000000001 1.9938826002068428e-05
0.13312499999999999 1.9978595419340606e-05
0.13375000000000001 2.0018218337394314e-05
0.13437500000000002 2.0057695624433968e-05
0.13500000000000001 2.0097028138663689e-05
0.135625 2.0136216728447216e-05
0.13625000000000001 2.0175262232464539e-05
0.13687500000000002 2.0214165479865294e-05
0.13750000000000001 2.0252927290419037e-05
0.138125 2.0291548474662486e-05
0.13875000000000001 2.0330029834043778e-05
0.13937500000000003 2.0368372161063769e-05
0.14000000000000001 2.0406576239414587e-05
0.140625 2.0444642844115365e-05
0.14125000000000001 2.0482572741645277e-05
0.14187500000000003 2.0520366690073979e-05
0.14250000000000002 2.0558025439189436e-05
0.143125 2.0595549730623302e-05
0.14375000000000002 2.0632940297973773e-05
0.14437500000000003 2.0670197866926132e-05
0.14500000000000002 2.0707323155370905e-05
0.145625 2.0744316873519784e-05
0.14625000000000002 2.078117972401928e-05
0.14687500000000003 2.0817912402062256e-05
0.14750000000000002 2.0854515595497297e-05
0.14812500000000001 2.0890989984936034e-05
0.14874999999999999 2.0927336243858414e-05
0.14937499999999998 2.0963555038716061e-05
0.14999999999999999 2.0999647029033606e-05
0.15062500000000001 2.1035612867508226e-05
0.15125 2.1071453200107246e-05
0.15187499999999998 2.110716866616405e-05
0.1525 2.1142759898472101e-05
0.15312500000000001 2.1178227523377342e-05
0.15375 2.1213572160868856e-05
0.15437499999999998 2.1248794424667899e-05
0.155 2.1283894922315326e-05
0.15562500000000001 2.131887425525742e-05
0.15625 2.1353733018930203e-05
0.15687499999999999 2.138847180284224e-05
0.1575 2.1423091190655936e-05
0.15812500000000002 2.1457591760267451e-05
0.15875 2.1491974083885131e-05
0.15937499999999999 2.1526238728106619e-05
0.16 2.1560386253994616e-05
0.16062500000000002 2.1594417217151232e-05
0.16125 2.1628332167791164e-05
0.16187499999999999 2.1662131650813535e-05
0.16250000000000001 2.1695816205872503e-05
0.16312500000000002 2.1729386367446678e-05
0.16375000000000001 2.1762842664907314e-05
0.16437499999999999 2.1796185622585376e-05
0.16500000000000001 2.182941575983746e-05
0.16562500000000002 2.1862533591110558e-05
0.16625000000000001 2.1895539626005799e-05
0.166875 2.1928434369341044e-05
0.16750000000000001 2.1961218321212514e-05
0.16812500000000002 2.1993891977055302e-05
0.16875000000000001 2.2026455827702971e-05
0.169375 2.2058910359446079e-05
0.17000000000000001 2.2091256054089819e-05
0.17062500000000003 2.2123493389010642e-05
0.17125000000000001 2.2155622837212002e-05
0.171875 2.2187644867379178e-05
0.17249999999999999 2.2219559943933185e-05
0.17312499999999997 2.2251368527083847e-05
0.17374999999999999 2.2283071072881985e-05
0.174375 2.2314668033270798e-05
0.17499999999999999 2.2346159856136357e-05
0.17562499999999998 2.2377546985357388e-05
0.17624999999999999 2.2408829860854184e-05
0.176875 2.2440008918636766e-05
0.17749999999999999 2.247108459085231e-05
0.17812499999999998 2.2502057305831784e-05
0.17874999999999999 2.2532927488135892e-05
0.17937500000000001 2.2563695558600267e-05
0.17999999999999999 2.2594361934380003e-05
0.18062499999999998 2.2624927028993428e-05
0.18124999999999999 2.2655391252365297e-05
0.18187500000000001 2.2685755010869214e-05
0.1825 2.2716018707369476e-05
0.18312499999999998 2.2746182741262269e-05
0.18375 2.2776247508516195e-05
0.18437500000000001 2.280621340171221e-05
0.185 2.2836080810082976e-05
0.18562499999999998 2.2865850119551593e-05
0.18625 2.2895521712769726e-05
0.18687500000000001 2.2925095969155232e-05
0.1875 2.2954573264929149e-05
0.18812499999999999 2.2983953973152172e-05
0.18875 2.3013238463760594e-05
0.18937500000000002 2.3042427103601686e-05
0.19 2.3071520256468582e-05
0.19062499999999999 2.3100518283134633e-05
0.19125 2.3129421541387281e-05
0.19187500000000002 2.3158230386061402e-05
0.1925 2.3186945169072187e-05
0.19312499999999999 2.3215566239447563e-05
0.19375000000000001 2.3244093943360106e-05
0.19437500000000002 2.3272528624158522e-05
0.19500000000000001 2.3300870622398641e-05
0.19562499999999999 2.3329120275874048e-05
0.19625000000000001 2.3357277919646162e-05
0.19687500000000002 2.3385343886073979e-05
0.19750000000000001 2.341331850484335e-05
0.198125 2.344120210299586e-05
0.19875000000000001 2.3468995004957285e-05
0.19937500000000002 2.349669753256567e-05
0.20000000000000001 2.3524310005098981e-05
0.200625 2.3551832739302419e-05
0.20125000000000001 2.3579266049415323e-05
0.20187500000000003 2.3606610247197661e-05
0.20250000000000001 2.363386564195625e-05
0.203125 2.3661032540570532e-05
0.20375000000000001 2.3688111247518028e-05
0.20437500000000003 2.3715102064899439e-05
0.20500000000000002 2.3742005292463402e-05
0.205625 2.3768821227630908e-05
0.20625000000000002 2.3795550165519396e-05
0.20687500000000003 2.3822192398966506e-05
0.20750000000000002 2.3848748218553527e-05
0.208125 2.3875217912628515e-05
0.20874999999999999 2.390160176732911e-05
0.20937499999999998 2.3927900066605042e-05
0.20999999999999999 2.395411309224034e-05
0.21062500000000001 2.3980241123875248e-05
0.21124999999999999 2.4006284439027836e-05
0.21187499999999998 2.4032243313115349e-05
0.21249999999999999 2.4058118019475258e-05
0.21312500000000001 2.4083908829386012e-05
0.21375 2.4109616012087584e-05
0.21437499999999998 2.4135239834801672e-05
0.215 2.4160780562751695e-05
0.21562500000000001 2.4186238459182479e-05
0.21625 2.4211613785379736e-05
0.21687499999999998 2.4236906800689266e-05
0.2175 2.4262117762535901e-05
0.21812500000000001 2.4287246926442231e-05
0.21875 2.4312294546047068e-05
0.21937499999999999 2.4337260873123695e-05
0.22 2.436214615759786e-05
0.22062500000000002 2.4386950647565543e-05
0.22125 2.4411674589310543e-05
0.22187499999999999 2.4436318227321757e-05
0.2225 2.4460881804310326e-05
0.22312500000000002 2.448536556122652e-05
0.22375 2.4509769737276399e-05
0.22437499999999999 2.4534094569938329e-05
0.22500000000000001 2.4558340294979222e-05
0.22562500000000002 2.458250714647059e-05
0.22625000000000001 2.4606595356804446e-05
0.22687499999999999 2.463060515670895e-05
0.22750000000000001 2.4654536775263901e-05
0.22812500000000002 2.4678390439916001e-05
0.22875000000000001 2.4702166376493987e-05
0.229375 2.4725864809223509e-05
0.23000000000000001 2.4749485960741896e-05
0.23062500000000002 2.4773030052112672e-05
0.23125000000000001 2.4796497302839975e-05
0.231875 2.4819887930882714e-05
0.23249999999999998 2.4843202152668648e-05
0.23312499999999997 2.4866440183108187e-05
0.23374999999999999 2.4889602235608149e-05
0.234375 2.4912688522085237e-05
0.23499999999999999 2.4935699252979454e-05
0.23562499999999997 2.4958634637267269e-05
0.23624999999999999 2.4981494882474708e-05
0.236875 2.500428019469022e-05
0.23749999999999999 2.5026990778577437e-05
0.23812499999999998 2.5049626837387769e-05
0.23874999999999999 2.5072188572972843e-05
0.239375 2.5094676185796812e-05
0.23999999999999999 2.5117089874948497e-05
0.24062499999999998 2.51394298381534e-05
0.24124999999999999 2.5161696271785618e-05
0.24187500000000001 2.5183889370879499e-05
0.24249999999999999 2.520600932914134e-05
0.24312499999999998 2.5228056338960749e-05
0.24374999999999999 2.5250030591422062e-05
0.24437500000000001 2.5271932276315509e-05
0.245 2.5293761582148274e-05
0.24562499999999998 2.5315518696155476e-05
0.24625 2.5337203804310967e-05
0.24687500000000001 2.5358817091338028e-05
0.2475 2.5380358740719962e-05
0.24812499999999998 2.5401828934710542e-05
0.24875 2.5423227854344344e-05
0.24937500000000001 2.5444555679446981e-05
0.25 2.5465812588645193e-05
0.25062499999999999 2.5486998759376858e-05
0.25124999999999997 2.5508114367900855e-05
0.25187499999999996 2.552915958930684e-05
0.2525 2.5550134597524926e-05
0.25312500000000004 2.5571039565335186e-05
0.25375000000000003 2.559187466437717e-05
0.25437500000000002 2.5612640065159187e-05
0.255 2.5633335937067576e-05
0.25562499999999999 2.5653962448375842e-05
0.25624999999999998 2.5674519766253663e-05
0.25687499999999996 2.5695008056775882e-05
0.25750000000000001 2.5715427484931297e-05
0.25812500000000005 2.5735778214631428e-05
0.25875000000000004 2.5756060408719153e-05
0.25937500000000002 2.5776274228977266e-05
0.26000000000000001 2.5796419836136954e-05
0.260625 2.5816497389886136e-05
0.26124999999999998 2.5836507048877757e-05
0.26187499999999997 2.5856448970737989e-05
0.26250000000000001 2.5876323312074301e-05
0.26312500000000005 2.5896130228483519e-05
0.26375000000000004 2.5915869874559684e-05
0.26437500000000003 2.593554240390198e-05
0.26500000000000001 2.595514796912243e-05
0.265625 2.5974686721853596e-05
0.26624999999999999 2.5994158812756188e-05
0.26687499999999997 2.6013564391526539e-05
0.26750000000000002 2.6032903606904092e-05
0.26812500000000006 2.6052176606678714e-05
0.26875000000000004 2.6071383537697995e-05
0.26937500000000003 2.6090524545874455e-05
0.27000000000000002 2.6109599776192667e-05
0.270625 2.6128609372716297e-05
0.27124999999999999 2.6147553478595087e-05
0.27187499999999998 2.6166432236071804e-05
0.27250000000000002 2.6185245786489005e-05
0.27312500000000006 2.6203994270295849e-05
0.27375000000000005 2.6222677827054777e-05
0.27437500000000004 2.6241296595448127e-05
0.27500000000000002 2.6259850713284723e-05
0.27562500000000001 2.6278340317506307e-05
0.27625 2.6296765544194023e-05
0.27687499999999998 2.6315126528574728e-05
0.27750000000000002 2.6333423405027307e-05
0.27812500000000007 2.6351656307088892e-05
0.27875000000000005 2.636982536746101e-05
0.27937500000000004 2.6387930718015718e-05
0.28000000000000003 2.6405972489801624e-05
0.28062500000000001 2.6423950813049846e-05
0.28125 2.6441865817179962e-05
0.28187499999999999 2.6459717630805842e-05
0.28250000000000003 2.6477506381741468e-05
0.28312500000000007 2.6495232197006647e-05
0.28375000000000006 2.6512895202832716e-05
0.28437500000000004 2.6530495524668165e-05
0.28500000000000003 2.6548033287184194e-05
0.28562500000000002 2.6565508614280237e-05
0.28625 2.6582921629089418e-05
0.28687499999999999 2.6600272453983954e-05
0.28749999999999998 2.6617561210580506e-05
0.28812499999999996 2.6634788019745482e-05
0.28874999999999995 2.6651953001600279e-05
0.28937499999999994 2.6669056275526467e-05
0.28999999999999998 2.6686097960170949e-05
0.29062500000000002 2.6703078173451045e-05
0.29125000000000001 2.671999703255953e-05
0.291875 2.6736854653969635e-05
0.29249999999999998 2.6753651153439975e-05
0.29312499999999997 2.6770386646019468e-05
0.29374999999999996 2.6787061246052171e-05
0.29437499999999994 2.6803675067182066e-05
0.29499999999999998 2.6820228222357842e-05
0.29562500000000003 2.6836720823837582e-05
0.29625000000000001 2.6853152983193423e-05
0.296875 2.686952481131621e-05
0.29749999999999999 2.688583641842002e-05
0.29812499999999997 2.6902087914046696e-05
0.29874999999999996 2.6918279407070396e-05
0.29937499999999995 2.6934411005701932e-05
0.29999999999999999 2.6950482817493273e-05
0.30062500000000003 2.6966494949341815e-05
0.30125000000000002 2.6982447507494759e-05
0.301875 2.6998340597553357e-05
0.30249999999999999 2.7014174324477141e-05
0.30312499999999998 2.7029948792588151e-05
0.30374999999999996 2.7045664105575036e-05
0.30437499999999995 2.7061320366497224e-05
0.30499999999999999 2.7076917677788959e-05
0.30562500000000004 2.7092456141263339e-05
0.30625000000000002 2.7107935858116347e-05
0.30687500000000001 2.7123356928930789e-05
0.3075 2.7138719453680201e-05
0.30812499999999998 2.715402353173278e-05
0.30874999999999997 2.71692692618552e-05
0.30937499999999996 2.7184456742216452e-05
0.31 2.7199586070391587e-05
0.31062500000000004 2.7214657343365501e-05
0.31125000000000003 2.7229670657536606e-05
0.31187500000000001 2.7244626108720556e-05
0.3125 2.725952379215382e-05
0.31312499999999999 2.7274363802497351e-05
0.31374999999999997 2.7289146233840113e-05
0.31437499999999996 2.730387117970266e-05
0.315 2.7318538733040612e-05
0.31562500000000004 2.7333148986248141e-05
0.31625000000000003 2.7347702031161415e-05
0.31687500000000002 2.7362197959062018e-05
0.3175 2.7376636860680315e-05
0.31812499999999999 2.7391018826198812e-05
0.31874999999999998 2.7405343945255458e-05
0.31937499999999996 2.7419612306946966e-05
0.32000000000000001 2.743382399983203e-05
0.32062500000000005 2.7447979111934592e-05
0.32125000000000004 2.7462077730746999e-05
0.32187500000000002 2.7476119943233208e-05
0.32250000000000001 2.7490105835831919e-05
0.323125 2.7504035494459673e-05
0.32374999999999998 2.7517909004513955e-05
0.32437499999999997 2.7531726450876221e-05
0.32500000000000001 2.7545487917914982e-05
0.32562500000000005 2.7559193489488722e-05
0.32625000000000004 2.7572843248948959e-05
0.32687500000000003 2.7586437279143128e-05
0.32750000000000001 2.7599975662417531e-05
0.328125 2.7613458480620234e-05
0.32874999999999999 2.7626885815103915e-05
0.33000000000000002 2.7653574355865102e-05
0.33125000000000004 2.7680041925722404e-05
0.33250000000000002 2.7706289157950404e-05
0.33374999999999999 2.7732316678164304e-05
0.33500000000000002 2.7758125104405741e-05
0.33625000000000005 2.7783715047227038e-05
0.33750000000000002 2.7809087109774029e-05
0.33875 2.7834241887867363e-05
0.34000000000000002 2.7859179970082394e-05
0.34125000000000005 2.7883901937827678e-05
0.34250000000000003 2.7908408365422062e-05
0.34375 2.7932699820170448e-05
0.34499999999999997 2.79567768624382e-05
0.34624999999999995 2.7980640045724292e-05
0.34749999999999998 2.8004289916733119e-05
0.34875 2.8027727015445083e-05
0.34999999999999998 2.8050951875185983e-05
0.35124999999999995 2.8073965022695143e-05
0.35249999999999998 2.8096766978192345e-05
0.35375000000000001 2.8119358255443706e-05
0.35499999999999998 2.8141739361826229e-05
0.35624999999999996 2.816391079839144e-05
0.35749999999999998 2.8185873059927737e-05
0.35875000000000001 2.8207626635021778e-05
0.35999999999999999 2.8229172006118777e-05
0.36124999999999996 2.8250509649581718e-05
0.36249999999999999 2.8271640035749607e-05
0.36375000000000002 2.8292563628994635e-05
0.36499999999999999 2.8313280887778441e-05
0.36624999999999996 2.8333792264707348e-05
0.36749999999999999 2.8354098206586648e-05
0.36875000000000002 2.8374199154473945e-05
0.37 2.8394095543731624e-05
0.37124999999999997 2.8413787804078324e-05
0.3725 2.84332763596396e-05
0.37375000000000003 2.845256162899766e-05
0.375 2.8471644025240275e-05
0.37624999999999997 2.8490523956008775e-05
0.3775 2.8509201823545328e-05
0.37875000000000003 2.8527678024739242e-05
0.38 2.8545952951172605e-05
0.38124999999999998 2.856402698916506e-05
0.38250000000000001 2.8581900519817782e-05
0.38375000000000004 2.8599573919056734e-05
0.38500000000000001 2.8617047557675131e-05
0.38624999999999998 2.863432180137518e-05
0.38750000000000001 2.8651397010809089e-05
0.38875000000000004 2.8668273541619312e-05
0.39000000000000001 2.8684951744478148e-05
0.39124999999999999 2.8701431965126587e-05
0.39250000000000002 2.8717714544412476e-05
0.39375000000000004 2.8733799818328068e-05
0.39500000000000002 2.8749688118046781e-05
0.39624999999999999 2.876537976995941e-05
0.39750000000000002 2.8780875095709654e-05
0.39875000000000005 2.8796174412228966e-05
0.40000000000000002 2.8811278031770823e-05
0.40125 2.8826186261944367e-05
0.40250000000000002 2.8840899405747383e-05
0.40375000000000005 2.8855417761598773e-05
0.40500000000000003 2.8869741623370304e-05
0.40625 2.8883871280417901e-05
0.40749999999999997 2.8897807017612257e-05
0.40874999999999995 2.891154911536893e-05
0.40999999999999998 2.8925097849677886e-05
0.41125 2.8938453492132399e-05
0.41249999999999998 2.8951616309957551e-05
0.41374999999999995 2.8964586566038016e-05
0.41499999999999998 2.8977364518945472e-05
0.41625000000000001 2.8989950422965372e-05
0.41749999999999998 2.9002344528123239e-05
0.41874999999999996 2.9014547080210476e-05
0.41999999999999998 2.9026558320809588e-05
0.42125000000000001 2.9038378487318986e-05
0.42249999999999999 2.9050007812977263e-05
0.42374999999999996 2.906144652688696e-05
0.42499999999999999 2.907269485403787e-05
0.42625000000000002 2.9083753015329879e-05
0.42749999999999999 2.9094621227595319e-05
0.42874999999999996 2.9105299703620821e-05
0.42999999999999999 2.911578865216878e-05
0.43125000000000002 2.9126088277998303e-05
0.4325 2.9136198781885744e-05
0.43374999999999997 2.9146120360644742e-05
0.435 2.91558532071459e-05
0.43625000000000003 2.9165397510335947e-05
0.4375 2.9174753455256481e-05
0.43874999999999997 2.9183921223062367e-05
0.44 2.919290099103959e-05
0.44125000000000003 2.920169293262276e-05
0.4425 2.9210297217412218e-05
0.44374999999999998 2.9218714011190674e-05
0.44500000000000001 2.9226943475939455e-05
0.44625000000000004 2.9234985769854418e-05
0.44750000000000001 2.9242841047361318e-05
0.44874999999999998 2.9250509459130965e-05
0.45000000000000001 2.9257991152093818e-05
0.45125000000000004 2.9265286269454293e-05
0.45250000000000001 2.9272394950704669e-05
0.45374999999999999 2.9279317331638555e-05
0.45500000000000002 2.9286053544364079e-05
0.45625000000000004 2.9292603717316597e-05
0.45750000000000002 2.9298967975271074e-05
0.45874999999999999 2.9305146439354131e-05
0.46000000000000002 2.9311139227055646e-05
0.46125000000000005 2.9316946452240045e-05
0.46250000000000002 2.9322568225157226e-05
0.46375 2.932800465245309e-05
0.46499999999999997 2.9333255837179751e-05
0.46624999999999994 2.9338321878805374e-05
0.46749999999999997 2.9343202873223642e-05
0.46875 2.9347898912762906e-05
0.46999999999999997 2.9352410086194972e-05
0.47124999999999995 2.9356736478743511e-05
0.47249999999999998 2.9360878172092197e-05
0.47375 2.9364835244392403e-05
0.47499999999999998 2.9368607770270621e-05
0.47624999999999995 2.9372195820835563e-05
0.47749999999999998 2.9375599463684823e-05
0.47875000000000001 2.9378818762911313e-05
0.47999999999999998 2.938185377910931e-05
0.48124999999999996 2.9384704569380139e-05
0.48249999999999998 2.9387371187337599e-05
0.48375000000000001 2.9389853683112989e-05
0.48499999999999999 2.9392152103359837e-05
0.48624999999999996 2.9394266491258294e-05
0.48749999999999999 2.9396196886519178e-05
0.48875000000000002 2.939794332538775e-05
0.48999999999999999 2.9399505840647053e-05
0.49124999999999996 2.9400884461621052e-05
0.49249999999999999 2.940207921417736e-05
0.49375000000000002 2.9403090120729658e-05
0.495 2.940391720023984e-05
0.49624999999999997 2.9404560468219722e-05
0.4975 2.940501993673257e-05
0.49875000000000003 2.9405295614394184e-05
0.5 2.9405387506373727e-05
0.50124999999999997 2.9405295614394184e-05
0.50249999999999995 2.940501993673257e-05
0.50374999999999992 2.9404560468219722e-05
0.505 2.940391720023984e-05
0.50625000000000009 2.9403090120729658e-05
0.50750000000000006 2.9402079214177353e-05
0.50875000000000004 2.9400884461621052e-05
0.51000000000000001 2.9399505840647053e-05
0.51124999999999998 2.939794332538775e-05
0.51249999999999996 2.9396196886519184e-05
0.51374999999999993 2.9394266491258294e-05
0.51500000000000001 2.9392152103359837e-05
0.5162500000000001 2.9389853683112989e-05
0.51750000000000007 2.9387371187337599e-05
0.51875000000000004 2.9384704569380139e-05
0.52000000000000002 2.938185377910931e-05
0.52124999999999999 2.9378818762911313e-05
0.52249999999999996 2.9375599463684823e-05
0.52374999999999994 2.9372195820835563e-05
0.52500000000000002 2.9368607770270621e-05
0.52625000000000011 2.9364835244392403e-05
0.52750000000000008 2.9360878172092197e-05
0.52875000000000005 2.9356736478743511e-05
0.53000000000000003 2.9352410086194972e-05
0.53125 2.9347898912762906e-05
0.53249999999999997 2.9343202873223642e-05
0.53374999999999995 2.9338321878805374e-05
0.53500000000000003 2.9333255837179751e-05
0.53625000000000012 2.932800465245309e-05
0.53750000000000009 2.9322568225157226e-05
0.53875000000000006 2.9316946452240045e-05
0.54000000000000004 2.9311139227055646e-05
0.54125000000000001 2.9305146439354131e-05
0.54249999999999998 2.9298967975271074e-05
0.54374999999999996 2.9292603717316597e-05
0.54500000000000004 2.9286053544364083e-05
0.54625000000000012 2.9279317331638555e-05
0.5475000000000001 2.9272394950704669e-05
0.54875000000000007 2.9265286269454293e-05
0.55000000000000004 2.9257991152093818e-05
0.55125000000000002 2.9250509459130965e-05
0.55249999999999999 2.9242841047361318e-05
0.55374999999999996 2.9234985769854418e-05
0.55500000000000005 2.9226943475939455e-05
0.55625000000000013 2.9218714011190674e-05
0.55750000000000011 2.9210297217412218e-05
0.55875000000000008 2.920169293262276e-05
0.56000000000000005 2.9192900991039583e-05
0.56125000000000003 2.9183921223062367e-05
0.5625 2.9174753455256481e-05
0.56374999999999997 2.9165397510335947e-05
0.56499999999999995 2.91558532071459e-05
0.56624999999999992 2.9146120360644745e-05
0.56749999999999989 2.9136198781885744e-05
0.56874999999999987 2.9126088277998303e-05
0.56999999999999995 2.911578865216878e-05
0.57125000000000004 2.9105299703620821e-05
0.57250000000000001 2.9094621227595319e-05
0.57374999999999998 2.9083753015329879e-05
0.57499999999999996 2.9072694854037873e-05
0.57624999999999993 2.906144652688696e-05
0.5774999999999999 2.9050007812977263e-05
0.57874999999999988 2.9038378487318986e-05
0.57999999999999996 2.9026558320809588e-05
0.58125000000000004 2.9014547080210476e-05
0.58250000000000002 2.9002344528123239e-05
0.58374999999999999 2.8989950422965372e-05
0.58499999999999996 2.8977364518945475e-05
0.58624999999999994 2.8964586566038023e-05
0.58749999999999991 2.8951616309957551e-05
0.58874999999999988 2.8938453492132399e-05
0.58999999999999997 2.8925097849677886e-05
0.59125000000000005 2.891154911536893e-05
0.59250000000000003 2.8897807017612257e-05
0.59375 2.8883871280417901e-05
0.59499999999999997 2.8869741623370304e-05
0.59624999999999995 2.8855417761598773e-05
0.59749999999999992 2.884089940574739e-05
0.59874999999999989 2.8826186261944367e-05
0.59999999999999998 2.8811278031770823e-05
0.60125000000000006 2.8796174412228959e-05
0.60250000000000004 2.8780875095709654e-05
0.60375000000000001 2.876537976995941e-05
0.60499999999999998 2.8749688118046781e-05
0.60624999999999996 2.8733799818328068e-05
0.60749999999999993 2.8717714544412483e-05
0.6087499999999999 2.8701431965126587e-05
0.60999999999999999 2.8684951744478148e-05
0.61125000000000007 2.8668273541619312e-05
0.61250000000000004 2.8651397010809089e-05
0.61375000000000002 2.863432180137518e-05
0.61499999999999999 2.8617047557675131e-05
0.61624999999999996 2.8599573919056734e-05
0.61749999999999994 2.8581900519817782e-05
0.61874999999999991 2.8564026989165066e-05
0.62 2.8545952951172605e-05
0.62125000000000008 2.8527678024739235e-05
0.62250000000000005 2.8509201823545324e-05
0.62375000000000003 2.8490523956008775e-05
0.625 2.8471644025240275e-05
0.62624999999999997 2.845256162899766e-05
0.62749999999999995 2.84332763596396e-05
0.62874999999999992 2.8413787804078328e-05
0.63 2.8394095543731624e-05
0.63125000000000009 2.8374199154473945e-05
0.63250000000000006 2.8354098206586645e-05
0.63375000000000004 2.8333792264707348e-05
0.63500000000000001 2.8313280887778441e-05
0.63624999999999998 2.8292563628994635e-05
0.63749999999999996 2.8271640035749607e-05
0.63874999999999993 2.8250509649581725e-05
0.64000000000000001 2.8229172006118777e-05
0.6412500000000001 2.8207626635021778e-05
0.64250000000000007 2.818587305992773e-05
0.64375000000000004 2.816391079839144e-05
0.64500000000000002 2.8141739361826229e-05
0.64624999999999999 2.8119358255443706e-05
0.64749999999999996 2.8096766978192352e-05
0.64874999999999994 2.8073965022695143e-05
0.65000000000000002 2.8050951875185983e-05
0.65125000000000011 2.8027727015445083e-05
0.65250000000000008 2.8004289916733112e-05
0.65375000000000005 2.7980640045724292e-05
0.65500000000000003 2.79567768624382e-05
0.65625 2.7932699820170448e-05
0.65749999999999997 2.7908408365422062e-05
0.65874999999999995 2.7883901937827678e-05
0.66000000000000003 2.7859179970082394e-05
0.66125000000000012 2.7834241887867356e-05
0.66250000000000009 2.7809087109774029e-05
0.66375000000000006 2.7783715047227038e-05
0.66500000000000004 2.7758125104405741e-05
0.66625000000000001 2.7732316678164304e-05
0.66749999999999998 2.7706289157950404e-05
0.66874999999999996 2.7680041925722404e-05
0.67000000000000004 2.7653574355865102e-05
0.67125000000000012 2.7626885815103915e-05
0.67187500000000011 2.7613458480620231e-05
0.6725000000000001 2.7599975662417531e-05
0.67312500000000008 2.7586437279143125e-05
0.67375000000000007 2.7572843248948955e-05
0.67437500000000006 2.7559193489488722e-05
0.67500000000000004 2.7545487917914982e-05
0.67562500000000003 2.7531726450876221e-05
0.67625000000000002 2.7517909004513955e-05
0.676875 2.7504035494459673e-05
0.67749999999999999 2.7490105835831919e-05
0.67812499999999998 2.7476119943233208e-05
0.67874999999999996 2.7462077730746999e-05
0.67937500000000006 2.7447979111934592e-05
0.68000000000000005 2.743382399983203e-05
0.68062500000000004 2.7419612306946966e-05
0.68125000000000013 2.7405343945255458e-05
0.68187500000000012 2.7391018826198805e-05
0.68250000000000011 2.7376636860680312e-05
0.68312500000000009 2.7362197959062015e-05
0.68375000000000008 2.7347702031161408e-05
0.68437500000000007 2.7333148986248137e-05
0.68500000000000005 2.7318538733040605e-05
0.68562500000000004 2.730387117970266e-05
0.68625000000000003 2.7289146233840113e-05
0.68687500000000001 2.7274363802497351e-05
0.6875 2.725952379215382e-05
0.68812499999999999 2.7244626108720556e-05
0.68874999999999997 2.7229670657536606e-05
0.68937499999999996 2.7214657343365501e-05
0.68999999999999995 2.7199586070391587e-05
0.69062499999999993 2.7184456742216459e-05
0.69124999999999992 2.7169269261855207e-05
0.69187499999999991 2.715402353173278e-05
0.69249999999999989 2.7138719453680201e-05
0.69312499999999988 2.7123356928930789e-05
0.69374999999999987 2.7107935858116351e-05
0.69437499999999996 2.7092456141263339e-05
0.69499999999999995 2.7076917677788959e-05
0.69562499999999994 2.7061320366497227e-05
0.69625000000000004 2.7045664105575036e-05
0.69687500000000002 2.7029948792588151e-05
0.69750000000000001 2.7014174324477141e-05
0.698125 2.6998340597553357e-05
0.69874999999999998 2.6982447507494759e-05
0.69937499999999997 2.6966494949341815e-05
0.69999999999999996 2.6950482817493273e-05
0.70062499999999994 2.6934411005701939e-05
0.70124999999999993 2.6918279407070396e-05
0.70187499999999992 2.6902087914046703e-05
0.7024999999999999 2.688583641842002e-05
0.70312499999999989 2.6869524811316217e-05
0.70374999999999988 2.685315298319343e-05
0.70437499999999997 2.6836720823837582e-05
0.70499999999999996 2.6820228222357842e-05
0.70562499999999995 2.680367506718207e-05
0.70625000000000004 2.6787061246052171e-05
0.70687500000000003 2.6770386646019468e-05
0.70750000000000002 2.6753651153439975e-05
0.708125 2.6736854653969635e-05
0.70874999999999999 2.671999703255953e-05
0.70937499999999998 2.6703078173451045e-05
0.70999999999999996 2.6686097960170952e-05
0.71062499999999995 2.6669056275526467e-05
0.71124999999999994 2.6651953001600279e-05
0.71187499999999992 2.6634788019745482e-05
0.71249999999999991 2.6617561210580509e-05
0.7131249999999999 2.6600272453983961e-05
0.71374999999999988 2.6582921629089418e-05
0.71437499999999998 2.6565508614280237e-05
0.71499999999999997 2.6548033287184194e-05
0.71562499999999996 2.6530495524668165e-05
0.71625000000000005 2.651289520283271e-05
0.71687500000000004 2.6495232197006641e-05
0.71750000000000003 2.6477506381741468e-05
0.71812500000000001 2.6459717630805842e-05
0.71875 2.6441865817179962e-05
0.71937499999999999 2.6423950813049846e-05
0.71999999999999997 2.6405972489801624e-05
0.72062499999999996 2.6387930718015718e-05
0.72124999999999995 2.636982536746101e-05
0.72187499999999993 2.6351656307088892e-05
0.72249999999999992 2.6333423405027307e-05
0.72312499999999991 2.6315126528574735e-05
0.72374999999999989 2.629676554419403e-05
0.72437499999999999 2.6278340317506307e-05
0.72499999999999998 2.6259850713284723e-05
0.72562499999999996 2.6241296595448127e-05
0.72625000000000006 2.6222677827054777e-05
0.72687500000000005 2.6203994270295846e-05
0.72750000000000004 2.6185245786488998e-05
0.72812500000000002 2.6166432236071804e-05
0.72875000000000001 2.6147553478595087e-05
0.729375 2.6128609372716297e-05
0.72999999999999998 2.6109599776192667e-05
0.73062499999999997 2.6090524545874455e-05
0.73124999999999996 2.6071383537697995e-05
0.73187499999999994 2.6052176606678714e-05
0.73249999999999993 2.6032903606904095e-05
0.73312499999999992 2.6013564391526539e-05
0.7337499999999999 2.5994158812756188e-05
0.734375 2.5974686721853596e-05
0.73499999999999999 2.595514796912243e-05
0.73562499999999997 2.593554240390198e-05
0.73625000000000007 2.5915869874559677e-05
0.73687500000000006 2.5896130228483512e-05
0.73750000000000004 2.5876323312074301e-05
0.73812500000000003 2.5856448970737989e-05
0.73875000000000002 2.5836507048877757e-05
0.739375 2.5816497389886136e-05
0.73999999999999999 2.5796419836136954e-05
0.74062499999999998 2.5776274228977266e-05
0.74124999999999996 2.5756060408719153e-05
0.74187499999999995 2.5735778214631428e-05
0.74249999999999994 2.5715427484931297e-05
0.74312499999999992 2.5695008056775889e-05
0.74374999999999991 2.567451976625367e-05
0.74437500000000001 2.5653962448375842e-05
0.745 2.5633335937067576e-05
0.74562499999999998 2.5612640065159187e-05
0.74625000000000008 2.559187466437717e-05
0.74687500000000007 2.5571039565335186e-05
0.74750000000000005 2.5550134597524923e-05
0.74812500000000004 2.552915958930684e-05
0.74875000000000003 2.5508114367900855e-05
0.74937500000000001 2.5486998759376858e-05
0.75 2.5465812588645193e-05
0.75062499999999999 2.5444555679446981e-05
0.75124999999999997 2.5423227854344344e-05
0.75187499999999996 2.5401828934710542e-05
0.75249999999999995 2.5380358740719962e-05
0.75312499999999993 2.5358817091338028e-05
0.75374999999999992 2.5337203804310967e-05
0.75437500000000002 2.5315518696155476e-05
0.755 2.5293761582148274e-05
0.75562499999999999 2.5271932276315509e-05
0.75625000000000009 2.5250030591422062e-05
0.75687500000000008 2.5228056338960749e-05
0.75750000000000006 2.5206009329141333e-05
0.75812500000000005 2.5183889370879499e-05
0.75875000000000004 2.5161696271785618e-05
0.75937500000000002 2.51394298381534e-05
0.76000000000000001 2.5117089874948497e-05
0.760625 2.5094676185796812e-05
0.76124999999999998 2.5072188572972843e-05
0.76187499999999997 2.5049626837387769e-05
0.76249999999999996 2.5026990778577437e-05
0.76312499999999994 2.500428019469022e-05
0.76374999999999993 2.4981494882474711e-05
0.76437500000000003 2.4958634637267269e-05
0.76500000000000001 2.4935699252979454e-05
0.765625 2.4912688522085237e-05
0.7662500000000001 2.4889602235608145e-05
0.76687500000000008 2.4866440183108187e-05
0.76750000000000007 2.4843202152668644e-05
0.76812500000000006 2.4819887930882714e-05
0.76875000000000004 2.4796497302839971e-05
0.76937500000000003 2.4773030052112669e-05
0.77000000000000002 2.4749485960741892e-05
0.770625 2.4725864809223509e-05
0.77124999999999999 2.4702166376493987e-05
0.77187499999999998 2.4678390439916001e-05
0.77249999999999996 2.4654536775263904e-05
0.77312499999999995 2.4630605156708954e-05
0.77374999999999994 2.4606595356804449e-05
0.77437500000000004 2.458250714647059e-05
0.77500000000000002 2.4558340294979222e-05
0.77562500000000001 2.4534094569938329e-05
0.77625000000000011 2.4509769737276399e-05
0.77687500000000009 2.4485365561226513e-05
0.77750000000000008 2.4460881804310323e-05
0.77812500000000007 2.4436318227321757e-05
0.77875000000000005 2.441167458931054e-05
0.77937500000000004 2.4386950647565543e-05
0.78000000000000003 2.4362146157597853e-05
0.78062500000000001 2.4337260873123695e-05
0.78125 2.4312294546047068e-05
0.78187499999999999 2.4287246926442231e-05
0.78249999999999997 2.4262117762535901e-05
0.78312499999999996 2.4236906800689266e-05
0.78374999999999995 2.4211613785379739e-05
0.78437500000000004 2.4186238459182476e-05
0.78500000000000003 2.4160780562751691e-05
0.78562500000000002 2.4135239834801672e-05
0.78625000000000012 2.4109616012087578e-05
0.7868750000000001 2.4083908829386009e-05
0.78750000000000009 2.4058118019475254e-05
0.78812500000000008 2.4032243313115349e-05
0.78875000000000006 2.4006284439027836e-05
0.78937500000000005 2.3980241123875248e-05
0.79000000000000004 2.395411309224034e-05
0.79062500000000002 2.3927900066605042e-05
0.79125000000000001 2.390160176732911e-05
0.791875 2.3875217912628515e-05
0.79249999999999998 2.3848748218553527e-05
0.79312499999999997 2.3822192398966506e-05
0.79374999999999996 2.3795550165519396e-05
0.79437500000000005 2.3768821227630902e-05
0.79500000000000004 2.3742005292463398e-05
0.79562500000000003 2.3715102064899439e-05
0.79625000000000012 2.3688111247518021e-05
0.79687500000000011 2.3661032540570528e-05
0.7975000000000001 2.3633865641956247e-05
0.79812500000000008 2.3606610247197658e-05
0.79875000000000007 2.3579266049415319e-05
0.79937500000000006 2.3551832739302419e-05
0.80000000000000004 2.3524310005098977e-05
0.80062500000000003 2.3496697532565667e-05
0.80125000000000002 2.3468995004957282e-05
0.801875 2.344120210299586e-05
0.80249999999999999 2.341331850484335e-05
0.80312499999999998 2.3385343886073979e-05
0.80374999999999996 2.3357277919646166e-05
0.80437500000000006 2.3329120275874045e-05
0.80500000000000005 2.3300870622398641e-05
0.80562500000000004 2.3272528624158519e-05
0.80625000000000013 2.32440939433601e-05
0.80687500000000012 2.321556623944756e-05
0.80750000000000011 2.3186945169072184e-05
0.80812500000000009 2.3158230386061395e-05
0.80875000000000008 2.3129421541387278e-05
0.80937500000000007 2.310051828313463e-05
0.81000000000000005 2.3071520256468575e-05
0.81062500000000004 2.3042427103601686e-05
0.81125000000000003 2.3013238463760594e-05
0.81187500000000001 2.2983953973152172e-05
0.8125 2.2954573264929149e-05
0.81312499999999999 2.2925095969155232e-05
0.81374999999999997 2.289552171276973e-05
0.81437499999999996 2.2865850119551596e-05
0.81499999999999995 2.283608081008298e-05
0.81562499999999993 2.280621340171221e-05
0.81624999999999992 2.2776247508516195e-05
0.81687499999999991 2.2746182741262273e-05
0.81749999999999989 2.2716018707369483e-05
0.81812499999999988 2.2685755010869217e-05
0.81874999999999987 2.2655391252365307e-05
0.81937499999999996 2.2624927028993434e-05
0.81999999999999995 2.2594361934380003e-05
0.82062499999999994 2.2563695558600273e-05
0.82125000000000004 2.2532927488135892e-05
0.82187500000000002 2.2502057305831784e-05
0.82250000000000001 2.247108459085231e-05
0.823125 2.2440008918636766e-05
0.82374999999999998 2.2408829860854184e-05
0.82437499999999997 2.2377546985357388e-05
0.82499999999999996 2.234615985613636e-05
0.82562499999999994 2.2314668033270801e-05
0.82624999999999993 2.2283071072881992e-05
0.82687499999999992 2.225136852708385e-05
0.8274999999999999 2.2219559943933189e-05
0.82812499999999989 2.2187644867379185e-05
0.82874999999999988 2.2155622837212012e-05
0.82937499999999997 2.2123493389010642e-05
0.82999999999999996 2.2091256054089819e-05
0.83062499999999995 2.2058910359446082e-05
0.83125000000000004 2.2026455827702964e-05
0.83187500000000003 2.1993891977055302e-05
0.83250000000000002 2.1961218321212507e-05
0.833125 2.1928434369341044e-05
0.83374999999999999 2.1895539626005799e-05
0.83437499999999998 2.1862533591110558e-05
0.83499999999999996 2.1829415759837464e-05
0.83562499999999995 2.179618562258538e-05
0.83624999999999994 2.1762842664907317e-05
0.83687499999999992 2.1729386367446685e-05
0.83749999999999991 2.1695816205872513e-05
0.8381249999999999 2.1662131650813542e-05
0.83874999999999988 2.1628332167791171e-05
0.83937499999999998 2.1594417217151232e-05
0.83999999999999997 2.1560386253994619e-05
0.84062499999999996 2.1526238728106629e-05
0.84125000000000005 2.1491974083885124e-05
0.84187500000000004 2.1457591760267447e-05
0.84250000000000003 2.1423091190655933e-05
0.84312500000000001 2.138847180284224e-05
0.84375 2.1353733018930203e-05
0.84437499999999999 2.131887425525742e-05
0.84499999999999997 2.1283894922315326e-05
0.84562499999999996 2.1248794424667899e-05
0.84624999999999995 2.1213572160868856e-05
0.84687499999999993 2.1178227523377345e-05
0.84749999999999992 2.1142759898472104e-05
0.84812499999999991 2.110716866616406e-05
0.84874999999999989 2.1071453200107259e-05
0.84937499999999999 2.1035612867508226e-05
0.84999999999999998 2.0999647029033606e-05
0.85062499999999996 2.0963555038716064e-05
0.85125000000000006 2.0927336243858411e-05
0.85187500000000005 2.089098998493603e-05
0.85250000000000004 2.0854515595497297e-05
0.85312500000000002 2.0817912402062256e-05
0.85375000000000001 2.078117972401928e-05
0.854375 2.0744316873519784e-05
0.85499999999999998 2.0707323155370905e-05
0.85562499999999997 2.0670197866926132e-05
0.85624999999999996 2.0632940297973776e-05
0.85687499999999994 2.0595549730623305e-05
0.85749999999999993 2.055802543918944e-05
0.85812499999999992 2.0520366690073979e-05
0.8587499999999999 2.048257274164528e-05
0.859375 2.0444642844115365e-05
0.85999999999999999 2.0406576239414587e-05
0.86062499999999997 2.0368372161063769e-05
0.86125000000000007 2.0330029834043771e-05
0.86187500000000006 2.0291548474662483e-05
0.86250000000000004 2.0252927290419033e-05
0.86312500000000003 2.0214165479865288e-05
0.86375000000000002 2.0175262232464539e-05
0.864375 2.0136216728447216e-05
0.86499999999999999 2.0097028138663689e-05
0.86562499999999998 2.0057695624433968e-05
0.86624999999999996 2.0018218337394318e-05
0.86687499999999995 1.9978595419340613e-05
0.86749999999999994 1.9938826002068431e-05
0.86812499999999992 1.9898909207209766e-05
0.86874999999999991 1.9858844146066262e-05
0.86937500000000001 1.9818629919438868e-05
0.87 1.9778265617453924e-05
0.87062499999999998 1.973775031938538e-05
0.87125000000000008 1.9697083093473255e-05
0.87187500000000007 1.9656262996738146e-05
0.87250000000000005 1.9615289074791629e-05
0.87312500000000004 1.9574160361642523e-05
0.87375000000000003 1.9532875879498902e-05
0.87406249999999996 1.9512174916217678e-05
0.87437500000000001 1.9491434638565668e-05
0.87468750000000006 1.9470654920909034e-05
0.875 1.9449835636837656e-05
0.87531249999999994 1.942897665915834e-05
0.87562499999999999 1.9408077859888073e-05
0.87593750000000004 1.9387139110247141e-05
0.87624999999999997 1.9366160280652182e-05
0.87656249999999991 1.9345141240709116e-05
0.87687499999999996 1.9324081859206083e-05
0.87718750000000001 1.9302982004106242e-05
0.87749999999999995 1.9281841542540487e-05
0.87781249999999988 1.9260660340800095e-05
0.87812499999999993 1.9239438264329281e-05
0.87843749999999998 1.9218175177717694e-05
0.87874999999999992 1.919687094469279e-05
0.87906249999999997 1.9175525428112117e-05
0.87937500000000002 1.915413848995557e-05
0.87968749999999996 1.9132709991317477e-05
0.88 1.9111239792398612e-05
0.88031250000000005 1.9089727752498184e-05
0.88062499999999999 1.906817373000565e-05
0.88093750000000004 1.904657758239244e-05
0.88125000000000009 1.9024939166203658e-05
0.88156250000000003 1.9003258337049582e-05
0.88187500000000008 1.8981534949597128e-05
0.88218750000000012 1.8959768857561242e-05
0.88250000000000006 1.8937959913696085e-05
0.8828125 1.8916107969786208e-05
0.88312500000000005 1.8894212876637581e-05
0.8834375000000001 1.8872274484068532e-05
0.88375000000000004 1.8850292640900564e-05
0.88406249999999997 1.8828267194949048e-05
0.88437500000000002 1.8806197993013829e-05
0.88468750000000007 1.8784084880869743e-05
0.88500000000000001 1.8761927703256932e-05
0.88531249999999995 1.8739726303871129e-05
0.885625 1.8717480525353768e-05
0.88593750000000004 1.869519020928202e-05
0.88624999999999998 1.8672855196158677e-05
0.88656249999999992 1.8650475325401888e-05
0.88687499999999997 1.8628050435334815e-05
0.88718750000000002 1.8605580363175167e-05
0.88749999999999996 1.8583064945024549e-05
0.88781249999999989 1.8560504015857697e-05
0.88812499999999994 1.853789740951162e-05
0.88843749999999999 1.8515244958674575e-05
0.88874999999999993 1.8492546494874909e-05
0.88906249999999998 1.8469801848469691e-05
0.88937500000000003 1.8447010848633374e-05
0.88968749999999996 1.8424173323346139e-05
0.89000000000000001 1.8401289099382141e-05
0.89031250000000006 1.8378358002297684e-05
0.890625 1.8355379856419139e-05
0.89093750000000005 1.8332354484830751e-05
0.8912500000000001 1.8309281709362323e-05
0.89156250000000004 1.8286161350576679e-05
0.89187500000000008 1.826299322775698e-05
0.89218750000000013 1.823977715889394e-05
0.89250000000000007 1.8216512960672792e-05
0.89281250000000001 1.8193200448460114e-05
0.89312500000000006 1.8169839436290496e-05
0.89343750000000011 1.8146429736853035e-05
0.89375000000000004 1.8122971161477632e-05
0.89406249999999998 1.80994635201211e-05
0.89437500000000003 1.8075906621353118e-05
0.89468750000000008 1.8052300272342004e-05
0.89500000000000002 1.8028644278840271e-05
0.89531249999999996 1.8004938445169968e-05
0.895625 1.7981182574207894e-05
0.89593750000000005 1.7957376467370564e-05
0.89624999999999999 1.7933519924599019e-05
0.89656249999999993 1.7909612744343319e-05
0.89687499999999998 1.7885654723546956e-05
0.89718750000000003 1.7861645657631025e-05
0.89749999999999996 1.7837585340478126e-05
0.8978124999999999 1.7813473564416055e-05
0.89812499999999995 1.7789310120201334e-05
0.8984375 1.7765094797002473e-05
0.89874999999999994 1.7740827382382994e-05
0.89906249999999999 1.771650766228419e-05
0.89937500000000004 1.7692135421007761e-05
0.89968749999999997 1.7667710441198077e-05
0.90000000000000002 1.7643232503824235e-05
0.90031250000000007 1.7618701388161932e-05
0.90062500000000001 1.7594116871774995e-05
0.90093750000000006 1.7569478730496652e-05
0.90125000000000011 1.7544786738410638e-05
0.90156250000000004 1.752004066783192e-05
0.90187500000000009 1.7495240289287177e-05
0.90218750000000014 1.7470385371495071e-05
0.90250000000000008 1.744547568134615e-05
0.90281250000000002 1.7420510983882458e-05
0.90312500000000007 1.7395491042276941e-05
0.90343750000000012 1.7370415617812489e-05
0.90375000000000005 1.7345284469860673e-05
0.90406249999999999 1.732009735586017e-05
0.90437500000000004 1.72948540312949e-05
0.90468750000000009 1.7269554249671854e-05
0.90500000000000003 1.7244197762498549e-05
0.90531249999999996 1.7218784319260157e-05
0.90562500000000001 1.719331366739633e-05
0.90593750000000006 1.7167785552277676e-05
0.90625 1.7142199717181869e-05
0.90656249999999994 1.7116555903269343e-05
0.90687499999999999 1.709085384955876e-05
0.90718750000000004 1.7065093292902012e-05
0.90749999999999997 1.7039273967958851e-05
0.90781249999999991 1.7013395607171125e-05
0.90812499999999996 1.6987457940736677e-05
0.90843750000000001 1.6961460696582837e-05
0.90874999999999995 1.6935403600339445e-05
0.9090625 1.6909286375311479e-05
0.90937500000000004 1.6883108742451358e-05
0.90968749999999998 1.685687042033068e-05
0.91000000000000003 1.6830571125111589e-05
0.91031250000000008 1.6804210570517708e-05
0.91062500000000002 1.6777788467804612e-05
0.91093750000000007 1.6751304525729756e-05
0.91125000000000012 1.6724758450522081e-05
0.91156250000000005 1.6698149945851012e-05
0.9118750000000001 1.6671478712795011e-05
0.91218750000000015 1.6644744449809644e-05
0.91250000000000009 1.6617946852695123e-05
0.91281250000000003 1.6591085614563301e-05
0.91312500000000008 1.6564160425804178e-05
0.91343750000000012 1.653717097405188e-05
0.91375000000000006 1.6510116944150028e-05
0.9140625 1.6482998018116557e-05
0.91437500000000005 1.6455813875108012e-05
0.9146875000000001 1.6428564191383224e-05
0.91500000000000004 1.6401248640266383e-05
0.91531249999999997 1.6373866892109492e-05
0.91562500000000002 1.6346418614254242e-05
0.91593750000000007 1.6318903470993211e-05
0.91625000000000001 1.6291321123530467e-05
0.91656249999999995 1.6263671229941428e-05
0.916875 1.6235953445132121e-05
0.91718750000000004 1.620816742079774e-05
0.91749999999999998 1.6180312805380496e-05
0.91781249999999992 1.6152389244026707e-05
0.91812499999999997 1.6124396378543219e-05
0.91843750000000002 1.6096333847353079e-05
0.91874999999999996 1.6068201285450407e-05
0.9190625 1.6039998324354476e-05
0.91937500000000005 1.6011724592063074e-05
0.91968749999999999 1.5983379713004989e-05
0.92000000000000004 1.5954963307991653e-05
0.92031250000000009 1.5926474994168018e-05
0.92062500000000003 1.5897914384962496e-05
0.92093750000000008 1.5869281090035999e-05
0.92125000000000012 1.584057471523018e-05
0.92156250000000006 1.5811794862514636e-05
0.92187500000000011 1.5782941129933204e-05
0.92218750000000016 1.5754013111549354e-05
0.9225000000000001 1.5725010397390515e-05
0.92281250000000004 1.5695932573391402e-05
0.92312500000000008 1.5666779221336377e-05
0.92343750000000013 1.5637549918800709e-05
0.92375000000000007 1.5608244239090754e-05
0.92406250000000001 1.5578861751183056e-05
0.92437500000000006 1.554940201966228e-05
0.92468750000000011 1.551986460465809e-05
0.92500000000000004 1.5490249061780764e-05
0.92531249999999998 1.546055494205559e-05
0.92562500000000003 1.5430781791856089e-05
0.92593750000000008 1.5400929152836012e-05
0.92625000000000002 1.5370996561859937e-05
0.92656249999999996 1.5340983550932599e-05
0.926875 1.5310889647126893e-05
0.92718750000000005 1.5280714372510507e-05
0.92749999999999999 1.5250457244071078e-05
0.92781249999999993 1.5220117773639914e-05
0.92812499999999998 1.5189695467814277e-05
0.92843750000000003 1.5159189827878148e-05
0.92874999999999996 1.5128600349721389e-05
0.92906250000000001 1.5097926523757303e-05
0.92937500000000006 1.506716783483868e-05
0.9296875 1.5036323762172037e-05
0.93000000000000005 1.5005393779230182e-05
0.9303125000000001 1.4974377353663127e-05
0.93062500000000004 1.4943273947207064e-05
0.93093750000000008 1.4912083015591555e-05
0.93125000000000013 1.4880804008444896e-05
0.93156250000000007 1.4849436369197456e-05
0.93187500000000012 1.4817979534983072e-05
0.93218750000000017 1.4786432936538445e-05
0.93250000000000011 1.4754795998100404e-05
0.93281250000000004 1.4723068137301044e-05
0.93312500000000009 1.4691248765060692e-05
0.93343750000000014 1.465933728547863e-05
0.93375000000000008 1.4627333095721509e-05
0.93406250000000002 1.4595235585909338e-05
0.93437500000000007 1.4563044138999146e-05
0.93468750000000012 1.4530758130666103e-05
0.93500000000000005 1.4498376929182103e-05
0.93531249999999999 1.4465899895291666e-05
0.93562500000000004 1.4433326382085226e-05
0.93593750000000009 1.440065573486965e-05
0.93625000000000003 1.4367887291035865e-05
0.93656249999999996 1.4335020379923583e-05
0.93687500000000001 1.430205432268307e-05
0.93718750000000006 1.4268988432133833e-05
0.9375 1.4235822012620137e-05
0.93781249999999994 1.4202554359863212e-05
0.93812499999999999 1.4169184760810256e-05
0.93843750000000004 1.4135712493479918e-05
0.93874999999999997 1.4102136826804301e-05
0.93906249999999991 1.4068457020467265e-05
0.93937499999999996 1.4034672324739101e-05
0.93968750000000001 1.4000781980307362e-05
0.93999999999999995 1.3966785218103707e-05
0.94031249999999988 1.3932681259126678e-05
0.94062499999999993 1.3898469314260393e-05
0.94093749999999998 1.3864148584088907e-05
0.94124999999999992 1.3829718258706148e-05
0.94156249999999986 1.3795177517521288e-05
0.94171874999999994 1.3777865481597877e-05
0.94187499999999991 1.3760525529059484e-05
0.94203124999999988 1.3743157554237635e-05
0.94218749999999996 1.3725761450757824e-05
0.94234374999999992 1.3708337111532899e-05
0.94249999999999989 1.3690884428756251e-05
0.94265624999999986 1.3673403293895059e-05
0.94281249999999983 1.3655893597683378e-05
0.94296874999999991 1.3638355230115135e-05
0.94312499999999988 1.3620788080437119e-05
0.94328124999999985 1.3603192037141746e-05
0.94343749999999993 1.3585566987959856e-05
0.9435937499999999 1.3567912819853416e-05
0.94374999999999987 1.3550229419008021e-05
0.94390624999999995 1.3532516670825407e-05
0.94406249999999992 1.3514774459915882e-05
0.94421874999999988 1.349700267009055e-05
0.94437499999999996 1.3479201184353532e-05
0.94453124999999993 1.3461369884894102e-05
0.9446874999999999 1.3443508653078617e-05
0.94484374999999998 1.3425617369442453e-05
0.94499999999999995 1.3407695913681819e-05
0.94515624999999992 1.3389744164645385e-05
0.9453125 1.3371762000325888e-05
0.94546874999999997 1.3353749297851661e-05
0.94562499999999994 1.3335705933477901e-05
0.94578125000000002 1.3317631782577978e-05
0.94593749999999999 1.3299526719634592e-05
0.94609374999999996 1.3281390618230738e-05
0.94625000000000004 1.3263223351040647e-05
0.94640625 1.3245024789820603e-05
0.94656249999999997 1.3226794805399547e-05
0.94671875000000005 1.3208533267669651e-05
0.94687500000000002 1.3190240045576785e-05
0.94703124999999999 1.3171915007110722e-05
0.94718750000000007 1.3153558019295355e-05
0.94734375000000004 1.3135168948178769e-05
0.94750000000000001 1.3116747658823051e-05
0.94765624999999998 1.3098294015294127e-05
0.94781249999999995 1.3079807880651365e-05
0.94796875000000003 1.3061289116937062e-05
0.948125 1.3042737585165835e-05
0.94828124999999996 1.3024153145313755e-05
0.94843750000000004 1.3005535656307442e-05
0.94859375000000001 1.2986884976013006e-05
0.94874999999999998 1.2968200961224732e-05
0.94890624999999995 1.294948346765374e-05
0.94906249999999992 1.2930732349916406e-05
0.94921875 1.2911947461522647e-05
0.94937499999999997 1.2893128654864096e-05
0.94953124999999994 1.2874275781201978e-05
0.94968750000000002 1.2855388690654957e-05
0.94984374999999999 1.2836467232186777e-05
0.94999999999999996 1.2817511253593662e-05
0.95015624999999992 1.2798520601491609e-05
0.95031249999999989 1.2779495121303492e-05
0.95046874999999997 1.2760434657245956e-05
0.95062499999999994 1.2741339052316192e-05
0.95078124999999991 1.2722208148278403e-05
0.95093749999999999 1.2703041785650178e-05
0.95109374999999996 1.2683839803688688e-05
0.95124999999999993 1.2664602040376564e-05
0.9514062499999999 1.2645328332407691e-05
0.95156249999999987 1.2626018515172738e-05
0.95171874999999995 1.2606672422744484e-05
0.95187499999999992 1.2587289887862985e-05
0.95203124999999988 1.2567870741920407e-05
0.95218749999999996 1.254841481494573e-05
0.95234374999999993 1.2528921935589275e-05
0.9524999999999999 1.2509391931106815e-05
0.95265624999999987 1.2489824627343662e-05
0.95281249999999984 1.2470219848718382e-05
0.95296874999999992 1.2450577418206308e-05
0.95312499999999989 1.2430897157322872e-05
0.95328124999999986 1.241117888610653e-05
0.95343749999999994 1.2391422423101578e-05
0.95359374999999991 1.2371627585340689e-05
0.95374999999999988 1.2351794188327072e-05
0.95390624999999996 1.2331922046016489e-05
0.95406249999999992 1.2312010970798986e-05
0.95421874999999989 1.2292060773480232e-05
0.95437499999999997 1.2272071263262676e-05
0.95453124999999994 1.225204224772645e-05
0.95468749999999991 1.2231973532809809e-05
0.95484374999999999 1.221186492278943e-05
0.95499999999999996 1.2191716220260383e-05
0.95515624999999993 1.2171527226115673e-05
0.95531250000000001 1.2151297739525576e-05
0.95546874999999998 1.213102755791667e-05
0.95562499999999995 1.211071647695039e-05
0.95578125000000003 1.2090364290501384e-05
0.9559375 1.2069970790635509e-05
0.95609374999999996 1.2049535767587375e-05
0.95625000000000004 1.2029059009737622e-05
0.95640625000000001 1.2008540303589871e-05
0.95656249999999998 1.1987979433747143e-05
0.95671875000000006 1.196737618288804e-05
0.95687500000000003 1.1946730331742548e-05
0.95703125 1.1926041659067296e-05
0.95718750000000008 1.1905309941620551e-05
0.95734375000000005 1.1884534954136813e-05
0.95750000000000002 1.1863716469300839e-05
0.95765624999999999 1.1842854257721399e-05
0.95781249999999996 1.1821948087904529e-05
0.95796875000000004 1.1800997726226307e-05
0.958125 1.1780002936905301e-05
0.95828124999999997 1.1758963481974343e-05
0.95843750000000005 1.1737879121252025e-05
0.95859375000000002 1.171674961231366e-05
0.95874999999999999 1.1695574710461645e-05
0.95890624999999996 1.1674354168695477e-05
0.95906249999999993 1.1653087737681143e-05
0.95921875000000001 1.1631775165720024e-05
0.95937499999999998 1.1610416198717321e-05
0.95953124999999995 1.1589010580149789e-05
0.95968750000000003 1.1567558051033041e-05
0.95984375 1.154605834988828e-05
0.95999999999999996 1.1524511212708335e-05
0.96015624999999993 1.1502916372923218e-05
0.9603124999999999 1.1481273561365032e-05
0.96046874999999998 1.1459582506232226e-05
0.96062499999999995 1.1437842933053315e-05
0.96078124999999992 1.1416054564649793e-05
0.9609375 1.139421712109851e-05
0.96109374999999997 1.1372330319693385e-05
0.96124999999999994 1.1350393874906289e-05
0.96140624999999991 1.1328407498347358e-05
0.96156249999999988 1.1306370898724524e-05
0.96171874999999996 1.1284283781802293e-05
0.96187499999999992 1.1262145850359857e-05
0.96203124999999989 1.1239956804148269e-05
0.96218749999999997 1.1217716339846959e-05
0.96234374999999994 1.1195424151019471e-05
0.96249999999999991 1.117307992806819e-05
0.96265624999999988 1.1150683358188422e-05
0.96281249999999985 1.1128234125321497e-05
0.96296874999999993 1.1105731910106999e-05
0.9631249999999999 1.1083176389834182e-05
0.96328124999999987 1.1060567238392277e-05
0.96343749999999995 1.1037904126220002e-05
0.96359374999999992 1.1015186720254115e-05
0.96374999999999988 1.0992414683876805e-05
0.96390624999999996 1.0969587676862219e-05
0.96406249999999993 1.0946705355321965e-05
0.9642187499999999 1.0923767371649372e-05
0.96437499999999998 1.0900773374462821e-05
0.96453124999999995 1.0877723008547964e-05
0.96468749999999992 1.0854615914798628e-05
0.96484375 1.0831451730156714e-05
0.96499999999999997 1.080823008755088e-05
0.96515624999999994 1.0784950615833855e-05
0.96531250000000002 1.0761612939718624e-05
0.96546874999999999 1.0738216679713332e-05
0.96562499999999996 1.0714761452054714e-05
0.96578125000000004 1.0691246868640298e-05
0.9659375 1.0667672536959238e-05
0.96609374999999997 1.0644038060021555e-05
0.96625000000000005 1.0620343036286061e-05
0.96640625000000002 1.0596587059586791e-05
0.96656249999999999 1.0572769719057746e-05
0.96671875000000007 1.0548890599056181e-05
0.96687500000000004 1.0524949279084312e-05
0.96703125000000001 1.0500945333709178e-05
0.96718750000000009 1.0476878332480963e-05
0.96734375000000006 1.0452747839849562e-05
0.96750000000000003 1.0428553415079192e-05
0.96765625 1.0404294612161358e-05
0.96781249999999996 1.0379970979725785e-05
0.96796875000000004 1.0355582060949471e-05
0.96812500000000001 1.0331127393463767e-05
0.96828124999999998 1.03066065092593e-05
0.96843750000000006 1.0282018934588878e-05
0.96859375000000003 1.0257364189868286e-05
0.96875 1.0232641789574675e-05
0.96890624999999997 1.0207851242142856e-05
0.96906249999999994 1.0182992049859145e-05
0.96921875000000002 1.0158063708752819e-05
0.96937499999999999 1.0133065708485146e-05
0.96953124999999996 1.0107997532235736e-05
0.96968750000000004 1.0082858656586398e-05
0.96984375 1.0057648551402302e-05
0.96999999999999997 1.0032366679710231e-05
0.97015624999999994 1.000701249757414e-05
0.97031249999999991 9.9815854539677046e-06
0.97046874999999999 9.9560849906438435e-06
0.97062499999999996 9.9305105420012345e-06
0.97078124999999993 9.9048615349474396e-06
0.97093750000000001 9.8791373887589183e-06
0.97109374999999998 9.853337514937638e-06
0.97124999999999995 9.8274613170640447e-06
0.97140624999999992 9.8015081906466126e-06
0.97156249999999988 9.7754775229676016e-06
0.97171874999999996 9.7493686929250037e-06
0.97179687499999989 9.7362847705906766e-06
0.97187499999999993 9.7231810708706708e-06
0.97195312499999997 9.7100575136964016e-06
0.9720312499999999 9.696914018444163e-06
0.97210937499999994 9.6837505039296636e-06
0.97218749999999998 9.6705668884026366e-06
0.97226562499999991 9.6573630895412493e-06
0.97234374999999995 9.644139024446404e-06
0.97242187499999999 9.6308946096361563e-06
0.97249999999999992 9.6176297610398926e-06
0.97257812499999985 9.6043443939924517e-06
0.97265624999999989 9.5910384232282291e-06
0.97273437499999993 9.5777117628752348e-06
0.97281249999999986 9.564364326448979e-06
0.9728906249999999 9.5509960268462633e-06
0.97296874999999994 9.5376067763390622e-06
0.97304687499999987 9.5241964865681596e-06
0.97312499999999991 9.5107650685366949e-06
0.97320312499999995 9.4973124326038031e-06
0.97328124999999988 9.4838384884779913e-06
0.97335937499999992 9.4703431452104368e-06
0.97343749999999996 9.456826311188365e-06
0.97351562499999988 9.4432878941281648e-06
0.97359374999999992 9.4297278010684174e-06
0.97367187499999996 9.4161459383630018e-06
0.97374999999999989 9.4025422116739436e-06
0.97382812499999993 9.3889165259641477e-06
0.97390624999999997 9.3752687854902292e-06
0.9739843749999999 9.3615988937950645e-06
0.97406249999999994 9.3479067537002406e-06
0.97414062499999998 9.3341922672985795e-06
0.97421874999999991 9.3204553359463825e-06
0.97429687499999995 9.3066958602555736e-06
0.97437499999999999 9.2929137400859127e-06
0.97445312499999992 9.2791088745369092e-06
0.97453124999999996 9.265281161939649e-06
0.974609375 9.2514304998486752e-06
0.97468749999999993 9.2375567850335634e-06
0.97476562499999997 9.2236599134704108e-06
0.97484375000000001 9.2097397803333642e-06
0.97492187499999994 9.1957962799858412e-06
0.97499999999999998 9.1818293059716635e-06
0.97507812500000002 9.167838751006214e-06
0.97515624999999995 9.1538245069672939e-06
0.97523437499999999 9.1397864648858696e-06
0.97531250000000003 9.125724514936845e-06
0.97539062499999996 9.1116385464295296e-06
0.97546875 9.0975284477979865e-06
0.97554687500000004 9.0833941065913905e-06
0.97562499999999996 9.0692354094641092e-06
0.975703125 9.0550522421655908e-06
0.97578125000000004 9.0408444895303305e-06
0.97585937499999997 9.0266120354674943e-06
0.97593750000000001 9.0123547629503764e-06
0.97601562500000005 8.9980725540059102e-06
0.97609374999999998 8.9837652897038345e-06
0.97617187500000002 8.9694328501456765e-06
0.97625000000000006 8.955075114453804e-06
0.97632812499999999 8.9406919607600844e-06
0.97640625000000003 8.9262832661944047e-06
0.97648437500000007 8.9118489068731937e-06
0.9765625 8.8973887578875858e-06
0.97664062500000004 8.8829026932914171e-06
0.97671875000000008 8.8683905860892155e-06
0.97679687500000001 8.8538523082238363e-06
0.97687500000000005 8.8392877305638923e-06
0.97695312500000009 8.8246967228911915e-06
0.97703125000000002 8.8100791538878089e-06
0.97710937500000006 8.7954348911229283e-06
0.9771875000000001 8.7807638010396947e-06
0.97726562500000003 8.7660657489416716e-06
0.97734375000000007 8.7513405989790859e-06
0.97742187500000011 8.736588214135046e-06
0.97750000000000004 8.7218084562113545e-06
0.97757812499999996 8.7070011858141403e-06
0.97765625 8.6921662623393157e-06
0.97773437500000004 8.677303543957839e-06
0.97781249999999997 8.6624128876006295e-06
0.97789062500000001 8.6474941489432493e-06
0.97796875000000005 8.6325471823905163e-06
0.97804687499999998 8.6175718410606782e-06
0.97812500000000002 8.6025679767693443e-06
0.97820312500000006 8.5875354400133562e-06
0.97828124999999999 8.5724740799541726e-06
0.97835937500000003 8.5573837444010268e-06
0.97843750000000007 8.5422642797939791e-06
0.978515625 8.5271155311865071e-06
0.97859375000000004 8.5119373422278094e-06
0.97867187500000008 8.4967295551450079e-06
0.97875000000000001 8.4814920107248803e-06
0.97882812499999994 8.4662245482952834e-06
0.97890624999999998 8.4509270057063809e-06
0.97898437500000002 8.4355992193115497e-06
0.97906249999999995 8.4202410239478643e-06
0.97914062499999999 8.4048522529162624e-06
0.97921875000000003 8.3894327379615469e-06
0.97929687499999996 8.3739823092518668e-06
0.979375 8.3585007953578334e-06
0.97945312500000004 8.3429880232314982e-06
0.97953124999999996 8.3274438181847688e-06
0.979609375 8.3118680038674389e-06
0.97968750000000004 8.2962604022450532e-06
0.97976562499999997 8.280620833576187e-06
0.97984375000000001 8.2649491163893321e-06
0.97992187500000005 8.2492450674595694e-06
0.97999999999999998 8.2335085017846475e-06
0.98007812499999991 8.2177392325606504e-06
0.98015624999999995 8.2019370711573386e-06
0.98023437499999999 8.1861018270930366e-06
0.98031249999999992 8.1702333080089983e-06
0.98039062499999996 8.1543313196432857e-06
0.98046875 8.1383956658043845e-06
0.98054687499999993 8.1224261483441376e-06
0.98062499999999997 8.1064225671301892e-06
0.98070312500000001 8.0903847200181453e-06
0.98078124999999994 8.0743124028229974e-06
0.98085937499999998 8.0582054092900629e-06
0.98093750000000002 8.0420635310655388e-06
0.98101562499999995 8.025886557666376e-06
0.98109374999999999 8.0096742764495356e-06
0.98117187500000003 7.9934264725809162e-06
0.98124999999999996 7.977142929003475e-06
0.98132812499999988 7.9608234264047946e-06
0.98140624999999992 7.9444677431840953e-06
0.98148437499999996 7.9280756554186764e-06
0.98156249999999989 7.9116469368295728e-06
0.98164062499999993 7.8951813587465644e-06
0.98171874999999997 7.8786786900727305e-06
0.9817968749999999 7.8621386972480906e-06
0.98187499999999994 7.8455611442125481e-06
0.98195312499999998 7.828945792368338e-06
0.98203124999999991 7.8122924005415261e-06
0.98210937499999995 7.7956007249427502e-06
0.98218749999999999 7.7788705191274019e-06
0.98226562499999992 7.7621015339548138e-06
0.98234374999999996 7.7452935175466389e-06
0.982421875 7.7284462152446104e-06
0.98249999999999993 7.7115593695672362e-06
0.98257812499999986 7.6946327201656738e-06
0.9826562499999999 7.6776660037787644e-06
0.98273437499999994 7.6606589541872072e-06
0.98281249999999987 7.6436113021666551e-06
0.98289062499999991 7.6265227754398717e-06
0.98296874999999995 7.6093930986280882e-06
0.98304687499999988 7.5922219932011495e-06
0.98312499999999992 7.5750091774266378e-06
0.98320312499999996 7.5577543663181292e-06
0.98328124999999988 7.540457271582174e-06
0.98335937499999992 7.5231176015641458e-06
0.98343749999999996 7.5057350611931743e-06
0.98351562499999989 7.4883093519256737e-06
0.98359374999999993 7.4708401716876915e-06
0.98367187499999997 7.4533272148162163e-06
0.9837499999999999 7.4357701719990198e-06
0.98382812499999994 7.4181687302131815e-06
0.98390624999999998 7.4005225726625143e-06
0.98398437499999991 7.382831378713383e-06
0.98406249999999995 7.3650948238291228e-06
0.98414062499999999 7.3473125795032408e-06
0.98421874999999992 7.3294843131908916e-06
0.98429687499999996 7.3116096882388506e-06
0.984375 7.2936883638141202e-06
0.98445312499999993 7.2757199948307233e-06
0.98453124999999997 7.2577042318748222e-06
0.98460937500000001 7.2396407211283796e-06
0.98468749999999994 7.2215291042908346e-06
0.98476562499999998 7.2033690184989816e-06
0.98484375000000002 7.1851600962452316e-06
0.98492187499999995 7.1669019652937487e-06
0.98499999999999999 7.1485942485946171e-06
0.98507812500000003 7.1302365641962482e-06
0.98515624999999996 7.1118285251554672e-06
0.985234375 7.0933697394454861e-06
0.98531250000000004 7.0748598098619069e-06
0.98539062499999996 7.056298333926252e-06
0.98546875 7.0376849037871523e-06
0.98554687500000004 7.0190191061194008e-06
0.98562499999999997 7.0003005220202938e-06
0.98570312500000001 6.9815287269034456e-06
0.98578125000000005 6.9627032903902282e-06
0.98585937499999998 6.943823776198283e-06
0.98593750000000002 6.9248897420272548e-06
0.98601562500000006 6.9059007394419187e-06
0.98609374999999999 6.8868563137521156e-06
0.98613281249999996 6.8773131734118008e-06
0.98617187500000003 6.8677560038896526e-06
0.98621093750000011 6.8581847465349261e-06
0.98625000000000007 6.8485993422823164e-06
0.98628906250000004 6.8389997316477727e-06
0.986328125 6.8293858547244181e-06
0.98636718749999996 6.8197576511782828e-06
0.98640625000000004 6.8101150602440059e-06
0.98644531250000012 6.8004580207205753e-06
0.98648437500000008 6.7907864709668853e-06
0.98652343750000004 6.7811003488972249e-06
0.98656250000000001 6.7713995919768568e-06
0.98660156249999997 6.7616841372174236e-06
0.98664062500000005 6.7519539211722898e-06
0.98667968750000012 6.742208879931938e-06
0.98671875000000009 6.7324489491191688e-06
0.98675781250000005 6.7226740638842224e-06
0.98679687500000002 6.7128841588999988e-06
0.98683593749999998 6.7030791683570736e-06
0.98687500000000006 6.6932590259586768e-06
0.98691406250000013 6.6834236649156974e-06
0.9869531250000001 6.6735730179414769e-06
0.98699218750000006 6.6637070172465541e-06
0.98703125000000003 6.6538255945334571e-06
0.98707031249999999 6.6439286809913283e-06
0.98710937500000007 6.6340162072904641e-06
0.98714843750000014 6.6240881035769035e-06
0.98718750000000011 6.6141442994667886e-06
0.98722656250000007 6.6041847240406672e-06
0.98726562500000004 6.594209305837833e-06
0.9873046875 6.5842179728505024e-06
0.98734375000000008 6.5742106525178816e-06
0.98738281250000015 6.5641872717202947e-06
0.98742187500000012 6.5541477567730587e-06
0.98746093750000008 6.5440920334203002e-06
0.98750000000000004 6.5340200268288023e-06
0.98753906250000001 6.523931661581671e-06
0.98757812499999997 6.5138268616719319e-06
0.98761718749999994 6.5037055504960353e-06
0.98765625000000001 6.4935676508472448e-06
0.98769531250000009 6.4834130849090418e-06
0.98773437500000005 6.4732417742482953e-06
0.98777343750000002 6.4630536398083363e-06
0.98781249999999998 6.4528486019020662e-06
0.98785156249999995 6.4426265802048619e-06
0.98789062500000002 6.4323874937473802e-06
0.9879296875000001 6.4221312609083524e-06
0.98796875000000006 6.4118577994071572e-06
0.98800781250000003 6.4015670262962628e-06
0.98804687499999999 6.3912588579537196e-06
0.98808593749999996 6.3809332100754098e-06
0.98812500000000003 6.3705899976672024e-06
0.98816406250000011 6.3602291350370882e-06
0.98820312500000007 6.3498505357870704e-06
0.98824218750000004 6.3394541128049172e-06
0.98828125 6.3290397782559479e-06
0.98832031249999996 6.3186074435745822e-06
0.98835937500000004 6.3081570194557529e-06
0.98839843750000012 6.2976884158463061e-06
0.98843750000000008 6.2872015419361341e-06
0.98847656250000004 6.2766963061491645e-06
0.98851562500000001 6.2661726161343598e-06
0.98855468749999997 6.2556303787564679e-06
0.98859375000000005 6.2450695000866231e-06
0.98863281250000012 6.2344898853929248e-06
0.98867187500000009 6.2238914391307198e-06
0.98871093750000005 6.2132740649327351e-06
0.98875000000000002 6.2026376655992032e-06
0.98878906249999998 6.1919821430877241e-06
0.98882812499999995 6.181307398502977e-06
0.98886718749999991 6.1706133320862969e-06
0.98890624999999999 6.1598998432050341e-06
0.98894531250000006 6.149166830341874e-06
0.98898437500000003 6.1384141910838468e-06
0.98902343749999999 6.1276418221111365e-06
0.98906249999999996 6.1168496191858866e-06
0.98910156249999992 6.1060374771406921e-06
0.989140625 6.0952052898669083e-06
0.98917968750000007 6.0843529503028926e-06
0.98921875000000004 6.073480350421905e-06
0.9892578125 6.0625873812197992e-06
0.98929687499999996 6.0516739327026874e-06
0.98933593749999993 6.0407398938742577e-06
0.989375 6.0297851527228967e-06
0.98941406250000008 6.0188095962087135e-06
0.98945312500000004 6.0078131102502006e-06
0.98949218750000001 5.9967955797106666e-06
0.98953124999999997 5.9857568883846002e-06
0.98957031249999994 5.974696918983682e-06
0.98960937500000001 5.9636155531225546e-06
0.98964843750000009 5.9525126713044864e-06
0.98968750000000005 5.9413881529066257e-06
0.98972656250000002 5.9302418761650048e-06
0.98976562499999998 5.9190737181594518e-06
0.98980468749999995 5.9078835547981143e-06
0.98984375000000002 5.896671260801705e-06
0.9898828125000001 5.885436709687621e-06
0.98992187500000006 5.8741797737536093e-06
0.98996093750000003 5.862900324061161e-06
0.98999999999999999 5.8515982304187669e-06
0.99003906249999996 5.8402733613647494e-06
0.99007812499999992 5.828925584149834e-06
0.99011718749999988 5.8175547647193976e-06
0.99015624999999996 5.8061607676953786e-06
0.99019531250000004 5.7947434563579865e-06
0.990234375 5.7833026926269299e-06
0.99027343749999996 5.7718383370422983e-06
0.99031249999999993 5.7603502487452635e-06
0.99035156249999989 5.7488382854583005e-06
0.99039062499999997 5.7373023034650513e-06
0.99042968750000004 5.7257421575899428e-06
0.99046875000000001 5.7141577011772756e-06
0.99050781249999997 5.7025487860699198e-06
0.99054687499999994 5.6909152625877804e-06
0.9905859374999999 5.6792569795057429e-06
0.99062499999999998 5.6675737840311864e-06
0.99066406250000005 5.6558655217812211e-06
0.99070312500000002 5.6441320367593308e-06
0.99074218749999998 5.6323731713315658e-06
0.99078124999999995 5.6205887662024588e-06
0.99082031249999991 5.6087786603903395e-06
0.99085937499999999 5.5969426912021865e-06
0.99089843750000006 5.5850806942081149e-06
0.99093750000000003 5.5731925032152165e-06
0.99097656249999999 5.5612779502408871e-06
0.99101562499999996 5.5493368654858036e-06
0.99105468749999992 5.5373690773062262e-06
0.99109375 5.5253744121857802e-06
0.99113281250000007 5.513352694706789e-06
0.99117187500000004 5.5013037475208858e-06
0.9912109375 5.4892273913190348e-06
0.99124999999999996 5.4771234448011233e-06
0.99128906249999993 5.4649917246448032e-06
0.99132812499999989 5.4528320454737394e-06
0.99136718749999986 5.4406442198252198e-06
0.99140624999999993 5.428428058117062e-06
0.99144531250000001 5.4161833686139783e-06
0.99148437499999997 5.4039099573930949e-06
0.99152343749999994 5.3916076283087337e-06
0.9915624999999999 5.3792761829566539e-06
0.99160156249999987 5.3669154206374074e-06
0.99164062499999994 5.3545251383189169e-06
0.99167968750000002 5.3421051305984193e-06
0.99171874999999998 5.3296551896634131e-06
0.99175781249999995 5.3171751052517978e-06
0.99179687499999991 5.3046646646113163e-06
0.99183593749999988 5.2921236524580012e-06
0.99187499999999995 5.2795518509337198e-06
0.99191406250000003 5.2669490395629449e-06
0.99195312499999999 5.2543149952084024e-06
0.99199218749999996 5.241649492025751e-06
0.99203124999999992 5.2289523014174516e-06
0.99207031249999988 5.2162231919854653e-06
0.99210937499999996 5.2034619294829008e-06
0.99214843750000004 5.1906682767647469e-06
0.9921875 5.1778419937372913e-06
0.99222656249999996 5.1649828373064286e-06
0.99226562499999993 5.1520905613249508e-06
0.99230468749999989 5.1391649165385258e-06
0.99234374999999997 5.1262056505304138e-06
0.99238281250000004 5.1132125076650769e-06
0.99242187500000001 5.1001852290302835e-06
0.99246093749999997 5.0871235523778951e-06
0.99249999999999994 5.0740272120634327e-06
0.9925390624999999 5.0608959389840875e-06
0.99257812499999987 5.0477294605153083e-06
0.99261718749999983 5.0345275004458765e-06
0.99265624999999991 5.0212897789114071e-06
0.99269531249999998 5.008016012326401e-06
0.99273437499999995 4.9947059133144758e-06
0.99277343749999991 4.9813591906368924e-06
0.99281249999999988 4.9679755491195602e-06
0.99285156249999984 4.9545546895780723e-06
0.99289062499999992 4.9410963087409113e-06
0.99292968749999999 4.9276000991709097e-06
0.99296874999999996 4.9140657491845535e-06
0.99300781249999992 4.900492942769271e-06
0.99304687499999988 4.8868813594988401e-06
0.99308593749999985 4.8732306744464832e-06
0.99312499999999992 4.8595405580957712e-06
0.99314453125000002 4.8526806089322471e-06
0.9931640625 4.8458106762493822e-06
0.99318359374999998 4.8389307175256923e-06
0.99320312499999996 4.8320406899353304e-06
0.99322265624999995 4.8251405503449827e-06
0.99324218749999993 4.8182302553107646e-06
0.99326171874999991 4.8113097610750811e-06
0.99328124999999989 4.8043790235634471e-06
0.99330078124999988 4.7974379983812555e-06
0.99332031249999986 4.7904866408105122e-06
0.99333984374999984 4.7835249058065355e-06
0.99335937499999993 4.7765527479945471e-06
0.99337890625000003 4.7695701216664019e-06
0.99339843750000001 4.7625769807770687e-06
0.99341796874999999 4.7555732789410524e-06
0.99343749999999997 4.7485589694289861e-06
0.99345703124999996 4.741534005163999e-06
0.99347656249999994 4.7344983387180974e-06
0.99349609374999992 4.7274519223084724e-06
0.9935156249999999 4.7203947077937759e-06
0.99353515624999988 4.7133266466703416e-06
0.99355468749999987 4.706247690068347e-06
0.99357421874999985 4.6991577887479373e-06
0.99359374999999994 4.6920568930952384e-06
0.99361328125000004 4.6849449531184962e-06
0.99363281250000002 4.6778219184439397e-06
0.99365234375 4.6706877383116067e-06
0.99367187499999998 4.6635423615713002e-06
0.99369140624999996 4.6563857366783344e-06
0.99371093749999995 4.6492178116892534e-06
0.99373046874999993 4.6420385342575056e-06
0.99374999999999991 4.6348478516290381e-06
0.99376953124999989 4.6276457106378425e-06
0.99378906249999988 4.6204320577014335e-06
0.99380859374999986 4.6132068388162659e-06
0.99382812499999995 4.6059699995530402e-06
0.99384765625000004 4.5987214850521082e-06
0.99386718750000003 4.5914612400186136e-06
0.99388671875000001 4.5841892087175495e-06
0.99390624999999999 4.5769053349689661e-06
0.99392578124999997 4.56960956214293e-06
0.99394531249999996 4.5623018331544655e-06
0.99396484374999994 4.5549820904584113e-06
0.99398437499999992 4.5476502760442043e-06
0.9940039062499999 4.5403063314305949e-06
0.99402343749999988 4.5329501976602784e-06
0.99404296874999987 4.5255818152944423e-06
0.99406249999999996 4.5182011244072031e-06
0.99408203125000005 4.5108080645801224e-06
0.99410156250000004 4.5034025748964279e-06
0.99412109375000002 4.495984593935155e-06
0.994140625 4.4885540597654078e-06
0.99416015624999998 4.481110909940364e-06
0.99417968749999996 4.4736550814912385e-06
0.99419921874999995 4.4661865109211425e-06
0.99421874999999993 4.4587051341988668e-06
0.99423828124999991 4.4512108867525572e-06
0.99425781249999989 4.4437037034632947e-06
0.99427734374999988 4.436183518658589e-06
0.99429687499999997 4.4286502661057117e-06
0.99431640625000006 4.4211038790051136e-06
0.99433593750000004 4.4135442899835147e-06
0.99435546875000003 4.4059714310868946e-06
0.99437500000000001 4.3983852337735802e-06
0.99439453124999999 4.3907856289070667e-06
0.99441406249999997 4.3831725467487534e-06
0.99443359374999996 4.3755459169505768e-06
0.99445312499999994 4.3679056685475195e-06
0.99447265624999992 4.3602517299500043e-06
0.9944921874999999 4.3525840289361727e-06
0.99451171874999988 4.3449024926440252e-06
0.99453124999999998 4.3372070475634052e-06
0.99455078125000007 4.3294976195280282e-06
0.99457031250000005 4.3217741337071522e-06
0.99458984375000004 4.3140365145971258e-06
0.99460937500000002 4.3062846860130158e-06
0.99462890625 4.2985185710799118e-06
0.99464843749999998 4.2907380922241494e-06
0.99466796874999996 4.2829431711643753e-06
0.99468749999999995 4.2751337289024733e-06
0.99470703124999993 4.2673096857143301e-06
0.99472656249999991 4.2594709611404665e-06
0.99474609374999989 4.2516174739764886e-06
0.99476562499999999 4.243749142263353e-06
0.99478515625000008 4.2358658832776383e-06
0.99480468750000006 4.2279676135214311e-06
0.99482421875000004 4.2200542487120401e-06
0.99484375000000003 4.2121257037717618e-06
0.99486328125000001 4.2041818928172863e-06
0.99488281249999999 4.1962227291489799e-06
0.99490234374999997 4.188248125239961e-06
0.99492187499999996 4.180257992725015e-06
0.99494140624999994 4.1722522423892896e-06
0.99496093749999992 4.1642307841568203e-06
0.9949804687499999 4.1561935270788309e-06
0.995 4.1481403793218016e-06
0.99501953125000009 4.1400712481554994e-06
0.99503906250000007 4.131986039940577e-06
0.99505859375000005 4.1238846601159405e-06
0.99507812500000004 4.1157670131861314e-06
0.99509765625000002 4.1076330027082986e-06
0.9951171875 4.0994825312789751e-06
0.99513671874999998 4.0913155005206254e-06
0.99515624999999996 4.0831318110679416e-06
0.99517578124999995 4.0749313625538992e-06
0.99519531249999993 4.0667140535955518e-06
0.99521484374999991 4.0584797817795672e-06
0.995234375 4.0502284436474548e-06
0.9952539062500001 4.0419599346807012e-06
0.99527343750000008 4.033674149285402e-06
0.99529296875000006 4.025370980776602e-06
0.99531250000000004 4.0170503213625823e-06
0.99533203125000003 4.0087120621286636e-06
0.99535156250000001 4.0003560930207503e-06
0.99537109374999999 3.9919823028285605e-06
0.99539062499999997 3.9835905791685427e-06
0.99541015624999996 3.9751808084664639e-06
0.99542968749999994 3.9667528759396638e-06
0.99544921874999992 3.9583066655789671e-06
0.99546875000000001 3.9498420601301961e-06
0.99548828125000011 3.9413589410755275e-06
0.99550781250000009 3.9328571886142278e-06
0.99552734375000007 3.9243366816430253e-06
0.99554687500000005 3.9157972977363313e-06
0.99556640625000004 3.9072389131258772e-06
0.99558593750000002 3.8986614026800014e-06
0.99560546875 3.8900646398825173e-06
0.99562499999999998 3.881448496811153e-06
0.99564453124999996 3.8728128441155793e-06
0.99566406249999995 3.8641575509949678e-06
0.99568359374999993 3.8554824851751076e-06
0.99570312500000002 3.846787512885006e-06
0.99572265625000012 3.8380724988332065e-06
0.9957421875000001 3.8293373061833694e-06
0.99576171875000008 3.8205817965293464e-06
0.99578125000000006 3.8118058298699951e-06
0.99580078125000004 3.8030092645832635e-06
0.99582031250000003 3.7941919573997788e-06
0.99583984375000001 3.7853537633758847e-06
0.99585937499999999 3.7764945358661064e-06
0.99587890624999997 3.767614126495031e-06
0.99589843749999996 3.758712385128589e-06
0.99591796874999994 3.7497891598447187e-06
0.99593750000000003 3.7408442969033433e-06
0.99595703125000012 3.731877640715911e-06
0.99597656250000011 3.7228890338140083e-06
0.99599609375000009 3.7138783168172884e-06
0.99601562500000007 3.7048453284009589e-06
0.99603515625000005 3.6957899052623345e-06
0.99605468750000004 3.686711882086709e-06
0.99607421875000002 3.6776110915124569e-06
0.99609375 3.6684873640953632e-06
0.99611328124999998 3.6593405282721397e-06
0.99613281249999996 3.6501704103231226e-06
0.99615234374999995 3.6409768343341185e-06
0.99617187500000004 3.6317596221573262e-06
0.99619140625000013 3.6225185933715684e-06
0.99621093750000012 3.6132535652413436e-06
0.9962304687500001 3.6039643526749281e-06
0.99625000000000008 3.5946507681817612e-06
0.99626953125000006 3.5853126218286203e-06
0.99628906250000004 3.5759497211948148e-06
0.99630859375000003 3.5665618713263226e-06
0.99632812500000001 3.5571488746888189e-06
0.99634765624999999 3.5477105311196016e-06
0.99636718749999997 3.5382466377783351e-06
0.99638671874999996 3.5287569890966191e-06
0.99640625000000005 3.519241376726265e-06
0.99642578125000014 3.5096995894865265e-06
0.99644531250000012 3.5001314133097583e-06
0.99646484375000011 3.4905366311857292e-06
0.99648437500000009 3.480915023104822e-06
0.99650390625000007 3.4712663659995967e-06
0.99652343750000005 3.4615904336849311e-06
0.99654296875000004 3.4518869967966478e-06
0.99656250000000002 3.4421558227285871e-06
0.99658203125 3.4323966755680532e-06
0.99659179687499999 3.4275065374350045e-06
0.99660156249999998 3.4226093160296152e-06
0.99661132812499997 3.417704980903072e-06
0.99662109374999996 3.4127935013871807e-06
0.99663085937499996 3.4078748465921421e-06
0.99664062500000006 3.4029489854042513e-06
0.99665039062500016 3.3980158864837847e-06
0.99666015625000015 3.3930755182625769e-06
0.99666992187500014 3.3881278489415775e-06
0.99667968750000013 3.3831728464886406e-06
0.99668945312500012 3.378210478636072e-06
0.99669921875000012 3.3732407128781979e-06
0.99670898437500011 3.3682635164688961e-06
0.9967187500000001 3.3632788564190984e-06
0.99672851562500009 3.3582866994942596e-06
0.99673828125000008 3.3532870122117909e-06
0.99674804687500007 3.3482797608384597e-06
0.99675781250000006 3.3432649113877549e-06
0.99676757812500005 3.338242429617214e-06
0.99677734375000004 3.3332122810257147e-06
0.99678710937500004 3.3281744308507327e-06
0.99679687500000003 3.3231288440655587e-06
0.99680664062500002 3.318075485376476e-06
0.99681640625000001 3.3130143192199036e-06
0.996826171875 3.3079453097594964e-06
0.99683593749999999 3.3028684208832059e-06
0.99684570312499998 3.2977836162003011e-06
0.99685546874999997 3.2926908590383492e-06
0.99686523437499996 3.2875901124401448e-06
0.99687500000000007 3.2824813391605556e-06
0.99688476562500017 3.2773645016635373e-06
0.99689453125000016 3.2722395621188285e-06
0.99690429687500015 3.2671064823985921e-06
0.99691406250000014 3.2619652240743046e-06
0.99692382812500013 3.2568157484133638e-06
0.99693359375000012 3.251658016375709e-06
0.99694335937500012 3.2464919886103939e-06
0.99695312500000011 3.2413176254521048e-06
0.9969628906250001 3.2361348869176356e-06
0.99697265625000009 3.2309437327023052e-06
0.99698242187500008 3.2257441221763294e-06
0.99699218750000007 3.2205360143811342e-06
0.99700195312500006 3.215319368025615e-06
0.99701171875000005 3.2100941414823503e-06
0.99702148437500004 3.2048602927837456e-06
0.99703125000000004 3.1996177796181329e-06
0.99704101562500003 3.194366559325803e-06
0.99705078125000002 3.1891065888949863e-06
0.99706054687500001 3.1838378249577667e-06
0.9970703125 3.1785602237859409e-06
0.99708007812499999 3.1732737412868127e-06
0.99708984374999998 3.1679783329989214e-06
0.99709960937499997 3.1626739540877102e-06
0.99710937500000008 3.157360559341064e-06
0.99711914062500018 3.1520381031650273e-06
0.99712890625000017 3.1467065395791486e-06
0.99713867187500016 3.1413658222117523e-06
0.99714843750000015 3.1360159042954487e-06
0.99715820312500014 3.1306567386623263e-06
0.99716796875000013 3.1252882777391274e-06
0.99717773437500012 3.1199104735423609e-06
0.99718750000000012 3.1145232776733231e-06
0.99719726562500011 3.1091266413130528e-06
0.9972070312500001 3.1037205152172013e-06
0.99721679687500009 3.098304849710826e-06
0.99722656250000008 3.0928795946830943e-06
0.99723632812500007 3.0874446995819115e-06
0.99724609375000006 3.0820001134084607e-06
0.99725585937500005 3.0765457847116518e-06
0.99726562500000004 3.0710816615824868e-06
0.99727539062500004 3.06560769164833e-06
0.99728515625000003 3.0601238220670913e-06
0.99729492187500002 3.0546299995213081e-06
0.99730468750000001 3.0491261702121377e-06
0.997314453125 3.0436122798532461e-06
0.99732421874999999 3.0380882736646002e-06
0.99733398437499998 3.0325540963661587e-06
0.99734375000000008 3.0270096921713937e-06
0.99735351562500019 3.0214550047809551e-06
0.99736328125000018 3.0158899773759214e-06
0.99737304687500017 3.0103145526109281e-06
0.99738281250000016 3.0047286726075077e-06
0.99739257812500015 2.9991322789470559e-06
0.99740234375000014 2.9935253126637483e-06
0.99741210937500013 2.9879077142373332e-06
0.99742187500000012 2.9822794235858053e-06
0.99743164062500012 2.9766403800579518e-06
0.99744140625000011 2.9709905224257702e-06
0.9974511718750001 2.9653297888767624e-06
0.99746093750000009 2.959658117006084e-06
0.99747070312500008 2.9539754438085704e-06
0.99748046875000007 2.9482817056706127e-06
0.99749023437500006 2.942576838361905e-06
0.99750000000000005 2.9368607770270311e-06
0.99750976562500004 2.931133456176916e-06
0.99751953125000004 2.925394809680121e-06
0.99752929687500003 2.9196447707539859e-06
0.99753906250000002 2.9138832719556117e-06
0.99754882812500001 2.908110245172685e-06
0.99755859375 2.9023256216141343e-06
0.99756835937499999 2.8965293318006205e-06
0.99757812499999998 2.8907213055548564e-06
0.99758789062499997 2.8849014719917456e-06
0.99759765624999996 2.8790697595083474e-06
0.99760742187499996 2.873226095773653e-06
0.99761718749999995 2.8673704077181778e-06
0.99762695312499994 2.8615026215233581e-06
0.99763671874999993 2.8556226626107557e-06
0.99764648437499992 2.849730455631054e-06
0.99765625000000002 2.8438259244527902e-06
0.99766601562500012 2.8379089921511416e-06
0.99767578125000012 2.8319795809961571e-06
0.99768554687500011 2.8260376124407792e-06
0.9976953125000001 2.8200830071089634e-06
0.99770507812500009 2.8141156847833081e-06
0.99771484375000008 2.8081355643925152e-06
0.99772460937500007 2.8021425639986012e-06
0.99773437500000006 2.7961366007838718e-06
0.99774414062500005 2.7901175910376355e-06
0.99775390625000004 2.7840854501426633e-06
0.99776367187500004 2.7780400925613792e-06
0.99777343750000003 2.7719814318217833e-06
0.99778320312500002 2.7659093805030912e-06
0.99779296875000001 2.7598238502210944e-06
0.997802734375 2.7537247516132265e-06
0.99781249999999999 2.7476119943233263e-06
0.99782226562499998 2.7414854869861031e-06
0.99783203124999997 2.735345137211281e-06
0.99784179687499996 2.7291908515674231e-06
0.99785156249999996 2.7230225355654285e-06
0.99786132812499995 2.7168400936416885e-06
0.99787109374999994 2.7106434291408978e-06
0.99788085937499993 2.7044324442985103e-06
0.99789062500000003 2.6982070402227599e-06
0.99790039062500013 2.6919671168765905e-06
0.99791015625000012 2.6857125730588495e-06
0.99791992187500012 2.6794433063850882e-06
0.99792968750000011 2.6731592132683123e-06
0.9979394531250001 2.6668601888990393e-06
0.99794921875000009 2.6605461272249952e-06
0.99795898437500008 2.6542169209303826e-06
0.99796875000000007 2.647872461414701e-06
0.99797851562500006 2.641512638771104e-06
0.99798828125000005 2.6351373417642882e-06
0.99799804687500004 2.628746457807899e-06
0.99800781250000004 2.6223398729414425e-06
0.99801757812500003 2.6159174718066792e-06
0.99802734375000002 2.6094791376235028e-06
0.99803710937500001 2.6030247521652759e-06
0.998046875 2.5965541957336142e-06
0.99805664062499999 2.5900673471326032e-06
0.99806640624999998 2.5835640836424304e-06
0.99807617187499997 2.5770442809924166e-06
0.99808593749999996 2.570507813333435e-06
0.99809570312499996 2.5639545532096899e-06
0.99810546874999995 2.5573843715298458e-06
0.99811523437499994 2.5507971375374901e-06
0.99812500000000004 2.5441927187808244e-06
0.99813476562500014 2.5375709810819514e-06
0.99814453125000013 2.5309317885050556e-06
0.99815429687500012 2.5242750033238302e-06
0.99816406250000012 2.5176004859885127e-06
0.99817382812500011 2.5109080950918152e-06
0.9981835937500001 2.5041976873341217e-06
0.99819335937500009 2.497469117487835e-06
0.99820312500000008 2.4907222383608556e-06
0.99821289062500007 2.48395690075917e-06
0.99822265625000006 2.4771729534485139e-06
0.99823242187500005 2.4703702431150909e-06
0.99824218750000004 2.4635486143253057e-06
0.99825195312500004 2.4567079094844998e-06
0.99826171875000003 2.4498479687946374e-06
0.99827148437500002 2.4429686302109295e-06
0.99828125000000001 2.4360697293973474e-06
0.998291015625 2.4291510996809994e-06
0.99830078124999999 2.4222125720053331e-06
0.99830566406249999 2.4187357929390127e-06
0.99831054687499998 2.415253974882129e-06
0.99831542968749998 2.4117670960106239e-06
0.99832031249999997 2.4082751343422328e-06
0.99832519531249997 2.4047780677348722e-06
0.99833007812499996 2.4012758738850099e-06
0.99833496093749996 2.39776853032601e-06
0.99833984374999996 2.3942560144264608e-06
0.99834472656249995 2.3907383033884721e-06
0.99834960937499995 2.3872153742459621e-06
0.99835449218750005 2.383687203862828e-06
0.99835937500000005 2.3801537689315064e-06
0.99836425781250004 2.3766150459706994e-06
0.99836914062500015 2.373071011323801e-06
0.99837402343750015 2.3695216411573025e-06
0.99837890625000014 2.3659669114584437e-06
0.99838378906250014 2.3624067980336504e-06
0.99838867187500013 2.3588412765065375e-06
0.99839355468750013 2.3552703223159673e-06
0.99839843750000012 2.3516939107140873e-06
0.99840332031250012 2.3481120167643324e-06
0.99840820312500012 2.3445246153394059e-06
0.99841308593750011 2.34093168111923e-06
0.99841796875000011 2.3373331885888681e-06
0.9984228515625001 2.333729112036419e-06
0.9984277343750001 2.3301194255508806e-06
0.99843261718750009 2.3265041030199847e-06
0.99843750000000009 2.3228831181280017e-06
0.99844238281250008 2.3192564443535134e-06
0.99844726562500008 2.3156240549671521e-06
0.99845214843750008 2.3119859230293166e-06
0.99845703125000007 2.3083420213878423e-06
0.99846191406250007 2.3046923226756503e-06
0.99846679687500006 2.3010367993083567e-06
0.99847167968750006 2.2973754234818462e-06
0.99847656250000005 2.2937081671698181e-06
0.99848144531250005 2.2900350021212877e-06
0.99848632812500004 2.286355899858058e-06
0.99849121093750004 2.282670831672154e-06
0.99849609375000004 2.2789797686232138e-06
0.99850097656250003 2.2752826815358527e-06
0.99850585937500003 2.2715795409969759e-06
0.99851074218750002 2.2678703173530596e-06
0.99851562500000002 2.2641549807073915e-06
0.99852050781250001 2.2604335009172676e-06
0.99852539062500001 2.2567058475911494e-06
0.9985302734375 2.252971990085777e-06
0.99853515625 2.2492318975032417e-06
0.9985400390625 2.2454855386880108e-06
0.99854492187499999 2.2417328822239107e-06
0.99854980468749999 2.2379738964310658e-06
0.99855468749999998 2.2342085493627839e-06
0.99855957031249998 2.230436808802404e-06
0.99856445312499997 2.2266586422600864e-06
0.99856933593749997 2.2228740169695623e-06
0.99857421874999996 2.2190828998848267e-06
0.99857910156249996 2.2152852576767831e-06
0.99858398437499996 2.2114810567298373e-06
0.99858886718750006 2.2076702631383487e-06
0.99859375000000006 2.2038528427034655e-06
0.99859863281250005 2.2000287609290311e-06
0.99860351562500016 2.1961979830182242e-06
0.99860839843750016 2.1923604738701324e-06
0.99861328125000015 2.1885161980754935e-06
0.99861816406250015 2.1846651199132424e-06
0.99862304687500014 2.1808072033465626e-06
0.99862792968750014 2.1769424120189663e-06
0.99863281250000013 2.1730707092503092e-06
0.99863769531250013 2.1691920580327396e-06
0.99864257812500012 2.1653064210265877e-06
0.99864746093750012 2.161413760556181e-06
0.99865234375000012 2.1575140386055993e-06
0.99865722656250011 2.1536072168143522e-06
0.99866210937500011 2.149693256472993e-06
0.9986669921875001 2.1457721185186583e-06
0.9986718750000001 2.1418437635305298e-06
0.99867675781250009 2.1379081517252287e-06
0.99868164062500009 2.1339652429521266e-06
0.99868652343750008 2.1300149966885829e-06
0.99869140625000008 2.1260573720350966e-06
0.99869628906250008 2.1220923277103864e-06
0.99870117187500007 2.118119822046377e-06
0.99870605468750007 2.1141398129831082e-06
0.99871093750000006 2.1101522580635537e-06
0.99871582031250006 2.1061571144283517e-06
0.99872070312500005 2.1021543388104489e-06
0.99872558593750005 2.0981438875296462e-06
0.99873046875000004 2.0941257164870555e-06
0.99873535156250004 2.0900997811594587e-06
0.99874023437500004 2.0860660365935671e-06
0.99874511718750003 2.0820244374001855e-06
0.99875000000000003 2.0779749377482658e-06
0.99875488281250002 2.0739174913588648e-06
0.99875976562500002 2.0698520514989881e-06
0.99876464843750001 2.0657785709753298e-06
0.99876953125000001 2.0616970021279003e-06
0.9987744140625 2.0576072968235339e-06
0.998779296875 2.0535094064492903e-06
0.9987841796875 2.0494032819057283e-06
0.99878906249999999 2.0452888736000618e-06
0.99879394531249999 2.0411661314391913e-06
0.99879882812499998 2.0370350048226084e-06
0.99880371093749998 2.0328954426351695e-06
0.99880859374999997 2.0287473932397362e-06
0.99881347656249997 2.0245908044696812e-06
0.99881835937499996 2.0204256236212576e-06
0.99882324218749996 2.0162517974458172e-06
0.99882812499999996 2.0120692721418951e-06
0.99883300781249995 2.0078779933471374e-06
0.99883789062499995 2.0036779061300811e-06
0.99884277343749994 1.9994689549817746e-06
0.99884765624999994 1.9952510838072439e-06
0.99885253906249993 1.9910242359167908e-06
0.99885742187499993 1.9867883540171262e-06
0.99886230468749992 1.9825433802023374e-06
0.99886718749999992 1.9782892559446724e-06
0.99887207031249992 1.97402592208515e-06
0.99887695312499991 1.9697533188239878e-06
0.99888183593749991 1.9654713857108393e-06
0.9988867187499999 1.9611800616348431e-06
0.9988916015624999 1.9568792848144697e-06
0.99889648437499989 1.9525689927871747e-06
0.9989013671875 1.948249122398739e-06
0.99890625 1.9439196097928944e-06
0.99891113281249999 1.9395803903997507e-06
0.9989160156250001 1.9352313989248781e-06
0.99892089843750009 1.930872569338174e-06
0.99892578125000009 1.9265038348615996e-06
0.99893066406250008 1.9221251279576681e-06
0.99893554687500008 1.9177363803171962e-06
0.99894042968750008 1.913337522846899e-06
0.99894531250000007 1.9089284856567304e-06
0.99895019531250007 1.9045091980469602e-06
0.99895507812500006 1.9000795884949765e-06
0.99895996093750006 1.8956395846418141e-06
0.99896484375000005 1.8911891132783956e-06
0.99896972656250005 1.8867281003314829e-06
0.99897460937500004 1.8822564708493244e-06
0.99897949218750004 1.8777741489869987e-06
0.99898437500000004 1.8732810579914395e-06
0.99898925781250003 1.8687771201861372e-06
0.99899414062500003 1.8642622569555076e-06
0.99899902343750002 1.8597363887289189e-06
0.99900390625000002 1.8551994349643664e-06
0.99900878906250001 1.8506513141317881e-06
0.99901367187500001 1.8460919436960094e-06
0.9990185546875 1.8415212400993077e-06
0.9990234375 1.8369391187435852e-06
0.9990283203125 1.8323454939721418e-06
0.99903320312499999 1.8277402790510344e-06
0.99903808593749999 1.82312338615001e-06
0.99904296874999998 1.8184947263230077e-06
0.99904785156249998 1.8138542094882068e-06
0.99905273437499997 1.8092017444076191e-06
0.99905761718749997 1.8045372386662022e-06
0.99906249999999996 1.7998605986504892e-06
0.99906738281249996 1.7951717295267158e-06
0.99907226562499996 1.7904705352184293e-06
0.99907714843749995 1.7857569183835695e-06
0.99908203124999995 1.7810307803910021e-06
0.99908691406249994 1.7762920212964895e-06
0.99909179687499994 1.7715405398180815e-06
0.99909667968749993 1.7667762333109132e-06
0.99910156249999993 1.7619989977413841e-06
0.99910644531249992 1.7572087276607104e-06
0.99911132812499992 1.7524053161778208e-06
0.99911621093749992 1.747588654931586e-06
0.99912109374999991 1.7427586340623532e-06
0.99912597656249991 1.7379151421827683e-06
0.9991308593749999 1.7330580663478685e-06
0.99913574218750001 1.7281872920242981e-06
0.999140625 1.7233027030593055e-06
0.9991455078125 1.7184041816478237e-06
0.99915039062500011 1.7134916082997163e-06
0.9991552734375001 1.7085648618061701e-06
0.9991601562500001 1.7036238192042027e-06
0.99916259765625015 1.7011478979482666e-06
0.99916503906250009 1.6986683557413665e-06
0.99916748046875004 1.6961851767036948e-06
0.99916992187500009 1.6936983448389579e-06
0.99917236328125014 1.6912078440334003e-06
0.99917480468750008 1.6887136580543664e-06
0.99917724609375003 1.6862157705488387e-06
0.99917968750000008 1.6837141650424159e-06
0.99918212890625013 1.6812088249382776e-06
0.99918457031250008 1.6786997335156714e-06
0.99918701171875002 1.6761868739283895e-06
0.99918945312500007 1.6736702292036742e-06
0.99919189453125012 1.6711497822411157e-06
0.99919433593750007 1.6686255158110693e-06
0.99919677734375001 1.6660974125530544e-06
0.99919921875000006 1.6635654549745924e-06
0.99920166015625012 1.6610296254500272e-06
0.99920410156250006 1.658489906218869e-06
0.99920654296875 1.6559462793841122e-06
0.99920898437500005 1.6533987269109981e-06
0.99921142578125011 1.6508472306257568e-06
0.99921386718750005 1.6482917722138675e-06
0.99921630859374999 1.6457323332182938e-06
0.99921875000000004 1.6431688950381638e-06
0.9992211914062501 1.6406014389274284e-06
0.99922363281250004 1.6380299459930321e-06
0.99922607421874998 1.6354543971930612e-06
0.99922851562500004 1.6328747733353331e-06
0.99923095703125009 1.6302910550759671e-06
0.99923339843750003 1.6277032229174586e-06
0.99923583984374997 1.6251112572067345e-06
0.99923828125000003 1.6225151381336432e-06
0.99924072265625008 1.6199148457294338e-06
0.99924316406250002 1.6173103598647276e-06
0.99924560546874996 1.6147016602474682e-06
0.99924804687500002 1.6120887264213156e-06
0.99925048828125007 1.6094715377640154e-06
0.99925292968750001 1.6068500734852678e-06
0.99925537109374996 1.6042243126245631e-06
0.99925781250000001 1.6015942340494694e-06
0.99926025390625006 1.5989598164538902e-06
0.9992626953125 1.5963210383558156e-06
0.99926513671874995 1.5936778780950425e-06
0.999267578125 1.5910303138313417e-06
0.99927001953125005 1.5883783235425987e-06
0.9992724609375 1.5857218850224377e-06
0.99927490234374994 1.5830609758778174e-06
0.99927734374999999 1.5803955735270693e-06
0.99927978515625004 1.5777256551979113e-06
0.99928222656249999 1.5750511979249378e-06
0.99928466796874993 1.5723721785470768e-06
0.99928710937499998 1.569688573705496e-06
0.99928955078125004 1.5670003598414723e-06
0.99929199218749998 1.5643075131937434e-06
0.99929443359374992 1.5616100097958129e-06
0.99929687499999997 1.5589078254737122e-06
0.99929931640625003 1.5562009358437212e-06
0.99930175781249997 1.5534893163095618e-06
0.99930419921874991 1.5507729420595466e-06
0.99930664062499996 1.5480517880641802e-06
0.99930908203125002 1.5453258290737226e-06
0.99931152343749996 1.5425950396152095e-06
0.9993139648437499 1.5398593939894343e-06
0.99931640624999996 1.5371188662683761e-06
0.99931884765625001 1.5343734302925887e-06
0.99932128906249995 1.5316230596680417e-06
0.99932373046874989 1.5288677277629148e-06
0.99932617187499995 1.5261074077048428e-06
0.99932861328125 1.5233420723781145e-06
0.99933105468749994 1.5205716944203197e-06
0.99933349609374988 1.5177962462189424e-06
0.99933593749999994 1.5150156999084051e-06
0.99933837890624999 1.5122300273670652e-06
0.99934082031249993 1.5094392002136471e-06
0.99934326171874988 1.5066431898036214e-06
0.99934570312499993 1.5038419672260312e-06
0.99934814453124998 1.5010355033002671e-06
0.99935058593749992 1.4982237685722687e-06
0.99935302734374987 1.495406733310671e-06
0.99935546874999992 1.4925843675033945e-06
0.99935791015624997 1.4897566408541766e-06
0.99936035156249992 1.4869235227785293e-06
0.99936279296874986 1.4840849823996266e-06
0.99936523437499991 1.4812409885446394e-06
0.99936767578124996 1.4783915097410087e-06
0.99937011718750002 1.4755365142119977e-06
0.99937255859375007 1.4726759698726954e-06
0.99937500000000001 1.4698098443259434e-06
0.99937744140624996 1.4669381048576732e-06
0.99937988281250001 1.4640607184328119e-06
0.99938232421875006 1.4611776516911207e-06
0.99938476562500012 1.4582888709422942e-06
0.99938720703125017 1.4553943421615053e-06
0.99938964843750011 1.4524940309848681e-06
0.99939208984375005 1.4495879027042884e-06
0.99939453125000011 1.4466759222628876e-06
0.99939697265625016 1.4437580542503414e-06
0.9993994140625001 1.4408342628975994e-06
0.99940185546875004 1.4379045120715077e-06
0.9994042968750001 1.4349687652698735e-06
0.99940673828125015 1.4320269856164328e-06
0.99940917968750009 1.4290791358551874e-06
0.99941162109375004 1.4261251783446385e-06
0.99941406250000009 1.4231650750524545e-06
0.99941650390625014 1.4201987875500339e-06
0.99941894531250008 1.4172262770064257e-06
0.99942138671875003 1.4142475041821351e-06
0.99942382812500008 1.4112624294233571e-06
0.99942626953125013 1.4082710126560973e-06
0.99942871093750008 1.4052732133796345e-06
0.99943115234375002 1.4022689906598569e-06
0.99943359375000007 1.3992583031230215e-06
0.99943603515625012 1.3962411089493881e-06
0.99943847656250007 1.3932173658661798e-06
0.99944091796875001 1.3901870311404049e-06
0.99944335937500006 1.3871500615720933e-06
0.99944580078125012 1.3841064134873983e-06
0.99944824218750006 1.3810560427310015e-06
0.99945068359375 1.3779989046583733e-06
0.99945312500000005 1.3749349541284315e-06
0.99945556640625011 1.371864145496056e-06
0.99945800781250005 1.3687864326038873e-06
0.99946044921874999 1.3657017687739606e-06
0.99946289062500004 1.3626101067997352e-06
0.9994653320312501 1.359511398937958e-06
0.99946777343750004 1.3564055968997923e-06
0.99947021484374998 1.3532926518417648e-06
0.99947265625000004 1.350172514357096e-06
0.99947509765625009 1.3470451344668477e-06
0.99947753906250003 1.3439104616103079e-06
0.99947998046874997 1.3407684446351845e-06
0.99948242187500003 1.3376190317881565e-06
0.99948486328125008 1.3344621707052302e-06
0.99948730468750002 1.3312978084013076e-06
0.99948974609374996 1.3281258912595339e-06
0.99949218750000002 1.324946365020996e-06
0.99949462890625007 1.3217591747741971e-06
0.99949707031250001 1.3185642649437164e-06
0.99949951171874996 1.3153615792786239e-06
0.99950195312500001 1.3121510608412283e-06
0.99950439453125006 1.3089326519955727e-06
0.9995068359375 1.3057062943950852e-06
0.99950927734374995 1.3024719289699582e-06
0.99951171875 1.2992294959148345e-06
0.99951416015625005 1.2959789346762173e-06
0.9995166015625 1.2927201839389957e-06
0.99951904296874994 1.2894531816126691e-06
0.99952148437499999 1.2861778648178537e-06
0.99952392578125004 1.2828941698724752e-06
0.99952636718749999 1.2796020322770439e-06
0.99952880859374993 1.2763013866995881e-06
0.99953124999999998 1.27299216696084e-06
0.99953369140625004 1.2696743060190731e-06
0.99953613281249998 1.2663477359539739e-06
0.99953857421874992 1.263012387950131e-06
0.99954101562499997 1.2596681922807457e-06
0.99954345703125003 1.2563150782909467e-06
0.99954589843749997 1.2529529743800897e-06
0.99954833984374991 1.2495818079836298e-06
0.99955078124999996 1.2462015055551698e-06
0.99955322265625002 1.2428119925480702e-06
0.99955566406249996 1.239413193395978e-06
0.9995581054687499 1.2360050314928839e-06
0.99956054687499996 1.2325874291733007e-06
0.99956298828125001 1.2291603076919479e-06
0.99956542968749995 1.2257235872022955e-06
0.99956787109374989 1.222277186734563e-06
0.99957031249999995 1.2188210241737977e-06
0.99957275390625 1.215355016237383e-06
0.99957519531249994 1.2118790784513334e-06
0.99957763671874988 1.2083931251259806e-06
0.99958007812499994 1.2048970693316618e-06
0.99958251953124999 1.2013908228737715e-06
0.99958496093749993 1.1978742962665106e-06
0.99958618164062485 1.1961121495829266e-06
0.99958740234374988 1.1943473987059439e-06
0.9995886230468749 1.1925800320748582e-06
0.99958984374999993 1.1908100380429847e-06
0.99959106445312496 1.1890374048769232e-06
0.99959228515624998 1.187262120755653e-06
0.99959350585937501 1.1854841737696133e-06
0.99959472656249992 1.1837035519199335e-06
0.99959594726562484 1.1819202431170052e-06
0.99959716796874987 1.180134235179846e-06
0.99959838867187489 1.1783455158354566e-06
0.99959960937499992 1.1765540727173509e-06
0.99960083007812495 1.1747598933647216e-06
0.99960205078124997 1.1729629652214293e-06
0.999603271484375 1.1711632756349782e-06
0.99960449218750003 1.1693608118554794e-06
0.99960571289062505 1.1675555610345955e-06
0.99960693359375008 1.1657475102244746e-06
0.99960815429687511 1.1639366463766672e-06
0.99960937500000002 1.1621229563411941e-06
0.99961059570312494 1.1603064268649381e-06
0.99961181640624996 1.1584870445908442e-06
0.99961303710937499 1.156664796057106e-06
0.99961425781250002 1.1548396676955089e-06
0.99961547851562504 1.153011645830418e-06
0.99961669921875007 1.1511807166775834e-06
0.9996179199218751 1.1493468663429282e-06
0.99961914062500012 1.1475100808213199e-06
0.99962036132812515 1.1456703459953238e-06
0.99962158203125018 1.1438276476339372e-06
0.9996228027343752 1.1419819713913076e-06
0.99962402343750012 1.1401333028055978e-06
0.99962524414062504 1.1382816272971611e-06
0.99962646484375006 1.1364269301675367e-06
0.99962768554687509 1.1345691965984266e-06
0.99962890625000012 1.1327084116498099e-06
0.99963012695312514 1.1308445602587128e-06
0.99963134765625017 1.1289776272377835e-06
0.9996325683593752 1.1271075972738535e-06
0.99963378906250011 1.1252344549266414e-06
0.99963500976562503 1.1233581846267564e-06
0.99963623046875005 1.1214787706745292e-06
0.99963745117187508 1.1195961972388228e-06
0.99963867187500011 1.1177104483549677e-06
0.99963989257812513 1.1158215079233512e-06
0.99964111328125016 1.1139293597078179e-06
0.99964233398437519 1.1120339873340408e-06
0.9996435546875001 1.1101353742880437e-06
0.99964477539062502 1.1082335039140054e-06
0.99964599609375004 1.1063283594128999e-06
0.99964721679687507 1.1044199238411138e-06
0.9996484375000001 1.1025081801081721e-06
0.99964965820312512 1.1005931109751258e-06
0.99965087890625015 1.0986746990527388e-06
0.99965209960937518 1.096752926799649e-06
0.99965332031250009 1.094827776520672e-06
0.99965454101562501 1.0928992303643782e-06
0.99965576171875004 1.0909672703215105e-06
0.99965698242187506 1.089031878223376e-06
0.99965820312500009 1.0870930357393287e-06
0.99965942382812512 1.0851507243749203e-06
0.99966064453125014 1.0832049254698429e-06
0.99966186523437517 1.0812556201958398e-06
0.99966308593750008 1.0793027895547596e-06
0.999664306640625 1.0773464143758639e-06
0.99966552734375003 1.0753864753139874e-06
0.99966674804687505 1.073422952847665e-06
0.99966796875000008 1.0714558272763318e-06
0.99966918945312511 1.0694850787181962e-06
0.99967041015625013 1.0675106871078964e-06
0.99967163085937516 1.0655326321941196e-06
0.99967285156250008 1.0635508935373602e-06
0.99967407226562499 1.0615654505069178e-06
0.99967529296875002 1.0595762822787506e-06
0.99967651367187504 1.0575833678332934e-06
0.99967773437500007 1.0555866859523251e-06
0.9996789550781251 1.0535862152165161e-06
0.99968017578125012 1.0515819340027494e-06
0.99968139648437515 1.0495738204813953e-06
0.99968261718750007 1.0475618526137218e-06
0.99968383789062498 1.0455460081485294e-06
0.99968505859375001 1.0435262646196408e-06
0.99968627929687504 1.0415025993433553e-06
0.99968750000000006 1.0394749894149258e-06
0.99968872070312509 1.0374434117057197e-06
0.99968994140625012 1.0354078428601441e-06
0.99969116210937514 1.033368259292513e-06
0.99969238281250006 1.0313246371840504e-06
0.99969360351562497 1.0292769524790872e-06
0.99969482421875 1.0272251808821308e-06
0.99969604492187503 1.0251692978548786e-06
0.99969726562500005 1.0231092786122371e-06
0.99969848632812508 1.0210450981190246e-06
0.99969970703125011 1.0189767310864239e-06
0.99970092773437513 1.0169041519683697e-06
0.99970214843750005 1.0148273349580591e-06
0.99970336914062496 1.0127462539836393e-06
0.99970458984374999 1.0106608827047656e-06
0.99970581054687502 1.0085711945090974e-06
0.99970703125000004 1.0064771625077678e-06
0.99970825195312507 1.0043787595315411e-06
0.9997094726562501 1.0022759581267008e-06
0.99971069335937512 1.0001687305508626e-06
0.99971191406250004 9.980570487688991e-07
0.99971313476562496 9.9594088444801514e-07
0.99971435546874998 9.93820208953697e-07
0.99971557617187501 9.9169499334558215e-07
0.99971679687500004 9.8956520837227693e-07
0.99971801757812506 9.8743082446685372e-07
0.99971923828125009 9.8529181174206583e-07
0.99972045898437512 9.831481399854667e-07
0.99972167968750003 9.8099977865463201e-07
0.99972290039062495 9.7884669687149678e-07
0.99972412109374997 9.7668886341757162e-07
0.999725341796875 9.7452624672905827e-07
0.99972656250000003 9.7235881489087759e-07
0.99972778320312505 9.7018653563137414e-07
0.99972900390625008 9.6800937631671325e-07
0.99973022460937511 9.6582730394516507e-07
0.99973144531250002 9.6364028514146964e-07
0.99973266601562494 9.6144828615028953e-07
0.99973388671874996 9.5925127283052906e-07
0.99973510742187499 9.5704921064953631e-07
0.99973632812500002 9.5484206467617482e-07
0.99973754882812504 9.5262979957456128e-07
0.99973876953125007 9.5041237959747062e-07
0.9997399902343751 9.4818976857959894e-07
0.99974121093750001 9.4596192993088952e-07
0.99974243164062493 9.4372882662890092e-07
0.99974365234374996 9.4149042121203584e-07
0.99974487304687498 9.3924667577262137e-07
0.99974609375000001 9.3699755194881518e-07
0.99974731445312504 9.3474301091715783e-07
0.99974853515625006 9.3248301338476119e-07
0.99974975585937509 9.3021751958132075e-07
0.9997509765625 9.2794648925116254e-07
0.99975219726562492 9.2566988164428227e-07
0.99975341796874995 9.233876555082307e-07
0.99975463867187497 9.2109976907981228e-07
0.999755859375 9.1880618007555255e-07
0.99975708007812503 9.1650684568279335e-07
0.99975830078125005 9.1420172255037191e-07
0.99975952148437508 9.1189076677909187e-07
0.9997607421875 9.0957393391218411e-07
0.99976196289062491 9.0725117892470154e-07
0.99976318359374994 9.0492245621373611e-07
0.99976440429687496 9.0258771958840146e-07
0.99976562499999999 9.0024692225851534e-07
0.99976684570312502 8.9790001682387609e-07
0.99976806640625004 8.9554695526306918e-07
0.99976928710937507 8.9318768892200902e-07
0.99977050781249999 8.9082216850242263e-07
0.9997717285156249 8.8845034404919125e-07
0.99977294921874993 8.8607216493847704e-07
0.99977416992187496 8.8368757986555528e-07
0.99977539062499998 8.8129653683126074e-07
0.99977661132812501 8.788989831289797e-07
0.99977783203125004 8.7649486533110063e-07
0.99977905273437506 8.7408412927513054e-07
0.99978027343749998 8.7166672004968445e-07
0.99978149414062489 8.6924258197924014e-07
0.99978271484374992 8.668116586096212e-07
0.99978393554687495 8.6437389269310873e-07
0.99978515624999997 8.619292261720579e-07
0.999786376953125 8.5947760016299206e-07
0.99978759765625003 8.5701895494006369e-07
0.99978881835937505 8.5455322991808472e-07
0.99979003906249997 8.520803636353414e-07
0.99979125976562488 8.4960029373505391e-07
0.99979248046874991 8.4711295694748353e-07
0.99979370117187494 8.4461828907156496e-07
0.99979492187499996 8.42116224954902e-07
0.99979614257812499 8.396066984741498e-07
0.9997967529296875 8.3834911591319665e-07
0.99979736328125002 8.3708964251463394e-07
0.99979797363281253 8.3582826973079754e-07
0.99979858398437504 8.3456498894941823e-07
0.99979919433593745 8.3329979149316504e-07
0.99979980468749996 8.3203266861803003e-07
0.99980041503906247 8.3076361151400403e-07
0.99980102539062488 8.2949261130367375e-07
0.99980163574218739 8.2821965904080223e-07
0.9998022460937499 8.2694474571098153e-07
0.99980285644531242 8.2566786222996445e-07
0.99980346679687493 8.2438899944313991e-07
0.99980407714843744 8.231081481247684e-07
0.99980468749999996 8.2182529897720485e-07
0.99980529785156247 8.2054044263011244e-07
0.99980590820312498 8.1925356963966399e-07
0.9998065185546875 8.1796467048773258e-07
0.99980712890625001 8.166737355810706e-07
0.99980773925781252 8.1538075525047709e-07
0.99980834960937504 8.1408571974995274e-07
0.99980895996093744 8.1278861925607985e-07
0.99980957031249995 8.1148944386620905e-07
0.99981018066406246 8.1018818359899354e-07
0.99981079101562487 8.0888482839278772e-07
0.99981140136718738 8.0757936810402795e-07
0.99981201171874989 8.0627179250773418e-07
0.99981262207031241 8.0496209129562788e-07
0.99981323242187492 8.036502540754214e-07
0.99981384277343743 8.0233627036985555e-07
0.99981445312499995 8.0102012961572498e-07
0.99981506347656246 7.9970182116288696e-07
0.99981567382812497 7.9838133427325664e-07
0.99981628417968749 7.97058658119787e-07
0.99981689453125 7.9573378178543311e-07
0.99981750488281251 7.944066942621026e-07
0.99981811523437503 7.9307738444958729e-07
0.99981872558593743 7.9174584115472384e-07
0.99981933593749994 7.9041205308932521e-07
0.99981994628906246 7.8907600887051809e-07
0.99982055664062486 7.8773769701888433e-07
0.99982116699218737 7.8639710595657949e-07
0.99982177734374988 7.8505422400762475e-07
0.9998223876953124 7.8370903939574817e-07
0.99982299804687491 7.8236154024342313e-07
0.99982360839843742 7.8101171457064488e-07
0.99982421874999994 7.7965955029368934e-07
0.99982482910156245 7.7830503522385088e-07
0.99982543945312496 7.769481570661607e-07
0.99982604980468748 7.7558890341808648e-07
0.99982666015624999 7.7422726176820873e-07
0.9998272705078125 7.7286321949487882e-07
0.99982788085937502 7.7149676386485405e-07
0.99982849121093742 7.7012788203216086e-07
0.99982910156249993 7.6875656103568934e-07
0.99982971191406245 7.6738278779925699e-07
0.99983032226562485 7.6600654912940884e-07
0.99983093261718736 7.6462783171318714e-07
0.99983154296874988 7.632466221181309e-07
0.99983215332031239 7.6186290678974914e-07
0.9998327636718749 7.6047667205021967e-07
0.99983337402343742 7.5908790409681218e-07
0.99983398437499993 7.5769658900028522e-07
0.99983459472656244 7.56302712703257e-07
0.99983520507812496 7.5490626101854909e-07
0.99983581542968747 7.5350721962750202e-07
0.99983642578124998 7.5210557407826305e-07
0.9998370361328125 7.5070130978404509e-07
0.99983764648437501 7.4929441202135669e-07
0.99983825683593752 7.4788486592820053e-07
0.99983886718750004 7.4647265650224373e-07
0.99983947753906255 7.4505776859895445e-07
0.99984008789062506 7.436401869297087e-07
0.99984069824218758 7.4221989605986239e-07
0.99984130859375009 7.4079688040679284e-07
0.9998419189453126 7.3937112423790396e-07
0.99984252929687512 7.3794261166859704e-07
0.99984313964843752 7.3651132666046882e-07
0.99984375000000003 7.3507725301816836e-07
0.99984436035156254 7.3364037438882209e-07
0.99984497070312495 7.3220067425908034e-07
0.99984558105468746 7.3075813595211599e-07
0.99984619140624997 7.2931274262694245e-07
0.99984680175781249 7.27864477275074e-07
0.999847412109375 7.264133227184527e-07
0.99984802246093751 7.2495926160707208e-07
0.99984863281250003 7.2350227641655835e-07
0.99984924316406254 7.220423494457059e-07
0.99984985351562505 7.2057946281397046e-07
0.99985046386718757 7.1911359845891368e-07
0.99985107421875008 7.1764473813360303e-07
0.99985168457031259 7.1617286340396181e-07
0.99985229492187511 7.1469795564607163e-07
0.99985290527343762 7.1321999604342327e-07
0.99985351562500013 7.1173896558411762e-07
0.99985412597656265 7.1025484505801222e-07
0.99985473632812516 7.0876761505381607e-07
0.99985534667968767 7.072772559561281e-07
0.99985595703125019 7.0578374794241923e-07
0.9998565673828127 7.0428707097995823e-07
0.99985717773437521 7.0278720482267707e-07
0.99985778808593762 7.0128412900825019e-07
0.99985839843750013 6.9977782285374502e-07
0.99985900878906264 6.9826826545394213e-07
0.99985961914062504 6.9675543567713387e-07
0.99986022949218756 6.9523931216084617e-07
0.99986083984375007 6.9371987330997151e-07
0.99986145019531258 6.9219709729208022e-07
0.9998620605468751 6.906709620340372e-07
0.99986267089843761 6.8914144521826979e-07
0.99986328125000012 6.876085242789614e-07
0.99986389160156264 6.8607217639816791e-07
0.99986450195312515 6.8453237850185643e-07
0.99986511230468766 6.8298910725586329e-07
0.99986572265625018 6.8144233906176957e-07
0.99986633300781269 6.7989205005269234e-07
0.9998669433593752 6.7833821608898892e-07
0.99986755371093761 6.7678081275415693e-07
0.99986816406250012 6.7521981534922448e-07
0.99986877441406263 6.7365519888988224e-07
0.99986938476562504 6.7208693810097145e-07
0.99986999511718755 6.7051500741086285e-07
0.99987060546875006 6.6893938094830556e-07
0.99987121582031258 6.6736003253631958e-07
0.99987182617187509 6.6577693568740792e-07
0.9998724365234376 6.6419006359837582e-07
0.99987304687500012 6.6259938914503726e-07
0.99987365722656263 6.6100488487680693e-07
0.99987426757812514 6.5940652301117505e-07
0.99987487792968766 6.5780427542806083e-07
0.99987548828125017 6.5619811366404217e-07
0.99987609863281268 6.5458800890645756e-07
0.9998767089843752 6.5297393198737754e-07
0.9998773193359376 6.5135585337773558e-07
0.99987792968750011 6.4973374317984924e-07
0.99987854003906262 6.4810757112274251e-07
0.99987915039062503 6.4647730655467669e-07
0.99987976074218754 6.4484291843551839e-07
0.99988037109375005 6.4320437533162497e-07
0.99988098144531257 6.4156164540760826e-07
0.99988159179687508 6.3991469641941446e-07
0.99988220214843759 6.3826349570694357e-07
0.99988281250000011 6.3660801018649306e-07
0.99988342285156262 6.3494820634302675e-07
0.99988403320312513 6.3328405022225995e-07
0.99988464355468765 6.3161550742255779e-07
0.99988525390625016 6.2994254308663956e-07
0.99988586425781267 6.2826512189308484e-07
0.99988647460937519 6.2658320804763431e-07
0.99988708496093759 6.2489676527458771e-07
0.9998876953125001 6.2320575680644984e-07
0.99988830566406262 6.2151014537642013e-07
0.99988891601562502 6.1980989320789648e-07
0.99988952636718753 6.1810496200372616e-07
0.99989013671875004 6.1639531293799886e-07
0.99989074707031256 6.1468090664449773e-07
0.99989135742187507 6.1296170320643367e-07
0.99989196777343758 6.1123766214560507e-07
0.9998925781250001 6.0950874241127971e-07
0.99989318847656261 6.0777490236879395e-07
0.99989379882812512 6.0603609978785634e-07
0.99989440917968764 6.0429229183054976e-07
0.99989501953125015 6.0254343503902055e-07
0.99989562988281266 6.0078948532284492e-07
0.99989624023437518 5.9903039794606216e-07
0.99989685058593758 5.972661275141863e-07
0.99989746093750009 5.9549662795925687e-07
0.99989807128906261 5.9372185252773138e-07
0.99989868164062501 5.919417537651174e-07
0.99989929199218752 5.901562835001953e-07
0.99989990234375004 5.8836539283175489e-07
0.99990051269531255 5.865690321116773e-07
0.99990081787109375 5.8566878475931476e-07
0.99990112304687506 5.8476715092920261e-07
0.99990142822265637 5.8386412419845317e-07
0.99990173339843758 5.8295969809442754e-07
0.99990203857421878 5.8205386609353514e-07
0.99990234375000009 5.8114662162134055e-07
0.9999026489257814 5.80237958052668e-07
0.9999029541015626 5.7932786871037994e-07
0.9999032592773438 5.7841634686414105e-07
0.99990356445312512 5.7750338573049718e-07
0.99990386962890643 5.7658897847295149e-07
0.99990417480468763 5.7567311820070737e-07
0.99990447998046883 5.747557979673933e-07
0.99990478515625014 5.7383701077111276e-07
0.99990509033203145 5.7291674955449057e-07
0.99990539550781266 5.7199500720337503e-07
0.99990570068359386 5.7107177654552397e-07
0.99990600585937517 5.7014705035062161e-07
0.99990631103515637 5.6922082133063012e-07
0.99990661621093757 5.6829308213710088e-07
0.99990692138671888 5.6736382536150098e-07
0.99990722656250008 5.6643304353554039e-07
0.99990753173828129 5.6550072912844294e-07
0.9999078369140626 5.6456687454724731e-07
0.9999081420898438 5.6363147213710808e-07
0.999908447265625 5.626945141785244e-07
0.99990875244140631 5.6175599288761418e-07
0.99990905761718751 5.6081590041638633e-07
0.99990936279296871 5.5987422884992729e-07
0.99990966796875003 5.5893097020664455e-07
0.99990997314453134 5.5798611643816636e-07
0.99991027832031254 5.5703965942785646e-07
0.99991058349609374 5.5609159098931092e-07
0.99991088867187505 5.5514190286621829e-07
0.99991119384765637 5.5419058673221231e-07
0.99991149902343757 5.5323763418933398e-07
0.99991180419921877 5.5228303676647034e-07
0.99991210937500008 5.5132678591916732e-07
0.99991241455078139 5.5036887302943451e-07
0.99991271972656259 5.4940928940414685e-07
0.99991302490234379 5.4844802627342452e-07
0.99991333007812511 5.4748507479039293e-07
0.99991363525390642 5.4652042603093508e-07
0.99991394042968762 5.4555407099203012e-07
0.99991424560546882 5.4458600059006716e-07
0.99991455078125013 5.4361620566055069e-07
0.99991485595703145 5.4264467695779443e-07
0.99991516113281265 5.4167140515319202e-07
0.99991546630859385 5.4069638083346143e-07
0.99991577148437516 5.3971959450028786e-07
0.99991607666015636 5.3874103657031397e-07
0.99991638183593756 5.3776069737191015e-07
0.99991668701171887 5.3677856714512306e-07
0.99991699218750008 5.3579463604161742e-07
0.99991729736328128 5.3480889412137931e-07
0.99991760253906259 5.3382133135261448e-07
0.99991790771484379 5.3283193761163796e-07
0.99991821289062499 5.3184070267950771e-07
0.9999185180664063 5.3084761624186867e-07
0.9999188232421875 5.2985266788878737e-07
0.99991912841796871 5.288558471113111e-07
0.99991943359375002 5.2785714330125428e-07
0.99991973876953133 5.2685654575061043e-07
0.99992004394531253 5.2585404364948894e-07
0.99992034912109373 5.2484962608402203e-07
0.99992065429687504 5.238432820357044e-07
0.99992095947265636 5.228350003807175e-07
0.99992126464843756 5.2182476988776675e-07
0.99992156982421876 5.2081257921588472e-07
0.99992187500000007 5.1979841691367745e-07
0.99992218017578138 5.1878227141855368e-07
0.99992248535156258 5.177641310544522e-07
0.99992279052734379 5.167439840295344e-07
0.9999230957031251 5.1572181843532765e-07
0.99992340087890641 5.1469762224585023e-07
0.99992370605468761 5.1367138331522067e-07
0.99992401123046881 5.1264308937522839e-07
0.99992431640625012 5.1161272803436594e-07
0.99992462158203144 5.105802867768391e-07
0.99992492675781264 5.0954575296004769e-07
0.99992523193359384 5.0850911381202423e-07
0.99992553710937515 5.0747035643034372e-07
0.99992584228515635 5.0642946778138767e-07
0.99992614746093755 5.0538643469616832e-07
0.99992645263671887 5.0434124386951657e-07
0.99992675781250007 5.0329388185924457e-07
0.99992706298828127 5.0224433508184925e-07
0.99992736816406258 5.0119258981159359e-07
0.99992767333984378 5.0013863217956383e-07
0.99992797851562498 4.990824481692414e-07
0.99992828369140629 4.9802402361547134e-07
0.9999285888671875 4.9696334420340605e-07
0.9999288940429687 4.9590039546393608e-07
0.99992919921875001 4.9483516277253881e-07
0.99992950439453132 4.9376763134770929e-07
0.99992980957031252 4.9269778624779629e-07
0.99993011474609372 4.9162561236778184e-07
0.99993041992187504 4.9055109443756786e-07
0.99993072509765635 4.894742170202228e-07
0.99993103027343755 4.8839496450861809e-07
0.99993133544921875 4.873133211220004e-07
0.99993164062500006 4.8622927090408208e-07
0.99993194580078137 4.8514279772108555e-07
0.99993225097656258 4.8405388525815855e-07
0.99993255615234378 4.8296251701572099e-07
0.99993286132812509 4.8186867630733593e-07
0.9999331665039064 4.8077234625753303e-07
0.9999334716796876 4.7967350979797913e-07
0.9999337768554688 4.7857214966357592e-07
0.99993408203125012 4.7746824839009139e-07
0.99993438720703143 4.7636178831173426e-07
0.99993469238281263 4.7525275155705783e-07
0.99993499755859383 4.7414112004478271e-07
0.99993530273437514 4.7302687548116034e-07
0.99993560791015634 4.7190999935768131e-07
0.99993591308593754 4.7079047294505659e-07
0.99993621826171886 4.6966827729076502e-07
0.99993652343750006 4.6854339321654007e-07
0.99993682861328126 4.6741580131209649e-07
0.99993713378906257 4.6628548193244324e-07
0.99993743896484377 4.6515241519512926e-07
0.99993774414062497 4.6401658097369606e-07
0.99993804931640629 4.6287795889473602e-07
0.99993835449218749 4.6173652833487703e-07
0.99993865966796869 4.6059226841393896e-07
0.99993896484375 4.5944515799171619e-07
0.99993927001953131 4.5829517566425858e-07
0.99993957519531251 4.5714229975838349e-07
0.99993988037109371 4.5598650832606812e-07
0.99994018554687503 4.5482777914040899e-07
0.99994049072265634 4.5366608969148166e-07
0.99994079589843754 4.5250141718040157e-07
0.99994110107421874 4.5133373851325338e-07
0.99994140625000005 4.501630302965909e-07
0.99994171142578137 4.4898926883282465e-07
0.99994201660156257 4.4781243011378004e-07
0.99994232177734377 4.4663248981410814e-07
0.99994262695312508 4.4544942328627075e-07
0.99994293212890639 4.4426320555539899e-07
0.99994323730468759 4.430738113122864e-07
0.99994354248046879 4.4188121490622117e-07
0.99994384765625011 4.4068539033939188e-07
0.99994415283203142 4.394863112611494e-07
0.99994445800781262 4.3828395096036899e-07
0.99994476318359382 4.3707828235762976e-07
0.99994506835937513 4.3586927799896876e-07
0.99994537353515633 4.3465691004991307e-07
0.99994567871093754 4.3344115028536422e-07
0.99994598388671885 4.3222197008324649e-07
0.99994628906250005 4.3099934041798198e-07
0.99994659423828125 4.2977323184976715e-07
0.99994689941406256 4.2854361451762817e-07
0.99994720458984376 4.2731045813228447e-07
0.99994750976562496 4.2607373196475955e-07
0.99994781494140628 4.2483340483878421e-07
0.99994812011718748 4.2358944512298743e-07
0.99994842529296868 4.2234182071877754e-07
0.99994873046874999 4.2109049905202718e-07
0.9999490356445313 4.198354470640659e-07
0.9999493408203125 4.1857663120058724e-07
0.99994964599609371 4.1731401740026223e-07
0.99994995117187502 4.1604757108489637e-07
0.99995025634765633 4.1477725714930773e-07
0.99995056152343753 4.1350303994905966e-07
0.99995086669921873 4.1222488328785996e-07
0.99995117187500004 4.1094275040648616e-07
0.99995147705078136 4.0965660397138844e-07
0.99995178222656256 4.0836640606108122e-07
0.99995193481445321 4.0771977578773448e-07
0.99995208740234376 4.0707211815215535e-07
0.99995223999023441 4.0642342824192818e-07
0.99995239257812507 4.0577370110678988e-07
0.99995254516601573 4.0512293175630604e-07
0.99995269775390638 4.0447111515989382e-07
0.99995285034179693 4.0381824624684426e-07
0.99995300292968758 4.0316431990396083e-07
0.99995315551757824 4.0250933097794266e-07
0.99995330810546879 4.0185327427348913e-07
0.99995346069335944 4.0119614455138341e-07
0.9999536132812501 4.0053793653086894e-07
0.99995376586914075 3.9987864488724542e-07
0.99995391845703141 3.9921826425184307e-07
0.99995407104492195 3.9855678921199471e-07
0.99995422363281261 3.9789421430859211e-07
0.99995437622070327 3.9723053403844809e-07
0.99995452880859381 3.9656574285232311e-07
0.99995468139648447 3.9589983515292918e-07
0.99995483398437512 3.952328052972824e-07
0.99995498657226567 3.9456464759469763e-07
0.99995513916015633 3.9389535630475974e-07
0.99995529174804698 3.9322492563966604e-07
0.99995544433593753 3.9255334976218643e-07
0.99995559692382818 3.9188062278360163e-07
0.99995574951171884 3.9120673876603261e-07
0.99995590209960938 3.9053169172036672e-07
0.99995605468750004 3.8985547560415993e-07
0.9999562072753907 3.8917808432395228e-07
0.99995635986328124 3.8849951173315799e-07
0.9999565124511719 3.8781975162992992e-07
0.99995666503906255 3.8713879775946021e-07
0.9999568176269531 3.864566438118322e-07
0.99995697021484375 3.8577328341984474e-07
0.99995712280273441 3.8508871016129751e-07
0.99995727539062496 3.8440291755680142e-07
0.99995742797851561 3.8371589906756242e-07
0.99995758056640627 3.8302764809764818e-07
0.99995773315429681 3.8233815799175637e-07
0.99995788574218747 3.8164742203295461e-07
0.99995803833007812 3.8095543344492729e-07
0.99995819091796867 3.802621853896993e-07
0.99995834350585933 3.7956767096533012e-07
0.99995849609374998 3.7887188320813876e-07
0.99995864868164064 3.7817481508987263e-07
0.99995880126953129 3.7747645951738316e-07
0.99995895385742184 3.7677680933229312e-07
0.9999591064453125 3.7607585730810376e-07
0.99995925903320315 3.7537359615237802e-07
0.9999594116210937 3.7467001850433318e-07
0.99995956420898435 3.7396511693239997e-07
0.99995971679687501 3.732588839363788e-07
0.99995986938476566 3.7255131194446236e-07
0.99996002197265632 3.7184239331279923e-07
0.99996017456054687 3.7113212032504839e-07
0.99996032714843752 3.7042048518933099e-07
0.99996047973632818 3.6970748004033397e-07
0.99996063232421872 3.6899309693675007e-07
0.99996078491210938 3.6827732785868198e-07
0.99996093750000004 3.6756016470971096e-07
0.99996109008789069 3.6684159931375011e-07
0.99996124267578135 3.6612162341447615e-07
0.99996139526367189 3.6540022867474831e-07
0.99996154785156255 3.6467740667338121e-07
0.9999617004394532 3.6395314890714763e-07
0.99996185302734375 3.6322744678804134e-07
0.99996200561523441 3.6250029164050045e-07
0.99996215820312506 3.6177167470336555e-07
0.99996231079101572 3.6104158712653724e-07
0.99996246337890637 3.6031001997024955e-07
0.99996261596679692 3.5957696420432679e-07
0.99996276855468758 3.5884241070474804e-07
0.99996292114257823 3.5810635025552386e-07
0.99996307373046878 3.5736877354575077e-07
0.99996322631835943 3.5662967116662304e-07
0.99996337890625009 3.5588903361325247e-07
0.99996353149414074 3.5514685128109626e-07
0.9999636840820314 3.5440311446504101e-07
0.99996383666992195 3.5365781335846388e-07
0.9999639892578126 3.5291093804955473e-07
0.99996414184570326 3.521624785230315e-07
0.9999642944335938 3.5141242465695198e-07
0.99996444702148446 3.5066076621947414e-07
0.99996459960937512 3.4990749287050264e-07
0.99996475219726566 3.4915259415839708e-07
0.99996490478515632 3.4839605951662728e-07
0.99996505737304697 3.4763787826534322e-07
0.99996520996093752 3.4687803960797418e-07
0.99996536254882817 3.4611653262777031e-07
0.99996551513671883 3.4535334628929094e-07
0.99996566772460938 3.4458846943488513e-07
0.99996582031250003 3.4382189078111366e-07
0.99996597290039069 3.4305359892014652e-07
0.99996612548828123 3.4228358231611808e-07
0.99996627807617189 3.4151182930142002e-07
0.99996643066406254 3.407383280780005e-07
0.99996658325195309 3.3996306671358485e-07
0.99996673583984375 3.391860331378298e-07
0.9999668884277344 3.3840721514351611e-07
0.99996704101562495 3.3762660038262446e-07
0.9999671936035156 3.3684417636234153e-07
0.99996734619140626 3.3605993044613555e-07
0.9999674987792968 3.3527384984967738e-07
0.99996765136718746 3.3448592163668714e-07
0.99996780395507812 3.3369613271988242e-07
0.99996795654296866 3.3290446985673257e-07
0.99996810913085932 3.3211091964513351e-07
0.99996826171874997 3.3131546852421768e-07
0.99996841430664063 3.3051810276934739e-07
0.99996856689453129 3.2971880848992707e-07
0.99996871948242183 3.2891757162716457e-07
0.99996887207031249 3.2811437794885191e-07
0.99996902465820314 3.2730921304991495e-07
0.99996917724609369 3.2650206234765576e-07
0.99996932983398434 3.2569291107690358e-07
0.999969482421875 3.248817442903872e-07
0.99996963500976566 3.2406854685316598e-07
0.99996978759765631 3.2325330343992171e-07
0.99996994018554686 3.2243599853218462e-07
0.99997009277343751 3.2161661641250637e-07
0.99997024536132817 3.2079514116450229e-07
0.99997039794921871 3.1997155666746689e-07
0.99997055053710937 3.1914584659087829e-07
0.99997070312500003 3.1831799439421626e-07
0.99997085571289068 3.1748798332070066e-07
0.99997100830078134 3.1665579639393335e-07
0.99997116088867188 3.1582141641445431e-07
0.99997131347656254 3.1498482595316486e-07
0.9999714660644532 3.1414600735072279e-07
0.99997161865234374 3.1330494271137915e-07
0.9999717712402344 3.1246161389668031e-07
0.99997192382812505 3.1161600252457691e-07
0.99997207641601571 3.1076808996230214e-07
0.99997222900390637 3.0991785732219319e-07
0.99997238159179691 3.0906528545740372e-07
0.99997253417968757 3.0821035495438987e-07
0.99997268676757822 3.0735304613147555e-07
0.99997283935546877 3.0649333903171252e-07
0.99997299194335942 3.056312134155754e-07
0.99997314453125008 3.0476664875915663e-07
0.99997329711914074 3.0389962424596495e-07
0.99997344970703139 3.0303011876170257e-07
0.99997360229492194 3.0215811088890181e-07
0.99997375488281259 3.0128357889822933e-07
0.99997390747070325 3.0040650074597698e-07
0.99997406005859379 2.9952685406568328e-07
0.99997421264648445 2.9864461615955009e-07
0.99997436523437511 2.9775976399545035e-07
0.99997451782226565 2.9687227419800065e-07
0.99997467041015631 2.9598212303941091e-07
0.99997482299804696 2.9508928643595725e-07
0.99997497558593751 2.9419373993845149e-07
0.99997512817382816 2.9329545872246553e-07
0.99997528076171882 2.9239441758421294e-07
0.99997543334960937 2.9149059093035245e-07
0.99997558593750002 2.9058395276752375e-07
0.99997573852539068 2.8967447669757219e-07
0.99997589111328122 2.8876213590661686e-07
0.99997604370117188 2.8784690315382596e-07
0.99997619628906254 2.869287507659106e-07
0.99997634887695308 2.8600765062537994e-07
0.99997650146484374 2.8508357415847404e-07
0.99997665405273439 2.8415649232884392e-07
0.99997680664062494 2.8322637562490513e-07
0.99997688293457032 2.827601698389161e-07
0.99997695922851559 2.8229319404683633e-07
0.99997703552246087 2.8182544442035801e-07
0.99997711181640625 2.8135691709935115e-07
0.99997718811035152 2.8088760819354298e-07
0.9999772644042968 2.8041751377804995e-07
0.99997734069824218 2.7994662989503506e-07
0.99997741699218745 2.7947495255538009e-07
0.99997749328613272 2.7900247773417987e-07
0.99997756958007811 2.7852920137239195e-07
0.99997764587402338 2.7805511937850156e-07
0.99997772216796865 2.7758022762397609e-07
0.99997779846191404 2.7710452194490681e-07
0.99997787475585931 2.7662799814366526e-07
0.99997795104980458 2.7615065198431695e-07
0.99997802734374996 2.7567247919425396e-07
0.99997810363769535 2.7519347546514388e-07
0.99997817993164062 2.7471363645109143e-07
0.99997825622558589 2.7423295776677813e-07
0.99997833251953128 2.7375143498838489e-07
0.99997840881347655 2.7326906365522546e-07
0.99997848510742182 2.7278583926505926e-07
0.99997856140136721 2.7230175727569815e-07
0.99997863769531248 2.7181681310662709e-07
0.99997871398925775 2.7133100213427173e-07
0.99997879028320313 2.7084431969359203e-07
0.99997886657714841 2.7035676107968992e-07
0.99997894287109368 2.6986832154302903e-07
0.99997901916503906 2.6937899629101427e-07
0.99997909545898434 2.6888878048958487e-07
0.99997917175292961 2.6839766925838497e-07
0.99997924804687499 2.6790565767232689e-07
0.99997932434082037 2.6741274076245123e-07
0.99997940063476565 2.6691891351391573e-07
0.99997947692871092 2.6642417086395864e-07
0.9999795532226563 2.6592850770272419e-07
0.99997962951660158 2.6543191887481646e-07
0.99997970581054685 2.6493439917434622e-07
0.99997978210449223 2.6443594334645183e-07
0.9999798583984375 2.6393654608883405e-07
0.99997993469238278 2.6343620204674592e-07
0.99998001098632816 2.6293490581449247e-07
0.99998008728027343 2.6243265193694447e-07
0.99998016357421871 2.6192943490446853e-07
0.99998023986816409 2.6142524915440421e-07
0.99998031616210936 2.609200890725545e-07
0.99998039245605463 2.6041394898805357e-07
0.99998046875000002 2.5990682317481925e-07
0.9999805450439454 2.5939870585227732e-07
0.99998062133789067 2.5888959118312414e-07
0.99998069763183595 2.5837947327105786e-07
0.99998077392578133 2.5786834616145676e-07
0.9999808502197266 2.5735620384280574e-07
0.99998092651367188 2.5684304024140892e-07
0.99998100280761726 2.5632884922277403e-07
0.99998107910156253 2.5581362459300822e-07
0.9999811553955078 2.5529736009345814e-07
0.99998123168945319 2.5478004940206068e-07
0.99998130798339846 2.5426168613470548e-07
0.99998138427734373 2.5374226383979828e-07
0.99998146057128912 2.5322177599957614e-07
0.99998153686523439 2.5270021603143225e-07
0.99998161315917966 2.5217757728240012e-07
0.99998168945312504 2.5165385303042877e-07
0.99998176574707043 2.5112903648490296e-07
0.9999818420410157 2.5060312078409985e-07
0.99998191833496097 2.5007609899260647e-07
0.99998199462890636 2.4954796410177549e-07
0.99998207092285163 2.4901870903095113e-07
0.9999821472167969 2.4848832662174965e-07
0.99998222351074229 2.4795680963922831e-07
0.99998229980468756 2.4742415077306219e-07
0.99998237609863283 2.4689034263172964e-07
0.99998245239257821 2.4635537774362891e-07
0.99998252868652349 2.4581924855820105e-07
0.99998260498046876 2.4528194744001552e-07
0.99998268127441414 2.4474346666982924e-07
0.99998275756835941 2.4420379844565155e-07
0.99998283386230469 2.4366293487672336e-07
0.99998291015625007 2.4312086798451438e-07
0.99998298645019545 2.4257758970293256e-07
0.99998306274414073 2.420330918753555e-07
0.999983139038086 2.4148736625161082e-07
0.99998321533203138 2.4094040448809402e-07
0.99998329162597666 2.4039219814867612e-07
0.99998336791992193 2.3984273869840994e-07
0.99998344421386731 2.3929201750435913e-07
0.99998352050781258 2.3874002583642859e-07
0.99998359680175786 2.3818675486094099e-07
0.99998367309570324 2.3763219564138358e-07
0.99998374938964851 2.3707633913915349e-07
0.99998382568359379 2.365191762069968e-07
0.99998390197753917 2.3596069758966476e-07
0.99998397827148444 2.3540089392456729e-07
0.99998405456542971 2.3483975573506482e-07
0.9999841308593751 2.3427727343102609e-07
0.99998420715332037 2.3371343730938111e-07
0.99998428344726564 2.3314823754725566e-07
0.99998435974121103 2.3258166420242262e-07
0.9999844360351563 2.3201370721374357e-07
0.99998451232910157 2.3144435639413704e-07
0.99998458862304695 2.3087360143091135e-07
0.99998466491699223 2.3030143188608622e-07
0.9999847412109375 2.2972783718918189e-07
0.99998481750488288 2.2915280663742323e-07
0.99998489379882816 2.2857632939592985e-07
0.99998497009277343 2.2799839449031283e-07
0.99998504638671881 2.2741899080673842e-07
0.99998512268066408 2.2683810709197375e-07
0.99998519897460936 2.2625573194577742e-07
0.99998527526855474 2.2567185382080903e-07
0.99998535156250001 2.250864610225169e-07
0.99998542785644529 2.2449954170130684e-07
0.99998550415039067 2.2391108385228268e-07
0.99998558044433594 2.2332107531496089e-07
0.99998565673828121 2.2272950376520004e-07
0.9999857330322266 2.221363567147563e-07
0.99998580932617187 2.2154162151080773e-07
0.99998588562011714 2.2094528532762551e-07
0.99998596191406253 2.2034733516592635e-07
0.9999860382080078 2.1974775785218752e-07
0.99998611450195307 2.191465400300392e-07
0.99998619079589846 2.1854366815939293e-07
0.99998626708984373 2.1793912851552711e-07
0.999986343383789 2.1733290718017697e-07
0.99998641967773438 2.1672499004041675e-07
0.99998649597167966 2.1611536278749226e-07
0.99998657226562493 2.1550401090758239e-07
0.99998664855957031 2.1489091968041083e-07
0.99998672485351559 2.1427607417779863e-07
0.99998680114746086 2.136594592540698e-07
0.99998687744140624 2.1304105954436326e-07
0.99998695373535151 2.1242085946287779e-07
0.99998703002929679 2.117988431928885e-07
0.99998710632324217 2.1117499468472877e-07
0.99998718261718744 2.1054929765369443e-07
0.99998725891113271 2.0992173556963597e-07
0.9999873352050781 2.0929229165457495e-07
0.99998741149902337 2.0866094888023131e-07
0.99998748779296864 2.0802768995715131e-07
0.99998756408691403 2.0739249733191948e-07
0.9999876403808593 2.0675535318426732e-07
0.99998771667480457 2.0611623941569313e-07
0.99998779296874996 2.0547513764622452e-07
0.99998786926269534 2.0483202921012589e-07
0.99998794555664061 2.0418689514770562e-07
0.99998802185058588 2.0353971619690775e-07
0.99998809814453127 2.028904727884647e-07
0.99998817443847654 2.0223914504184164e-07
0.99998825073242181 2.015857127524635e-07
0.9999883270263672 2.0093015538722341e-07
0.99998840332031247 2.0027245207983074e-07
0.99998847961425774 1.9961258161733642e-07
0.99998855590820312 1.9895052243499862e-07
0.9999886322021484 1.9828625261096465e-07
0.99998870849609367 1.9761974985202021e-07
0.99998878479003905 1.9695099148773575e-07
0.99998886108398433 1.9627995446440426e-07
0.9999889373779296 1.9560661532992793e-07
0.99998901367187498 1.9493095022716007e-07
0.99998905181884767 1.9459223786981044e-07
0.99998908996582037 1.9425293488601934e-07
0.99998912811279306 1.9391303817540761e-07
0.99998916625976564 1.9357254461136762e-07
0.99998920440673822 1.9323145103775571e-07
0.99998924255371091 1.9288975427052394e-07
0.9999892807006836 1.9254745109936785e-07
0.99998931884765629 1.9220453828439548e-07
0.99998935699462899 1.9186101255676123e-07
0.99998939514160157 1.9151687061930479e-07
0.99998943328857415 1.9117210914317817e-07
0.99998947143554684 1.9082672476946405e-07
0.99998950958251953 1.9048071411081006e-07
0.99998954772949222 1.9013407374803018e-07
0.99998958587646491 1.8978680023071263e-07
0.9999896240234375 1.8943889007783301e-07
0.99998966217041008 1.8909033977431005e-07
0.99998970031738277 1.8874114577260724e-07
0.99998973846435546 1.8839130449435021e-07
0.99998977661132815 1.8804081232685428e-07
0.99998981475830084 1.8768966562370264e-07
0.99998985290527342 1.8733786070532886e-07
0.999989891052246 1.8698539385549594e-07
0.9999899291992187 1.8663226132287667e-07
0.99998996734619139 1.862784593226494e-07
0.99999000549316408 1.8592398403294615e-07
0.99999004364013677 1.8556883159539567e-07
0.99999008178710935 1.8521299811567016e-07
0.99999011993408193 1.8485647965988098e-07
0.99999015808105463 1.8449927225613275e-07
0.99999019622802732 1.8414137189609249e-07
0.99999023437500001 1.8378277453135081e-07
0.9999902725219727 1.8342347607392421e-07
0.99999031066894539 1.8306347239571145e-07
0.99999034881591808 1.827027593279401e-07
0.99999038696289066 1.8234133266165634e-07
0.99999042510986325 1.8197918814399704e-07
0.99999046325683594 1.8161632147969959e-07
0.99999050140380863 1.8125272833262601e-07
0.99999053955078132 1.8088840432199545e-07
0.99999057769775401 1.8052334502282115e-07
0.99999061584472659 1.8015754596634901e-07
0.99999065399169917 1.797910026362266e-07
0.99999069213867187 1.7942371046997098e-07
0.99999073028564456 1.7905566486045099e-07
0.99999076843261725 1.7868686115201122e-07
0.99999080657958994 1.783172946408507e-07
0.99999084472656252 1.7794696057540191e-07
0.9999908828735351 1.7757585415238507e-07
0.99999092102050779 1.7720397051822651e-07
0.99999095916748049 1.768313047704893e-07
0.99999099731445318 1.7645785195387791e-07
0.99999103546142587 1.7608360706054825e-07
0.99999107360839845 1.7570856503041689e-07
0.99999111175537103 1.7533272074708922e-07
0.99999114990234372 1.7495606903921665e-07
0.99999118804931642 1.745786046818663e-07
0.99999122619628911 1.7420032239239224e-07
0.9999912643432618 1.7382121683066564e-07
0.99999130249023438 1.7344128259930214e-07
0.99999134063720696 1.7306051423944899e-07
0.99999137878417965 1.7267890623206973e-07
0.99999141693115234 1.7229645299923952e-07
0.99999145507812504 1.719131488998681e-07
0.99999149322509773 1.7152898822983573e-07
0.99999153137207042 1.7114396522100296e-07
0.99999156951904311 1.7075807404020008e-07
0.99999160766601569 1.7037130878932299e-07
0.99999164581298827 1.6998366350090558e-07
0.99999168395996096 1.6959513213928396e-07
0.99999172210693366 1.6920570860177002e-07
0.99999176025390635 1.6881538671414665e-07
0.99999179840087904 1.6842416023065244e-07
0.99999183654785162 1.6803202283395836e-07
0.9999918746948242 1.6763896813055483e-07
0.99999191284179689 1.6724498965180477e-07
0.99999195098876958 1.6685008085500359e-07
0.99999198913574228 1.6645423511867765e-07
0.99999202728271497 1.660574457424317e-07
0.99999206542968755 1.6565970594678447e-07
0.99999210357666013 1.652610088683455e-07
0.99999214172363282 1.6486134756073515e-07
0.99999217987060551 1.6446071499550734e-07
0.9999922180175782 1.6405910405722473e-07
0.9999922561645509 1.6365650754314334e-07
0.99999229431152348 1.6325291816288127e-07
0.99999233245849606 1.6284832853335561e-07
0.99999237060546875 1.6244273117954181e-07
0.99999240875244144 1.6203611853523235e-07
0.99999244689941413 1.6162848293785568e-07
0.99999248504638683 1.612198166279672e-07
0.99999252319335941 1.6081011174872014e-07
0.99999256134033199 1.6039936034052693e-07
0.99999259948730468 1.5998755434162486e-07
0.99999263763427737 1.5957468558863712e-07
0.99999267578125006 1.5916074581109578e-07
0.99999271392822275 1.5874572663070316e-07
0.99999275207519545 1.5832961955935301e-07
0.99999279022216814 1.5791241599710526e-07
0.99999282836914072 1.5749410723133112e-07
0.9999928665161133 1.570746844309389e-07
0.99999290466308599 1.5665413864661833e-07
0.99999294281005868 1.5623246081107036e-07
0.99999298095703137 1.5580964173306213e-07
0.99999301910400407 1.5538567209630869e-07
0.99999305725097665 1.5496054245831673e-07
0.99999309539794923 1.5453424324422025e-07
0.99999313354492192 1.5410676474672271e-07
0.99999317169189461 1.5367809712601684e-07
0.9999932098388673 1.532482304034178e-07
0.99999324798583999 1.5281715445989187e-07
0.99999328613281258 1.5238485903453688e-07
0.99999332427978516 1.5195133371795968e-07
0.99999336242675785 1.5151656795185032e-07
0.99999340057373054 1.5108055102852393e-07
0.99999343872070323 1.5064327208405631e-07
0.99999347686767592 1.5020472009638529e-07
0.9999935150146485 1.4976488388335135e-07
0.99999355316162108 1.4932375209553168e-07
0.99999359130859378 1.488813132153654e-07
0.99999362945556647 1.4843755555623219e-07
0.99999366760253916 1.4799246725499624e-07
0.99999370574951185 1.4754603626958805e-07
0.99999374389648443 1.4709825037650815e-07
0.99999378204345701 1.4664909716301357e-07
0.99999382019042971 1.4619856402569057e-07
0.9999938583374024 1.4574663816896346e-07
0.99999389648437509 1.4529330659692961e-07
0.99999393463134778 1.4483855611030468e-07
0.99999397277832036 1.4438237330326774e-07
0.99999401092529294 1.4392474455486903e-07
0.99999404907226563 1.4346565602691918e-07
0.99999408721923833 1.4300509366179277e-07
0.99999412536621102 1.42543043173407e-07
0.99999416351318371 1.4207949004338126e-07
0.99999420166015629 1.4161441951706965e-07
0.99999423980712887 1.4114781659402231e-07
0.99999427795410156 1.4067966602502569e-07
0.99999431610107425 1.4020995230902697e-07
0.99999435424804695 1.39738659683068e-07
0.99999439239501964 1.3926577211746904e-07
0.99999443054199222 1.3879127331085034e-07
0.9999944686889648 1.3831514667943401e-07
0.99999450683593749 1.3783737535302017e-07
0.99999454498291018 1.3735794217080875e-07
0.99999458312988287 1.3687682967004658e-07
0.99999462127685557 1.3639402007998918e-07
0.99999465942382815 1.3590949531565432e-07
0.99999469757080073 1.3542323696568867e-07
0.99999473571777342 1.3493522628700082e-07
0.99999477386474611 1.3444544419918814e-07
0.9999948120117188 1.3395387127158266e-07
0.9999948501586915 1.3346048771566923e-07
0.99999488830566408 1.3296527337723445e-07
0.99999492645263666 1.3246820772243776e-07
0.999994945526123 1.3221897412884516e-07
0.99999496459960935 1.3196926983073366e-07
0.99999498367309569 1.317190921511123e-07
0.99999500274658204 1.3146843838751908e-07
0.99999502182006839 1.3121730581168038e-07
0.99999504089355473 1.3096569166916447e-07
0.99999505996704108 1.3071359317902906e-07
0.99999507904052742 1.304610075334628e-07
0.99999509811401377 1.3020793189742025e-07
0.9999951171875 1.2995436340972799e-07
0.99999513626098624 1.297002991782808e-07
0.99999515533447259 1.2944573628259412e-07
0.99999517440795893 1.2919067177638532e-07
0.99999519348144528 1.2893510268273723e-07
0.99999521255493162 1.286790259951704e-07
0.99999523162841797 1.2842243867723014e-07
0.99999525070190431 1.2816533766206677e-07
0.99999526977539066 1.2790771985200778e-07
0.99999528884887701 1.2764958211812242e-07
0.99999530792236335 1.2739092129977834e-07
0.9999953269958497 1.2713173420418999e-07
0.99999534606933593 1.2687201760747224e-07
0.99999536514282217 1.2661176824963845e-07
0.99999538421630851 1.2635098283713119e-07
0.99999540328979486 1.2608965804538195e-07
0.99999542236328121 1.2582779051376983e-07
0.99999544143676755 1.2556537684663073e-07
0.9999954605102539 1.253024136127437e-07
0.99999547958374024 1.2503889734480735e-07
0.99999549865722659 1.2477482453890645e-07
0.99999551773071294 1.2451019165396854e-07
0.99999553680419928 1.2424499511120973e-07
0.99999555587768563 1.2397923129356999e-07
0.99999557495117186 1.2371289654668984e-07
0.9999955940246581 1.2344598717367403e-07
0.99999561309814444 1.2317849943757749e-07
0.99999563217163079 1.2291042956391909e-07
0.99999565124511713 1.2264177373539744e-07
0.99999567031860348 1.2237252809280841e-07
0.99999568939208983 1.2210268873439847e-07
0.99999570846557617 1.2183225171520501e-07
0.99999572753906252 1.2156121304638341e-07
0.99999574661254886 1.212895686945205e-07
0.99999576568603521 1.2101731458093453e-07
0.99999578475952156 1.2074444658096033e-07
0.99999580383300779 1.2047096052481421e-07
0.99999582290649403 1.2019685219207602e-07
0.99999584197998037 1.1992211731409542e-07
0.99999586105346672 1.1964675157642607e-07
0.99999588012695306 1.1937075061324625e-07
0.99999589920043941 1.1909411000814483e-07
0.99999591827392575 1.1881682529329686e-07
0.9999959373474121 1.1853889194862174e-07
0.99999595642089845 1.1826030540092337e-07
0.99999597549438479 1.1798106102301238e-07
0.99999599456787114 1.1770115413280932e-07
0.99999601364135748 1.1742057999242877e-07
0.99999603271484372 1.1713933380888265e-07
0.99999605178832995 1.1685741072821517e-07
0.9999960708618163 1.1657480583778032e-07
0.99999608993530265 1.1629151416854562e-07
0.99999610900878899 1.1600753068914695e-07
0.99999612808227534 1.1572285030648504e-07
0.99999614715576168 1.1543746786465992e-07
0.99999616622924803 1.151513781438811e-07
0.99999618530273438 1.1486457585935383e-07
0.99999620437622072 1.1457705566014023e-07
0.99999622344970707 1.1428881212799417e-07
0.99999624252319341 1.1399983977617025e-07
0.99999626159667965 1.1371013304989347e-07
0.99999628067016588 1.134196863200561e-07
0.99999629974365223 1.1312849388529327e-07
0.99999631881713857 1.128365499740807e-07
0.99999633789062492 1.125438487383253e-07
0.99999635696411127 1.122503842536868e-07
0.99999637603759761 1.1195615051817871e-07
0.99999639511108396 1.1166114145073612e-07
0.9999964141845703 1.1136535088974923e-07
0.99999643325805665 1.1106877259156193e-07
0.999996452331543 1.1077140022893405e-07
0.99999647140502934 1.1047322738946635e-07
0.99999649047851558 1.1017424757572996e-07
0.99999650955200181 1.0987445419839498e-07
0.99999652862548816 1.095738405779939e-07
0.9999965476989745 1.0927239994669973e-07
0.99999656677246085 1.0897012544131006e-07
0.99999658584594719 1.0866701010316634e-07
0.99999660491943354 1.0836304687628491e-07
0.99999662399291989 1.0805822860544051e-07
0.99999664306640623 1.0775254803420114e-07
0.99999666213989258 1.0744599780291244e-07
0.99999668121337892 1.071385704466303e-07
0.99999670028686527 1.068302583929999e-07
0.9999967193603515 1.065210539618818e-07
0.99999673843383774 1.0621094935772208e-07
0.99999675750732409 1.0589993667083349e-07
0.99999677658081043 1.055880078786788e-07
0.99999679565429678 1.0527515483803761e-07
0.99999681472778312 1.0496136928432818e-07
0.99999683380126947 1.0464664282906013e-07
0.99999685287475581 1.0433096695721802e-07
0.99999687194824216 1.0401433302457315e-07
0.99999689102172851 1.0369673225492191e-07
0.99999691009521485 1.0337815573724739e-07
0.9999969291687012 1.0305859442280223e-07
0.99999694824218743 1.0273803912397864e-07
0.99999696731567367 1.0241648050563026e-07
0.99999698638916001 1.020939090856041e-07
0.99999700546264636 1.017703152352517e-07
0.99999702453613271 1.0144568917045648e-07
0.99999704360961905 1.0112002095005071e-07
0.9999970626831054 1.0079330047226344e-07
0.99999708175659174 1.004655174710643e-07
0.99999710083007809 1.0013666151239979e-07
0.99999711990356444 9.9806721990317817e-08
0.99999713897705078 9.9475688122976641e-08
0.99999715805053713 9.9143548948533705e-08
0.99999717712402336 9.8810293322853424e-08
0.9999971961975096 9.8475909909326664e-08
0.99999721527099594 9.8140387178219257e-08
0.99999723434448229 9.7803713405960192e-08
0.99999725341796863 9.7465876664518226e-08
0.99999727249145498 9.7126864818413732e-08
0.99999729156494133 9.6786665519632473e-08
0.99999731063842767 9.6445266202377558e-08
0.99999732971191402 9.6102654077653783e-08
0.99999734878540036 9.5758816127677549e-08
0.99999736785888671 9.5413739100105453e-08
0.99999738693237306 9.5067409502074281e-08
0.99999740600585929 9.4719813596072014e-08
0.99999742507934553 9.437093738751158e-08
0.99999744415283187 9.402076662216758e-08
0.99999746322631822 9.3669286783481119e-08
0.99999748229980456 9.3316483079440049e-08
0.99999750137329091 9.2962340437341982e-08
0.99999752044677725 9.2606843496280432e-08
0.9999975395202636 9.2249976599370163e-08
0.99999755859374995 9.1891723785701013e-08
0.99999757766723629 9.1532068782008065e-08
0.99999759674072264 9.1170994994046217e-08
0.99999761581420898 9.0808485497656024e-08
0.99999763488769533 9.0444523029507243e-08
0.99999765396118168 9.0079089977505814e-08
0.99999767303466802 8.9712168370849067e-08
0.99999769210815437 8.9343739869713381e-08
0.99999770164489754 8.9158954698992701e-08
0.9999977111816406 8.8973785756715479e-08
0.99999772071838366 8.8788230639638506e-08
0.99999773025512684 8.8602286919358093e-08
0.99999773979187001 8.8415952146282577e-08
0.99999774932861318 8.8229223842772613e-08
0.99999775886535636 8.8042099504914596e-08
0.99999776840209953 8.7854576602129e-08
0.9999977779388427 8.7666652576771106e-08
0.99999778747558588 8.7478324843723942e-08
0.99999779701232905 8.728959078998339e-08
0.99999780654907222 8.7100447774235282e-08
0.99999781608581539 8.6910893126423928e-08
0.99999782562255857 8.6720924147312584e-08
0.99999783515930174 8.6530538108034818e-08
0.99999784469604491 8.6339732249637284e-08
0.99999785423278809 8.6148503782613137e-08
0.99999786376953126 8.5956849886426347e-08
0.99999787330627443 8.576476770902615e-08
0.9999978828430176 8.5572254366352088e-08
0.99999789237976078 8.5379306941828585e-08
0.99999790191650395 8.5185922485849497e-08
0.99999791145324712 8.4992098015251989e-08
0.9999979209899903 8.4797830512779686e-08
0.99999793052673347 8.460311692653459e-08
0.99999794006347653 8.4407954171692323e-08
0.99999794960021959 8.4212339123117866e-08
0.99999795913696277 8.4016268619300009e-08
0.99999796867370594 8.3819739466336965e-08
0.99999797821044911 8.3622748430494112e-08
0.99999798774719229 8.3425292239857729e-08
0.99999799728393546 8.3227367583701061e-08
0.99999800682067863 8.3028971111836535e-08
0.9999980163574218 8.2830099433954219e-08
0.99999802589416498 8.2630749118945816e-08
0.99999803543090815 8.2430916694214008e-08
0.99999804496765132 8.2230598644966701e-08
0.9999980545043945 8.2029791413495727e-08
0.99999806404113767 8.1828491398439565e-08
0.99999807357788084 8.1626694954029867e-08
0.99999808311462401 8.1424398389320962e-08
0.99999809265136719 8.1221597967402303e-08
0.99999810218811036 8.1018289904592959e-08
0.99999811172485353 8.0814470369618043e-08
0.99999812126159671 8.0610135482766328e-08
0.99999813079833988 8.0405281315028545e-08
0.99999814033508305 8.0199903887215948e-08
0.99999814987182623 7.9993999169058569e-08
0.9999981594085694 7.9787563078282245e-08
0.99999816894531246 7.9580591482077183e-08
0.99999817848205552 7.9373080188906033e-08
0.99999818801879869 7.9165024952302191e-08
0.99999819755554187 7.8956421474719947e-08
0.99999820709228504 7.8747265399247159e-08
0.99999821662902821 7.8537552310956238e-08
0.99999822616577139 7.832727773581671e-08
0.99999823570251456 7.8116437139581692e-08
0.99999824523925773 7.7905025926646917e-08
0.99999825477600091 7.7693039438882196e-08
0.99999826431274408 7.7480472954433808e-08
0.99999827384948725 7.7267321686497294e-08
0.99999828338623042 7.7053580782059864e-08
0.9999982929229736 7.6839245320611148e-08
0.99999830245971677 7.6624310312821508e-08
0.99999831199645994 7.6408770699186939e-08
0.99999832153320312 7.619262134863953e-08
0.99999833106994629 7.5975857057122144e-08
0.99999834060668946 7.5758472546126598e-08
0.99999835014343263 7.5540462461193871e-08
0.99999835968017581 7.5321821370375351e-08
0.99999836921691898 7.5102543762653514e-08
0.99999837875366215 7.4882624046321342e-08
0.99999838829040533 7.4662056547318533e-08
0.99999839782714839 7.4440835510102453e-08
0.99999840736389145 7.4218955088172311e-08
0.99999841690063462 7.3996409347379935e-08
0.9999984264373778 7.3773192269284099e-08
0.99999843597412097 7.3549297741496941e-08
0.99999844551086414 7.3324719558310216e-08
0.99999845504760732 7.3099451418688353e-08
0.99999846458435049 7.2873486924205731e-08
0.99999847412109366 7.2646819576926072e-08
0.99999848365783683 7.2419442777222341e-08
0.99999849319458001 7.2191349821534565e-08
0.99999850273132318 7.1962533900063874e-08
0.99999851226806635 7.1732988094400254e-08
0.99999852180480953 7.1502705375081863e-08
0.9999985313415527 7.1271678599083204e-08
0.99999854087829587 7.1039900507229998e-08
0.99999855041503904 7.0807363721537631e-08
0.99999855995178222 7.0574060742470912e-08
0.99999856948852539 7.033998394612193e-08
0.99999857902526856 7.010512558130305e-08
0.99999858856201174 6.9869477766552097e-08
0.99999859809875491 6.9633032487046177e-08
0.99999860763549808 6.9395781591420977e-08
0.99999861717224126 6.9157716788491805e-08
0.99999862670898432 6.891882964665854e-08
0.99999863624572738 6.8679111582080771e-08
0.99999864578247055 6.8438553860594806e-08
0.99999865531921373 6.8197147599632308e-08
0.9999986648559569 6.7954883756014176e-08
0.99999867439270007 6.7711753124783499e-08
0.99999868392944324 6.7467746335124626e-08
0.99999869346618642 6.7222853846148779e-08
0.99999870300292959 6.6977065942541129e-08
0.99999871253967276 6.6730372730063404e-08
0.99999872207641594 6.6482764130906472e-08
0.99999873161315911 6.6234229878886342e-08
0.99999874114990228 6.5984759514477612e-08
0.99999875068664545 6.5734342379676928e-08
0.99999876022338863 6.5482967612689957e-08
0.9999987697601318 6.5230624142433893e-08
0.99999877929687497 6.4977300682847869e-08
0.99999878883361815 6.4722985727002954e-08
0.99999879837036132 6.4467667541003069e-08
0.99999880790710449 6.4211334157667493e-08
0.99999881744384767 6.3953973369985685e-08
0.99999882698059084 6.3695572724333858e-08
0.99999883651733401 6.3436119513443071e-08
0.99999884605407718 6.317560076910728e-08
0.99999885559082036 6.2914003254619627e-08
0.99999886512756353 6.2651313456924545e-08
0.9999988746643067 6.2387517578472414e-08
0.99999888420104988 6.2122601528762939e-08
0.99999889373779305 6.1856550915562523e-08
0.99999890327453622 6.1589351035780206e-08
0.99999891281127939 6.1320986865985864e-08
0.99999892234802257 6.1051443052553035e-08
0.99999893188476563 6.078070390456741e-08
0.99999894142150869 6.0508753373715549e-08
0.99999895095825186 6.0235575049421108e-08
0.99999896049499504 5.9961152153695437e-08
0.99999897003173821 5.9685467519603568e-08
0.9999989748001098 5.9547146577441012e-08
0.99999897956848138 5.9408503581890985e-08
0.99999898433685297 5.9269536272916634e-08
0.99999898910522456 5.913024236392341e-08
0.99999899387359614 5.8990619541320131e-08
0.99999899864196773 5.8850665464070629e-08
0.99999900341033932 5.8710377763235745e-08
0.9999990081787109 5.8569754041505523e-08
0.99999901294708249 5.8428791872721243e-08
0.99999901771545407 5.8287488801386998e-08
0.99999902248382566 5.8145842342170698e-08
0.99999902725219725 5.8003849979393964e-08
0.99999903202056883 5.7861509166510946e-08
0.99999903678894042 5.7718817325575318e-08
0.99999904155731201 5.7575771846695671e-08
0.99999904632568359 5.7432370087478452e-08
0.99999905109405518 5.7288609372458527e-08
0.99999905586242677 5.7144486992516714e-08
0.99999906063079835 5.7000000204284184e-08
0.99999906539916994 5.6855146229533153e-08
0.99999907016754153 5.6709922254553615e-08
0.99999907493591311 5.6564325429515628e-08
0.9999990797042847 5.6418352867816855e-08
0.99999908447265629 5.6272001645414793e-08
0.99999908924102787 5.6125268800143368e-08
0.99999909400939946 5.597815133101346e-08
0.99999909877777104 5.5830646197496761e-08
0.99999910354614263 5.5682750318792532e-08
0.99999910831451422 5.5534460573076943e-08
0.9999991130828858 5.5385773796734127e-08
0.99999911785125739 5.5236686783568765e-08
0.99999912261962898 5.5087196283999386e-08
0.99999912738800056 5.4937299004231979e-08
0.99999913215637215 5.4786991605413186e-08
0.99999913692474374 5.4636270702762643e-08
0.99999914169311532 5.4485132864683556e-08
0.99999914646148691 5.4333574611851158e-08
0.9999991512298585 5.4181592416278144e-08
0.99999915599822997 5.4029182703910034e-08
0.99999916076660156 5.3876341839438369e-08
0.99999916553497314 5.3723066146584172e-08
0.99999917030334462 5.3569351896464166e-08
0.99999917507171621 5.3415195295747845e-08
0.99999917984008779 5.3260592507042881e-08
0.99999918460845938 5.3105539633473066e-08
0.99999918937683097 5.2950032721106046e-08
0.99999919414520255 5.2794067757776918e-08
0.99999919891357414 5.263764067188038e-08
0.99999920368194573 5.2480747331130551e-08
0.99999920845031731 5.232338354128729e-08
0.9999992132186889 5.2165545044847909e-08
0.99999921798706048 5.2007227519703232e-08
0.99999922275543207 5.184842657775656e-08
0.99999922752380366 5.1689137763504674e-08
0.99999923229217524 5.152935655257916e-08
0.99999923706054683 5.1369078350247019e-08
0.99999924182891842 5.1208298489868985e-08
0.99999924659729 5.1047012231314134e-08
0.99999925136566159 5.0885214759329334e-08
0.99999925613403318 5.0722901181861807e-08
0.99999926090240476 5.0560066528333239e-08
0.99999926567077635 5.0396705747863766e-08
0.99999927043914794 5.0232813707443883e-08
0.99999927520751952 5.006838519005259e-08
0.99999927997589111 4.9903414892719588e-08
0.9999992847442627 4.9737897424529865e-08
0.99999928951263428 4.957182730456803e-08
0.99999929428100587 4.9405198959800728e-08
0.99999929904937745 4.9238006722894362e-08
0.99999930381774904 4.9070244829965968e-08
0.99999930858612063 4.8901907418264674e-08
0.99999931335449221 4.8732988523781027e-08
0.9999993181228638 4.8563482078781513e-08
0.99999932289123539 4.8393381909265332e-08
0.99999932765960697 4.8222681732340453e-08
0.99999933242797856 4.8051375153515744e-08
0.99999933719635015 4.7879455663905944e-08
0.99999934196472173 4.7706916637345949e-08
0.99999934673309332 4.7533751327410856e-08
0.99999935150146491 4.735995286433789e-08
0.99999935626983649 4.7185514251846361e-08
0.99999936103820808 4.7010428363851373e-08
0.99999936580657967 4.6834687941066977e-08
0.99999937057495125 4.6658285587494126e-08
0.99999937534332284 4.6481213766788801e-08
0.99999938011169442 4.6303464798504951e-08
0.9999993848800659 4.6125030858369816e-08
0.99999938964843749 4.5945903957626848e-08
0.99999939441680907 4.5766075963797566e-08
0.99999939918518055 4.5585538583978779e-08
0.99999940395355214 4.5404283347691648e-08
0.99999940872192372 4.5222301627474e-08
0.99999941349029531 4.5039584617286621e-08
0.99999941825866689 4.4856123331736124e-08
0.99999942302703848 4.4671908600918745e-08
0.99999942779541007 4.448693106507203e-08
0.99999943256378165 4.4301181169025506e-08
0.99999943733215324 4.4114649156441048e-08
0.99999944210052483 4.3927325063833172e-08
0.99999944686889641 4.3739198714358771e-08
0.999999451637268 4.3550259711365403e-08
0.99999945640563959 4.3360497431686678e-08
0.99999946117401117 4.3169901018672173e-08
0.99999946594238276 4.2978459374939386e-08
0.99999947071075435 4.2786161154833624e-08
0.99999947547912593 4.2592994756581609e-08
0.99999948024749752 4.2398948314123305e-08
0.99999948501586911 4.2204009688605736e-08
0.99999948978424069 4.2008166459521529e-08
0.99999949455261228 4.181140591547394e-08
0.99999949932098386 4.1613715044548774e-08
0.99999950408935545 4.141508052427276e-08
0.99999950885772704 4.1215488711136317e-08
0.99999951362609862 4.1014925629657419e-08
0.99999951839447021 4.0813376960961834e-08
0.9999995231628418 4.0610828030853139e-08
0.99999952793121338 4.0407263797344645e-08
0.99999953269958497 4.0202668837623066e-08
0.99999953746795656 3.9997027334411912e-08
0.99999954223632814 3.979032306170076e-08
0.99999954700469973 3.9582539369803613e-08
0.99999955177307132 3.9373659169707696e-08
0.99999955415725705 3.926880241706448e-08
0.9999995565414429 3.9163664916670879e-08
0.99999955892562875 3.9058244406281044e-08
0.99999956130981449 3.8952538593023221e-08
0.99999956369400023 3.884654514293159e-08
0.99999956607818608 3.8740261690124993e-08
0.99999956846237192 3.8633685846131601e-08
0.99999957084655766 3.8526815189429875e-08
0.9999995732307434 3.8419647254810393e-08
0.99999957561492925 3.8312179542598718e-08
0.9999995779991151 3.820440952802777e-08
0.99999958038330083 3.8096334650604782e-08
0.99999958276748657 3.7987952303291661e-08
0.99999958515167242 3.7879259841767477e-08
0.99999958753585827 3.7770254593844001e-08
0.99999958992004401 3.7660933848646423e-08
0.99999959230422975 3.7551294845599249e-08
0.99999959468841559 3.7441334783722943e-08
0.99999959707260144 3.7331050831086892e-08
0.99999959945678718 3.7220440113790135e-08
0.99999960184097292 3.7109499704738144e-08
0.99999960422515877 3.6998226632966748e-08
0.99999960660934462 3.688661789312566e-08
0.99999960899353035 3.6774670434243435e-08
0.99999961137771609 3.666238114827865e-08
0.99999961376190183 3.6549746884715582e-08
0.99999961614608757 3.6436764444343487e-08
0.99999961853027342 3.6323430572910605e-08
0.99999962091445926 3.6209741975858094e-08
0.999999623298645 3.609569530672673e-08
0.99999962568283074 3.59812871553335e-08
0.99999962806701648 3.5866514062475605e-08
0.99999963045120221 3.5751372513424322e-08
0.99999963283538806 3.5635858931281428e-08
0.99999963521957391 3.551996969181458e-08
0.99999963760375965 3.5403701111456345e-08
0.99999963998794539 3.52870494350537e-08
0.99999964237213124 3.5170010845195898e-08
0.99999964475631709 3.5052581471714036e-08
0.99999964714050282 3.4934757379374702e-08
0.99999964952468856 3.4816534555309768e-08
0.99999965190887441 3.4697908918306152e-08
0.99999965429306026 3.4578876328269235e-08
0.999999656677246 3.445943257357962e-08
0.99999965906143173 3.4339573358169438e-08
0.99999966144561758 3.4219294310751154e-08
0.99999966382980343 3.4098590994221328e-08
0.99999966621398917 3.3977458892643072e-08
0.99999966859817491 3.385589339792979e-08
0.99999967098236076 3.3733889818984831e-08
0.9999996733665466 3.3611443391016542e-08
0.99999967575073234 3.3488549262102766e-08
0.99999967813491808 3.336520247943561e-08
0.99999968051910393 3.3241397998337487e-08
0.99999968290328978 3.3117130691451702e-08
0.99999968528747551 3.2992395334837132e-08
0.99999968767166125 3.2867186593719147e-08
0.9999996900558471 3.2741499031339523e-08
0.99999969244003295 3.2615327117978448e-08
0.99999969482421869 3.2488665216517387e-08
0.99999969720840443 3.2361507567630898e-08
0.99999969959259027 3.2233848298417655e-08
0.99999970197677612 3.2105681431199258e-08
0.99999970436096186 3.1977000868476945e-08
0.9999997067451476 3.1847800377485677e-08
0.99999970912933345 3.1718073598541009e-08
0.9999997115135193 3.158781405354651e-08
0.99999971389770503 3.1457015130254632e-08
0.99999971628189077 3.132567006608776e-08
0.99999971866607662 3.1193771956119546e-08
0.99999972105026247 3.1061313761205792e-08
0.99999972343444821 3.0928288291440045e-08
0.99999972581863394 3.0794688189125429e-08
0.99999972820281979 3.0660505936288472e-08
0.99999973058700564 3.0525733862326374e-08
0.99999973297119138 3.0390364126522906e-08
0.99999973535537712 3.02543887000283e-08
0.99999973773956297 3.0117799372776829e-08
0.99999974012374881 2.9980587760515149e-08
0.99999974250793455 2.9842745286212161e-08
0.99999974489212029 2.9704263160869768e-08
0.99999974727630614 2.9565132389680865e-08
0.99999974966049199 2.9425343778266849e-08
0.99999975204467773 2.9284887912773217e-08
0.99999975442886346 2.9143755139289675e-08
0.99999975681304931 2.90019355690399e-08
0.99999975919723516 2.8859419083607501e-08
0.9999997615814209 2.8716195313455239e-08
0.99999976396560664 2.85722536156742e-08
0.99999976634979248 2.8427583077936677e-08
0.99999976873397833 2.8282172522425765e-08
0.99999977111816407 2.8136010482443862e-08
0.99999977350234981 2.7989085178133389e-08
0.99999977588653566 2.7841384518843644e-08
0.99999977827072151 2.7692896105392917e-08
0.99999978065490724 2.7543607204335788e-08
0.99999978303909298 2.7393504721193846e-08
0.99999978542327883 2.7242575200778762e-08
0.99999978780746468 2.7090804827298543e-08
0.99999979019165042 2.6938179395722907e-08
0.99999979257583615 2.6784684281921218e-08
0.999999794960022 2.6630304440335086e-08
0.99999979734420785 2.6475024401279455e-08
0.99999979972839359 2.6318828238666459e-08
0.99999980211257933 2.6161699536253194e-08
0.99999980449676518 2.6003621381850642e-08
0.99999980688095103 2.5844576360945986e-08
0.99999980926513676 2.5684546519796074e-08
0.99999981045722963 2.5604156522686385e-08
0.9999998116493225 2.5523513326715988e-08
0.99999981284141537 2.5442614524259159e-08
0.99999981403350835 2.5361457661719957e-08
0.99999981522560133 2.5280040261331755e-08
0.9999998164176942 2.5198359805274194e-08
0.99999981760978707 2.5116413719473005e-08
0.99999981880187994 2.5034199395418563e-08
0.9999998199939728 2.4951714181626647e-08
0.99999982118606567 2.4868955382640647e-08
0.99999982237815854 2.4785920258003816e-08
0.99999982357025152 2.4702606013428073e-08
0.9999998247623445 2.4619009822967116e-08
0.99999982595443737 2.4535128812505008e-08
0.99999982714653024 2.4450960042894942e-08
0.99999982833862311 2.4366500532133181e-08
0.99999982953071598 2.4281747246353955e-08
0.99999983072280885 2.4196697098557866e-08
0.99999983191490172 2.4111346947299928e-08
0.9999998331069947 2.4025693587344287e-08
0.99999983429908768 2.3939733772183292e-08
0.99999983549118054 2.3853464196783519e-08
0.99999983668327341 2.3766881479942274e-08
0.99999983787536628 2.367998218677925e-08
0.99999983906745915 2.3592762819155196e-08
0.99999984025955202 2.3505219814028776e-08
0.99999984145164489 2.3417349541758133e-08
0.99999984264373776 2.3329148304344901e-08
0.99999984383583063 2.3240612333618208e-08
0.9999998450279235 2.3151737789356224e-08
0.99999984622001636 2.3062520757342483e-08
0.99999984741210934 2.2972957238996834e-08
0.99999984860420232 2.2883043174299847e-08
0.99999984979629519 2.2792774423117695e-08
0.99999985098838806 2.2702146746058071e-08
0.99999985218048093 2.2611155827293565e-08
0.9999998533725738 2.2519797263805871e-08
0.99999985456466667 2.2428066562899592e-08
0.99999985575675954 2.2335959139624172e-08
0.99999985694885241 2.2243470314099739e-08
0.99999985814094527 2.2150595308742425e-08
0.99999985933303814 2.2057329245384564e-08
0.99999986052513101 2.196366714228483e-08
0.99999986171722399 2.186960390224394e-08
0.99999986290931697 2.1775134335640145e-08
0.99999986410140984 2.1680253139746061e-08
0.99999986529350271 2.158495487745881e-08
0.99999986648559558 2.148923400008867e-08
0.99999986767768845 2.1393084834809834e-08
0.99999986886978132 2.1296501580737242e-08
0.99999987006187419 2.1199478304842479e-08
0.99999987125396717 2.1102008928602186e-08
0.99999987244606015 2.1004087250778016e-08
0.99999987363815301 2.0905706924855424e-08
0.99999987483024588 2.0806861435780512e-08
0.99999987602233875 2.0707544122318373e-08
0.99999987721443162 2.0607748162715979e-08
0.99999987840652449 2.0507466569234128e-08
0.99999987959861736 2.0406692182437523e-08
0.99999988079071034 2.0305417655774386e-08
0.99999988198280332 2.0203635477613463e-08
0.99999988317489619 2.0101337946099311e-08
0.99999988436698906 1.9998517143140195e-08
0.99999988555908192 1.98951649557329e-08
0.99999988675117479 1.9791273059036455e-08
0.99999988794326766 1.9686832908546563e-08
0.99999988913536053 1.958183573189427e-08
0.99999989032745351 1.947627251038881e-08
0.99999989151954649 1.9370133999462472e-08
0.99999989271163936 1.9263410699808609e-08
0.99999989390373223 1.9156092827401919e-08
0.9999998950958251 1.9048170332731364e-08
0.99999989628791797 1.8939632879959035e-08
0.99999989748001084 1.8830469835367174e-08
0.9999998986721037 1.8720670255198944e-08
0.99999989986419668 1.8610222862536711e-08
0.99999990105628966 1.8499116064635294e-08
0.99999990224838253 1.8387337918431107e-08
0.9999999034404754 1.8274876094531282e-08
0.99999990463256827 1.8161717892438952e-08
0.99999990582466114 1.8047850213495603e-08
0.99999990701675401 1.7933259543183415e-08
0.99999990820884688 1.7817931932403226e-08
0.99999990940093986 1.7701852966808486e-08
0.99999991059303284 1.7585007778202088e-08
0.99999991178512571 1.7467381001011939e-08
0.99999991297721857 1.7348956726551813e-08
0.99999991416931144 1.7229718510619719e-08
0.99999991536140431 1.7109649335997098e-08
0.99999991655349718 1.6988731584098615e-08
0.99999991774559005 1.6866947004792646e-08
0.99999991893768303 1.6744276672779671e-08
0.99999992012977601 1.6620700987529767e-08
0.99999992072582244 1.6558567314726335e-08
0.99999992132186888 1.6496199614254067e-08
0.99999992191791531 1.6433595221613899e-08
0.99999992251396175 1.6370751421359029e-08
0.99999992311000818 1.6307665445720574e-08
0.99999992370605462 1.6244334473185143e-08
0.99999992430210105 1.6180755627022372e-08
0.99999992489814749 1.6116925973760115e-08
0.99999992549419392 1.6052842521605116e-08
0.99999992609024035 1.5988502218806661e-08
0.99999992668628679 1.5923901951960777e-08
0.99999992728233322 1.5859038544252215e-08
0.99999992787837977 1.5793908741475092e-08
0.9999999284744262 1.5728509258716966e-08
0.99999992907047264 1.5662836705609544e-08
0.99999992966651918 1.5596887620457584e-08
0.99999993026256562 1.5530658505205511e-08
0.99999993085861205 1.5464145749538964e-08
0.99999993145465849 1.539734567768738e-08
0.99999993205070492 1.5330254533795416e-08
0.99999993264675135 1.5262868479458702e-08
0.99999993324279779 1.5195183591161231e-08
0.99999993383884422 1.512719585760955e-08
0.99999993443489066 1.5058901176958624e-08
0.99999993503093709 1.4990295353923974e-08
0.99999993562698353 1.4921374096774267e-08
0.99999993622302996 1.4852133014198319e-08
0.9999999368190764 1.4782567612040061e-08
0.99999993741512294 1.4712673276844722e-08
0.99999993801116938 1.4642445324445023e-08
0.99999993860721581 1.457187891814523e-08
0.99999993920326236 1.4500969103627444e-08
0.99999993979930879 1.4429710844821739e-08
0.99999994039535522 1.4358098940441835e-08
0.99999994099140166 1.4286128072343819e-08
0.99999994158744809 1.4213792787741274e-08
0.99999994218349453 1.4141087494384013e-08
0.99999994277954096 1.4068006455512613e-08
0.9999999433755874 1.3994543784575743e-08
0.99999994397163383 1.3920693439696638e-08
0.99999994456768027 1.3846449217873907e-08
0.9999999451637267 1.3771804748900967e-08
0.99999994575977313 1.3696753488987236e-08
0.99999994635581957 1.3621288714062968e-08
0.99999994695186611 1.3545403498574096e-08
0.99999994754791255 1.3469090764711753e-08
0.99999994814395898 1.3392343189839706e-08
0.99999994874000553 1.3315153240364802e-08
0.99999994933605196 1.3237513206636838e-08
0.9999999499320984 1.3159415107629767e-08
0.99999995052814483 1.3080850738827612e-08
0.99999995112419127 1.3001811647828221e-08
0.9999999517202377 1.2922289123729541e-08
0.99999995231628414 1.2842274185924331e-08
0.99999995291233057 1.2761757572262549e-08
0.999999953508377 1.2680729726537231e-08
0.99999995410442344 1.2599180785245997e-08
0.99999995470046987 1.2517100563576268e-08
0.99999995529651631 1.2434478540557828e-08
0.99999995589256274 1.2351303843321457e-08
0.99999995648860929 1.2267565214746182e-08
0.99999995708465572 1.2183251058218806e-08
0.99999995768070216 1.2098349325204298e-08
0.9999999582767487 1.2012847541499129e-08
0.99999995887279514 1.1926732834161589e-08
0.99999995946884157 1.1839991813222553e-08
0.999999960064888 1.1752610611027169e-08
0.99999996066093444 1.166457484048271e-08
0.99999996125698087 1.1575869567404361e-08
0.99999996185302731 1.1486479280938834e-08
0.99999996244907374 1.1396387861899849e-08
0.99999996304512018 1.130557854883251e-08
0.99999996364116661 1.1214033901604176e-08
0.99999996423721305 1.1121735762297907e-08
0.99999996483325948 1.1028665213160071e-08
0.99999996542930591 1.0934802531326317e-08
0.99999996602535246 1.0840127122307311e-08
0.99999996662139889 1.0744617538004822e-08
0.99999996721744533 1.0648251313983972e-08
0.9999999675154686 1.0599739659855959e-08
0.99999996781349187 1.0551004960053373e-08
0.99999996811151504 1.050204412773045e-08
0.99999996840953831 1.0452853948559521e-08
0.99999996870756158 1.0403431187758237e-08
0.99999996900558474 1.0353772533251072e-08
0.99999996930360791 1.0303874555795677e-08
0.99999996960163118 1.0253733742799974e-08
0.99999996989965445 1.0203346533088129e-08
0.99999997019767761 1.0152709277020967e-08
0.99999997049570077 1.0101818195380435e-08
0.99999997079372405 1.0050669413363613e-08
0.99999997109174732 9.9992589955612286e-09
0.99999997138977048 9.9475829047704137e-09
0.99999997168779364 9.8956369594703038e-09
0.99999997198581692 9.8434168679062241e-09
0.99999997228384019 9.790918263192296e-09
0.99999997258186335 9.7381366606257593e-09
0.99999997287988651 9.6850674135454485e-09
0.99999997317790978 9.631705747384959e-09
0.99999997347593306 9.5780467947741093e-09
0.99999997377395622 9.5240855511138679e-09
0.99999997407197938 9.469816828554547e-09
0.99999997437000265 9.4152352898483556e-09
0.99999997466802593 9.3603354832731525e-09
0.99999997496604909 9.3051117961590469e-09
0.99999997526407236 9.2495583858909722e-09
0.99999997556209563 9.193669296226584e-09
0.99999997586011879 9.1374383886367206e-09
0.99999997615814207 9.0808592709763269e-09
0.99999997645616534 9.0239254147963186e-09
0.9999999767541885 8.966630084246608e-09
0.99999997705221177 8.9089662620877513e-09
0.99999997735023505 8.85092676784216e-09
0.99999997764825821 8.792504183892731e-09
0.99999997794628148 8.7336907784297829e-09
0.99999997824430475 8.6744786242213612e-09
0.99999997854232792 8.6148595214487648e-09
0.99999997884035108 8.5548249395241984e-09
0.99999997913837435 8.4943660465573255e-09
0.99999997943639762 8.4334737397641923e-09
0.99999997973442079 8.3721385851559941e-09
0.99999998003244395 8.3103507542226526e-09
0.99999998033046722 8.248100050481454e-09
0.99999998062849049 8.1853759367961163e-09
0.99999998092651365 8.1221674689696547e-09
0.99999998122453682 8.0584632257448771e-09
0.99999998152256009 7.994251330973286e-09
0.99999998182058336 7.9295194762507111e-09
0.99999998211860652 7.8642548463977057e-09
0.99999998241662968 7.7984440405330766e-09
0.99999998271465296 7.7320730876624485e-09
0.99999998301267623 7.6651274622127158e-09
0.99999998331069939 7.5975919984137375e-09
0.99999998360872255 7.5294507991047364e-09
0.99999998390674583 7.4606872413544738e-09
0.9999999842047691 7.3912839811405916e-09
0.99999998450279226 7.3212228520788006e-09
0.99999998480081553 7.2504847303561812e-09
0.99999998509883881 7.1790496306851849e-09
0.99999998539686197 7.1068965630529089e-09
0.99999998569488524 7.0340033786896484e-09
0.99999998599290851 6.9603468522974591e-09
0.99999998629093168 6.8859025160494495e-09
0.99999998658895495 6.8106444799429296e-09
0.99999998673796653 6.7727018840167494e-09
0.99999998688697822 6.7345454934393083e-09
0.9999999870359898 6.6961717107974013e-09
0.99999998718500138 6.6575767481576594e-09
0.99999998733401307 6.6187567073120613e-09
0.99999998748302465 6.5797076627618743e-09
0.99999998763203624 6.5404254834125771e-09
0.99999998778104793 6.5009059135316454e-09
0.99999998793005951 6.4611446565565194e-09
0.99999998807907109 6.4211371928306734e-09
0.99999998822808267 6.3808788912816947e-09
0.99999998837709425 6.3403649738088154e-09
0.99999998852610594 6.2995904781860035e-09
0.99999998867511752 6.2585503727653966e-09
0.9999999888241291 6.2172393667831734e-09
0.9999999889731408 6.1756519927184797e-09
0.99999998912215238 6.1337826918058553e-09
0.99999998927116396 6.0916256192639452e-09
0.99999998942017554 6.0491747586009599e-09
0.99999998956918712 6.0064238807100146e-09
0.99999998971819881 5.963366501003009e-09
0.99999998986721039 5.9199959965903894e-09
0.99999999001622197 5.8763054016834421e-09
0.99999999016523367 5.8322874898203121e-09
0.99999999031424525 5.7879348594999826e-09
0.99999999046325683 5.743239722627122e-09
0.99999999061226841 5.6981940196131817e-09
0.99999999076127999 5.6527893697355468e-09
0.99999999091029168 5.6070170186907546e-09
0.99999999105930326 5.5608679557260058e-09
0.99999999120831484 5.5143326880048967e-09
0.99999999135732653 5.4674013189842814e-09
0.99999999150633812 5.4200636302079381e-09
0.9999999916553497 5.3723088451820262e-09
0.99999999180436128 5.3241257404747338e-09
0.99999999195337286 5.2755025800957231e-09
0.99999999210238455 5.2264270453781701e-09
0.99999999225139613 5.176886345339657e-09
0.99999999240040771 5.1268669579299985e-09
0.9999999925494194 5.0763546952431688e-09
0.99999999269843098 5.0253347712724933e-09
0.99999999284744256 4.9737915250490523e-09
0.99999999299645415 4.9217085149148761e-09
0.99999999314546573 4.8690684198076139e-09
0.99999999329447742 4.8158529320986123e-09
0.999999993443489 4.7620428425495945e-09
0.99999999359250058 4.7076177207584776e-09
0.99999999374151227 4.6525559417564697e-09
0.99999999389052385 4.5968347111232598e-09
0.99999999403953543 4.5404297077973024e-09
0.99999999418854713 4.4833150812051668e-09
0.99999999433755871 4.4254634432017545e-09
0.99999999448657029 4.3668454583045375e-09
0.99999999463558198 4.3074297953846645e-09
0.99999999471008771 4.2774125261459078e-09
0.99999999478459356 4.2471830678062616e-09
0.99999999485909941 4.2167369023988348e-09
0.99999999493360514 4.1860693473232452e-09
0.99999999500811099 4.1551754082245877e-09
0.99999999508261683 4.1240500440211771e-09
0.99999999515712257 4.0926880215847161e-09
0.99999999523162841 4.0610837635319628e-09
0.99999999530613426 4.0292316174159605e-09
0.99999999538063999 3.9971257051913166e-09
0.99999999545514584 3.9647597651542389e-09
0.99999999552965169 3.9321274251519619e-09
0.99999999560415742 3.8992220459770885e-09
0.99999999567866327 3.8660365564752829e-09
0.99999999575316911 3.8325637304726416e-09
0.99999999582767485 3.798796022981588e-09
0.99999999590218069 3.7647253971936701e-09
0.99999999597668654 3.7303436045880471e-09
0.99999999605119227 3.6956420124603664e-09
0.99999999612569812 3.6606114210881784e-09
0.99999999620020397 3.6252423461200396e-09
0.9999999962747097 3.5895248354006254e-09
0.99999999634921555 3.5534482739702009e-09
0.99999999642372139 3.5170016672682033e-09
0.99999999649822713 3.480173444428895e-09
0.99999999657273297 3.442951247842002e-09
0.99999999664723882 3.4053222148112672e-09
0.99999999672174456 3.3672727632778243e-09
0.9999999967962504 3.3287883612368924e-09
0.99999999687075625 3.2898538030528521e-09
0.99999999694526198 3.2504529716597465e-09
0.99999999701976783 3.2105685808669464e-09
0.99999999709427367 3.1701824401585974e-09
0.99999999716877941 3.1292751843334402e-09
0.99999999724328525 3.0878259780383035e-09
0.9999999973177911 3.0458127588499155e-09
0.99999999739229684 3.0032119201369884e-09
0.99999999746680268 2.9599979608947068e-09
0.99999999754130853 2.9161436898257171e-09
0.99999999761581426 2.8716198381532185e-09
0.99999999769032 2.8263946946598746e-09
0.99999999776482584 2.7804339699219284e-09
0.99999999783933169 2.7337006332354209e-09
0.99999999787658456 2.7100318060240782e-09
0.99999999791383742 2.6861544309966459e-09
0.99999999795109029 2.6620628964496874e-09
0.99999999798834327 2.6377512616132025e-09
0.99999999802559625 2.613213456956853e-09
0.99999999806284912 2.5884431245601616e-09
0.99999999810010198 2.5634334488212403e-09
0.99999999813735485 2.5381773547131701e-09
0.99999999817460772 2.512667411619041e-09
0.9999999982118607 2.4868957305931981e-09
0.99999999824911368 2.4608541663949579e-09
0.99999999828636654 2.4345341372977723e-09
0.99999999832361941 2.4079264322365409e-09
0.99999999836087228 2.3810214069699129e-09
0.99999999839812515 2.3538088660349998e-09
0.99999999843537812 2.3262779350708972e-09
0.9999999984726311 2.2984172564094759e-09
0.99999999850988397 2.2702147744008826e-09
0.99999999854713684 2.2416575026630715e-09
0.9999999985843897 2.2127317046071419e-09
0.99999999862164257 2.1834227336665743e-09
0.99999999865889555 2.15371485745146e-09
0.99999999869614853 2.1235914250421876e-09
0.9999999987334014 2.0930345859068598e-09
0.99999999877065426 2.0620249792575952e-09
0.99999999880790713 2.0305418617582542e-09
0.99999999884516 1.9985628560576887e-09
0.99999999888241287 1.9660637646995728e-09
0.99999999891966573 1.9330183558637633e-09
0.99999999895691871 1.8993980144626335e-09
0.99999999899417169 1.8651717536391503e-09
0.99999999903142456 1.8303056869785802e-09
0.99999999906867743 1.7947624202075669e-09
0.99999999910593029 1.7585008905834863e-09
0.99999999914318316 1.7214757097812633e-09
0.99999999916180959 1.7026612223091535e-09
0.99999999918043614 1.6836363837086835e-09
0.99999999919906268 1.6643940961015231e-09
0.99999999921768912 1.6449268450964018e-09
0.99999999923631555 1.6252264286239003e-09
0.99999999925494198 1.6052842623267675e-09
0.99999999927356842 1.5850912218064893e-09
0.99999999929219485 1.5646375938279076e-09
0.99999999931082129 1.5439130217045199e-09
0.99999999932944772 1.5229064439930565e-09
0.99999999934807415 1.5016060254673903e-09
0.99999999936670059 1.4799990791490273e-09
0.99999999938532702 1.4580719779357824e-09
0.99999999940395357 1.4358099203603235e-09
0.99999999942258011 1.4131972126940638e-09
0.99999999944120654 1.3902168825469885e-09
0.99999999945983298 1.3668502474918984e-09
0.99999999947845941 1.3430771450725606e-09
0.99999999949708585 1.3188755954074882e-09
0.99999999951571228 1.2942215632202443e-09
0.99999999953433871 1.2690886782430331e-09
0.99999999955296515 1.2434479047320983e-09
0.99999999957159158 1.2172671482950002e-09
0.99999999959021801 1.1905107848530559e-09
0.99999999960884445 1.1631390920187641e-09
0.99999999962747099 1.1351073878347321e-09
0.99999999964609754 1.1063656793526011e-09
0.99999999966472397 1.0768572955470652e-09
0.99999999967403719 1.0617956226288736e-09
0.9999999996833504 1.0465172017191766e-09
0.99999999969266362 1.0310123969932825e-09
0.99999999970197684 1.0152708367785083e-09
0.99999999971129006 9.9928133239415167e-10
0.99999999972060327 9.8303178510632565e-10
0.99999999972991649 9.6650907899855129e-10
0.99999999973922971 9.4969895706130279e-10
0.99999999974854292 9.3258587717133289e-10
0.99999999975785614 9.1515284382168799e-10
0.99999999976716936 8.9738121041719017e-10
0.99999999977648257 8.7925044558653491e-10
0.99999999978579579 8.6073785516719215e-10
0.99999999979510901 8.4181824913155502e-10
0.99999999980442222 8.224635395100595e-10
0.99999999981373544 8.0264225099063525e-10
0.99999999982304866 7.8231891983168373e-10
0.99999999983236187 7.6145334826062128e-10
0.99999999984167509 7.3999966947790563e-10
0.99999999985098842 7.1790489348051177e-10
0.99999999986030175 6.9510816520777566e-10
0.99999999986495836 6.8342484295110648e-10
0.99999999986961496 6.7153828676168486e-10
0.99999999987427157 6.5943750667576018e-10
0.99999999987892818 6.4711048502903853e-10
0.99999999988358479 6.3454403665793097e-10
0.9999999998882414 6.2172364365658166e-10
0.99999999989289801 6.0863325878967568e-10
0.99999999989755461 5.952550699726249e-10
0.99999999990221122 5.8156921595897686e-10
0.99999999990686783 5.6755344028030813e-10
0.99999999991152444 5.5318266621138598e-10
0.99999999991618105 5.3842846954754531e-10
0.99999999992083766 5.2325841745903734e-10
0.99999999992549427 5.0763522933698224e-10
0.99999999993015087 4.9151569729372306e-10
0.99999999993480748 4.7484927641106202e-10
0.99999999993946409 4.5757621215479889e-10
0.9999999999441207 4.3962500446586052e-10
0.99999999994644906 4.3036848149645796e-10
0.99999999994877731 4.2090889652409598e-10
0.99999999995110556 4.1123176978519025e-10
0.99999999995343392 4.0132088631730403e-10
0.99999999995576228 3.911589691012029e-10
0.99999999995809052 3.8072642200894177e-10
0.99999999996041877 3.699998347609204e-10
0.99999999996274713 3.5895231304005433e-10
0.99999999996507549 3.4755380641055341e-10
0.99999999996740374 3.3576914339725964e-10
0.99999999996973199 3.2355553922774532e-10
0.99999999997206035 3.1086182184131882e-10
0.99999999997438871 2.9762721245210958e-10
0.99999999997671696 2.8377672015006483e-10
0.99999999997904521 2.6921459136942368e-10
0.99999999998020939 2.6162939219993774e-10
0.99999999998137357 2.5381761467558269e-10
0.99999999998253775 2.4575765334224473e-10
0.99999999998370193 2.3742423387885629e-10
0.99999999998486611 2.2878747668879837e-10
0.99999999998603017 2.1981250223753634e-10
0.99999999998719424 2.1045513248722879e-10
0.99999999998835842 2.0066092157381937e-10
0.9999999999895226 1.9036346315268213e-10
0.99999999999068678 1.7947615652253443e-10
0.99999999999185096 1.6788428579444417e-10
0.99999999999243305 1.6177717621782055e-10
0.99999999999301514 1.5543029329352293e-10
0.99999999999359723 1.4881296113446247e-10
0.99999999999417932 1.4188734520703793e-10
0.9999999999947613 1.346072956857696e-10
0.99999999999534339 1.269088073386778e-10
0.99999999999592548 1.1871211694015369e-10
0.99999999999650746 1.099075612973955e-10
0.99999999999679856 1.0522756624411971e-10
0.99999999999708955 1.0033141760497134e-10
0.99999999999738054 9.518374871576089e-11
0.99999999999767164 8.973914801748014e-11
0.99999999999796274 8.3942142897478601e-11
0.99999999999825373 7.7716381897132358e-11
0.99999999999854472 7.0946378879690116e-11
0.99999999999869027 6.7305074175714938e-11
0.99999999999883582 6.3455160101100474e-11
0.99999999999898137 5.9356058470167549e-11
0.99999999999912692 5.4952033727346775e-11
0.99999999999927236 5.0166665606477193e-11
0.99999999999941791 4.4869574008779245e-11
0.99999999999949063 4.1973358638301892e-11
0.99999999999956346 3.8856955688607254e-11
0.99999999999963618 3.5473189439864419e-11
0.9999999999997089 3.1730605614872731e-11
0.99999999999978173 2.7476016863682383e-11
0.99999999999981815 2.507950533197829e-11
0.99999999999985445 2.2436926401434084e-11
0.99999999999989075 1.9438357569249594e-11
0.99999999999992717 1.5871352494143165e-11
0.99999999999994538 1.3744994452345616e-11
0.99999999999996358 1.1222740975210861e-11
0.99999999999997269 9.7191787846251963e-12
0.99999999999998179 7.935676247071799e-12
0.9999999999999909 5.6113704876055064e-12
0.99999999999999545 3.967838123535927e-12
0.99999999999999778 2.7712583541870088e-12
0.99999999999999889 1.9595755746655059e-12
0.99999999999999944 1.3856291770935056e-12
0.99999999999999978 8.7634883840005756e-13
1 0
