# Silicon ocv; sampled from pre-migration BESFEM model.
# concentration value; solver units (see ../README.md)
0 5000.9284499346095
9.5367431640625002e-09 5000.9284499346095
9.8347663879394519e-09 5000.9284499346095
9.9837779998779286e-09 5000.9284499346095
9.9930912256240832e-09 5000.9284499346095
9.9977478384971613e-09 5000.9284499346095
9.9989119917154296e-09 5000.9284499346095
9.9994940683245638e-09 5000.9284499346095
9.9997851066291308e-09 5000.9284499346095
9.9999306257814144e-09 5000.9284499346095
1.0000003385357558e-08 5000.926757256404
1.00000761449337e-08 5000.8903777576597
1.0002404451370238e-08 4999.7265132493058
1.0021030902862547e-08 4990.4350670348449
1.0039657354354856e-08 4981.1780974297135
1.0058283805847167e-08 4971.9554128971922
1.0076910257339478e-08 4962.7668233167315
1.0095536708831787e-08 4953.6121399708854
1.0114163160324096e-08 4944.4911755323892
1.0132789611816405e-08 4935.4037440513885
1.0151416063308714e-08 4926.3496609427939
1.0170042514801024e-08 4917.3287429737911
1.0188668966293333e-08 4908.3408082514743
1.0207295417785644e-08 4899.385676210627
1.0225921869277954e-08 4890.4631676016206
1.0244548320770264e-08 4881.5731044784652
1.0263174772262573e-08 4872.7153101869726
1.0281801223754882e-08 4863.8896093530575
1.0300427675247191e-08 4855.0958278711623
1.03190541267395e-08 4846.3337928928131
1.033768057823181e-08 4837.6033328152853
1.035630702972412e-08 4828.9042772704097
1.0374933481216431e-08 4820.2364571134858
1.039355993270874e-08 4811.5997044123224
1.041218638420105e-08 4802.9938524363861
1.0430812835693359e-08 4794.4187356460789
1.0449439287185668e-08 4785.8741896821175
1.0468065738677977e-08 4777.3600513550373
1.0486692190170286e-08 4768.8761586348028
1.0505318641662597e-08 4760.4223506405251
1.0523945093154908e-08 4751.9984676302984
1.0542571544647217e-08 4743.6043509911324
1.0561197996139526e-08 4735.2398432289992
1.0579824447631835e-08 4726.9047879589871
1.0598450899124145e-08 4718.5990298955467
1.0617077350616454e-08 4710.3224148428553
1.0635703802108763e-08 4702.0747896852699
1.0654330253601074e-08 4693.8560023778846
1.0672956705093385e-08 4685.66590193719
1.0691583156585694e-08 4677.5043384318296
1.0710209608078003e-08 4669.3711629734435
1.0728836059570312e-08 4661.2662277076206
1.0747462511062621e-08 4653.1893858049389
1.076608896255493e-08 4645.1404914520917
1.078471541404724e-08 4637.1193998431227
1.080334186553955e-08 4629.1259671707357
1.0821968317031861e-08 4621.1600506177019
1.084059476852417e-08 4613.2215083483561
1.085922122001648e-08 4605.3101995001753
1.0877847671508789e-08 4597.4259841754447
1.0896474123001098e-08 4589.5687234330217
1.0915100574493407e-08 4581.7382792801618
1.0933727025985716e-08 4573.9345146644491
1.0952353477478027e-08 4566.1572934657961
1.0970979928970338e-08 4558.406480488532
1.0989606380462647e-08 4550.6819414535621
1.1008232831954956e-08 4542.9835429906225
1.1026859283447265e-08 4535.3111526305975
1.1045485734939575e-08 4527.6646387979254
1.1064112186431884e-08 4520.0438708030724
1.1082738637924193e-08 4512.4487188350931
1.1101365089416504e-08 4504.8790539542542
1.1119991540908815e-08 4497.3347480847397
1.1138617992401124e-08 4489.8156740074319
1.1157244443893433e-08 4482.3217053527515
1.1175870895385742e-08 4474.8527165935866
1.1194497346878051e-08 4467.4085830382801
1.1213123798370361e-08 4459.9891808236871
1.123175024986267e-08 4452.5943869083139
1.1250376701354981e-08 4445.224079065506
1.1269003152847291e-08 4437.8781358767237
1.1287629604339601e-08 4430.5564367248689
1.130625605583191e-08 4423.2588617876827
1.1324882507324219e-08 4415.9852920312096
1.1343508958816528e-08 4408.7356092033287
1.1362135410308837e-08 4401.5096958273416
1.1380761861801146e-08 4394.3074351956293
1.1399388313293457e-08 4387.1287113633671
1.1418014764785768e-08 4379.9734091423024
1.1436641216278077e-08 4372.8414140945961
1.1455267667770386e-08 4365.7326125267191
1.1473894119262696e-08 4358.6468914834131
1.1492520570755005e-08 4351.5841387417058
1.1511147022247314e-08 4344.5442428049882
1.1529773473739623e-08 4337.5270928971431
1.1548399925231934e-08 4330.5325789567432
1.1567026376724245e-08 4323.5605916312852
1.1585652828216554e-08 4316.611022271507
1.1604279279708863e-08 4309.6837629257234
1.1622905731201172e-08 4302.7787063342539
1.1641532182693481e-08 4295.8957459238754
1.1660158634185791e-08 4289.0347758023481
1.16787850856781e-08 4282.1956907529784
1.1697411537170411e-08 4275.3783862292421
1.1716037988662721e-08 4268.5827583494602
1.1734664440155031e-08 4261.808703891521
1.175329089164734e-08 4255.0561202876461
1.1771917343139649e-08 4248.3249056192244
1.1790543794631958e-08 4241.6149586116844
1.1809170246124267e-08 4234.9261786294028
1.1827796697616576e-08 4228.2584656706886
1.1846423149108887e-08 4221.6117203627873
1.1865049600601198e-08 4214.9858439569507
1.1883676052093507e-08 4208.3807383235453
1.1902302503585816e-08 4201.7963059472086
1.1920928955078126e-08 4195.2324499220485
1.1939555406570435e-08 4188.6890739468881
1.1958181858062744e-08 4182.1660823205593
1.1976808309555053e-08 4175.6633799372357
1.1995434761047364e-08 4169.1808722818087
1.2014061212539675e-08 4162.7184654253142
1.2032687664031984e-08 4156.2760660203876
1.2051314115524293e-08 4149.8535812967748
1.2069940567016602e-08 4143.450919056877
1.2088567018508912e-08 4137.0679876713375
1.2107193470001221e-08 4130.7046960746775
1.212581992149353e-08 4124.3609537609545
1.2144446372985841e-08 4118.0366707794828
1.2163072824478152e-08 4111.7317577305712
1.2181699275970461e-08 4105.446125761322
1.220032572746277e-08 4099.1796865614424
1.2218952178955079e-08 4092.9323523591243
1.2237578630447388e-08 4086.7040359169337
1.2256205081939697e-08 4080.4946505277585
1.2274831533432007e-08 4074.3041100107812
1.2293457984924317e-08 4068.1323287074906
1.2312084436416628e-08 4061.9792214777353
1.2330710887908937e-08 4055.8447036958032
1.2349337339401247e-08 4049.7286912465465
1.2367963790893556e-08 4043.6311005215348
1.2386590242385865e-08 4037.551848415244
1.2405216693878174e-08 4031.4908523212839
1.2423843145370483e-08 4025.4480301286553
1.2442469596862794e-08 4019.423300218039
1.2461096048355105e-08 4013.4165814581265
1.2479722499847414e-08 4007.4277932019763
1.2498348951339723e-08 4001.4568552833985
1.2516975402832032e-08 3995.5036880133889
1.2535601854324342e-08 3989.5682121765731
1.2554228305816651e-08 3983.6503490276996
1.257285475730896e-08 3977.7500202881552
1.2591481208801271e-08 3971.8671481425154
1.2610107660293582e-08 3966.001655235119
1.2628734111785891e-08 3960.1534646666819
1.26473605632782e-08 3954.3224999909357
1.2665987014770509e-08 3948.5086852112931
1.2684613466262818e-08 3942.7119447775531
1.2703239917755127e-08 3936.9322035826217
1.2721866369247437e-08 3931.1693869592709
1.2740492820739747e-08 3925.4234206769229
1.2759119272232058e-08 3919.6942309384644
1.2777745723724367e-08 3913.9817443770862
1.2796372175216677e-08 3908.2858880531503
1.2814998626708986e-08 3902.6065894510853
1.2833625078201295e-08 3896.9437764763125
1.2852251529693604e-08 3891.2973774521911
1.2870877981185913e-08 3885.6673211169946
1.2889504432678224e-08 3880.0535366209165
1.2908130884170535e-08 3874.455953523096
1.2926757335662844e-08 3868.8745017886695
1.2945383787155153e-08 3863.3091117858521
1.2964010238647463e-08 3857.7597142830441
1.2982636690139772e-08 3852.226240445952
1.3001263141632081e-08 3846.7086218347545
1.301988959312439e-08 3841.2067904012715
1.3038516044616699e-08 3835.7206784861692
1.3057142496109008e-08 3830.2502188161884
1.3075768947601318e-08 3824.7953445013918
1.3094395399093627e-08 3819.3559890324409
1.3113021850585938e-08 3813.93208627789
1.3131648302078248e-08 3808.5235704815072
1.3150274753570558e-08 3803.130376259619
1.3168901205062867e-08 3797.7524385984707
1.3187527656555176e-08 3792.3896928516197
1.3206154108047485e-08 3787.0420747373396
1.3224780559539794e-08 3781.7095203360577
1.3243407011032103e-08 3776.3919660878037
1.3262033462524413e-08 3771.0893487896838
1.3280659914016722e-08 3765.8016055933822
1.3299286365509031e-08 3760.5286740026722
1.331791281700134e-08 3755.2704918709564
1.3336539268493651e-08 3750.0269973988256
1.3355165719985962e-08 3744.7981291316382
1.3373792171478271e-08 3739.5838259571169
1.339241862297058e-08 3734.3840271029694
1.3411045074462889e-08 3729.198672134527
1.3429671525955198e-08 3724.0277009524052
1.3448297977447508e-08 3718.8710537901775
1.3466924428939817e-08 3713.7286712120786
1.3485550880432128e-08 3708.6004941107126
1.3504177331924438e-08 3703.486463704799
1.3522803783416748e-08 3698.3865215369183
1.3541430234909057e-08 3693.3006094712873
1.3560056686401366e-08 3688.2286696915503
1.3578683137893675e-08 3683.1706446985886
1.3597309589385984e-08 3678.1264773083476
1.3615936040878294e-08 3673.0961106496793
1.3634562492370604e-08 3668.0794881622096
1.3653188943862915e-08 3663.0765535942137
1.3671815395355224e-08 3658.0872510005179
1.3690441846847534e-08 3653.11152474041
1.3709068298339843e-08 3648.149319475574
1.3727694749832152e-08 3643.2005801680361
1.3746321201324461e-08 3638.2652520781344
1.376494765281677e-08 3633.3432807624945
1.3783574104309081e-08 3628.4346120720306
1.3802200555801392e-08 3623.5391921499631
1.3820827007293701e-08 3618.6569674298403
1.383945345878601e-08 3613.7878846335952
1.3858079910278319e-08 3608.931890769597
1.3876706361770629e-08 3604.0889331307362
1.3895332813262938e-08 3599.2589592925165
1.3913959264755247e-08 3594.441917111159
1.3932585716247558e-08 3589.6377547217285
1.3951212167739869e-08 3584.8464205362757
1.3969838619232178e-08 3580.067863241984
1.3988465070724487e-08 3575.3020317993414
1.4007091522216796e-08 3570.5488754403223
1.4025717973709105e-08 3565.8083436665861
1.4044344425201414e-08 3561.080386247686
1.4062970876693724e-08 3556.3649532193003
1.4081597328186034e-08 3551.6619948814655
1.4100223779678345e-08 3546.9714617968334
1.4118850231170654e-08 3542.2933047889433
1.4137476682662964e-08 3537.6274749404924
1.4156103134155273e-08 3532.9739235916427
1.4174729585647582e-08 3528.3326023383229
1.4193356037139891e-08 3523.7034630305493
1.42119824886322e-08 3519.0864577707639
1.4230608940124511e-08 3514.4815389121813
1.4249235391616822e-08 3509.8886590571506
1.4267861843109131e-08 3505.3077710555262
1.428648829460144e-08 3500.73882800306
1.4305114746093749e-08 3496.1817832397919
1.4323741197586059e-08 3491.6365903484693
1.4342367649078368e-08 3487.1032031529685
1.4360994100570677e-08 3482.5815757167284
1.4379620552062988e-08 3478.0716623412045
1.4398247003555299e-08 3473.5734175643229
1.4416873455047608e-08 3469.0867961589574
1.4435499906539917e-08 3464.6117531314121
1.4454126358032226e-08 3460.148243719917
1.4472752809524535e-08 3455.6962233931354
1.4491379261016845e-08 3451.2556478486854
1.4510005712509154e-08 3446.8264730116662
1.4528632164001465e-08 3442.4086550332022
1.4547258615493775e-08 3438.0021502889977
1.4565885066986085e-08 3433.606915377899
1.4584511518478394e-08 3429.2229071204679
1.4603137969970703e-08 3424.8500825575707
1.4621764421463012e-08 3420.488398948974
1.4640390872955321e-08 3416.1378137719503
1.465901732444763e-08 3411.7982847199005
1.4677643775939941e-08 3407.4697697009765
1.4696270227432252e-08 3403.1522268367262
1.4714896678924561e-08 3398.8456144607399
1.473352313041687e-08 3394.5498911173104
1.475214958190918e-08 3390.2650155601009
1.4770776033401489e-08 3385.9909467508282
1.4789402484893798e-08 3381.7276438579515
1.4808028936386107e-08 3377.4750662553706
1.4826655387878418e-08 3373.2331735211383
1.4845281839370729e-08 3369.0019254361755
1.4863908290863038e-08 3364.7812819830046
1.4882534742355347e-08 3360.5712033444852
1.4901161193847656e-08 3356.3716499025609
1.4919787645339965e-08 3352.1825822370206
1.4938414096832275e-08 3348.0039611242628
1.4957040548324584e-08 3343.835747536069
1.4975666999816893e-08 3339.6779026383924
1.4994293451309202e-08 3335.5303877901511
1.5012919902801511e-08 3331.3931645420289
1.5031546354293824e-08 3327.2661946352891
1.5050172805786133e-08 3323.1494400005963
1.5068799257278442e-08 3319.0428627568417
1.5087425708770755e-08 3314.9464252099838
1.5106052160263064e-08 3310.8600898518989
1.5124678611755373e-08 3306.783819359227
1.5143305063247682e-08 3302.7175765922439
1.5161931514739991e-08 3298.6613245937301
1.51805579662323e-08 3294.6150265878505
1.519918441772461e-08 3290.5786459790429
1.5217810869216919e-08 3286.5521463509185
1.5236437320709228e-08 3282.5354914651607
1.5255063772201537e-08 3278.5286452604423
1.5273690223693846e-08 3274.5315718513448
1.5292316675186156e-08 3270.5442355272871
1.5310943126678465e-08 3266.5666007514628
1.5329569578170777e-08 3262.5986321597834
1.5348196029663086e-08 3258.640294559832
1.5366822481155396e-08 3254.691552929819
1.5385448932647708e-08 3250.7523724175535
1.5404075384140017e-08 3246.8227183394165
1.5422701835632326e-08 3242.9025561793428
1.5441328287124636e-08 3238.9918515878098
1.5459954738616945e-08 3235.0905703808339
1.5478581190109254e-08 3231.1986785389772
1.5497207641601563e-08 3227.3161422063554
1.5515834093093872e-08 3223.4429276896576
1.5534460544586181e-08 3219.5790014571726
1.5553086996078491e-08 3215.7243301378189
1.55717134475708e-08 3211.8788805201862
1.5590339899063109e-08 3208.0426195515788
1.5608966350555418e-08 3204.2155143370737
1.5627592802047731e-08 3200.3975321385728
1.564621925354004e-08 3196.5886403738787
1.5664845705032349e-08 3192.7888066157598
1.5683472156524661e-08 3188.9979985910313
1.5702098608016971e-08 3185.2161841796483
1.572072505950928e-08 3181.4433314137887
1.5739351511001589e-08 3177.6794084769608
1.5757977962493898e-08 3173.9243837031045
1.5776604413986207e-08 3170.1782255757025
1.5795230865478516e-08 3166.440902726903
1.5813857316970826e-08 3162.71238393664
1.5832483768463135e-08 3158.9926381317646
1.5851110219955444e-08 3155.2816343851855
1.5869736671447753e-08 3151.5793419150068
1.5888363122940062e-08 3147.8857300836794
1.5906989574432371e-08 3144.2007683971547
1.5925616025924684e-08 3140.5244265040487
1.5944242477416993e-08 3136.8566741948052
1.5962868928909302e-08 3133.197481400869
1.5981495380401615e-08 3129.5468181938645
1.6000121831893924e-08 3125.9046547847802
1.6018748283386233e-08 3122.2709615231593
1.6037374734878542e-08 3118.645708896292
1.6056001186370851e-08 3115.0288675284191
1.6074627637863161e-08 3111.4204081799394
1.609325408935547e-08 3107.8203017466171
1.6111880540847779e-08 3104.2285192588056
1.6130506992340088e-08 3100.6450318806651
1.6149133443832397e-08 3097.0698109093946
1.6167759895324707e-08 3093.5028277744627
1.6186386346817016e-08 3089.9440540368496
1.6205012798309325e-08 3086.3934613882884
1.6223639249801637e-08 3082.8510216505147
1.6242265701293947e-08 3079.3167067745244
1.6260892152786256e-08 3075.7904888398321
1.6279518604278568e-08 3072.2723400537302
1.6298145055770877e-08 3068.7622327505683
1.6316771507263187e-08 3065.2601393910209
1.6335397958755496e-08 3061.7660325613688
1.6354024410247805e-08 3058.2798849727865
1.6372650861740114e-08 3054.801669460629
1.6391277313232423e-08 3051.3313589837257
1.6409903764724732e-08 3047.8689266236825
1.6428530216217042e-08 3044.4143455841831
1.6447156667709351e-08 3040.9675891902998
1.646578311920166e-08 3037.5286308878044
1.6484409570693969e-08 3034.0974442424904
1.6503036022186278e-08 3030.6740029394905
1.6521662473678591e-08 3027.2582807826061
1.65402889251709e-08 3023.8502516936442
1.6558915376663209e-08 3020.4498897117423
1.6577541828155522e-08 3017.0571689927215
1.6596168279647831e-08 3013.6720638084239
1.661479473114014e-08 3010.2945485460632
1.6633421182632449e-08 3006.9245977075821
1.6652047634124758e-08 3003.5621859090083
1.6670674085617067e-08 3000.2072878798162
1.6689300537109377e-08 2996.8598784622964
1.6707926988601686e-08 2993.5199326109241
1.6726553440093995e-08 2990.1874253917376
1.6745179891586304e-08 2986.8623319817152
1.6763806343078613e-08 2983.5446276681582
1.6782432794570922e-08 2980.2342878480836
1.6801059246063232e-08 2976.9312880276098
1.6819685697555544e-08 2973.6356038213548
1.6838312149047853e-08 2970.3472109518402
1.6856938600540162e-08 2967.0660852488882
1.6875565052032475e-08 2963.792202649031
1.6894191503524784e-08 2960.5255391949295
1.6912817955017093e-08 2957.2660710347805
1.6931444406509402e-08 2954.0137744217373
1.6950070858001712e-08 2950.7686257133382
1.6968697309494021e-08 2947.5306013709292
1.698732376098633e-08 2944.2996779590944
1.7005950212478639e-08 2941.0758321450949
1.7024576663970948e-08 2937.8590406983039
1.7043203115463257e-08 2934.6492804896466
1.7061829566955567e-08 2931.4465284910525
1.7080456018447876e-08 2928.250761774897
1.7099082469940185e-08 2925.061957513461
1.7117708921432497e-08 2921.8800929783815
1.7136335372924807e-08 2918.7051455401183
1.7154961824417116e-08 2915.5370926674104
1.7173588275909428e-08 2912.3759119267461
1.7192214727401738e-08 2909.2215809818367
1.7210841178894047e-08 2906.0740775930844
1.7229467630386356e-08 2902.9333796170649
1.7248094081878665e-08 2899.7994650060045
1.7266720533370974e-08 2896.6723118072646
1.7285346984863283e-08 2893.5518981628325
1.7303973436355593e-08 2890.4382023088074
1.7322599887847902e-08 2887.3312025748987
1.7341226339340211e-08 2884.2308773839195
1.735985279083252e-08 2881.1372052512907
1.7378479242324829e-08 2878.0501647845394
1.7397105693817138e-08 2874.9697346828134
1.7415732145309451e-08 2871.895893736385
1.743435859680176e-08 2868.8286208261666
1.7452985048294069e-08 2865.7678949232272
1.7471611499786382e-08 2862.7136950883105
1.7490237951278691e-08 2859.6660004713599
1.7508864402771e-08 2856.6247903110398
1.7527490854263309e-08 2853.5900439342709
1.7546117305755618e-08 2850.5617407557529
1.7564743757247928e-08 2847.5398602775081
1.7583370208740237e-08 2844.5243820884111
1.7601996660232546e-08 2841.5152858637357
1.7620623111724855e-08 2838.5125513646935
1.7639249563217164e-08 2835.5161584379825
1.7657876014709473e-08 2832.5260870153356
1.7676502466201783e-08 2829.5423171130751
1.7695128917694092e-08 2826.5648288316593
1.7713755369186404e-08 2823.5936023552517
1.7732381820678713e-08 2820.628617951274
1.7751008272171023e-08 2817.6698559699694
1.7769634723663335e-08 2814.7172968439704
1.7788261175155644e-08 2811.7709210878702
1.7806887626647953e-08 2808.8307092977857
1.7825514078140263e-08 2805.8966421509404
1.7844140529632572e-08 2802.9687004052371
1.7862766981124881e-08 2800.0468648988358
1.788139343261719e-08 2797.1311165497395
1.7900019884109499e-08 2794.2214363553758
1.7918646335601808e-08 2791.3178053921843
1.7937272787094118e-08 2788.4202048152097
1.7955899238586427e-08 2785.5286158576896
1.7974525690078736e-08 2782.6430198306502
1.7993152141571045e-08 2779.7633981225076
1.8011778593063358e-08 2776.8897321986628
1.8030405044555667e-08 2774.0220036011065
1.8049031496047976e-08 2771.1601939480233
1.8067657947540288e-08 2768.3042849334006
1.8086284399032598e-08 2765.4542583266348
1.8104910850524907e-08 2762.6100959721457
1.8123537302017216e-08 2759.7717797889918
1.8142163753509525e-08 2756.939291770484
1.8160790205001834e-08 2754.1126139838093
1.8179416656494144e-08 2751.2917285696485
1.8198043107986453e-08 2748.4766177418005
1.8216669559478762e-08 2745.6672637868105
1.8235296010971071e-08 2742.8636490635981
1.825392246246338e-08 2740.0657560030854
1.8272548913955689e-08 2737.273567107834
1.8291175365447999e-08 2734.4870649516765
1.8309801816940311e-08 2731.7062321793555
1.832842826843262e-08 2728.9310515061657
1.8347054719924929e-08 2726.1615057175909
1.8365681171417242e-08 2723.3975776689517
1.8384307622909551e-08 2720.6392502850517
1.840293407440186e-08 2717.8865065598238
1.8421560525894169e-08 2715.139329555981
1.8440186977386479e-08 2712.3977024046712
1.8458813428878788e-08 2709.661608305129
1.8477439880371097e-08 2706.9310305243362
1.8496066331863406e-08 2704.2059523966764
1.8514692783355715e-08 2701.4863573235998
1.8533319234848024e-08 2698.7722287732822
1.8551945686340334e-08 2696.0635502802938
1.8570572137832643e-08 2693.360305445266
1.8589198589324952e-08 2690.6624779345566
1.8607825040817264e-08 2687.9700514799242
1.8626451492309574e-08 2685.2830098782001
1.8663704395294195e-08 2679.9250167442237
1.8700957298278814e-08 2674.5883701964376
1.8738210201263432e-08 2669.2729429192191
1.877546310424805e-08 2663.9786086073846
1.8812716007232669e-08 2658.7052419561901
1.8849968910217287e-08 2653.4527186514424
1.8887221813201905e-08 2648.22091535973
1.8924474716186524e-08 2643.0097097187713
1.8961727619171142e-08 2637.8189803278751
1.899898052215576e-08 2632.6486067385104
1.9036233425140379e-08 2627.4984694449927
1.9073486328125e-08 2622.3684498752777
1.9110739231109622e-08 2617.2584303818562
1.914799213409424e-08 2612.1682942327666
1.9185245037078859e-08 2607.0979256027017
1.9222497940063477e-08 2602.0472095642253
1.9259750843048095e-08 2597.0160320790887
1.9297003746032714e-08 2592.004279989646
1.9334256649017332e-08 2587.0118410103742
1.937150955200195e-08 2582.038603719483
1.9408762454986569e-08 2577.0844575506285
1.9446015357971187e-08 2572.1492927847194
1.9483268260955806e-08 2567.2330005418148
1.9520521163940427e-08 2562.3354727731175
1.9557774066925049e-08 2557.456602253063
1.9595026969909667e-08 2552.5962825714873
1.9632279872894286e-08 2547.754408125893
1.9669532775878904e-08 2542.9308741138047
1.9706785678863522e-08 2538.1255765252008
1.9744038581848141e-08 2533.3384121350441
1.9781291484832759e-08 2528.5692784958856
1.9818544387817381e-08 2523.8180739305562
1.9855797290802002e-08 2519.084697524946
1.9893050193786621e-08 2514.3690491208549
1.9930303096771239e-08 2509.6710293089272
1.9967555999755857e-08 2504.9905394216698
2.0004808902740476e-08 2500.3274815265436
2.0042061805725094e-08 2495.6817584191303
2.0079314708709712e-08 2491.0532736163818
2.0116567611694334e-08 2486.4419313499388
2.0153820514678956e-08 2481.8476365595257
2.0191073417663574e-08 2477.2702948864198
2.0228326320648192e-08 2472.7098126669894
2.0265579223632811e-08 2468.1660969263062
2.0302832126617429e-08 2463.6390553718261
2.0340085029602047e-08 2459.1285963871419
2.0377337932586666e-08 2454.6346290258011
2.0414590835571287e-08 2450.1570630051942
2.0451843738555909e-08 2445.6958087005082
2.0489096641540527e-08 2441.2507771387482
2.0526349544525146e-08 2436.8218799928195
2.0563602447509764e-08 2432.4090295756787
2.0600855350494382e-08 2428.0121388345492
2.0638108253479001e-08 2423.6311213451918
2.0675361156463619e-08 2419.2658913062446
2.0712614059448241e-08 2414.9163635336245
2.0749866962432862e-08 2410.5824534549802
2.0787119865417481e-08 2406.2640771042152
2.0824372768402099e-08 2401.9611511160647
2.0861625671386717e-08 2397.6735927207278
2.0898878574371336e-08 2393.4013197385643
2.0936131477355954e-08 2389.1442505748419
2.0973384380340572e-08 2384.9023042145418
2.1010637283325194e-08 2380.6754002172202
2.1047890186309816e-08 2376.4634587119244
2.1085143089294434e-08 2372.2664003921586
2.1122395992279052e-08 2368.0841465109092
2.1159648895263671e-08 2363.9166188757208
2.1196901798248289e-08 2359.7637398438178
2.1234154701232908e-08 2355.6254323172893
2.1271407604217526e-08 2351.5016197383138
2.1308660507202148e-08 2347.3922260844383
2.1345913410186769e-08 2343.2971758639083
2.1383166313171388e-08 2339.2163941110457
2.1420419216156006e-08 2335.1498063816698
2.1457672119140624e-08 2331.0973387485765
2.1494925022125243e-08 2327.0589177970519
2.1532177925109861e-08 2323.034470620446
2.1569430828094479e-08 2319.0239248157791
2.1606683731079101e-08 2315.0272084794024
2.1643936634063723e-08 2311.0442502027031
2.1681189537048341e-08 2307.0749790678478
2.1718442440032959e-08 2303.1193246435737
2.1755695343017578e-08 2299.177216981026
2.1792948246002196e-08 2295.2485866096322
2.1830201148986814e-08 2291.333364533019
2.1867454051971433e-08 2287.4314822249808
2.1904706954956054e-08 2283.5428716254719
2.1941959857940676e-08 2279.6674651366561
2.1979212760925294e-08 2275.8051956189888
2.2016465663909913e-08 2271.9559963873367
2.2053718566894531e-08 2268.1198012071409
2.2090971469879149e-08 2264.296544290622
2.2128224372863768e-08 2260.4861602930132
2.2165477275848386e-08 2256.6885843088403
2.2202730178833008e-08 2252.9037518682385
2.2239983081817629e-08 2249.1315989332984
2.2277235984802248e-08 2245.3720618944617
2.2314488887786866e-08 2241.6250775669396
2.2351741790771484e-08 2237.8905831871739
2.2388994693756103e-08 2234.1685164093383
2.2426247596740721e-08 2230.458815301859
2.2463500499725339e-08 2226.7614183439891
2.2500753402709961e-08 2223.0762644224033
2.2538006305694583e-08 2219.4032928278293
2.2575259208679201e-08 2215.7424432517191
2.2612512111663819e-08 2212.0936557829432
2.2649765014648438e-08 2208.4568709045234
2.2687017917633056e-08 2204.8320294904006
2.2724270820617674e-08 2201.2190728022251
2.2761523723602293e-08 2197.6179424861857
2.2798776626586914e-08 2194.0285805698722
2.2836029529571536e-08 2190.4509294591571
2.2873282432556154e-08 2186.8849319351207
2.2910535335540773e-08 2183.3305311509998
2.2947788238525391e-08 2179.7876706291645
2.298504114151001e-08 2176.2562942581276
2.3022294044494628e-08 2172.736346289586
2.3059546947479246e-08 2169.2277713354811
2.3096799850463868e-08 2165.7305143650979
2.313405275344849e-08 2162.2445207021869
2.3171305656433108e-08 2158.7697360221155
2.3208558559417726e-08 2155.3061063490404
2.3245811462402345e-08 2151.8535780531229
2.3283064365386963e-08 2148.4120978477508
2.3320317268371581e-08 2144.9816127868048
2.33575701713562e-08 2141.5620702619372
2.3394823074340821e-08 2138.1534179998862
2.3432075977325443e-08 2134.7556040598129
2.3469328880310061e-08 2131.36857683066
2.350658178329468e-08 2127.9922850285398
2.3543834686279298e-08 2124.626677694147
2.3581087589263916e-08 2121.2717041901942
2.3618340492248535e-08 2117.9273141988706
2.3655593395233153e-08 2114.5934577193311
2.3692846298217775e-08 2111.2700850651972
2.3730099201202396e-08 2107.9571468620957
2.3767352104187015e-08 2104.6545940452111
2.3804605007171633e-08 2101.3623778568594
2.3841857910156251e-08 2098.0804498440971
2.387911081314087e-08 2094.8087618563345
2.3916363716125488e-08 2091.5472660429864
2.3953616619110106e-08 2088.2959148511422
2.3990869522094728e-08 2085.0546610232468
2.402812242507935e-08 2081.8234575948163
2.4065375328063968e-08 2078.6022578921707
2.4102628231048586e-08 2075.3910155301819
2.4139881134033205e-08 2072.1896844100493
2.4177134037017823e-08 2068.9982187170972
2.4214386940002441e-08 2065.8165729185844
2.425163984298706e-08 2062.6447017615401
2.4288892745971681e-08 2059.4825602706219
2.4326145648956303e-08 2056.3301037459837
2.4363398551940921e-08 2053.1872877611759
2.440065145492554e-08 2050.0540681610537
2.4437904357910158e-08 2046.9304010597118
2.4475157260894776e-08 2043.8162428384337
2.4512410163879395e-08 2040.7115501436638
2.4549663066864013e-08 2037.6162798849923
2.4586915969848635e-08 2034.5303892331642
2.4624168872833256e-08 2031.4538356181038
2.4661421775817875e-08 2028.3865767269551
2.4698674678802493e-08 2025.3285705021442
2.4735927581787111e-08 2022.2797751394555
2.477318048477173e-08 2019.2401490861275
2.4810433387756348e-08 2016.2096510389647
2.4847686290740967e-08 2013.1882399424676
2.4884939193725588e-08 2010.1758749869766
2.492219209671021e-08 2007.172515606838
2.4959444999694828e-08 2004.1781214785801
2.4996697902679447e-08 2001.1926525191084
2.5033950805664065e-08 1998.2160688839213
2.5071203708648683e-08 1995.2483309653303
2.5108456611633302e-08 1992.2893993907107
2.514570951461792e-08 1989.3392350207562
2.5182962417602542e-08 1986.3977989477535
2.5220215320587163e-08 1983.4650524938725
2.5257468223571782e-08 1980.5409572094713
2.52947211265564e-08 1977.6254748714155
2.5331974029541018e-08 1974.7185674814116
2.5369226932525637e-08 1971.820197264359
2.5406479835510255e-08 1968.9303266667105
2.5443732738494873e-08 1966.0489183548523
2.5480985641479495e-08 1963.1759352134957
2.5518238544464117e-08 1960.3113403440834
2.5555491447448735e-08 1957.4550970632122
2.5592744350433353e-08 1954.6071689010612
2.5629997253417972e-08 1951.7675195998459
2.566725015640259e-08 1948.9361131122771
2.5704503059387208e-08 1946.1129136000334
2.5741755962371827e-08 1943.2978854322523
2.5779008865356448e-08 1940.4909931840309
2.581626176834107e-08 1937.6922016349379
2.5853514671325688e-08 1934.9014757675418
2.5890767574310307e-08 1932.1187807659505
2.5928020477294925e-08 1929.3440820143637
2.5965273380279543e-08 1926.5773450956353
2.6002526283264162e-08 1923.8185357898537
2.603977918624878e-08 1921.067620072929
2.6077032089233398e-08 1918.3245641151952
2.6114284992218017e-08 1915.5893342800221
2.6151537895202635e-08 1912.861897122441
2.6188790798187253e-08 1910.1422193877831
2.6226043701171875e-08 1907.4302680103249
2.6263296604156497e-08 1904.7260101119505
2.6300549507141115e-08 1902.0294130008238
2.6337802410125733e-08 1899.340444170067
2.6375055313110352e-08 1896.6590712964587
2.641230821609497e-08 1893.9852622391363
2.6449561119079589e-08 1891.3189850383126
2.6486814022064207e-08 1888.660207914003
2.6524066925048825e-08 1886.0088992647602
2.6561319828033444e-08 1883.3650276664266
2.6598572731018062e-08 1880.7285618708891
2.663582563400268e-08 1878.0994708048484
2.6673078536987302e-08 1875.4777235686001
2.6710331439971924e-08 1872.8632894348239
2.6747584342956542e-08 1870.2561378473804
2.678483724594116e-08 1867.6562384201238
2.6822090148925779e-08 1865.0635609357203
2.6859343051910397e-08 1862.4780753444766
2.6896595954895015e-08 1859.8997517631801
2.6933848857879634e-08 1857.3285604739478
2.6971101760864255e-08 1854.7644719230823
2.7008354663848877e-08 1852.2074567199427
2.7045607566833495e-08 1849.6574856358195
2.7082860469818114e-08 1847.1145296028217
2.7120113372802732e-08 1844.5785597127704
2.715736627578735e-08 1842.0495472161067
2.7194619178771969e-08 1839.5274635208032
2.7231872081756587e-08 1837.0122801912869
2.7269124984741209e-08 1834.503968947369
2.730637788772583e-08 1832.0025016631882
2.7343630790710449e-08 1829.507850366158
2.7380883693695067e-08 1827.0199872359212
2.7418136596679685e-08 1824.5388846033204
2.7455389499664304e-08 1822.0645149493691
2.7492642402648922e-08 1819.5968509042352
2.752989530563354e-08 1817.1358652462327
2.7567148208618162e-08 1814.6815309008182
2.7604401111602784e-08 1812.2338209396014
2.7641654014587402e-08 1809.7927085793576
2.767890691757202e-08 1807.3581671810521
2.7716159820556639e-08 1804.9301702488704
2.7753412723541257e-08 1802.5086914292574
2.7790665626525875e-08 1800.0937045099645
2.7827918529510494e-08 1797.6851834191029
2.7865171432495115e-08 1795.2831022242055
2.7902424335479737e-08 1792.8874351312961
2.7939677238464355e-08 1790.4981564839677
2.7976930141448974e-08 1788.1152407624638
2.8014183044433592e-08 1785.7386625827712
2.8051435947418211e-08 1783.3683966957208
2.8088688850402829e-08 1781.0044179860881
2.8125941753387447e-08 1778.6467014717123
2.8163194656372069e-08 1776.2952223026123
2.8200447559356691e-08 1773.9499557601134
2.8237700462341309e-08 1771.6108772559855
2.8274953365325927e-08 1769.277962331578
2.8312206268310546e-08 1766.9511866569701
2.8349459171295164e-08 1764.6305260301276
2.8386712074279782e-08 1762.3159563760582
2.8423964977264401e-08 1760.0074537459825
2.8461217880249022e-08 1757.7049943165084
2.8498470783233644e-08 1755.4085543888107
2.8535723686218262e-08 1753.1181103878157
2.8572976589202881e-08 1750.8336388614
2.8610229492187499e-08 1748.5551164795831
2.8647482395172117e-08 1746.282520033739
2.8684735298156736e-08 1744.015826435806
2.8721988201141354e-08 1741.7550127175034
2.8759241104125976e-08 1739.5000560295587
2.8796494007110597e-08 1737.2509336409353
2.8833746910095216e-08 1735.0076229380695
2.8870999813079834e-08 1732.7701014241145
2.8908252716064452e-08 1730.5383467181844
2.8945505619049071e-08 1728.3123365546107
2.8982758522033689e-08 1726.0920487822029
2.9020011425018307e-08 1723.8774613635105
2.9057264328002929e-08 1721.668552374096
2.9094517230987551e-08 1719.4653000018111
2.9131770133972169e-08 1717.267682546079
2.9169023036956787e-08 1715.0756784171806
2.9206275939941406e-08 1712.8892661355494
2.9243528842926024e-08 1710.7084243310683
2.9280781745910642e-08 1708.5331317423741
2.9318034648895261e-08 1706.3633672161661
2.9355287551879882e-08 1704.1991097065213
2.9392540454864504e-08 1702.0403382742138
2.9429793357849122e-08 1699.8870320860381
2.9467046260833741e-08 1697.7391704141401
2.9504299163818359e-08 1695.5967326353532
2.9541552066802977e-08 1693.4596982305338
2.9578804969787596e-08 1691.3280467839127
2.9616057872772214e-08 1689.2017579824399
2.9653310775756836e-08 1687.0808116151406
2.9690563678741457e-08 1684.9651875724765
2.9727816581726076e-08 1682.8548658457087
2.9765069484710694e-08 1680.7498265262661
2.9802322387695312e-08 1678.6500498051214
2.9839575290679931e-08 1676.5555159721685
2.9876828193664549e-08 1674.4662054156065
2.9914081096649168e-08 1672.3820986213273
2.9951333999633786e-08 1670.3031761723062
2.9988586902618404e-08 1668.2294187480027
3.0025839805603023e-08 1666.1608071237592
3.0063092708587648e-08 1664.0973221702066
3.0100345611572266e-08 1662.0389448526773
3.0137598514556884e-08 1659.9856562306172
3.0174851417541509e-08 1657.9374374570059
3.0212104320526128e-08 1655.8942697777804
3.0249357223510746e-08 1653.8561345312619
3.0286610126495364e-08 1651.8230131475877
3.0323863029479983e-08 1649.7948871481483
3.0361115932464601e-08 1647.7717381450254
3.0398368835449219e-08 1645.7535478404393
3.0435621738433838e-08 1643.7402980261943
3.0472874641418456e-08 1641.7319705831326
3.0510127544403074e-08 1639.7285474805906
3.0547380447387693e-08 1637.7300107758595
3.0584633350372311e-08 1635.7363426136478
3.0621886253356929e-08 1633.7475252255529
3.0659139156341554e-08 1631.7635409295308
3.0696392059326173e-08 1629.7843721293721
3.0733644962310791e-08 1627.810001314183
3.0770897865295416e-08 1625.8404110578672
3.0808150768280034e-08 1623.8755840186163
3.0845403671264653e-08 1621.9155029383969
3.0882656574249271e-08 1619.9601506424476
3.0919909477233889e-08 1618.0095100387771
3.0957162380218508e-08 1616.0635641176659
3.0994415283203126e-08 1614.1222959511722
3.1031668186187744e-08 1612.1856886926405
3.1068921089172363e-08 1610.2537255762156
3.1106173992156981e-08 1608.3263899163558
3.1143426895141599e-08 1606.4036651073566
3.1180679798126218e-08 1604.4855346228708
3.1217932701110836e-08 1602.5719820154352
3.1255185604095461e-08 1600.6629909160024
3.1292438507080079e-08 1598.7585450334727
3.1329691410064698e-08 1596.85862815423
3.1366944313049323e-08 1594.9632241416832
3.1404197216033941e-08 1593.0723169358087
3.1441450119018559e-08 1591.1858905526967
3.1478703022003178e-08 1589.3039290841
3.1515955924987796e-08 1587.4264166969888
3.1553208827972414e-08 1585.5533376331055
3.1590461730957033e-08 1583.6846762085229
3.1627714633941651e-08 1581.8204168132083
3.166496753692627e-08 1579.9605439105883
3.1702220439910888e-08 1578.1050420371162
3.1739473342895506e-08 1576.2538958018436
3.1776726245880125e-08 1574.4070898859973
3.1813979148864743e-08 1572.5646090425525
3.1851232051849368e-08 1570.7264380958168
3.1888484954833986e-08 1568.8925619410124
3.1925737857818605e-08 1567.0629655438613
3.196299076080323e-08 1565.2376339401762
3.2000243663787848e-08 1563.4165522354517
3.2037496566772466e-08 1561.5997056044584
3.2074749469757085e-08 1559.7870792908423
3.2112002372741703e-08 1557.9786586067232
3.2149255275726321e-08 1556.1744289323003
3.218650817871094e-08 1554.3743757154568
3.2223761081695558e-08 1552.5784844713683
3.2261013984680176e-08 1550.7867407821152
3.2298266887664795e-08 1548.9991302962972
3.2335519790649413e-08 1547.2156387286486
3.2372772693634031e-08 1545.4362518596593
3.241002559661865e-08 1543.6609555351959
3.2447278499603275e-08 1541.8897356661264
3.2484531402587893e-08 1540.1225782279489
3.2521784305572511e-08 1538.3594692604197
3.2559037208557136e-08 1536.600394867186
3.2596290111541755e-08 1534.8453412154226
3.2633543014526373e-08 1533.0942945354659
3.2670795917510991e-08 1531.3472411204571
3.270804882049561e-08 1529.6041673259838
3.2745301723480228e-08 1527.8650595697222
3.2782554626464846e-08 1526.1299043310878
3.2819807529449465e-08 1524.3986881508833
3.2857060432434083e-08 1522.6713976309511
3.2894313335418701e-08 1520.9480194338266
3.293156623840332e-08 1519.2285402823966
3.2968819141387938e-08 1517.5129469595565
3.3006072044372556e-08 1515.8012263078738
3.3043324947357181e-08 1514.0933652292492
3.30805778503418e-08 1512.3893506845852
3.3117830753326418e-08 1510.6891696934522
3.3155083656311043e-08 1508.9928093337587
3.3192336559295661e-08 1507.3002567414269
3.322958946228028e-08 1505.6114991100642
3.3266842365264898e-08 1503.926523690641
3.3304095268249516e-08 1502.2453177911711
3.3341348171234135e-08 1500.567868776393
3.3378601074218753e-08 1498.89416406745
3.3415853977203372e-08 1497.2241911415811
3.345310688018799e-08 1495.5579375318052
3.3490359783172608e-08 1493.8953908266112
3.3527612686157227e-08 1492.2365386696501
3.3564865589141845e-08 1490.5813687594302
3.3602118492126463e-08 1488.9298688490105
3.3639371395111088e-08 1487.2820267457005
3.3676624298095707e-08 1485.6378303107604
3.3713877201080325e-08 1483.9972674591011
3.375113010406495e-08 1482.3603261589903
3.3788383007049568e-08 1480.726994431757
3.3825635910034187e-08 1479.0972603514995
3.3862888813018805e-08 1477.4711120447955
3.3900141716003423e-08 1475.8485376904132
3.3937394618988042e-08 1474.2295255190256
3.397464752197266e-08 1472.6140638129259
3.4011900424957278e-08 1471.0021409057435
3.4049153327941897e-08 1469.393745182165
3.4086406230926515e-08 1467.7888650776538
3.4123659133911133e-08 1466.1874890781739
3.4160912036895752e-08 1464.5896057199136
3.419816493988037e-08 1462.9952035890128
3.4235417842864995e-08 1461.4042713212907
3.4272670745849613e-08 1459.8167976019763
3.4309923648834232e-08 1458.2327711654393
3.4347176551818857e-08 1456.6521807949246
3.4384429454803475e-08 1455.0750153222873
3.4421682357788093e-08 1453.5012636277286
3.4458935260772712e-08 1451.9309146395358
3.449618816375733e-08 1450.363957333823
3.4533441066741948e-08 1448.8003807342704
3.4570693969726567e-08 1447.2401739118716
3.4607946872711185e-08 1445.6833259846765
3.4645199775695803e-08 1444.1298261175393
3.4682452678680422e-08 1442.5796635218674
3.471970558166504e-08 1441.0328274553697
3.4756958484649658e-08 1439.4893072218117
3.4794211387634277e-08 1437.9490921707661
3.4831464290618902e-08 1436.4121716973689
3.486871719360352e-08 1434.8785352420769
3.4905970096588138e-08 1433.3481722904248
3.4943222999572763e-08 1431.8210723727834
3.4980475902557382e-08 1430.2972250641255
3.5017728805542e-08 1428.7766199837831
3.5054981708526618e-08 1427.2592467952159
3.5092234611511237e-08 1425.7450952057743
3.5129487514495855e-08 1424.2341549664691
3.5166740417480474e-08 1422.7264158717378
3.5203993320465092e-08 1421.2218677592175
3.524124622344971e-08 1419.7205005095134
3.5278499126434329e-08 1418.2223040459753
3.5315752029418947e-08 1416.7272683344695
3.5353004932403565e-08 1415.235383383156
3.5390257835388184e-08 1413.7466392422655
3.5427510738372809e-08 1412.2610260038791
3.5464763641357427e-08 1410.7785338017075
3.5502016544342045e-08 1409.2991528108723
3.553926944732667e-08 1407.8228732476905
3.5576522350311289e-08 1406.3496853694571
3.5613775253295907e-08 1404.8795794742325
3.5651028156280525e-08 1403.4125459006273
3.5688281059265144e-08 1401.9485750275926
3.5725533962249762e-08 1400.4876572742094
3.576278686523438e-08 1399.0297830994784
3.5800039768218999e-08 1397.5749430021137
3.5837292671203617e-08 1396.1231275203359
3.5874545574188235e-08 1394.6743272316655
3.5911798477172854e-08 1393.2285327527227
3.5949051380157472e-08 1391.7857347390207
3.598630428314209e-08 1390.3459238847665
3.6023557186126715e-08 1388.9090909226616
3.6060810089111334e-08 1387.4752266237006
3.6098062992095952e-08 1386.0443217969764
3.6135315895080577e-08 1384.6163672894822
3.6172568798065195e-08 1383.1913539859167
3.6209821701049814e-08 1381.7692728084894
3.6247074604034432e-08 1380.3501147167296
3.628432750701905e-08 1378.9338707072934
3.6321580410003669e-08 1377.5205318137732
3.6358833312988287e-08 1376.11008910651
3.6396086215972905e-08 1374.7025336924032
3.6433339118957524e-08 1373.2978567147259
3.6470592021942142e-08 1371.8960493529366
3.650784492492676e-08 1370.4971028224977
3.6545097827911379e-08 1369.1010083746894
3.6582350730895997e-08 1367.7077572964276
3.6619603633880622e-08 1366.3173409100846
3.665685653686524e-08 1364.929750573307
3.6694109439849859e-08 1363.5449776788371
3.6731362342834484e-08 1362.1630136543347
3.6768615245819102e-08 1360.7838499622021
3.680586814880372e-08 1359.4074780994054
3.6843121051788339e-08 1358.0338895973011
3.6880373954772957e-08 1356.6630760214634
3.6917626857757576e-08 1355.2950289715097
3.6954879760742194e-08 1353.9297400809307
3.6992132663726812e-08 1352.5672010169183
3.7029385566711431e-08 1351.2074034801969
3.7066638469696049e-08 1349.8503392048558
3.7103891372680667e-08 1348.495999958179
3.7141144275665286e-08 1347.1443775404821
3.7178397178649904e-08 1345.7954637849448
3.7215650081634529e-08 1344.4492505574456
3.7252902984619147e-08 1343.1057297564012
3.7327408790588391e-08 1340.4267331890478
3.7401914596557627e-08 1337.7584099147891
3.7476420402526864e-08 1335.1006962758145
3.7550926208496101e-08 1332.4535291195316
3.7625432014465337e-08 1329.8168457935694
3.7699937820434574e-08 1327.1905841408302
3.7774443626403811e-08 1324.5746824946082
3.7848949432373047e-08 1321.9690796737636
3.7923455238342284e-08 1319.3737149779499
3.7997961044311521e-08 1316.7885281829024
3.8072466850280757e-08 1314.2134595357784
3.8146972656250001e-08 1311.6484497505551
3.8221478462219244e-08 1309.0934400034791
3.8295984268188481e-08 1306.5483719285687
3.8370490074157717e-08 1304.0131876131713
3.8444995880126954e-08 1301.4878295935675
3.8519501686096191e-08 1298.9722408506339
3.8594007492065428e-08 1296.4663648055471
3.8668513298034664e-08 1293.9701453155456
3.8743019104003901e-08 1291.4835266697348
3.8817524909973138e-08 1289.0064535849422
3.8892030715942374e-08 1286.5388712016222
3.8966536521911611e-08 1284.0807250798046
3.9041042327880854e-08 1281.6319611950908
3.9115548133850098e-08 1279.1925259346976
3.9190053939819334e-08 1276.7623660935442
3.9264559745788571e-08 1274.3414288703818
3.9339065551757808e-08 1271.9296618639721
3.9413571357727044e-08 1269.527013069305
3.9488077163696281e-08 1267.1334308738615
3.9562582969665518e-08 1264.7488640539163
3.9637088775634761e-08 1262.3732617708863
3.9711594581604004e-08 1260.0065735677158
3.9786100387573241e-08 1257.6487493653051
3.9860606193542478e-08 1255.2997394589761
3.9935111999511715e-08 1252.9594945149818
4.0009617805480951e-08 1250.6279655670533
4.0084123611450188e-08 1248.3051040129812
4.0158629417419425e-08 1245.9908616112414
4.0233135223388668e-08 1243.6851904776543
4.0307641029357911e-08 1241.3880430820827
4.0382146835327148e-08 1239.0993722451644
4.0456652641296385e-08 1236.8191311350836
4.0531158447265621e-08 1234.5472732643768
4.0605664253234858e-08 1232.2837524867712
4.0680170059204095e-08 1230.0285229940641
4.0754675865173331e-08 1227.7815393130279
4.0829181671142575e-08 1225.5427563023593
4.0903687477111818e-08 1223.3121291496509
4.0978193283081055e-08 1221.0896133684053
4.1052699089050291e-08 1218.8751647950753
4.1127204895019528e-08 1216.66873958614
4.1201710700988765e-08 1214.4702942152096
4.1276216506958001e-08 1212.2797854701655
4.1350722312927238e-08 1210.0971704503268
4.1425228118896481e-08 1207.9224065636511
4.1499733924865725e-08 1205.7554515239633
4.1574239730834961e-08 1203.5962633482159
4.1648745536804198e-08 1201.444800353775
4.1723251342773435e-08 1199.3010211557412
4.1797757148742672e-08 1197.164884664294
4.1872262954711908e-08 1195.0363500820674
4.1946768760681145e-08 1192.9153769015522
4.2021274566650388e-08 1190.8019249025258
4.2095780372619632e-08 1188.6959541495125
4.2170286178588868e-08 1186.5974249892645
4.2244791984558105e-08 1184.5062980482744
4.2319297790527342e-08 1182.4225342303146
4.2393803596496578e-08 1180.3460947139977
4.2468309402465815e-08 1178.2769409503683
4.2542815208435052e-08 1176.2150346605147
4.2617321014404295e-08 1174.1603378332115
4.2691826820373538e-08 1172.1128127225816
4.2766332626342775e-08 1170.0724218457844
4.2840838432312012e-08 1168.0391279807311
4.2915344238281248e-08 1166.0128941638188
4.2989850044250485e-08 1163.9936836876916
4.3064355850219722e-08 1161.9814600990233
4.3138861656188958e-08 1159.976187196324
4.3213367462158202e-08 1157.9778290277707
4.3287873268127445e-08 1155.9863498890554
4.3362379074096682e-08 1154.0017143212622
4.3436884880065918e-08 1152.0238871087597
4.3511390686035155e-08 1150.0528332771207
4.3585896492004392e-08 1148.0885180910584
4.3660402297973629e-08 1146.1309070523864
4.3734908103942865e-08 1144.1799658980019
4.3809413909912109e-08 1142.2356605978819
4.3883919715881352e-08 1140.2979573531088
4.3958425521850589e-08 1138.3668225939098
4.4032931327819825e-08 1136.4422229777181
4.4107437133789062e-08 1134.5241253872553
4.4181942939758299e-08 1132.61249692863
4.4256448745727535e-08 1130.7073049294604
4.4330954551696772e-08 1128.8085169370086
4.4405460357666015e-08 1126.916100716342
4.4479966163635259e-08 1125.0300242485068
4.4554471969604495e-08 1123.1502557287231
4.4628977775573732e-08 1121.2767635645964
4.4703483581542969e-08 1119.4095163743482
4.4777989387512205e-08 1117.548482985065
4.4852495193481442e-08 1115.6936324309602
4.4927000999450679e-08 1113.8449339516596
4.5001506805419922e-08 1112.0023569905013
4.5076012611389165e-08 1110.165871192849
4.5150518417358402e-08 1108.3354464044287
4.5225024223327639e-08 1106.5110526696749
4.5299530029296876e-08 1104.6926602301
4.5374035835266112e-08 1102.8802395226733
4.5448541641235349e-08 1101.0737611782199
4.5523047447204586e-08 1099.273196019835
4.5597553253173829e-08 1097.4785150613125
4.5672059059143072e-08 1095.6896895055897
4.5746564865112309e-08 1093.9066907432064
4.5821070671081546e-08 1092.1294903507803
4.5895576477050782e-08 1090.3580600894973
4.5970082283020019e-08 1088.5923719036136
4.6044588088989256e-08 1086.8323979189772
4.6119093894958492e-08 1085.0781104415591
4.6193599700927736e-08 1083.3294819560026
4.6268105506896979e-08 1081.5864851241815
4.6342611312866216e-08 1079.84909278378
4.6417117118835452e-08 1078.1172779468777
4.6491622924804689e-08 1076.3910137985531
4.6566128730773926e-08 1074.6702736955017
4.6640634536743162e-08 1072.9550311646633
4.6715140342712399e-08 1071.2452599018641
4.6789646148681642e-08 1069.5409337704732
4.6864151954650886e-08 1067.8420268000709
4.6938657760620122e-08 1066.1485131851293
4.7013163566589359e-08 1064.4603672837038
4.7087669372558596e-08 1062.7775636161418
4.7162175178527833e-08 1061.1000768638003
4.7236680984497069e-08 1059.4278818677731
4.7311186790466306e-08 1057.7609536276377
4.7385692596435549e-08 1056.0992673002054
4.7460198402404793e-08 1054.4427981982897
4.7534704208374029e-08 1052.7915217894817
4.7609210014343266e-08 1051.1454136949405
4.7683715820312503e-08 1049.504449688194
4.7758221626281739e-08 1047.8686056939471
4.7832727432250976e-08 1046.2378577869081
4.7907233238220213e-08 1044.6121821906202
4.7981739044189456e-08 1042.9915552763071
4.8056244850158699e-08 1041.3759535617269
4.8130750656127936e-08 1039.7653537100382
4.8205256462097173e-08 1038.1597325286784
4.8279762268066409e-08 1036.559066968247
4.8354268074035646e-08 1034.9633341214055
4.8428773880004883e-08 1033.3725112217837
4.850327968597412e-08 1031.7865756428962
4.8577785491943363e-08 1030.2055048970717
4.8652291297912606e-08 1028.6292766343868
4.8726797103881843e-08 1027.0578686416177
4.880130290985108e-08 1025.4912588411912
4.8875808715820316e-08 1023.9294252901549
4.8950314521789553e-08 1022.3723461791506
4.902482032775879e-08 1020.8199998314
4.9099326133728026e-08 1019.272364701699
4.917383193969727e-08 1017.7294193754196
4.9248337745666513e-08 1016.1911425675239
4.932284355163575e-08 1014.6575131215842
4.9397349357604986e-08 1013.1285100088134
4.9471855163574223e-08 1011.6041123271036
4.954636096954346e-08 1010.0842993000742
4.9620866775512696e-08 1008.5690502761275
4.9695372581481933e-08 1007.0583447275135
4.9769878387451176e-08 1005.5521622494026
4.984438419342042e-08 1004.050482558968
4.9918889999389656e-08 1002.5532854944735
4.9993395805358893e-08 1001.0605510143723
5.006790161132813e-08 999.57225919641326
5.0142407417297366e-08 998.0883902367525
5.0216913223266603e-08 996.60892444907734
5.029141902923584e-08 995.13384226373455
5.0365924835205083e-08 993.66312422686758
5.0440430641174326e-08 992.19675099956169
5.0514936447143563e-08 990.73470335699585
5.05894422531128e-08 989.27696218760241
5.0663948059082037e-08 987.82350849223531
5.0738453865051273e-08 986.37432338334338
5.081295967102051e-08 984.92938808415374
5.0887465476989747e-08 983.48868392785926
5.096197128295899e-08 982.05219235681568
5.1036477088928233e-08 980.61989492174428
5.111098289489747e-08 979.19177328094304
5.1185488700866707e-08 977.76780919950227
5.1259994506835943e-08 976.34798454852921
5.133450031280518e-08 974.93228130437922
5.1409006118774417e-08 973.52068154789208
5.1483511924743653e-08 972.11316746363627
5.1558017730712897e-08 970.70972133916018
5.163252353668214e-08 969.31032556424805
5.1707029342651377e-08 967.91496263018485
5.1781535148620613e-08 966.52361512902371
5.185604095458985e-08 965.13626575286492
5.1930546760559087e-08 963.75289729313522
5.2005052566528323e-08 962.37349263987915
5.207955837249756e-08 960.9980347810515
5.2154064178466797e-08 959.62650680181912
5.2228569984436034e-08 958.25889188386725
5.230307579040527e-08 956.89517330471142
5.2377581596374507e-08 955.53533443701701
5.245208740234375e-08 954.17935874792249
5.2526593208312994e-08 952.82722979837001
5.260109901428223e-08 951.47893124244115
5.2675604820251467e-08 950.1344468266974
5.2750110626220704e-08 948.79376038952796
5.282461643218994e-08 947.45685586050126
5.2899122238159177e-08 946.123717259724
5.2973628044128414e-08 944.7943286972037
5.304813385009765e-08 943.46867437221704
5.3122639656066887e-08 942.14673857268485
5.3197145462036124e-08 940.82850567455068
5.3271651268005361e-08 939.51396014116494
5.3346157073974604e-08 938.20308652267545
5.3420662879943847e-08 936.8958694554218
5.3495168685913084e-08 935.59229366133468
5.3569674491882321e-08 934.29234394734112
5.3644180297851557e-08 932.99600520477384
5.3718686103820794e-08 931.70326240878671
5.3793191909790031e-08 930.41410061777299
5.3867697715759267e-08 929.12850497279157
5.3942203521728511e-08 927.84646069699329
5.4016709327697754e-08 926.56795309505787
5.4091215133666991e-08 925.29296755263113
5.4165720939636227e-08 924.02148953576659
5.4240226745605464e-08 922.75350459037554
5.4314732551574701e-08 921.48899834167833
5.4389238357543937e-08 920.2279564936614
5.4463744163513174e-08 918.97036482853764
5.4538249969482417e-08 917.71620920621331
5.4612755775451661e-08 916.46547556375776
5.4687261581420897e-08 915.21814991487702
5.4761767387390134e-08 913.97421834939325
5.4836273193359371e-08 912.73366703272745
5.4910778999328607e-08 911.49648220538643
5.4985284805297844e-08 910.26265018245419
5.5059790611267081e-08 909.03215735308754
5.5134296417236324e-08 907.80499018001478
5.5208802223205567e-08 906.58113519904089
5.5283308029174804e-08 905.36057901855361
5.5357813835144041e-08 904.14330831903544
5.5432319641113278e-08 902.92930985257942
5.5506825447082514e-08 901.71857044240733
5.5581331253051751e-08 900.51107698239559
5.5655837059020988e-08 899.30681643659955
5.5730342864990231e-08 898.10577583878523
5.5804848670959474e-08 896.90794229196524
5.5879354476928711e-08 895.71330296793565
5.5953860282897948e-08 894.52184510681832
5.6028366088867184e-08 893.33355601660662
5.6102871894836421e-08 892.1484230727159
5.6177377700805658e-08 890.96643371753419
5.6251883506774894e-08 889.78757545998099
5.6326389312744138e-08 888.61183587506559
5.6400895118713381e-08 887.43920260345067
5.6475400924682618e-08 886.26966335102134
5.6549906730651854e-08 885.10320588845207
5.6624412536621091e-08 883.93981805078295
5.6698918342590328e-08 882.77948773699609
5.6773424148559564e-08 881.62220290959613
5.6847929954528801e-08 880.46795159419298
5.6922435760498044e-08 879.31672187909044
5.6996941566467288e-08 878.16850191487617
5.7071447372436524e-08 877.0232799140133
5.7145953178405761e-08 875.88104415043995
5.7220458984374998e-08 874.74178295916624
5.7294964790344235e-08 873.60548473587892
5.7369470596313471e-08 872.4721379365468
5.7443976402282708e-08 871.3417310770302
5.7518482208251951e-08 870.21425273269244
5.7592988014221195e-08 869.08969153801513
5.7667493820190431e-08 867.96803618621709
5.7741999626159668e-08 866.84927542887385
5.7816505432128905e-08 865.73339807554339
5.7891011238098141e-08 864.62039299339119
5.7965517044067378e-08 863.51024910682202
5.8040022850036615e-08 862.4029553971103
5.8114528656005858e-08 861.29850090203763
5.8189034461975101e-08 860.19687471552982
5.8263540267944338e-08 859.09806598729836
5.8338046073913575e-08 858.0020639224839
5.8412551879882811e-08 856.9088577813028
5.8487057685852048e-08 855.81843687869684
5.8561563491821285e-08 854.73079058398423
5.8636069297790522e-08 853.6459083205151
5.8710575103759765e-08 852.56377956532731
5.8785080909729008e-08 851.48439384880794
5.8859586715698245e-08 850.40774075435468
5.8934092521667482e-08 849.3338099180404
5.9008598327636718e-08 848.26259102828158
5.9083104133605955e-08 847.19407382550651
5.9157609939575192e-08 846.12824810183065
5.9232115745544428e-08 845.06510370072874
5.9306621551513672e-08 844.00463051671375
5.9381127357482915e-08 842.94681849501626
5.9455633163452152e-08 841.89165763126687
5.9530138969421388e-08 840.83913797118032
5.9604644775390625e-08 839.78924961024245
5.9679150581359862e-08 838.7419826934007
5.9753656387329098e-08 837.69732741475434
5.9828162193298335e-08 836.65527401724921
5.9902667999267572e-08 835.61581279237339
5.9977173805236808e-08 834.57893407985625
6.0051679611206045e-08 833.54462826736903
6.0126185417175295e-08 832.5128857902273
6.0200691223144532e-08 831.4836971310973
6.0275197029113768e-08 830.45705281970186
6.0349702835083018e-08 829.43294343253092
6.0424208641052255e-08 828.4113595925528
6.0498714447021492e-08 827.39229196892813
6.0573220252990728e-08 826.37573127672545
6.0647726058959965e-08 825.36166827664022
6.0722231864929202e-08 824.35009377471351
6.0796737670898439e-08 823.34099862205505
6.0871243476867675e-08 822.33437371456716
6.0945749282836912e-08 821.33020999267092
6.1020255088806149e-08 820.32849844103464
6.1094760894775385e-08 819.32923008830335
6.1169266700744622e-08 818.33239600683225
6.1243772506713859e-08 817.33798731241961
6.1318278312683109e-08 816.34599516404296
6.1392784118652345e-08 815.35641076359832
6.1467289924621582e-08 814.36922535563826
6.1541795730590832e-08 813.3844302271151
6.1616301536560069e-08 812.40201670712418
6.1690807342529305e-08 811.42197616664919
6.1765313148498542e-08 810.44430001830915
6.1839818954467779e-08 809.46897971610838
6.1914324760437015e-08 808.49600675518741
6.1988830566406252e-08 807.52537267157516
6.2063336372375489e-08 806.55706904194403
6.2137842178344726e-08 805.5910874833661
6.2212347984313962e-08 804.62741965307089
6.2286853790283199e-08 803.6660572482059
6.2361359596252436e-08 802.70699200559739
6.2435865402221672e-08 801.75021570151421
6.2510371208190922e-08 800.79572015143231
6.2584877014160159e-08 799.84349720980219
6.2659382820129396e-08 798.89353876981545
6.2733888626098646e-08 797.94583676317677
6.2808394432067882e-08 797.00038315987399
6.2882900238037119e-08 796.05716996795263
6.2957406044006356e-08 795.11618923328876
6.3031911849975592e-08 794.177433039368
6.3106417655944829e-08 793.24089350706083
6.3180923461914066e-08 792.30656279440404
6.3255429267883302e-08 791.37443309638149
6.3329935073852539e-08 790.44449664470608
6.3404440879821776e-08 789.51674570760451
6.3478946685791012e-08 788.59117258960305
6.3553452491760249e-08 787.6677696313144
6.3627958297729486e-08 786.74652920922665
6.3702464103698736e-08 785.82744373549326
6.3776969909667972e-08 784.91050565772582
6.3851475715637209e-08 783.99570745878486
6.3925981521606459e-08 783.08304165657705
6.4000487327575696e-08 782.17250080384929
6.4074993133544932e-08 781.26407748798738
6.4149498939514169e-08 780.35776433081378
6.4224004745483406e-08 779.45355398838876
6.4298510551452643e-08 778.55143915081192
6.4373016357421879e-08 777.65141254202467
6.4447522163391116e-08 776.75346691961511
6.4522027969360353e-08 775.85759507462319
6.4596533775329589e-08 774.96378983134878
6.4671039581298826e-08 774.07204404715912
6.4745545387268063e-08 773.18235061229905
6.4820051193237299e-08 772.29470244970196
6.4894556999206549e-08 771.40909251480173
6.4969062805175786e-08 770.52551379534771
6.5043568611145023e-08 769.6439593112176
6.5118074417114273e-08 768.76442211423546
6.5192580223083509e-08 767.88689528798818
6.5267086029052746e-08 767.01137194764465
6.5341591835021983e-08 766.13784523977495
6.5416097640991219e-08 765.26630834217258
6.5490603446960456e-08 764.39675446367653
6.5565109252929693e-08 763.52917684399392
6.5639615058898929e-08 762.66356875352631
6.5714120864868166e-08 761.7999234931948
6.5788626670837403e-08 760.93823439426728
6.586313247680664e-08 760.07849481818675
6.5937638282775876e-08 759.22069815640145
6.6012144088745113e-08 758.36483783019469
6.6086649894714363e-08 757.5109072905168
6.61611557006836e-08 756.65890001781952
6.6235661506652836e-08 755.80880952188738
6.6310167312622086e-08 754.96062934167537
6.6384673118591323e-08 754.11435304514407
6.645917892456056e-08 753.26997422909733
6.6533684730529796e-08 752.42748651902025
6.6608190536499033e-08 751.58688356891992
6.668269634246827e-08 750.74815906116544
6.6757202148437506e-08 749.91130670632856
6.6831707954406743e-08 749.07632024302882
6.690621376037598e-08 748.2431934377754
6.6980719566345216e-08 747.411920084813
6.7055225372314453e-08 746.58249400596708
6.712973117828369e-08 745.75490905049185
6.7204236984252927e-08 744.92915909491649
6.7278742790222176e-08 744.10523804289596
6.7353248596191413e-08 743.28313982506063
6.742775440216065e-08 742.46285839886571
6.75022602081299e-08 741.64438774844484
6.7576766014099136e-08 740.82772188446279
6.7651271820068373e-08 740.01285484396874
6.772577762603761e-08 739.19978069025115
6.7800283432006847e-08 738.38849351269459
6.7874789237976083e-08 737.57898742663554
6.794929504394532e-08 736.77125657322017
6.8023800849914557e-08 735.9652951192636
6.8098306655883793e-08 735.16109725710896
6.817281246185303e-08 734.35865720448794
6.8247318267822267e-08 733.55796920438263
6.8321824073791503e-08 732.75902752488707
6.839632987976074e-08 731.96182645907129
6.847083568572999e-08 731.16636032484473
6.8545341491699227e-08 730.37262346482214
6.8619847297668463e-08 729.58061024618837
6.8694353103637713e-08 728.7903150605656
6.876885890960695e-08 728.00173232388147
6.8843364715576187e-08 727.21485647623672
6.8917870521545423e-08 726.42968198177516
6.899237632751466e-08 725.64620332855316
6.9066882133483897e-08 724.86441502841149
6.9141387939453133e-08 724.08431161684666
6.921589374542237e-08 723.30588765288371
6.9290399551391607e-08 722.52913771894976
6.9364905357360844e-08 721.75405642074838
6.943941116333008e-08 720.98063838713426
6.9513916969299317e-08 720.20887826998978
6.9588422775268554e-08 719.43877074410159
6.9662928581237804e-08 718.67031050703758
6.973743438720704e-08 717.9034922790263
6.9811940193176277e-08 717.13831080283478
6.9886445999145527e-08 716.37476084364869
6.9960951805114764e-08 715.61283718895424
7.0035457611084e-08 714.85253464841765
7.0109963417053237e-08 714.09384805376851
7.0184469223022474e-08 713.33677225868223
7.025897502899171e-08 712.58130213866446
7.0333480834960947e-08 711.82743259093343
7.0407986640930184e-08 711.07515853430789
7.048249244689942e-08 710.32447490909044
7.0556998252868657e-08 709.57537667695601
7.0631504058837894e-08 708.8278588208376
7.070600986480713e-08 708.08191634481568
7.0780515670776367e-08 707.33754427400504
7.0855021476745617e-08 706.59473765444636
7.0929527282714854e-08 705.85349155299514
7.1004033088684091e-08 705.11380105721219
7.107853889465334e-08 704.37566127525577
7.1153044700622577e-08 703.63906733577392
7.1227550506591814e-08 702.90401438779622
7.1302056312561051e-08 702.1704976006281
7.1376562118530287e-08 701.43851216374537
7.1451067924499524e-08 700.70805328668837
7.1525573730468761e-08 699.97911619895751
7.1600079536437997e-08 699.25169614990989
7.1674585342407234e-08 698.52578840865544
7.1749091148376471e-08 697.80138826395489
7.1823596954345707e-08 697.07849102411797
7.1898102760314944e-08 696.35709201690156
7.1972608566284181e-08 695.637186589409
7.2047114372253431e-08 694.91877010799112
7.2121620178222667e-08 694.20183795814535
7.2196125984191904e-08 693.48638554441789
7.2270631790161154e-08 692.77240829030529
7.2345137596130391e-08 692.05990163815704
7.2419643402099627e-08 691.3488610490781
7.2494149208068864e-08 690.63928200283283
7.2568655014038101e-08 689.93115999774943
7.2643160820007337e-08 689.22449055062395
7.2717666625976574e-08 688.51926919662685
7.2792172431945811e-08 687.81549148920817
7.2866678237915048e-08 687.11315300000388
7.2941184043884284e-08 686.4122493187441
7.3015689849853521e-08 685.71277605315925
7.3090195655822758e-08 685.01472882888959
7.3164701461791994e-08 684.31810328939332
7.3239207267761244e-08 683.62289509585628
7.3313713073730481e-08 682.92909992710213
7.3388218879699718e-08 682.23671347950187
7.3462724685668968e-08 681.5457314668854
7.3537230491638204e-08 680.85614962045361
7.3611736297607441e-08 680.16796368868972
7.3686242103576678e-08 679.48116943727223
7.3760747909545914e-08 678.79576264898799
7.3835253715515151e-08 678.11173912364575
7.3909759521484388e-08 677.42909467799075
7.3984265327453624e-08 676.74782514561923
7.4058771133422861e-08 676.06792637689318
7.4133276939392098e-08 675.38939423885711
7.4207782745361334e-08 674.71222461515322
7.4282288551330571e-08 674.0364134059397
7.4356794357299808e-08 673.36195652780543
7.4431300163269058e-08 672.68884991369043
7.4505805969238294e-08 672.01708951280295
7.4654817581176781e-08 670.67759122839539
7.4803829193115254e-08 669.34342959053538
7.4952840805053728e-08 668.01457277031716
7.5101852416992201e-08 666.69098919144494
7.5250864028930675e-08 665.37264752773308
7.5399875640869148e-08 664.05951670063246
7.5548887252807621e-08 662.75156587679078
7.5697898864746095e-08 661.44876446563774
7.5846910476684568e-08 660.1510821170001
7.5995922088623042e-08 658.85848871874543
7.6144933700561515e-08 657.57095439445277
7.6293945312500002e-08 656.28844950111022
7.6442956924438488e-08 655.01094462684136
7.6591968536376962e-08 653.7384105886556
7.6740980148315435e-08 652.47081843022602
7.6889991760253908e-08 651.20813941969334
7.7039003372192382e-08 649.95034504749572
7.7188014984130855e-08 648.69740702422155
7.7337026596069329e-08 647.44929727848989
7.7486038208007802e-08 646.20598795485375
7.7635049819946275e-08 644.96745141172664
7.7784061431884749e-08 643.73366021933577
7.7933073043823222e-08 642.50458715769616
7.8082084655761709e-08 641.28020521460849
7.8231096267700195e-08 640.06048758368127
7.8380107879638669e-08 638.84540766237387
7.8529119491577142e-08 637.63493905006192
7.8678131103515615e-08 636.42905554612616
7.8827142715454089e-08 635.22773114806182
7.8976154327392562e-08 634.03094004960917
7.9125165939331036e-08 632.83865663890583
7.9274177551269522e-08 631.65085549666014
7.9423189163208009e-08 630.46751139434411
7.9572200775146482e-08 629.28859929240775
7.9721212387084956e-08 628.11409433851247
7.9870223999023429e-08 626.94397186578453
8.0019235610961902e-08 625.77820739108938
8.0168247222900376e-08 624.61677661332271
8.0317258834838849e-08 623.45965541172211
8.0466270446777336e-08 622.30681984419778
8.0615282058715822e-08 621.15824614568112
8.0764293670654296e-08 620.01391072649108
8.0913305282592769e-08 618.87379017071999
8.1062316894531243e-08 617.7378612346356
8.1211328506469716e-08 616.60610084510211
8.1360340118408189e-08 615.47848609801758
8.1509351730346663e-08 614.35499425676903
8.1658363342285149e-08 613.23560275070372
8.1807374954223636e-08 612.12028917361874
8.1956386566162109e-08 611.00903128226525
8.2105398178100583e-08 609.9018069948695
8.2254409790039056e-08 608.79859438967082
8.240342140197753e-08 607.69937170347498
8.2552433013916003e-08 606.60411733022204
8.2701444625854476e-08 605.51280981957188
8.2850456237792963e-08 604.42542787550337
8.299946784973145e-08 603.34195035492871
8.3148479461669923e-08 602.26235626632399
8.3297491073608396e-08 601.18662476837289
8.344650268554687e-08 600.11473516862509
8.3595514297485343e-08 599.04666692217074
8.3744525909423816e-08 597.98239963032677
8.389353752136229e-08 596.92191303933816
8.4042549133300776e-08 595.86518703909439
8.4191560745239263e-08 594.81220166185688
8.4340572357177736e-08 593.76293708100195
8.448958396911621e-08 592.71737360977613
8.4638595581054683e-08 591.67549170006555
8.4787607192993157e-08 590.63727194117621
8.493661880493163e-08 589.6026950586305
8.5085630416870103e-08 588.57174191297327
8.523464202880859e-08 587.54439349859081
8.5383653640747077e-08 586.52063094254493
8.553266525268555e-08 585.5004355034157
8.5681676864624023e-08 584.48378857015837
8.5830688476562497e-08 583.47067166097133
8.597970008850097e-08 582.46106642217683
8.6128711700439444e-08 581.45495462711176
8.6277723312377917e-08 580.45231817503168
8.6426734924316404e-08 579.45313909002414
8.657574653625489e-08 578.45739951993573
8.6724758148193364e-08 577.46508173530833
8.6873769760131837e-08 576.47616812832632
8.702278137207031e-08 575.49064121177594
8.7171792984008784e-08 574.50848361801377
8.7320804595947257e-08 573.52967809794723
8.7469816207885731e-08 572.55420752002408
8.7618827819824217e-08 571.58205486923339
8.7767839431762704e-08 570.61320324611597
8.7916851043701177e-08 569.64763586578556
8.8065862655639651e-08 568.68533605695904
8.8214874267578124e-08 567.72628726099674
8.8363885879516597e-08 566.77047303095344
8.8512897491455071e-08 565.81787703063765
8.8661909103393544e-08 564.86848303368106
8.8810920715332031e-08 563.92227492261691
8.8959932327270517e-08 562.97923668796864
8.9108943939208991e-08 562.03935242734599
8.9257955551147464e-08 561.10260634455176
8.9406967163085938e-08 560.16898274869709
8.9555978775024411e-08 559.23846605332449
8.9704990386962884e-08 558.31104077554119
8.9854001998901358e-08 557.38669153516037
9.0003013610839844e-08 556.46540305385031
9.0152025222778331e-08 555.54716015429335
9.0301036834716804e-08 554.63194775935244
9.0450048446655278e-08 553.71975089124476
9.0599060058593751e-08 552.81055467072645
9.0748071670532224e-08 551.90434431628216
9.0897083282470698e-08 551.00110514332471
9.1046094894409171e-08 550.10082256340149
9.1195106506347658e-08 549.20348208340965
9.1344118118286144e-08 548.30906930481729
9.1493129730224618e-08 547.41756992289481
9.1642141342163091e-08 546.52896972595113
9.1791152954101565e-08 545.64325459457871
9.1940164566040038e-08 544.760410500906
9.2089176177978511e-08 543.88042350785713
9.2238187789916985e-08 543.0032797684172
9.2387199401855471e-08 542.12896552490804
9.2536211013793958e-08 541.25746710826695
9.2685222625732431e-08 540.38877093733538
9.2834234237670905e-08 539.52286351815326
9.2983245849609378e-08 538.6597314432604
9.3132257461547852e-08 537.7993613910038
9.3281269073486325e-08 536.94174012485371
9.3430280685424798e-08 536.08685449272343
9.3579292297363285e-08 535.23469142629722
9.3728303909301772e-08 534.38523794036541
9.3877315521240245e-08 533.53848113216372
9.4026327133178718e-08 532.69440818072019
9.4175338745117192e-08 531.85300634620842
9.4324350357055665e-08 531.01426296930674
9.4473361968994139e-08 530.17816547056236
9.4622373580932612e-08 529.3447013497638
9.4771385192871099e-08 528.51385818531696
9.4920396804809585e-08 527.68562363362821
9.5069408416748059e-08 526.85998542849347
9.5218420028686532e-08 526.03693138049232
9.5367431640625005e-08 525.21644937638803
9.5516443252563479e-08 524.3985273785338
9.5665454864501952e-08 523.58315342428341
9.5814466476440425e-08 522.77031562540878
9.5963478088378912e-08 521.96000216752134
9.6112489700317399e-08 521.15220130950047
9.6261501312255872e-08 520.34690138292547
9.6410512924194345e-08 519.54409079151469
9.6559524536132819e-08 518.74375801056817
9.6708536148071292e-08 517.94589158641656
9.6857547760009766e-08 517.15048013587477
9.7006559371948239e-08 516.35751234570046
9.7155570983886726e-08 515.5669769720572
9.7304582595825212e-08 514.77886283998407
9.7453594207763686e-08 513.99315884286887
9.7602605819702159e-08 513.20985394192473
9.7751617431640632e-08 512.42893716567585
9.7900629043579106e-08 511.65039760944268
9.8049640655517579e-08 510.87422443483672
9.8198652267456053e-08 510.10040686925538
9.8347663879394539e-08 509.32893420538483
9.8496675491333026e-08 508.5597958007063
9.8645687103271499e-08 507.79298107700561
9.8794698715209973e-08 507.02847951988946
9.8943710327148446e-08 506.2662806783037
9.9092721939086919e-08 505.50637416405823
9.9241733551025393e-08 504.7487496513541
9.9390745162963866e-08 503.99339687631635
9.9539756774902353e-08 503.24030563653014
9.9688768386840839e-08 502.48946579058185
9.9837779998779313e-08 501.7408672576039
9.9986791610717786e-08 500.99450001682254
1.0013580322265626e-07 500.25035410711212
1.0028481483459473e-07 499.50841962655096
1.0043382644653321e-07 498.76868673198265
1.0058283805847168e-07 498.03114563858048
1.0073184967041017e-07 497.29578661941628
1.0088086128234865e-07 496.56260000503261
1.0102987289428713e-07 495.83157618301874
1.011788845062256e-07 495.10270559759135
1.0132789611816407e-07 494.37597874917691
1.0147690773010255e-07 493.65138619400022
1.0162591934204102e-07 492.92891854367451
1.0177493095397949e-07 492.20856646479655
1.0192394256591798e-07 491.49032067854381
1.0207295417785647e-07 490.77417196027733
1.0222196578979494e-07 490.06011113914599
1.0237097740173341e-07 489.34812909769482
1.0251998901367189e-07 488.63821677147746
1.0266900062561036e-07 487.93036514867174
1.0281801223754883e-07 487.22456526969734
1.0296702384948731e-07 486.52080822683865
1.0311603546142579e-07 485.81908516386983
1.0326504707336428e-07 485.11938727568298
1.0341405868530275e-07 484.42170580792049
1.0356307029724123e-07 483.7260320566092
1.037120819091797e-07 483.03235736779891
1.0386109352111817e-07 482.34067313720334
1.0401010513305665e-07 481.65097080984447
1.0415911674499512e-07 480.96324187969986
1.0430812835693359e-07 480.27747788935295
1.0445713996887207e-07 479.59367042964618
1.0460615158081054e-07 478.91181113933743
1.0475516319274901e-07 478.23189170475945
1.049041748046875e-07 477.55390385948147
1.0505318641662599e-07 476.87783938397433
1.0520219802856446e-07 476.20369010527924
1.0535120964050293e-07 475.53144789667647
1.0550022125244141e-07 474.86110467736086
1.0564923286437988e-07 474.19265241211673
1.0579824447631835e-07 473.52608311099738
1.0594725608825683e-07 472.86138882900639
1.060962677001953e-07 472.19856166578228
1.0624527931213377e-07 471.53759376528541
1.0639429092407225e-07 470.87847731548743
1.0654330253601072e-07 470.22120454806389
1.0669231414794921e-07 469.56576773808843
1.0684132575988769e-07 468.91215920373071
1.0699033737182617e-07 468.26037130595637
1.0713934898376464e-07 467.61039644822876
1.0728836059570311e-07 466.96222707621428
1.0743737220764159e-07 466.31585567748988
1.0758638381958006e-07 465.67127478125229
1.0773539543151853e-07 465.02847695803069
1.0788440704345702e-07 464.38745481940089
1.0803341865539551e-07 463.74820101770246
1.0818243026733398e-07 463.11070824575825
1.0833144187927245e-07 462.4749692365952
1.0848045349121093e-07 461.84097676316895
1.086294651031494e-07 461.20872363808951
1.0877847671508787e-07 460.57820271335021
1.0892748832702635e-07 459.94940688005761
1.0907649993896483e-07 459.32232906816461
1.0922551155090332e-07 458.69696224620594
1.0937452316284179e-07 458.07329942103485
1.0952353477478027e-07 457.45133363756219
1.0967254638671874e-07 456.83105797849845
1.0982155799865721e-07 456.2124655640971
1.0997056961059569e-07 455.59554955190021
1.1011958122253416e-07 454.98030313648604
1.1026859283447265e-07 454.366719549219
1.1041760444641113e-07 453.75479205800127
1.1056661605834961e-07 453.1445139670268
1.1071562767028808e-07 452.53587861653699
1.1086463928222656e-07 451.92887938257803
1.1101365089416503e-07 451.3235096767612
1.111626625061035e-07 450.71976294602456
1.1131167411804198e-07 450.11763267239576
1.1146068572998046e-07 449.51711237275782
1.1160969734191895e-07 448.91819559861705
1.1175870895385742e-07 448.32087593587141
1.119077205657959e-07 447.72514700458191
1.1205673217773437e-07 447.13100245874534
1.1220574378967284e-07 446.5384359860692
1.1235475540161132e-07 445.94744130774751
1.1250376701354979e-07 445.35801217824013
1.1265277862548828e-07 444.77014238505166
1.1280179023742676e-07 444.18382574851336
1.1295080184936524e-07 443.59905612156786
1.1309981346130371e-07 443.01582738955244
1.1324882507324218e-07 442.43413346998705
1.1339783668518066e-07 441.85396831236289
1.1354684829711913e-07 441.27532589793202
1.136958599090576e-07 440.69820023949967
1.1384487152099609e-07 440.12258538121768
1.1399388313293458e-07 439.54847539837976
1.1414289474487305e-07 438.97586439721749
1.1429190635681152e-07 438.40474651470009
1.1444091796875e-07 437.83511591833241
1.1458992958068847e-07 437.26696680595785
1.1473894119262694e-07 436.70029340556101
1.1488795280456542e-07 436.13508997507193
1.150369644165039e-07 435.57135080217222
1.1518597602844239e-07 435.0090702041029
1.1533498764038086e-07 434.44824252747298
1.1548399925231934e-07 433.88886214807064
1.1563301086425781e-07 433.33092347067469
1.1578202247619628e-07 432.77442092886787
1.1593103408813476e-07 432.21934898485239
1.1608004570007323e-07 431.66570212926575
1.1622905731201172e-07 431.11347488099869
1.163780689239502e-07 430.56266178701401
1.1652708053588868e-07 430.01325742216733
1.1667609214782715e-07 429.46525638902932
1.1682510375976562e-07 428.91865331770805
1.169741153717041e-07 428.37344286567424
1.1712312698364257e-07 427.82961971758709
1.1727213859558104e-07 427.28717858512175
1.1742115020751953e-07 426.74611420679707
1.1757016181945802e-07 426.20642134780667
1.1771917343139649e-07 425.6680947998492
1.1786818504333496e-07 425.13112938096128
1.1801719665527344e-07 424.59551993535098
1.1816620826721191e-07 424.06126133323278
1.1831521987915038e-07 423.52834847066384
1.1846423149108886e-07 422.99677626938217
1.1861324310302734e-07 422.46653967664389
1.1876225471496583e-07 421.93763366506437
1.189112663269043e-07 421.41005323245889
1.1906027793884278e-07 420.88379340168478
1.1920928955078125e-07 420.35884922048507
1.1935830116271972e-07 419.83521576133342
1.195073127746582e-07 419.31288812127951
1.1965632438659667e-07 418.79186142179606
1.1980533599853514e-07 418.27213080862737
1.1995434761047362e-07 417.75369145163802
1.2010335922241209e-07 417.23653854466363
1.2025237083435059e-07 416.72066730536193
1.2040138244628906e-07 416.20607297506621
1.2055039405822754e-07 415.69275081863771
1.2069940567016604e-07 415.18069612432134
1.2084841728210451e-07 414.66990420360145
1.2099742889404298e-07 414.16037039105834
1.2114644050598146e-07 413.65209004422633
1.2129545211791993e-07 413.14505854345293
1.214444637298584e-07 412.63927129175875
1.2159347534179688e-07 412.13472371469868
1.2174248695373535e-07 411.63141126022396
1.2189149856567382e-07 411.12932939854505
1.220405101776123e-07 410.62847362199602
1.2218952178955077e-07 410.12883944489971
1.2233853340148924e-07 409.63042240343339
1.2248754501342772e-07 409.13321805549617
1.2263655662536622e-07 408.63722198057707
1.2278556823730469e-07 408.14242977962391
1.2293457984924316e-07 407.64883707491316
1.2308359146118166e-07 407.1564395099208
1.2323260307312014e-07 406.66523274919456
1.2338161468505861e-07 406.17521247822617
1.2353062629699708e-07 405.68637440332537
1.2367963790893556e-07 405.19871425149427
1.2382864952087403e-07 404.71222777030289
1.239776611328125e-07 404.22691072776604
1.2412667274475098e-07 403.7427589122197
1.2427568435668945e-07 403.25976813219989
1.2442469596862792e-07 402.7779342163214
1.245737075805664e-07 402.29725301315818
1.2472271919250487e-07 401.81772039112315
1.2487173080444334e-07 401.33933223835083
1.2502074241638184e-07 400.86208446257911
1.2516975402832032e-07 400.38597299103316
1.2531876564025879e-07 399.91099377030901
1.2546777725219729e-07 399.43714276625889
1.2561678886413576e-07 398.96441596387672
1.2576580047607424e-07 398.4928093671852
1.2591481208801271e-07 398.02231899912255
1.2606382369995118e-07 397.55294090143133
1.2621283531188966e-07 397.08467113454685
1.2636184692382813e-07 396.61750577748774
1.265108585357666e-07 396.15144092774568
1.2665987014770508e-07 395.68647270117719
1.2680888175964355e-07 395.22259723189569
1.2695789337158202e-07 394.75981067216406
1.271069049835205e-07 394.29810919228896
1.2725591659545897e-07 393.83748898051425
1.2740492820739747e-07 393.37794624291683
1.2755393981933594e-07 392.91947720330222
1.2770295143127442e-07 392.46207810310108
1.2785196304321292e-07 392.00574520126628
1.2800097465515139e-07 391.55047477417162
1.2814998626708986e-07 391.09626311550983
1.2829899787902834e-07 390.64310653619219
1.2844800949096681e-07 390.19100136424902
1.2859702110290529e-07 389.73994394472987
1.2874603271484376e-07 389.28993063960536
1.2889504432678223e-07 388.8409578276698
1.2904405593872071e-07 388.393021904443
1.2919306755065918e-07 387.94611928207507
1.2934207916259765e-07 387.50024638924936
1.2949109077453613e-07 387.05539967108859
1.296401023864746e-07 386.61157558905927
1.297891139984131e-07 386.16877062087838
1.2993812561035157e-07 385.72698126042047
1.3008713722229005e-07 385.2862040176247
1.3023614883422855e-07 384.84643541840279
1.3038516044616702e-07 384.40767200454843
1.3053417205810549e-07 383.96991033364577
1.3068318367004397e-07 383.53314697898008
1.3083219528198244e-07 383.09737852944824
1.3098120689392091e-07 382.66260158946938
1.3113021850585939e-07 382.22881277889724
1.3127923011779786e-07 381.79600873293265
1.3142824172973633e-07 381.36418610203611
1.3157725334167481e-07 380.93334155184152
1.3172626495361328e-07 380.50347176307048
1.3187527656555175e-07 380.07457343144699
1.3202428817749023e-07 379.64664326761283
1.3217329978942873e-07 379.21967799704316
1.323223114013672e-07 378.79367435996369
1.3247132301330567e-07 378.36862911126684
1.3262033462524417e-07 377.94453902043006
1.3276934623718265e-07 377.52140087143368
1.3291835784912112e-07 377.09921146267936
1.3306736946105959e-07 376.6779676069101
1.3321638107299807e-07 376.25766613112927
1.3336539268493654e-07 375.83830387652108
1.3351440429687501e-07 375.41987769837192
1.3366341590881349e-07 375.00238446599121
1.3381242752075196e-07 374.58582106263373
1.3396143913269043e-07 374.17018438542169
1.3411045074462891e-07 373.75547134526801
1.3425946235656738e-07 373.34167886679944
1.3440847396850585e-07 372.92880388828104
1.3455748558044435e-07 372.51684336154011
1.3470649719238283e-07 372.10579425189161
1.348555088043213e-07 371.69565353806325
1.350045204162598e-07 371.28641821212204
1.3515353202819827e-07 370.8780852794003
1.3530254364013675e-07 370.47065175842243
1.3545155525207522e-07 370.06411468083286
1.3560056686401369e-07 369.6584710913238
1.3574957847595217e-07 369.25371804756344
1.3589859008789064e-07 368.84985262012503
1.3604760169982911e-07 368.44687189241591
1.3619661331176759e-07 368.04477296060776
1.3634562492370606e-07 367.64355293356653
1.3649463653564453e-07 367.24320893278303
1.3664364814758301e-07 366.84373809230436
1.3679265975952148e-07 366.44513755866575
1.3694167137145998e-07 366.04740449082175
1.3709068298339845e-07 365.65053606007962
1.3723969459533693e-07 365.25452945003195
1.3738870620727543e-07 364.85938185648973
1.375377178192139e-07 364.46509048741689
1.3768672943115237e-07 364.07165256286373
1.3783574104309085e-07 363.67906531490212
1.3798475265502932e-07 363.28732598756034
1.3813376426696779e-07 362.89643183675872
1.3828277587890627e-07 362.50638013024559
1.3843178749084474e-07 362.11716814753316
1.3858079910278321e-07 361.72879317983546
1.3872981071472169e-07 361.34125253000394
1.3887882232666016e-07 360.9545435124661
1.3902783393859863e-07 360.56866345316308
1.3917684555053711e-07 360.18360968948821
1.3932585716247561e-07 359.79937957022537
1.3947486877441408e-07 359.41597045548895
1.3962388038635255e-07 359.03337971666241
1.3977289199829105e-07 358.65160473633858
1.3992190361022953e-07 358.27064290826058
1.40070915222168e-07 357.8904916372615
1.4021992683410647e-07 357.51114833920622
1.4036893844604495e-07 357.13261044093224
1.4051795005798342e-07 356.75487538019246
1.4066696166992189e-07 356.37794060559622
1.4081597328186037e-07 356.00180357655262
1.4096498489379884e-07 355.62646176321311
1.4111399650573731e-07 355.25191264641512
1.4126300811767579e-07 354.87815371762508
1.4141201972961426e-07 354.50518247888328
1.4156103134155273e-07 354.13299644274719
1.4171004295349123e-07 353.76159313223707
1.4185905456542971e-07 353.39097008078073
1.4200806617736818e-07 353.02112483215848
1.4215707778930668e-07 352.65205494044937
1.4230608940124515e-07 352.28375796997761
1.4245510101318363e-07 351.91623149525799
1.426041126251221e-07 351.54947310094315
1.4275312423706057e-07 351.18348038177101
1.4290213584899905e-07 350.81825094251178
1.4305114746093752e-07 350.45378239791552
1.4320015907287599e-07 350.09007237266087
1.4334917068481447e-07 349.72711850130281
1.4349818229675294e-07 349.36491842822181
1.4364719390869141e-07 349.00346980757263
1.4379620552062989e-07 348.64277030323359
1.4394521713256836e-07 348.28281758875647
1.4409422874450686e-07 347.9236093473167
1.4424324035644533e-07 347.56514327166309
1.4439225196838381e-07 347.20741706406858
1.4454126358032231e-07 346.85042843628145
1.4469027519226078e-07 346.4941751094766
1.4483928680419925e-07 346.13865481420629
1.4498829841613773e-07 345.78386529035282
1.451373100280762e-07 345.42980428708029
1.4528632164001467e-07 345.07646956278683
1.4543533325195315e-07 344.7238588850575
1.4558434486389162e-07 344.37197003061738
1.457333564758301e-07 344.02080078528451
1.4588236808776857e-07 343.67034894392361
1.4603137969970704e-07 343.32061231040046
1.4618039131164552e-07 342.97158869753486
1.4632940292358399e-07 342.62327592705594
1.4647841453552249e-07 342.2756718295567
1.4662742614746096e-07 341.92877424444885
1.4677643775939944e-07 341.58258101991777
1.4692544937133794e-07 341.23709001287875
1.4707446098327641e-07 340.89229908893208
1.4722347259521488e-07 340.54820612231936
1.4737248420715336e-07 340.20480899587989
1.4752149581909183e-07 339.86210560100704
1.476705074310303e-07 339.52009383760497
1.4781951904296878e-07 339.17877161404675
1.4796853065490725e-07 338.83813684713016
1.4811754226684572e-07 338.49818746203636
1.482665538787842e-07 338.15892139228748
1.4841556549072267e-07 337.82033657970487
1.4856457710266114e-07 337.48243097436716
1.4871358871459962e-07 337.14520253456931
1.4901161193847659e-07 336.47276902560645
1.4930963516235356e-07 335.80301988194111
1.4960765838623051e-07 335.13593906154944
1.4990568161010746e-07 334.47151064997882
1.502037048339844e-07 333.80971885908116
1.5050172805786135e-07 333.15054802576356
1.507997512817383e-07 332.49398261075169
1.5109777450561524e-07 331.84000719736935
1.5139579772949219e-07 331.1886064903311
1.5169382095336914e-07 330.53976531455078
1.5199184417724608e-07 329.89346861396183
1.5228986740112303e-07 329.24970145035383
1.52587890625e-07 328.60844900222111
1.5288591384887698e-07 327.96969656362506
1.5318393707275392e-07 327.33342954307062
1.5348196029663087e-07 326.69963346239416
1.5377998352050782e-07 326.06829395566621
1.5407800674438476e-07 325.43939676810589
1.5437602996826171e-07 324.81292775500714
1.5467405319213866e-07 324.18887288067981
1.549720764160156e-07 323.56721821740013
1.5527009963989255e-07 322.94794994437495
1.555681228637695e-07 322.33105434671791
1.5586614608764644e-07 321.7165178144366
1.5616416931152342e-07 321.10432684143109
1.5646219253540039e-07 320.49446802450598
1.5676021575927734e-07 319.88692806239061
1.5705823898315428e-07 319.28169375477296
1.5735626220703123e-07 318.67875200134364
1.5765428543090818e-07 318.07808980084985
1.5795230865478512e-07 317.47969425016191
1.5825033187866207e-07 316.88355254334869
1.5854835510253904e-07 316.28965197076428
1.5884637832641602e-07 315.6979799181446
1.5914440155029296e-07 315.10852386571491
1.5944242477416991e-07 314.5212713873056
1.5974044799804686e-07 313.93621014948008
1.600384712219238e-07 313.35332791067094
1.6033649444580075e-07 312.77261252032599
1.606345176696777e-07 312.19405191806413
1.6093254089355467e-07 311.61763413284035
1.6123056411743164e-07 311.04334728212035
1.6152858734130859e-07 310.47117957106389
1.6182661056518554e-07 309.90111929171667
1.6212463378906249e-07 309.33315482221292
1.6242265701293943e-07 308.76727462598461
1.6272068023681638e-07 308.20346725098079
1.6301870346069333e-07 307.64172132889479
1.633167266845703e-07 307.08202557440069
1.6361474990844727e-07 306.52436878439653
1.6391277313232422e-07 305.96873983725823
1.6421079635620117e-07 305.41512769209874
1.6450881958007811e-07 304.86352138803784
1.6480684280395506e-07 304.3139100434783
1.6510486602783201e-07 303.76628285539027
1.6540288925170895e-07 303.22062909860352
1.6570091247558593e-07 302.67693812510771
1.659989356994629e-07 302.13519936335877
1.6629695892333985e-07 301.59540231759485
1.6659498214721679e-07 301.05753656715774
1.6689300537109374e-07 300.52159176582228
1.6719102859497069e-07 299.98755764113349
1.6748905181884763e-07 299.45542399374989
1.6778707504272458e-07 298.92518069679403
1.6808509826660155e-07 298.39681769521059
1.6838312149047853e-07 297.87032500513021
1.6868114471435547e-07 297.34569271324114
1.6897916793823242e-07 296.82291097616672
1.6927719116210937e-07 296.3019700198497
1.6957521438598631e-07 295.78286013894353
1.6987323760986326e-07 295.26557169620918
1.7017126083374021e-07 294.75009512191883
1.7046928405761718e-07 294.2364209132661
1.7076730728149415e-07 293.72453963378155
1.710653305053711e-07 293.21444191275526
1.7136335372924805e-07 292.70611844466509
1.7166137695312499e-07 292.19955998860996
1.7195940017700194e-07 291.69475736775109
1.7225742340087889e-07 291.191701468757
1.7255544662475583e-07 290.69038324125535
1.7285346984863281e-07 290.19079369728991
1.7315149307250978e-07 289.6929239107842
1.7344951629638673e-07 289.19676501700889
1.7374753952026367e-07 288.70230821205632
1.7404556274414062e-07 288.20954475231952
1.7434358596801757e-07 287.71846595397693
1.7464160919189451e-07 287.22906319248199
1.7493963241577146e-07 286.74132790205886
1.7523765563964843e-07 286.25525157520184
1.7553567886352541e-07 285.77082576218169
1.7583370208740235e-07 285.28804207055481
1.761317253112793e-07 284.80689216467994
1.7642974853515625e-07 284.32736776523723
1.7672777175903319e-07 283.84946064875402
1.7702579498291014e-07 283.37316264713456
1.7732381820678709e-07 282.89846564719471
1.7762184143066406e-07 282.42536159020096
1.7791986465454103e-07 281.95384247141527
1.7821788787841798e-07 281.48390033964239
1.7851591110229493e-07 281.0155272967836
1.7881393432617188e-07 280.54871549739471
1.7911195755004882e-07 280.08345714824685
1.7940998077392577e-07 279.61974450789364
1.7970800399780272e-07 279.15756988624156
1.8000602722167969e-07 278.69692564412497
1.8030405044555666e-07 278.23780419288488
1.8060207366943361e-07 277.78019799395281
1.8090009689331056e-07 277.32409955843741
1.811981201171875e-07 276.86950144671675
1.8149614334106445e-07 276.41639626803294
1.817941665649414e-07 275.96477668009265
1.8209218978881834e-07 275.51463538866949
1.8239021301269532e-07 275.0659651472119
1.8268823623657229e-07 274.61875875645416
1.8298625946044924e-07 274.17300906403142
1.8328428268432618e-07 273.72870896409785
1.8358230590820313e-07 273.28585139695014
1.8388032913208008e-07 272.84442934865217
1.8417835235595702e-07 272.40443585066612
1.8447637557983397e-07 271.96586397948465
1.8477439880371094e-07 271.52870685626846
1.8507242202758792e-07 271.09295764648624
1.8537044525146486e-07 270.65860955955895
1.8566846847534181e-07 270.22565584850628
1.8596649169921876e-07 269.79408980959823
1.862645149230957e-07 269.36390478200838
1.8656253814697265e-07 268.93509414747177
1.868605613708496e-07 268.50765132994496
1.8715858459472657e-07 268.08156979527035
1.8745660781860354e-07 267.65684305084284
1.8775463104248049e-07 267.23346464528032
1.8805265426635744e-07 266.811428168097
1.8835067749023438e-07 266.39072724937961
1.8864870071411133e-07 265.97135555946716
1.8894672393798828e-07 265.55330680863335
1.8924474716186522e-07 265.13657474677257
1.895427703857422e-07 264.72115316308748
1.8984079360961917e-07 264.30703588578149
1.9013881683349612e-07 263.89421678175256
1.9043684005737306e-07 263.48268975629037
1.9073486328125001e-07 263.07244875277667
1.9103288650512696e-07 262.66348775238799
1.913309097290039e-07 262.25580077380118
1.9162893295288085e-07 261.84938187290231
1.9192695617675782e-07 261.44422514249703
1.922249794006348e-07 261.04032471202493
1.9252300262451174e-07 260.63767474727587
1.9282102584838869e-07 260.23626945010892
1.9311904907226564e-07 259.83610305817405
1.9341707229614258e-07 259.43716984463668
1.9371509552001953e-07 259.03946411790417
1.9401311874389648e-07 258.64298022135546
1.9431114196777345e-07 258.24771253307222
1.9460916519165042e-07 257.85365546557409
1.9490718841552737e-07 257.46080346555482
1.9520521163940432e-07 257.06915101362119
1.9550323486328126e-07 256.67869262403508
1.9580125808715821e-07 256.28942284445708
1.9609928131103516e-07 255.90133625569243
1.9639730453491211e-07 255.51442747144017
1.9669532775878908e-07 255.12869113804337
1.9699335098266605e-07 254.74412193424246
1.97291374206543e-07 254.3607145709305
1.9758939743041995e-07 253.97846379091087
1.9788742065429689e-07 253.59736436865643
1.9818544387817384e-07 253.21741111007208
1.9848346710205079e-07 252.8385988522584
1.9878149032592773e-07 252.46092246327794
1.9907951354980471e-07 252.08437684192324
1.9937753677368168e-07 251.7089569174876
1.9967555999755863e-07 251.33465764953698
1.9997358322143557e-07 250.96147402768469
2.0027160644531252e-07 250.58940107136794
2.0056962966918947e-07 250.21843382962578
2.0086765289306641e-07 249.84856738087998
2.0116567611694336e-07 249.47979683271737
2.0146369934082033e-07 249.11211732167368
2.0176172256469731e-07 248.7455240130202
2.0205974578857425e-07 248.38001210055171
2.023577690124512e-07 248.0155768063764
2.0265579223632815e-07 247.65221338070759
2.0295381546020509e-07 247.28991710165769
2.0325183868408204e-07 246.92868327503328
2.0354986190795899e-07 246.56850723413265
2.0384788513183596e-07 246.20938433954475
2.0414590835571293e-07 245.85130997894993
2.0444393157958988e-07 245.49427956692261
2.0474195480346683e-07 245.13828854473545
2.0503997802734377e-07 244.78333238016523
2.0533800125122072e-07 244.42940656730076
2.0563602447509767e-07 244.07650662635194
2.0593404769897461e-07 243.72462810346101
2.0623207092285159e-07 243.37376657051502
2.0653009414672856e-07 243.02391762496001
2.0682811737060551e-07 242.6750768896172
2.0712614059448245e-07 242.32724001249997
2.074241638183594e-07 241.98040266663321
2.0772218704223635e-07 241.63456054987387
2.0802021026611329e-07 241.28970938473284
2.0831823348999024e-07 240.94584491819893
2.0861625671386719e-07 240.60296292156389
2.0891427993774413e-07 240.26105919024891
2.0921230316162108e-07 239.92012954363292
2.0951032638549803e-07 239.58016982488238
2.09808349609375e-07 239.2411759007818
2.1010637283325197e-07 238.90314366156667
2.1040439605712892e-07 238.56606902075751
2.1070241928100587e-07 238.22994791499457
2.1100044250488281e-07 237.89477630387515
2.1129846572875976e-07 237.56055016979153
2.1159648895263671e-07 237.22726551777026
2.1189451217651365e-07 236.89491837531315
2.121925354003906e-07 236.56350479223951
2.1249055862426755e-07 236.23302084052952
2.127885818481445e-07 235.90346261416897
2.1308660507202144e-07 235.57482622899553
2.1338462829589842e-07 235.24710782254621
2.1368265151977539e-07 234.92030355390582
2.1398067474365234e-07 234.59440960355704
2.1427869796752928e-07 234.26942217323165
2.1457672119140623e-07 233.94533748576285
2.1487474441528318e-07 233.62215178493904
2.1517276763916012e-07 233.29986133535866
2.1547079086303707e-07 232.9784624222863
2.1576881408691404e-07 232.65795135150972
2.1606683731079102e-07 232.33832444919898
2.1636486053466796e-07 232.01957806176529
2.1666288375854491e-07 231.70170855572212
2.1696090698242186e-07 231.38471231754741
2.172589302062988e-07 231.06858575354616
2.1755695343017575e-07 230.75332528971492
2.178549766540527e-07 230.43892737160698
2.1815299987792967e-07 230.12538846419895
2.1845102310180664e-07 229.81270505175803
2.1874904632568359e-07 229.5008736377109
2.1904706954956054e-07 229.18989074451295
2.1934509277343748e-07 228.8797529135195
2.1964311599731443e-07 228.57045670485726
2.1994113922119138e-07 228.26199869729723
2.2023916244506832e-07 227.95437548812859
2.205371856689453e-07 227.6475836930334
2.2083520889282227e-07 227.34161994596298
2.2113323211669922e-07 227.03648089901418
2.2143125534057616e-07 226.73216322230766
2.2172927856445311e-07 226.4286636038666
2.2202730178833006e-07 226.12597874949665
2.22325325012207e-07 225.82410538266669
2.2262334823608395e-07 225.5230402443907
2.2292137145996092e-07 225.22278009311015
2.232193946838379e-07 224.92332170457814
2.2351741790771484e-07 224.62466187174377
2.2381544113159179e-07 224.32679740463746
2.2411346435546874e-07 224.0297251302575
2.2441148757934568e-07 223.73344189245785
2.2470951080322263e-07 223.43794455183547
2.2500753402709958e-07 223.14322998562014
2.2530555725097655e-07 222.84929508756434
2.2560358047485352e-07 222.55613676783366
2.2590160369873047e-07 222.26375195289933
2.2619962692260742e-07 221.97213758543003
2.2649765014648436e-07 221.68129062418578
2.2679567337036131e-07 221.39120804391203
2.2709369659423826e-07 221.10188683523504
2.273917198181152e-07 220.8133240045573
2.2768974304199218e-07 220.52551657395472
2.2798776626586915e-07 220.23846158107409
2.282857894897461e-07 219.95215607903145
2.2858381271362304e-07 219.66659713631114
2.2888183593749999e-07 219.38178183666568
2.2917985916137694e-07 219.09770727901684
2.2947788238525389e-07 218.81437057735687
2.2977590560913083e-07 218.53176886065071
2.3007392883300781e-07 218.2498992727393
2.3037195205688478e-07 217.96875897224302
2.3066997528076173e-07 217.68834513246645
2.3096799850463867e-07 217.40865494130372
2.3126602172851562e-07 217.12968560114416
2.3156404495239257e-07 216.85143432877911
2.3186206817626951e-07 216.57389835530981
2.3216009140014646e-07 216.29707492605493
2.3245811462402343e-07 216.02096130045976
2.3275613784790041e-07 215.74555475200586
2.3305416107177735e-07 215.47085256812099
2.333521842956543e-07 215.19685205009037
2.3365020751953125e-07 214.92355051296815
2.3394823074340819e-07 214.65094528548966
2.3424625396728514e-07 214.3790337099845
2.3454427719116209e-07 214.10781314229021
2.3484230041503906e-07 213.83728095166632
2.3514032363891603e-07 213.56743452070953
2.3543834686279298e-07 213.29827124526921
2.3573637008666993e-07 213.02978853436363
2.3603439331054687e-07 212.76198381009692
2.3633241653442382e-07 212.49485450757618
2.3663043975830077e-07 212.22839807483024
2.3692846298217771e-07 211.96261197272779
2.3722648620605469e-07 211.697493674897
2.3752450942993166e-07 211.43304066764568
2.3782253265380861e-07 211.16925044988136
2.3812055587768555e-07 210.90612053303269
2.384185791015625e-07 210.64364844097125
2.3871660232543945e-07 210.38183170993383
2.3901462554931639e-07 210.12066788844527
2.3931264877319334e-07 209.86015453724201
2.3961067199707029e-07 209.60028922919602
2.3990869522094723e-07 209.34106954923979
2.4020671844482418e-07 209.08249309429101
2.4050474166870118e-07 208.82455747317863
2.4080276489257813e-07 208.56726030656915
2.4110078811645507e-07 208.31059922689329
2.4139881134033207e-07 208.05457187827355
2.4169683456420902e-07 207.79917591645201
2.4199485778808597e-07 207.54440900871887
2.4229288101196291e-07 207.29026883384125
2.4259090423583986e-07 207.03675308199294
2.4288892745971681e-07 206.78385945468429
2.4318695068359375e-07 206.5315856646927
2.434849739074707e-07 206.27992943599375
2.4378299713134765e-07 206.02888850369268
2.4408102035522459e-07 205.77846061395661
2.4437904357910154e-07 205.52864352394684
2.4467706680297849e-07 205.27943500175212
2.4497509002685543e-07 205.0308328263219
2.4527311325073243e-07 204.78283478740076
2.4557113647460938e-07 204.53543868546262
2.4586915969848633e-07 204.28864233164563
2.4616718292236333e-07 204.04244354768784
2.4646520614624027e-07 203.79684016586316
2.4676322937011722e-07 203.55183002891738
2.4706125259399417e-07 203.30741099000539
2.4735927581787111e-07 203.06358091262825
2.4765729904174806e-07 202.82033767057101
2.4795532226562501e-07 202.57767914784097
2.4825334548950196e-07 202.33560323860621
2.485513687133789e-07 202.09410784713472
2.4884939193725585e-07 201.85319088773394
2.491474151611328e-07 201.61285028469069
2.4944543838500974e-07 201.37308397221159
2.4974346160888669e-07 201.13388989436388
2.5004148483276369e-07 200.8952660050164
2.5033950805664064e-07 200.65721026778184
2.5063753128051758e-07 200.4197206559582
2.5093555450439458e-07 200.18279515247153
2.5123357772827153e-07 199.94643174981888
2.5153160095214848e-07 199.71062845001154
2.5182962417602542e-07 199.4753832645186
2.5212764739990237e-07 199.2406942142114
2.5242567062377932e-07 199.00655932930761
2.5272369384765626e-07 198.77297664931646
2.5302171707153321e-07 198.53994422298385
2.5331974029541016e-07 198.30746010823799
2.536177635192871e-07 198.07552237213562
2.5391578674316405e-07 197.84412909080825
2.54213809967041e-07 197.61327834940914
2.5451183319091794e-07 197.38296824206017
2.5480985641479494e-07 197.15319687179991
2.5510787963867189e-07 196.92396235053101
2.5540590286254884e-07 196.69526279896886
2.5570392608642584e-07 196.46709634658987
2.5600194931030278e-07 196.23946113158092
2.5629997253417973e-07 196.01235530078847
2.5659799575805668e-07 195.7857770096681
2.5689601898193362e-07 195.55972442223486
2.5719404220581057e-07 195.33419571101371
2.5749206542968752e-07 195.10918905698986
2.5779008865356446e-07 194.8847026495605
2.5808811187744141e-07 194.66073468648554
2.5838613510131836e-07 194.43728337383996
2.586841583251953e-07 194.21434692596551
2.5898218154907225e-07 193.99192356542355
2.592802047729492e-07 193.77001152294727
2.595782279968262e-07 193.54860903739527
2.5987625122070314e-07 193.32771435570476
2.6017427444458009e-07 193.10732573284525
2.6047229766845709e-07 192.88744143177274
2.6077032089233404e-07 192.66805972338398
2.6106834411621098e-07 192.44917888647106
2.6136636734008793e-07 192.23079720767666
2.6166439056396488e-07 192.01291298144909
2.6196241378784182e-07 191.79552450999807
2.6226043701171877e-07 191.57863010325048
2.6255846023559572e-07 191.3622280788066
2.6285648345947266e-07 191.14631676189668
2.6315450668334961e-07 190.9308944853378
2.6345252990722656e-07 190.71595958949069
2.6375055313110351e-07 190.50151042221739
2.6404857635498045e-07 190.28754533883873
2.6434659957885745e-07 190.07406270209228
2.646446228027344e-07 189.86106088209098
2.6494264602661135e-07 189.64853825628097
2.6524066925048834e-07 189.43649320940099
2.6553869247436529e-07 189.22492413344122
2.6583671569824224e-07 189.01382942760247
2.6613473892211919e-07 188.80320749825626
2.6643276214599613e-07 188.59305675890423
2.6673078536987308e-07 188.38337563013857
2.6702880859375003e-07 188.17416253960241
2.6732683181762697e-07 187.96541592195047
2.6762485504150392e-07 187.75713421881014
2.6792287826538087e-07 187.54931587874256
2.6822090148925781e-07 187.3419593572041
2.6851892471313476e-07 187.13506311650826
2.6881694793701171e-07 186.92862562578748
2.6911497116088871e-07 186.72264536095537
2.6941299438476565e-07 186.51712080466953
2.697110176086426e-07 186.31205044629385
2.700090408325196e-07 186.10743278186163
2.7030706405639655e-07 185.90326631403912
2.7060508728027349e-07 185.6995495520886
2.7090311050415044e-07 185.49628101183222
2.7120113372802739e-07 185.29345921561614
2.7149915695190433e-07 185.09108269227434
2.7179718017578128e-07 184.88914997709355
2.7209520339965823e-07 184.68765961177743
2.7239322662353517e-07 184.4866101444118
2.7269124984741212e-07 184.28600012942954
2.7298927307128907e-07 184.08582812757624
2.7328729629516601e-07 183.88609270587534
2.7358531951904296e-07 183.68679243759445
2.7388334274291996e-07 183.48792590221086
2.7418136596679691e-07 183.28949168537821
2.7447938919067385e-07 183.09148837889276
2.7477741241455085e-07 182.89391458066009
2.750754356384278e-07 182.69676889466209
2.7537345886230475e-07 182.50004993092392
2.7567148208618169e-07 182.30375630548153
2.7596950531005864e-07 182.10788664034902
2.7626752853393559e-07 181.91243956348666
2.7656555175781253e-07 181.71741370876845
2.7686357498168948e-07 181.52280771595073
2.7716159820556643e-07 181.32862023064027
2.7745962142944337e-07 181.13484990426289
2.7775764465332032e-07 180.94149539403239
2.7805566787719727e-07 180.74855536291929
2.7835369110107421e-07 180.55602847962027
2.7865171432495121e-07 180.36391341852732
2.7894973754882816e-07 180.17220885969746
2.7924776077270511e-07 179.98091348882258
2.7954578399658211e-07 179.79002599719911
2.7984380722045905e-07 179.59954508169855
2.80141830444336e-07 179.40946944473743
2.8043985366821295e-07 179.21979779424817
2.8073787689208989e-07 179.03052884364962
2.8103590011596684e-07 178.84166131181814
2.8133392333984379e-07 178.65319392305844
2.8163194656372073e-07 178.46512540707505
2.8192996978759768e-07 178.27745449894371
2.8222799301147463e-07 178.0901799390831
2.8252601623535158e-07 177.90330047322652
2.8282403945922852e-07 177.71681485239404
2.8312206268310547e-07 177.5307218328644
2.8342008590698247e-07 177.34502017614776
2.8371810913085942e-07 177.15970864895797
2.8401613235473636e-07 176.97478602318526
2.8431415557861336e-07 176.79025107586918
2.8461217880249031e-07 176.60610258917171
2.8491020202636726e-07 176.42233935035026
2.852082252502442e-07 176.23896015173128
2.8550624847412115e-07 176.05596379068362
2.858042716979981e-07 175.87334906959242
2.8610229492187504e-07 175.69111479583276
2.8640031814575199e-07 175.50925978174382
2.8669834136962894e-07 175.32778284460321
2.8699636459350588e-07 175.14668280660112
2.8729438781738283e-07 174.96595849481491
2.8759241104125978e-07 174.78560874118381
2.8789043426513672e-07 174.60563238248375
2.8818845748901372e-07 174.42602826030222
2.8848648071289067e-07 174.2467952210138
2.8878450393676762e-07 174.06793211575496
2.8908252716064462e-07 173.88943780039983
2.8938055038452156e-07 173.71131113553582
2.8967857360839851e-07 173.53355098643905
2.8997659683227546e-07 173.35615622305076
2.902746200561524e-07 173.17912571995291
2.9057264328002935e-07 173.00245835634456
2.908706665039063e-07 172.82615301601831
2.9116868972778324e-07 172.65020858733664
2.9146671295166019e-07 172.47462396320861
2.9176473617553714e-07 172.29939804106667
2.9206275939941408e-07 172.12452972284348
2.9236078262329103e-07 171.95001791494909
2.9265880584716798e-07 171.77586152824804
2.9295682907104498e-07 171.60205947803684
2.9325485229492192e-07 171.42861068402129
2.9355287551879887e-07 171.25551407029423
2.9385089874267587e-07 171.0827685653131
2.9414892196655282e-07 170.91037310187818
2.9444694519042976e-07 170.73832661711023
2.9474496841430671e-07 170.56662805242891
2.9504299163818366e-07 170.39527635353085
2.953410148620606e-07 170.22427047036831
2.9563903808593755e-07 170.05360935712758
2.959370613098145e-07 169.88329197220767
2.9623508453369144e-07 169.71331727819921
2.9653310775756839e-07 169.54368424186319
2.9683113098144534e-07 169.3743918341103
2.9712915420532228e-07 169.20543902997989
2.9742717742919923e-07 169.03682480861931
2.9802322387695318e-07 168.70060805121477
2.9861927032470712e-07 168.36573347645893
2.9921531677246102e-07 168.03219306333992
2.9981136322021491e-07 167.69997885463141
3.0040740966796881e-07 167.36908295625943
3.010034561157227e-07 167.03949753667746
3.0159950256347659e-07 166.71121482624835
3.0219554901123049e-07 166.38422711663398
3.0279159545898438e-07 166.05852676019174
3.0338764190673827e-07 165.73410616937841
3.0398368835449217e-07 165.41095781616073
3.0457973480224606e-07 165.08907423143359
3.0517578125000001e-07 164.76844800444405
3.0577182769775395e-07 164.44907178222283
3.0636787414550785e-07 164.13093826902244
3.0696392059326174e-07 163.81404022576106
3.0755996704101563e-07 163.49837046947391
3.0815601348876953e-07 163.18392187277053
3.0875205993652342e-07 162.870687363298
3.0934810638427731e-07 162.55865992321122
3.0994415283203121e-07 162.24783258864818
3.105401992797851e-07 161.93819844921242
3.1113624572753899e-07 161.62975064746078
3.1173229217529289e-07 161.3224823783969
3.1232833862304683e-07 161.01638688897097
3.1292438507080078e-07 160.71145747758521
3.1352043151855467e-07 160.40768749360441
3.1411647796630857e-07 160.10507033687242
3.1471252441406246e-07 159.80359945723458
3.1530857086181636e-07 159.50326835406455
3.1590461730957025e-07 159.20407057579737
3.1650066375732414e-07 158.90599971946759
3.1709671020507809e-07 158.60904943025221
3.1769275665283204e-07 158.31321340101923
3.1828880310058593e-07 158.01848537188118
3.1888484954833982e-07 157.72485912975336
3.1948089599609372e-07 157.43232850791745
3.2007694244384761e-07 157.14088738558974
3.206729888916015e-07 156.85052968749406
3.212690353393554e-07 156.56124938343993
3.2186508178710934e-07 156.27304048790489
3.2246112823486329e-07 155.98589705962175
3.2305717468261718e-07 155.69981320117029
3.2365322113037108e-07 155.41478305857356
3.2424926757812497e-07 155.13080082089851
3.2484531402587886e-07 154.84786071986116
3.2544136047363276e-07 154.56595702943611
3.2603740692138665e-07 154.28508406546996
3.266334533691406e-07 154.00523618529971
3.2722949981689454e-07 153.72640778737448
3.2782554626464844e-07 153.4485933108821
3.2842159271240233e-07 153.17178723537921
3.2901763916015622e-07 152.89598408042562
3.2961368560791012e-07 152.62117840522262
3.3020973205566401e-07 152.34736480825546
3.3080577850341791e-07 152.074537926939
3.3140182495117185e-07 151.80269243726784
3.319978713989258e-07 151.53182305347025
3.3259391784667969e-07 151.26192452766514
3.3318996429443359e-07 150.99299164952333
3.3378601074218748e-07 150.72501924593246
3.3438205718994137e-07 150.45800218066492
3.3497810363769527e-07 150.19193535404992
3.3557415008544916e-07 149.92681370264884
3.3617019653320311e-07 149.66263219893395
3.3676624298095705e-07 149.39938585097059
3.3736228942871095e-07 149.13706970210291
3.3795833587646484e-07 148.87567883064247
3.3855438232421873e-07 148.61520834956082
3.3915042877197263e-07 148.35565340618459
3.3974647521972652e-07 148.09700918189421
3.4034252166748041e-07 147.83927089182589
3.4093856811523436e-07 147.58243378457635
3.4153461456298831e-07 147.3264931419109
3.421306610107422e-07 147.07144427847462
3.4272670745849609e-07 146.8172825415063
3.4332275390624999e-07 146.56400331055562
3.4391880035400388e-07 146.31160199720301
3.4451484680175777e-07 146.06007404478279
3.4511089324951167e-07 145.80941492810877
3.4570693969726561e-07 145.55962015320296
3.4630298614501956e-07 145.31068525702688
3.4689903259277345e-07 145.06260580721607
3.4749507904052735e-07 144.81537740181662
3.4809112548828124e-07 144.56899566902501
3.4868717193603514e-07 144.32345626693055
3.4928321838378903e-07 144.07875488325996
3.4987926483154292e-07 143.83488723512522
3.5047531127929687e-07 143.59184906877354
3.5107135772705082e-07 143.34963615934026
3.5166740417480471e-07 143.10824431060371
3.522634506225586e-07 142.86766935474307
3.528594970703125e-07 142.62790715209854
3.5345554351806639e-07 142.3889535909338
3.5405158996582028e-07 142.15080458720087
3.5464763641357418e-07 141.91345608430774
3.5524368286132812e-07 141.67690405288775
3.5583972930908207e-07 141.44114449057173
3.5643577575683596e-07 141.20617342176209
3.5703182220458986e-07 140.97198689740958
3.5762786865234375e-07 140.73858099479193
3.5822391510009764e-07 140.50595181729483
3.5881996154785154e-07 140.27409549419502
3.5941600799560543e-07 140.04300818044587
3.6001205444335938e-07 139.81268605646437
3.6060810089111332e-07 139.58312532792121
3.6120414733886722e-07 139.35432222553197
3.6180019378662111e-07 139.12627300485113
3.62396240234375e-07 138.8989739460676
3.629922866821289e-07 138.67242135380255
3.6358833312988279e-07 138.44661155690923
3.6418437957763668e-07 138.22154090827445
3.6478042602539063e-07 137.99720578462251
3.6537647247314458e-07 137.77360258632046
3.6597251892089847e-07 137.55072773718592
3.6656856536865236e-07 137.32857768429599
3.6716461181640626e-07 137.10714889779894
3.6776065826416015e-07 136.88643787072681
3.6835670471191405e-07 136.66644111881061
3.6895275115966794e-07 136.4471551802967
3.6954879760742189e-07 136.22857661576546
3.7014484405517583e-07 136.01070200795121
3.7074089050292973e-07 135.79352796156434
3.7133693695068362e-07 135.57705110311488
3.7193298339843751e-07 135.36126808073766
3.7252902984619141e-07 135.14617556401961
3.731250762939453e-07 134.93177024382808
3.7372112274169919e-07 134.71804883214153
3.7431716918945314e-07 134.50500806188106
3.7491321563720709e-07 134.29264468674413
3.7550926208496098e-07 134.08095548103972
3.7610530853271487e-07 133.86993723952489
3.7670135498046877e-07 133.65958677724299
3.7729740142822266e-07 133.44990092936359
3.7789344787597655e-07 133.24087655102355
3.7848949432373045e-07 133.03251051716998
3.7908554077148439e-07 132.82479972240432
3.7968158721923834e-07 132.61774108082815
3.8027763366699223e-07 132.41133152589049
3.8087368011474613e-07 132.20556801023622
3.8146972656250002e-07 132.0004475055562
3.8206577301025391e-07 131.79596700243869
3.8266181945800781e-07 131.59212351022211
3.832578659057617e-07 131.38891405684956
3.8385391235351565e-07 131.18633568872372
3.8444995880126959e-07 130.98438547056449
3.8504600524902349e-07 130.78306048526682
3.8564205169677738e-07 130.58235783376017
3.8623809814453128e-07 130.38227463486953
3.8683414459228517e-07 130.18280802517768
3.8743019104003906e-07 129.98395515888831
3.8802623748779296e-07 129.78571320769078
3.886222839355469e-07 129.58807936062598
3.8921833038330085e-07 129.39105082395375
3.8981437683105474e-07 129.19462482102094
3.9041042327880864e-07 128.99879859213098
3.9100646972656253e-07 128.80356939441475
3.9160251617431642e-07 128.60893450170255
3.9219856262207032e-07 128.41489120439709
3.9279460906982421e-07 128.22143680934778
3.9339065551757816e-07 128.02856863972622
3.939867019653321e-07 127.8362840349026
3.94582748413086e-07 127.64458035032348
3.9517879486083989e-07 127.45345495739046
3.9577484130859378e-07 127.26290524334007
3.9637088775634768e-07 127.07292861112474
3.9696693420410157e-07 126.88352247929475
3.9756298065185546e-07 126.69468428188134
3.9815902709960941e-07 126.50641146828083
3.9875507354736336e-07 126.31870150313983
3.9935111999511725e-07 126.13155186624135
3.9994716644287114e-07 125.94496005239205
4.0054321289062504e-07 125.7589235713105
4.0113925933837893e-07 125.57343994751625
4.0173530578613283e-07 125.38850672022019
4.0233135223388672e-07 125.2041214432157
4.0292739868164067e-07 125.02028168477069
4.0352344512939461e-07 124.8369850275208
4.0411949157714851e-07 124.65422906836339
4.047155380249024e-07 124.47201141835258
4.0531158447265629e-07 124.29032970259502
4.0590763092041019e-07 124.10918156014688
4.0650367736816408e-07 123.9285646439115
4.0709972381591797e-07 123.74847662053806
4.0769577026367192e-07 123.56891517032089
4.0829181671142587e-07 123.38987798710033
4.0888786315917976e-07 123.21136277816352
4.0948390960693365e-07 123.03336726414678
4.1007995605468755e-07 122.85588917893847
4.1067600250244144e-07 122.67892626958307
4.1127204895019533e-07 122.50247629618553
4.1186809539794923e-07 122.32653703181688
4.1246414184570317e-07 122.15110626242071
4.1306018829345712e-07 121.97618178672005
4.1365623474121101e-07 121.80176141612549
4.1425228118896491e-07 121.62784297464368
4.148483276367188e-07 121.45442429878716
4.1544437408447269e-07 121.2815032374843
4.1604042053222659e-07 121.10907765199063
4.1663646697998048e-07 120.93714541580053
4.1723251342773438e-07 120.76570441455982
4.1782855987548827e-07 120.59475254597918
4.1842460632324216e-07 120.42428771974802
4.1902065277099606e-07 120.25430785744958
4.1961669921875e-07 120.0848108924761
4.2021274566650395e-07 119.91579476994539
4.2080879211425784e-07 119.74725744661764
4.2140483856201174e-07 119.57919689081299
4.2200088500976563e-07 119.41161108233014
4.2259693145751952e-07 119.24449801236514
4.2319297790527342e-07 119.07785568343134
4.2378902435302731e-07 118.91168210927965
4.243850708007812e-07 118.74597531481966
4.249811172485351e-07 118.58073333604148
4.2557716369628899e-07 118.41595421993803
4.2617321014404288e-07 118.25163602442817
4.2676925659179683e-07 118.08777681828035
4.2736530303955078e-07 117.92437468103695
4.2796134948730467e-07 117.76142770293941
4.2855739593505856e-07 117.59893398485357
4.2915344238281246e-07 117.43689163819599
4.2974948883056635e-07 117.27529878486092
4.3034553527832024e-07 117.11415355714759
4.3094158172607414e-07 116.95345409768824
4.3153762817382808e-07 116.79319855937678
4.3213367462158203e-07 116.63338510529823
4.3272972106933592e-07 116.47401190865821
4.3332576751708982e-07 116.31507715271349
4.3392181396484371e-07 116.15657903070296
4.3451786041259761e-07 115.99851574577916
4.351139068603515e-07 115.84088551094038
4.3570995330810539e-07 115.68368654896325
4.3630599975585934e-07 115.52691709233606
4.3690204620361329e-07 115.37057538319246
4.3749809265136718e-07 115.21465967324568
4.3809413909912107e-07 115.05916822372356
4.3869018554687497e-07 114.9040993053037
4.3928623199462886e-07 114.7494511980494
4.3988227844238275e-07 114.5952221913462
4.4047832489013665e-07 114.44141058383872
4.4107437133789059e-07 114.28801468336798
4.4167041778564454e-07 114.13503280690961
4.4226646423339843e-07 113.98246328051202
4.4286251068115233e-07 113.8303044392356
4.4345855712890622e-07 113.67855462709193
4.4405460357666011e-07 113.52721219698375
4.4465065002441401e-07 113.37627551064564
4.452466964721679e-07 113.22574293858447
4.4584274291992185e-07 113.07561286002102
4.4643878936767579e-07 112.92588366283186
4.4703483581542969e-07 112.77655374349152
4.4763088226318358e-07 112.62762150701518
4.4822692871093747e-07 112.47908536690207
4.4882297515869137e-07 112.33094374507905
4.4941902160644526e-07 112.18319507184471
4.5001506805419916e-07 112.03583778581391
4.506111145019531e-07 111.88887033386278
4.5120716094970705e-07 111.7422911710743
4.5180320739746094e-07 111.59609876068399
4.5239925384521484e-07 111.45029157402614
4.5299530029296873e-07 111.30486809048084
4.5359134674072262e-07 111.15982679742086
4.5418739318847652e-07 111.01516619015918
4.5478343963623041e-07 110.87088477189712
4.5537948608398436e-07 110.72698105367267
4.559755325317383e-07 110.58345355430922
4.565715789794922e-07 110.44030080036472
4.5716762542724609e-07 110.29752132608138
4.5776367187499998e-07 110.15511367333551
4.5835971832275388e-07 110.01307639158794
4.5895576477050777e-07 109.87140803783477
4.5955181121826166e-07 109.73010717655853
4.6014785766601561e-07 109.58917237967967
4.6074390411376956e-07 109.44860222650836
4.6133995056152345e-07 109.30839530369691
4.6193599700927734e-07 109.16855020519239
4.6253204345703124e-07 109.02906553218943
4.6312808990478513e-07 108.88993989308376
4.6372413635253902e-07 108.75117190342594
4.6432018280029292e-07 108.61276018587533
4.6491622924804686e-07 108.47470337015461
4.6551227569580081e-07 108.33700009300443
4.661083221435547e-07 108.19964899813887
4.667043685913086e-07 108.06264873620042
4.6730041503906249e-07 107.92599796471609
4.6789646148681639e-07 107.7896953480537
4.6849250793457028e-07 107.65373955737799
4.6908855438232417e-07 107.51812927060767
4.6968460083007812e-07 107.38286317237252
4.7028064727783207e-07 107.24793995397098
4.7087669372558596e-07 107.11335831332767
4.7147274017333985e-07 106.97911695495172
4.7206878662109375e-07 106.84521458989519
4.7266483306884764e-07 106.71164993571168
4.7326087951660153e-07 106.57842171641552
4.7385692596435543e-07 106.44552866244112
4.7445297241210937e-07 106.3129695106026
4.7504901885986332e-07 106.18074300405377
4.7564506530761721e-07 106.04884789224845
4.7624111175537111e-07 105.91728293090094
4.76837158203125e-07 105.78604688194706
4.7743320465087889e-07 105.65513851350519
4.7802925109863279e-07 105.52455659983774
4.7862529754638668e-07 105.39429992131294
4.7922134399414057e-07 105.26436726436683
4.7981739044189447e-07 105.13475742146551
4.8041343688964836e-07 105.00546919106796
4.8100948333740236e-07 104.8765013775886
4.8160552978515625e-07 104.7478527913607
4.8220157623291015e-07 104.61952224859959
4.8279762268066415e-07 104.49150857136657
4.8339366912841804e-07 104.36381058753265
4.8398971557617193e-07 104.2364271307429
4.8458576202392583e-07 104.10935704038094
4.8518180847167972e-07 103.98259916153363
4.8577785491943361e-07 103.85615234495614
4.8637390136718751e-07 103.73001544703718
4.869699478149414e-07 103.60418732976451
4.875659942626953e-07 103.47866686069084
4.8816204071044919e-07 103.35345291289964
4.8875808715820308e-07 103.2285443649716
4.8935413360595698e-07 103.10394010095104
4.8995018005371087e-07 102.97963901031281
4.9054622650146487e-07 102.85563998792907
4.9114227294921876e-07 102.73194193403683
4.9173831939697266e-07 102.60854375420517
4.9233436584472666e-07 102.48544435930312
4.9293041229248055e-07 102.3626426654676
4.9352645874023444e-07 102.24013759407157
4.9412250518798834e-07 102.1179280716924
4.9471855163574223e-07 101.99601303008065
4.9531459808349612e-07 101.87439140612889
4.9591064453125002e-07 101.7530621418407
4.9650669097900391e-07 101.63202418430016
4.971027374267578e-07 101.51127648564125
4.976987838745117e-07 101.39081800301769
4.9829483032226559e-07 101.27064769857293
4.9889087677001948e-07 101.1507645394102
4.9948692321777338e-07 101.03116749756316
5.0008296966552738e-07 100.91185554996628
5.0067901611328127e-07 100.79282767842585
5.0127506256103516e-07 100.67408286959086
5.0187110900878916e-07 100.55562011492435
5.0246715545654306e-07 100.43743841067487
5.0306320190429695e-07 100.31953675784803
5.0365924835205084e-07 100.20191416217841
5.0425529479980474e-07 100.08456963410164
5.0485134124755863e-07 99.967502188726598
5.0544738769531253e-07 99.850710845807853
5.0604343414306642e-07 99.734194629718374
5.0663948059082031e-07 99.617952569422286
5.0723552703857421e-07 99.501983698447958
5.078315734863281e-07 99.386287054861114
5.0842761993408199e-07 99.270861681238372
5.0902366638183589e-07 99.155706624640743
5.0961971282958989e-07 99.040820936587423
5.1021575927734378e-07 98.926203673029846
5.1081180572509767e-07 98.81185389432558
5.1140785217285167e-07 98.697770665212929
5.1200389862060557e-07 98.583953054785297
5.1259994506835946e-07 98.470400136465898
5.1319599151611335e-07 98.357110987982551
5.1379203796386725e-07 98.244084691342792
5.1438808441162114e-07 98.131320332809054
5.1498413085937503e-07 98.018817002873959
5.1558017730712893e-07 97.906573796236117
5.1617622375488282e-07 97.794589811775481
5.1677227020263671e-07 97.682864152529532
5.1736831665039061e-07 97.571395925669165
5.179643630981445e-07 97.460184242475009
5.185604095458984e-07 97.349228218313712
5.1915645599365239e-07 97.238526972614522
5.1975250244140629e-07 97.128079628846123
5.2034854888916018e-07 97.017885314493213
5.2094459533691418e-07 96.907943161033799
5.2154064178466807e-07 96.798252303916229
5.2213668823242197e-07 96.688811882536612
5.2273273468017586e-07 96.579621040216239
5.2332878112792976e-07 96.470678924179325
5.2392482757568365e-07 96.361984685530658
5.2452087402343754e-07 96.253537479233671
5.2511692047119144e-07 96.145336464088587
5.2571296691894533e-07 96.037380802710473
5.2630901336669922e-07 95.929669661507859
5.2690505981445312e-07 95.82220221066116
5.2750110626220701e-07 95.714977624101323
5.280971527099609e-07 95.607995079488845
5.286931991577149e-07 95.501253758192462
5.292892456054688e-07 95.394752845268656
5.2988529205322269e-07 95.288491529440492
5.3048133850097669e-07 95.18246900307733
5.3107738494873058e-07 95.076684462174256
5.3167343139648448e-07 94.971137106331753
5.3226947784423837e-07 94.865826138735486
5.3286552429199226e-07 94.760750766136297
5.3346157073974616e-07 94.655910198830327
5.3405761718750005e-07 94.55130365063907
5.3465366363525394e-07 94.446930338889956
5.3524971008300784e-07 94.342789484396619
5.3584575653076173e-07 94.238880311439658
5.3644180297851562e-07 94.135202047747271
5.3703784942626952e-07 94.031753924476192
5.3763389587402341e-07 93.928535176192625
5.3822994232177741e-07 93.825545040853427
5.3882598876953131e-07 93.72278275978735
5.394220352172852e-07 93.620247577676338
5.400180816650392e-07 93.517938742537083
5.4061412811279309e-07 93.415855505702652
5.4121017456054699e-07 93.313997121804249
5.4180622100830088e-07 93.212362848752903
5.4240226745605477e-07 93.110951947721674
5.4299831390380867e-07 93.009763683127645
5.4359436035156256e-07 92.908797322614078
5.4419040679931645e-07 92.80805213703286
5.4478645324707035e-07 92.707527400426869
5.4538249969482424e-07 92.607222390012595
5.4597854614257813e-07 92.507136386162784
5.4657459259033203e-07 92.407268672389165
5.4717063903808592e-07 92.30761853532556
5.4776668548583992e-07 92.208185264710579
5.4836273193359381e-07 92.108968153371109
5.4895877838134771e-07 92.009966497205241
5.4955482482910171e-07 91.911179595165748
5.501508712768556e-07 91.812606749243571
5.5074691772460949e-07 91.71424726445133
5.5134296417236339e-07 91.616100448806975
5.5193901062011728e-07 91.518165613317578
5.5253505706787117e-07 91.420442071963222
5.5313110351562507e-07 91.322929141680959
5.5372714996337896e-07 91.225626142348943
5.5432319641113285e-07 91.128532396770538
5.5491924285888675e-07 91.03164723065872
5.5551528930664064e-07 90.934969972620294
5.5611133575439454e-07 90.838499954140588
5.5670738220214843e-07 90.742236509567917
5.5730342864990243e-07 90.646178976098255
5.5789947509765632e-07 90.550326693760212
5.5849552154541022e-07 90.454679005399598
5.5909156799316421e-07 90.359235256664704
5.5968761444091811e-07 90.263994795991252
5.60283660888672e-07 90.168956974587516
5.608797073364259e-07 90.074121146419728
5.6147575378417979e-07 89.97948666819731
5.6207180023193368e-07 89.885052899358413
5.6266784667968758e-07 89.790819202055388
5.6326389312744147e-07 89.696784941140521
5.6385993957519536e-07 89.602949484151694
5.6445598602294926e-07 89.509312201298258
5.6505203247070315e-07 89.415872465446796
5.6564807891845704e-07 89.322629652107395
5.6624412536621094e-07 89.229583139419418
5.6684017181396494e-07 89.136732308137923
5.6743621826171883e-07 89.044076541619887
5.6803226470947272e-07 88.951615225810357
5.6862831115722672e-07 88.859347749229173
5.6922435760498062e-07 88.767273502957266
5.6982040405273451e-07 88.675391880623394
5.704164505004884e-07 88.583702278390746
5.710124969482423e-07 88.492204094943759
5.7160854339599619e-07 88.400896731474987
5.7220458984375008e-07 88.309779591671969
5.7280063629150398e-07 88.218852081704355
5.7339668273925787e-07 88.128113610210903
5.7399272918701177e-07 88.037563588286702
5.7458877563476566e-07 87.947201429470439
5.7518482208251955e-07 87.857026549731728
5.7578086853027345e-07 87.767038367458511
5.7637691497802745e-07 87.677236303444616
5.7697296142578134e-07 87.587619780877247
5.7756900787353523e-07 87.498188225324668
5.7816505432128923e-07 87.408941064723948
5.7876110076904313e-07 87.31987772936877
5.7935714721679702e-07 87.230997651897255
5.7995319366455091e-07 87.142300267279936
5.8054924011230481e-07 87.053785012807865
5.811452865600587e-07 86.965451328080519
5.8174133300781259e-07 86.877298654994235
5.8233737945556649e-07 86.789326437730253
5.8293342590332038e-07 86.70153412274307
5.8352947235107427e-07 86.613921158748937
5.8412551879882817e-07 86.526486996714169
5.8472156524658206e-07 86.43923108984383
5.8531761169433595e-07 86.35215289357015
5.8591365814208995e-07 86.265251865541373
5.8650970458984385e-07 86.178527465610458
5.8710575103759774e-07 86.091979155823751
5.8770179748535174e-07 86.005606400410045
5.8829784393310563e-07 85.919408665769424
5.8889389038085953e-07 85.833385420462292
5.8948993682861342e-07 85.747536135198473
5.9008598327636731e-07 85.661860282826282
5.9068202972412121e-07 85.576357338321856
5.912780761718751e-07 85.49102677877832
5.91874122619629e-07 85.40586808339522
5.9247016906738289e-07 85.320880733467831
5.9366226196289068e-07 85.151418005577057
5.9485435485839846e-07 84.982634486985262
5.9604644775390636e-07 84.814526102436631
5.9723854064941425e-07 84.647088809212391
5.9843063354492204e-07 84.480318596806597
5.9962272644042982e-07 84.314211486606041
6.0081481933593761e-07 84.148763531573735
6.020069122314454e-07 83.983970815936416
6.0319900512695318e-07 83.819829454875546
6.0439109802246097e-07 83.656335594222057
6.0558319091796876e-07 83.493485410154605
6.0677528381347655e-07 83.331275108901607
6.0796737670898433e-07 83.169700926446481
6.0915946960449212e-07 83.008759128236605
6.1035156250000001e-07 82.848446008895507
6.1154365539550791e-07 82.688757891938579
6.1273574829101569e-07 82.529691129492051
6.1392784118652348e-07 82.371242102015046
6.1511993408203127e-07 82.213407218025168
6.1631202697753905e-07 82.056182913827186
6.1750411987304684e-07 81.899565653244622
6.1869621276855463e-07 81.743551927354872
6.1988830566406242e-07 81.588138254227047
6.210803985595702e-07 81.433321178662851
6.2227249145507799e-07 81.279097271940714
6.2346458435058578e-07 81.125463131562455
6.2465667724609367e-07 80.972415381003202
6.2584877014160156e-07 80.819950669464006
6.2704086303710935e-07 80.668065671627289
6.2823295593261714e-07 80.516757087414987
6.2942504882812492e-07 80.366021641749725
6.3061714172363271e-07 80.215856084318375
6.318092346191405e-07 80.066257189338501
6.3300132751464829e-07 79.917221755327304
6.3419342041015618e-07 79.768746604873286
6.3538551330566407e-07 79.620828584410475
6.3657760620117186e-07 79.473464563995165
6.3776969909667965e-07 79.326651437084948
6.3896179199218743e-07 79.180386120320676
6.4015388488769522e-07 79.034665553310489
6.4134597778320301e-07 78.889486698416334
6.4253807067871079e-07 78.744846540542952
6.4373016357421869e-07 78.600742086929131
6.4492225646972658e-07 78.457170366941241
6.4611434936523437e-07 78.314128431869207
6.4730644226074215e-07 78.171613354724528
6.4849853515624994e-07 78.029622230040701
6.4969062805175773e-07 77.888152173675721
6.5088272094726551e-07 77.747200322616862
6.520748138427733e-07 77.606763834787472
6.5326690673828119e-07 77.466839888856015
6.5445899963378909e-07 77.3274256840471
6.5565109252929688e-07 77.18851843995462
6.5684318542480466e-07 77.050115396356858
6.5803527832031245e-07 76.912213813033745
6.5922737121582024e-07 76.774810969585957
6.6041946411132802e-07 76.63790416525606
6.6161155700683581e-07 76.501490718751484
6.628036499023437e-07 76.365567968069627
6.639957427978516e-07 76.230133270324501
6.6518783569335938e-07 76.095184001575646
6.6637992858886717e-07 75.960717556658452
6.6757202148437496e-07 75.826731349016683
6.6876411437988274e-07 75.693222810536611
6.6995620727539053e-07 75.560189391382792
6.7114830017089832e-07 75.427628559835938
6.7234039306640621e-07 75.295537802132159
6.735324859619141e-07 75.163914622304176
6.7472457885742189e-07 75.032756542024018
6.7591667175292968e-07 74.902061100447511
6.7710876464843747e-07 74.771825854060381
6.7830085754394525e-07 74.642048376525949
6.7949295043945304e-07 74.512726258534457
6.8068504333496083e-07 74.383857107653981
6.8187713623046872e-07 74.255438548182894
6.8306922912597661e-07 74.127468221003866
6.842613220214844e-07 73.999943783439406
6.8545341491699219e-07 73.87286290910896
6.8664550781249997e-07 73.746223287787302
6.8783760070800776e-07 73.620022625264696
6.8902969360351555e-07 73.494258643208283
6.9022178649902334e-07 73.368929079024966
6.9141387939453123e-07 73.244031685725716
6.9260597229003912e-07 73.119564231791387
6.9379806518554691e-07 72.995524501039682
6.949901580810547e-07 72.871910292493652
6.9618225097656248e-07 72.748719420251547
6.9737434387207027e-07 72.625949713358011
6.9856643676757806e-07 72.503599015676386
6.9975852966308584e-07 72.381665185762699
7.0095062255859374e-07 72.260146096740556
7.0214271545410163e-07 72.139039636177586
7.0333480834960942e-07 72.018343705963005
7.045269012451172e-07 71.898056222186398
7.0571899414062499e-07 71.778175115017817
7.0691108703613278e-07 71.658698328589139
7.0810317993164057e-07 71.539623820876386
7.0929527282714835e-07 71.420949563583505
7.1048736572265625e-07 71.302673542027208
7.1167945861816414e-07 71.184793755022866
7.1287155151367193e-07 71.067308214771742
7.1406364440917971e-07 70.950214946749185
7.152557373046875e-07 70.833511989594058
7.1644783020019529e-07 70.717197394999218
7.1763992309570307e-07 70.601269227602998
7.1883201599121086e-07 70.485725564882117
7.2002410888671875e-07 70.370564497045081
7.2121620178222665e-07 70.255784126927153
7.2240829467773443e-07 70.141382569886247
7.2360038757324222e-07 70.027357953699507
7.2479248046875001e-07 69.913708418461454
7.259845733642578e-07 69.800432116482625
7.2717666625976558e-07 69.687527212189664
7.2836875915527337e-07 69.574991882025984
7.2956085205078126e-07 69.462824314353696
7.3075294494628916e-07 69.351022709356371
7.3194503784179694e-07 69.239585278942769
7.3313713073730473e-07 69.128510246651516
7.3432922363281252e-07 69.017795847556684
7.355213165283203e-07 68.907440328174317
7.3671340942382809e-07 68.797441946369915
7.3790550231933588e-07 68.687798971266645
7.3909759521484377e-07 68.578509683154721
7.4028968811035166e-07 68.469572373401277
7.4148178100585945e-07 68.360985344361552
7.4267387390136724e-07 68.252746909290508
7.4386596679687503e-07 68.144855392255607
7.4505805969238281e-07 68.037309128050268
7.462501525878906e-07 67.930106462108199
7.4744224548339839e-07 67.823245750418636
7.4863433837890628e-07 67.71672535944208
7.4982643127441417e-07 67.610543666027311
7.5101852416992196e-07 67.504699057328807
7.5221061706542975e-07 67.399189930725072
7.5340270996093753e-07 67.294014693737836
7.5459480285644532e-07 67.189171763951833
7.5578689575195311e-07 67.084659568935535
7.569789886474609e-07 66.980476546162436
7.5817108154296879e-07 66.876621142933274
7.5936317443847668e-07 66.773091816298887
7.6055526733398447e-07 66.669887032983752
7.6174736022949226e-07 66.567005269310314
7.6293945312500004e-07 66.464445011124013
7.6413154602050783e-07 66.362204753718942
7.6532363891601562e-07 66.260283001764378
7.665157318115234e-07 66.158678269231771
7.677078247070313e-07 66.057389079322562
7.6889991760253919e-07 65.956413964396646
7.7009201049804698e-07 65.855751465901491
7.7128410339355476e-07 65.755400134301851
7.7247619628906255e-07 65.655358529010272
7.7366828918457034e-07 65.555625218318042
7.7486038208007812e-07 65.456198779327053
7.7605247497558591e-07 65.357077797881956
7.7724456787109381e-07 65.258260868503285
7.784366607666017e-07 65.159746594320865
7.7962875366210949e-07 65.061533587008157
7.8082084655761727e-07 64.963620466716847
7.8201293945312506e-07 64.866005862012457
7.8320503234863285e-07 64.768688409810053
7.8439712524414063e-07 64.671666755311037
7.8558921813964842e-07 64.574939551940091
7.8678131103515631e-07 64.478505461282992
7.8797340393066421e-07 64.382363153024883
7.8916549682617199e-07 64.286511304889018
7.9035758972167978e-07 64.190948602576213
7.9154968261718757e-07 64.095673739704708
7.9274177551269535e-07 64.000685417750745
7.9393386840820314e-07 63.90598234598945
7.9512596130371093e-07 63.811563241436446
7.9631805419921882e-07 63.71742682878989
7.9751014709472671e-07 63.623571840373096
7.987022399902345e-07 63.529997016077566
7.9989433288574229e-07 63.436701103306596
8.0108642578125008e-07 63.343682856919528
8.0227851867675786e-07 63.250941039176098
8.0347061157226565e-07 63.158474419681774
8.0466270446777344e-07 63.066281775333238
8.0585479736328133e-07 62.974361890264426
8.0704689025878922e-07 62.882713555793188
8.0823898315429701e-07 62.79133557036819
8.094310760498048e-07 62.700226739516467
8.1062316894531258e-07 62.609385875791382
8.1181526184082037e-07 62.518811798721018
8.1300735473632816e-07 62.428503334757032
8.1419944763183595e-07 62.338459317224007
8.1539154052734384e-07 62.248678586269143
8.1658363342285173e-07 62.159159988812561
8.1777572631835952e-07 62.069902378497858
8.1896781921386731e-07 61.980904615643183
8.2015991210937509e-07 61.892165567192734
8.2135200500488288e-07 61.803684106668733
8.2254409790039067e-07 61.715459114123654
8.2373619079589845e-07 61.627489476093047
8.2492828369140635e-07 61.539774085548665
8.2612037658691424e-07 61.45231184185203
8.2731246948242203e-07 61.365101650708461
8.2850456237792981e-07 61.278142424121263
8.296966552734376e-07 61.191433080346691
8.3088874816894539e-07 61.104972543848973
8.3208084106445318e-07 61.018759745255835
8.3327293395996096e-07 60.932793621314481
8.3446502685546875e-07 60.847073114847845
8.3565711975097654e-07 60.76159717471122
8.3684921264648432e-07 60.676364755749354
8.3804130554199211e-07 60.591374818753835
8.392333984375e-07 60.506626330420801
8.404254913330079e-07 60.42211826330913
8.4161758422851568e-07 60.337849595798964
8.4280967712402347e-07 60.253819312050354
8.4400177001953126e-07 60.170026401962623
8.4519386291503905e-07 60.086469861133835
8.4638595581054683e-07 60.003148690820638
8.4757804870605462e-07 59.920061897898499
8.4877014160156241e-07 59.837208494822207
8.4996223449707019e-07 59.754587499586812
8.5115432739257798e-07 59.672197935688793
8.5234642028808577e-07 59.590038832087565
8.5353851318359366e-07 59.508109223167359
8.5473060607910155e-07 59.42640814869938
8.5592269897460934e-07 59.344934653804316
8.5711479187011713e-07 59.263687788915099
8.5830688476562492e-07 59.182666609740011
8.594989776611327e-07 59.101870177226189
8.6069107055664049e-07 59.021297557523205
8.6188316345214828e-07 58.94094782194724
8.6307525634765617e-07 58.860820046945236
8.6426734924316406e-07 58.78091331405966
8.6545944213867185e-07 58.701226709893362
8.6665153503417964e-07 58.621759326074709
8.6784362792968742e-07 58.54251025922315
8.6903572082519521e-07 58.463478610914947
8.70227813720703e-07 58.384663487649256
8.7141990661621079e-07 58.306064000814402
8.7261199951171868e-07 58.227679266654512
8.7380409240722657e-07 58.149508406236414
8.7499618530273436e-07 58.071550545416748
8.7618827819824215e-07 57.993804814809394
8.7738037109374993e-07 57.916270349753155
8.7857246398925772e-07 57.838946290279722
8.7976455688476551e-07 57.761831781081824
8.8095664978027329e-07 57.684925971481789
8.8214874267578119e-07 57.608228015400123
8.8334083557128908e-07 57.531737071324642
8.8453292846679687e-07 57.455452302279561
8.8572502136230465e-07 57.379372875795063
8.8691711425781244e-07 57.303497963876929
8.8810920715332023e-07 57.227826742976568
8.8930130004882801e-07 57.152358393961194
8.904933929443358e-07 57.077092102084322
8.9168548583984369e-07 57.002027056956308
8.9287757873535159e-07 56.927162452515439
8.9406967163085938e-07 56.852497486998963
8.9526176452636716e-07 56.778031362914518
8.9645385742187495e-07 56.703763287011668
8.9764595031738274e-07 56.629692470253879
8.9883804321289052e-07 56.55581812779041
9.0003013610839831e-07 56.482139478928701
9.012222290039062e-07 56.408655747106856
9.024143218994141e-07 56.335366159866325
9.0360641479492188e-07 56.262269948824866
9.0479850769042967e-07 56.189366349649674
9.0599060058593746e-07 56.116654602030728
9.0718269348144524e-07 56.044133949654444
9.0837478637695303e-07 55.971803640177313
9.0956687927246082e-07 55.899662925199983
9.1075897216796871e-07 55.827711060241469
9.119510650634766e-07 55.755947304713452
9.1314315795898439e-07 55.684370921894917
9.1433525085449218e-07 55.612981178906956
9.1552734374999997e-07 55.541777346687731
9.1671943664550775e-07 55.470758699967654
9.1791152954101554e-07 55.399924517244791
9.1910362243652333e-07 55.329274080760378
9.2029571533203122e-07 55.258806676474642
9.2148780822753911e-07 55.188521594042705
9.226799011230469e-07 55.118418126790694
9.2387199401855469e-07 55.048495571692143
9.2506408691406247e-07 54.978753229344385
9.2625617980957026e-07 54.909190403945246
9.2744827270507805e-07 54.83980640327006
9.2864036560058584e-07 54.770600538648466
9.2983245849609373e-07 54.701572124941791
9.3102455139160162e-07 54.63272048052044
9.3221664428710941e-07 54.564044927241362
9.334087371826172e-07 54.495544790425832
9.3460083007812498e-07 54.427219398837408
9.3579292297363277e-07 54.359068084659917
9.3698501586914056e-07 54.291090183475767
9.3817710876464834e-07 54.223285034244313
9.3936920166015624e-07 54.155651979280456
9.4056129455566413e-07 54.088190364233398
9.4175338745117192e-07 54.02089953806545
9.429454803466797e-07 53.953778853031196
9.4413757324218749e-07 53.886827664656636
9.4532966613769528e-07 53.820045331718589
9.4652175903320307e-07 53.753431216224229
9.4771385192871085e-07 53.686984683390754
9.4890594482421875e-07 53.620705101625191
9.5009803771972664e-07 53.554591842504486
9.5129013061523443e-07 53.488644280755537
9.5248222351074221e-07 53.422861794235502
9.5367431640625e-07 53.35724376391228
9.5486640930175779e-07 53.291789573845065
9.5605850219726557e-07 53.226498611165042
9.5725059509277336e-07 53.161370266056352
9.5844268798828115e-07 53.096403931737001
9.5963478088378894e-07 53.031599004440075
9.6082687377929672e-07 52.966954883395005
9.6201896667480472e-07 52.902470970809027
9.6321105957031251e-07 52.838146671848797
9.644031524658203e-07 52.773981394621977
9.6559524536132829e-07 52.709974550159167
9.6678733825683608e-07 52.646125552395922
9.6797943115234387e-07 52.582433818154769
9.6917152404785166e-07 52.518898767127496
9.7036361694335944e-07 52.455519821857557
9.7155570983886723e-07 52.392296407722526
9.7274780273437502e-07 52.329227952916746
9.739398956298828e-07 52.266313888434141
9.7513198852539059e-07 52.203553648051027
9.7632408142089838e-07 52.140946668309141
9.7751617431640617e-07 52.078492388498823
9.7870826721191395e-07 52.016190250642268
9.7990036010742174e-07 51.954039699476859
9.8109245300292974e-07 51.892040182438713
9.8228454589843753e-07 51.830191149646303
9.8347663879394531e-07 51.768492053884195
9.8466873168945331e-07 51.706942350586885
9.858608245849611e-07 51.645541497822855
9.8705291748046889e-07 51.584288956278542
9.8824501037597667e-07 51.52318418924267
9.8943710327148446e-07 51.462226662590517
9.9062919616699225e-07 51.401415844768351
9.9182128906250003e-07 51.340751206777966
9.9301338195800782e-07 51.280232222161416
9.9420547485351561e-07 51.219858366985676
9.953975677490234e-07 51.159629119827613
9.9658966064453118e-07 51.099543961758947
9.9778175354003897e-07 51.03960237633131
9.9897384643554676e-07 50.979803849561506
1.0001659393310548e-06 50.920147869916775
1.0013580322265625e-06 50.860633928300267
1.0025501251220703e-06 50.801261518036505
1.0037422180175783e-06 50.742030134856968
1.0049343109130861e-06 50.682939276885946
1.0061264038085939e-06 50.623988444626235
1.0073184967041017e-06 50.565177140945146
1.0085105895996095e-06 50.506504871060478
1.0097026824951173e-06 50.447971142526676
1.0108947753906251e-06 50.389575465221014
1.0120868682861328e-06 50.33131735133
1.0132789611816406e-06 50.273196315335682
1.0144710540771484e-06 50.215211874002222
1.0156631469726562e-06 50.157363546362518
1.016855239868164e-06 50.099650853704873
1.0180473327636718e-06 50.042073319559776
1.0192394256591798e-06 49.984630469686842
1.0204315185546876e-06 49.927321832061764
1.0216236114501953e-06 49.87014693686335
1.0228157043457033e-06 49.813105316460735
1.0240077972412111e-06 49.756196505400645
1.0251998901367189e-06 49.699420040394671
1.0263919830322267e-06 49.642775460306709
1.0275840759277345e-06 49.586262306140547
1.0287761688232423e-06 49.529880121027396
1.0299682617187501e-06 49.473628450213589
1.0311603546142579e-06 49.417506841048372
1.0323524475097656e-06 49.361514842971772
1.0335445404052734e-06 49.305652007502516
1.0347366333007812e-06 49.249917888226058
1.035928726196289e-06 49.194312040782684
1.0371208190917968e-06 49.138834022855761
1.0383129119873048e-06 49.083483394159899
1.0395050048828126e-06 49.028259716429417
1.0406970977783204e-06 48.973162553406681
1.0418891906738284e-06 48.918191470830692
1.0430812835693361e-06 48.863346036425625
1.0442733764648439e-06 48.808625819889542
1.0454654693603517e-06 48.754030392883081
1.0466575622558595e-06 48.699559329018335
1.0478496551513673e-06 48.64521220384772
1.0490417480468751e-06 48.590988594852959
1.0502338409423829e-06 48.536888081434128
1.0514259338378907e-06 48.482910244898797
1.0526180267333984e-06 48.429054668451215
1.0538101196289062e-06 48.375320937181577
1.055002212524414e-06 48.321708638055391
1.0561943054199218e-06 48.268217359902863
1.0573863983154298e-06 48.214846693408397
1.0585784912109376e-06 48.161596231100212
1.0597705841064454e-06 48.108465567339856
1.0609626770019534e-06 48.055454298311993
1.0621547698974612e-06 48.002562022014189
1.063346862792969e-06 47.949788338246655
1.0645389556884767e-06 47.89713284860224
1.0657310485839845e-06 47.844595156456371
1.0669231414794923e-06 47.792174866957104
1.0681152343750001e-06 47.739871587015202
1.0693073272705079e-06 47.687684925294363
1.0704994201660157e-06 47.63561449220142
1.0716915130615235e-06 47.583659899876658
1.0728836059570312e-06 47.531820762184196
1.074075698852539e-06 47.480096694702382
1.0752677917480468e-06 47.428487314714324
1.0764598846435548e-06 47.376992241198437
1.0776519775390626e-06 47.325611094819124
1.0788440704345704e-06 47.27434349791735
1.0800361633300784e-06 47.223189074501441
1.0812282562255862e-06 47.172147450237951
1.082420349121094e-06 47.121218252442475
1.0836124420166018e-06 47.070401110070527
1.0848045349121095e-06 47.019695653708645
1.0859966278076173e-06 46.969101515565335
1.0871887207031251e-06 46.918618329462284
1.0883808135986329e-06 46.868245730825393
1.0895729064941407e-06 46.817983356676137
1.0907649993896485e-06 46.767830845622711
1.0919570922851563e-06 46.717787837851525
1.0931491851806641e-06 46.667853975118454
1.0943412780761718e-06 46.61802890074037
1.0955333709716798e-06 46.568312259586605
1.0967254638671876e-06 46.518703698070588
1.0979175567626954e-06 46.469202864141387
1.0991096496582034e-06 46.419809407275366
1.1003017425537112e-06 46.370522978467996
1.101493835449219e-06 46.321343230225608
1.1026859283447268e-06 46.272269816557149
1.1038780212402346e-06 46.223302392966183
1.1050701141357423e-06 46.174440616442723
1.1062622070312501e-06 46.125684145455324
1.1074542999267579e-06 46.077032639943042
1.1086463928222657e-06 46.028485761307572
1.1098384857177735e-06 45.980043172405381
1.1110305786132813e-06 45.931704537539893
1.1122226715087891e-06 45.883469522453765
1.1134147644042969e-06 45.835337794321163
1.1146068572998049e-06 45.787309021740057
1.1157989501953126e-06 45.739382874724747
1.1169910430908204e-06 45.691559024698172
1.1181831359863284e-06 45.643837144484458
1.1193752288818362e-06 45.596216908301464
1.120567321777344e-06 45.548697991753322
1.1217594146728518e-06 45.501280071823153
1.1229515075683596e-06 45.45396282686567
1.1241436004638674e-06 45.406745936599947
1.1253356933593752e-06 45.35962908210216
1.1265277862548829e-06 45.312611945798466
1.1277198791503907e-06 45.265694211457784
1.1289119720458985e-06 45.218875564184785
1.1301040649414063e-06 45.172155690412779
1.1312961578369141e-06 45.125534277896797
1.1324882507324219e-06 45.079011015706548
1.1336803436279299e-06 45.03258559421954
1.1348724365234377e-06 44.986257705114241
1.1360645294189454e-06 44.940027041363209
1.1372566223144534e-06 44.893893297226334
1.1384487152099612e-06 44.847856168244121
1.139640808105469e-06 44.80191535123091
1.1408329010009768e-06 44.756070544268304
1.1420249938964846e-06 44.710321446698543
1.1432170867919924e-06 44.664667759117883
1.1444091796875002e-06 44.619109183370114
1.145601272583008e-06 44.573645422540032
1.1467933654785157e-06 44.528276180947032
1.1479854583740235e-06 44.483001164138656
1.1491775512695313e-06 44.437820078884265
1.1503696441650391e-06 44.392732633168634
1.1515617370605469e-06 44.347738536185759
1.1527538299560549e-06 44.302837498332536
1.1539459228515627e-06 44.258029231202592
1.1551380157470705e-06 44.21331344758002
1.1563301086425785e-06 44.168689861433393
1.1575222015380863e-06 44.124158187909529
1.158714294433594e-06 44.079718143327511
1.1599063873291018e-06 44.035369445172577
1.1610984802246096e-06 43.99111181209026
1.1622905731201174e-06 43.946944963880327
1.1634826660156252e-06 43.902868621490924
1.164674758911133e-06 43.858882507012659
1.1658668518066408e-06 43.814986343672793
1.1670589447021485e-06 43.771179855829466
1.1682510375976563e-06 43.727462768965815
1.1694431304931641e-06 43.68383480968437
1.1706352233886719e-06 43.640295705701256
1.1718273162841799e-06 43.596845185840607
1.1730194091796877e-06 43.553482980028875
1.1742115020751955e-06 43.510208819289254
1.1754035949707035e-06 43.467022435736133
1.1765956878662113e-06 43.423923562569556
1.1777877807617191e-06 43.380911934069722
1.1789798736572268e-06 43.337987285591545
1.1801719665527346e-06 43.295149353559175
1.1825561523437502e-06 43.209732589842673
1.1849403381347658e-06 43.12465955549488
1.1873245239257814e-06 43.039928179856965
1.1897087097167969e-06 42.955536408868532
1.1920928955078127e-06 42.871482204901682
1.1944770812988285e-06 42.787763546597034
1.1968612670898441e-06 42.704378428701595
1.1992454528808596e-06 42.621324861908782
1.2016296386718752e-06 42.538600872700087
1.2040138244628908e-06 42.456204503188914
1.2063980102539064e-06 42.374133810965944
1.2087821960449219e-06 42.292386868946672
1.2111663818359375e-06 42.210961765220411
1.2135505676269531e-06 42.129856602901384
1.2159347534179687e-06 42.049069499981286
1.2183189392089842e-06 41.968598589183813
1.220703125e-06 41.888442017820729
1.2230873107910158e-06 41.808597947649758
1.2254714965820314e-06 41.729064554733959
1.227855682373047e-06 41.649840029302936
1.2302398681640625e-06 41.570922575615462
1.2326240539550781e-06 41.492310411823929
1.2350082397460937e-06 41.414001769840112
1.2373924255371093e-06 41.335994895202724
1.2397766113281248e-06 41.258288046946284
1.2421607971191404e-06 41.180879497471672
1.244544982910156e-06 41.103767532418068
1.2469291687011716e-06 41.026950450536418
1.2493133544921873e-06 40.950426563564257
1.2516975402832031e-06 40.874194196102138
1.2540817260742187e-06 40.798251685491252
1.2564659118652343e-06 40.722597381692587
1.2588500976562498e-06 40.647229647167435
1.2612342834472654e-06 40.57214685675924
1.263618469238281e-06 40.497347397576782
1.2660026550292966e-06 40.422829668878649
1.2683868408203124e-06 40.348592081959126
1.2707710266113281e-06 40.2746330600352
1.2731552124023437e-06 40.200951038135024
1.2755393981933593e-06 40.127544462987387
1.2779235839843749e-06 40.054411792912731
1.2803077697753904e-06 39.981551497715117
1.282691955566406e-06 39.908962058575533
1.2850761413574216e-06 39.836641967946328
1.2874603271484374e-06 39.76458972944689
1.2898445129394532e-06 39.692803857760424
1.2922286987304687e-06 39.621282878531886
1.2946128845214843e-06 39.550025328267033
1.2969970703124999e-06 39.479029754232606
1.2993812561035155e-06 39.408294714357588
1.301765441894531e-06 39.337818777135652
1.3041496276855466e-06 39.267600521528436
1.3065338134765624e-06 39.197638536870208
1.3089179992675782e-06 39.12793142277323
1.3113021850585938e-06 39.05847778903447
1.3136863708496093e-06 38.989276255543075
1.3160705566406249e-06 38.920325452189005
1.3184547424316405e-06 38.851624018772604
1.320838928222656e-06 38.783170604915135
1.3232231140136716e-06 38.714963869970347
1.3256072998046874e-06 38.647002482936898
1.3279914855957032e-06 38.579285122371829
1.3303756713867188e-06 38.511810476304881
1.3327598571777343e-06 38.44457724215377
1.3351440429687499e-06 38.377584126640386
1.3375282287597655e-06 38.310829845707829
1.3399124145507811e-06 38.24431312443842
1.3422966003417966e-06 38.17803269697248
1.3446807861328124e-06 38.111987306428084
1.3470649719238282e-06 38.046175704821593
1.3494491577148438e-06 37.980596652989
1.3518333435058594e-06 37.91524892050824
1.3542175292968749e-06 37.850131285622162
1.3566017150878905e-06 37.785242535162439
1.3589859008789061e-06 37.720581464474186
1.3613700866699217e-06 37.656146877341449
1.3637542724609374e-06 37.591937585913392
1.3661384582519532e-06 37.527952410631379
1.3685226440429688e-06 37.464190180156642
1.3709068298339844e-06 37.400649731298913
1.3732910156249999e-06 37.337329908945584
1.3756752014160155e-06 37.274229565991774
1.3780593872070311e-06 37.211347563271062
1.3804435729980467e-06 37.148682769486896
1.3828277587890625e-06 37.086234061144779
1.3852119445800782e-06 37.024000322485108
1.3875961303710938e-06 36.961980445416756
1.3899803161621094e-06 36.900173329451228
1.392364501953125e-06 36.838577881637683
1.3947486877441405e-06 36.777193016498401
1.3971328735351561e-06 36.716017655965111
1.3995170593261717e-06 36.655050729315761
1.4019012451171875e-06 36.594291173112197
1.4042854309082033e-06 36.533737931138219
1.4066696166992188e-06 36.47338995433843
1.4090538024902344e-06 36.413246200757627
1.41143798828125e-06 36.353305635480829
1.4138221740722656e-06 36.293567230573991
1.4162063598632811e-06 36.234029965025115
1.4185905456542967e-06 36.174692824686183
1.4209747314453125e-06 36.115554802215541
1.4233589172363283e-06 36.056614897020872
1.4257431030273439e-06 35.997872115202817
1.4281272888183594e-06 35.939325469499039
1.430511474609375e-06 35.88097397922899
1.4328956604003906e-06 35.822816670239071
1.4352798461914061e-06 35.764852574848469
1.4376640319824217e-06 35.707080731795536
1.4400482177734375e-06 35.649500186184511
1.4424324035644533e-06 35.592109989433077
1.4448165893554689e-06 35.534909199220124
1.4472007751464844e-06 35.477896879434262
1.4495849609375e-06 35.421072100122736
1.4519691467285156e-06 35.364433937440836
1.4543533325195312e-06 35.307981473601856
1.4567375183105467e-06 35.251713796827531
1.4591217041015625e-06 35.195630001298888
1.4615058898925783e-06 35.139729187107747
1.4638900756835939e-06 35.084010460208461
1.4662742614746095e-06 35.028472932370342
1.468658447265625e-06 34.973115721130426
1.4710426330566406e-06 34.917937949746772
1.4734268188476562e-06 34.862938747152079
1.4758110046386718e-06 34.808117247907958
1.4781951904296875e-06 34.753472592159504
1.4805793762207033e-06 34.699003925590297
1.4829635620117189e-06 34.644710399377942
1.4853477478027345e-06 34.590591170149956
1.4877319335937501e-06 34.536645399940006
1.4901161193847656e-06 34.482872256144852
1.4925003051757812e-06 34.429270911481346
1.4948844909667968e-06 34.375840543944065
1.4972686767578126e-06 34.322580336763316
1.4996528625488283e-06 34.26948947836344
1.5020370483398439e-06 34.216567162321716
1.5044212341308595e-06 34.163812587327364
1.5068054199218751e-06 34.111224957141268
1.5091896057128906e-06 34.058803480555774
1.5115737915039062e-06 34.00654737135514
1.5139579772949218e-06 33.954455848276112
1.5163421630859376e-06 33.902528134969053
1.5187263488769534e-06 33.850763459959381
1.5211105346679689e-06 33.799161056609343
1.5234947204589845e-06 33.747720163080139
1.5258789062500001e-06 33.69644002229451
1.5282630920410157e-06 33.645319881899503
1.5306472778320312e-06 33.594358994229736
1.5330314636230468e-06 33.543556616270948
1.5354156494140626e-06 33.492912009623872
1.5377998352050784e-06 33.442424440468436
1.540184020996094e-06 33.392093179528395
1.5425682067871095e-06 33.341917502036097
1.5449523925781251e-06 33.291896687697815
1.5473365783691407e-06 33.242030020659236
1.5497207641601562e-06 33.192316789471263
1.5521049499511718e-06 33.142756287056244
1.5544891357421876e-06 33.093347810674423
1.5568733215332034e-06 33.044090661890749
1.559257507324219e-06 32.994984146541917
1.5616416931152345e-06 32.946027574703805
1.5640258789062501e-06 32.897220260659125
1.5664100646972657e-06 32.848561522865459
1.5687942504882813e-06 32.800050683923466
1.5711784362792968e-06 32.751687070545522
1.5735626220703126e-06 32.703470013524502
1.5759468078613284e-06 32.655398847702983
1.578330993652344e-06 32.60747291194258
1.5807151794433596e-06 32.559691549093714
1.5830993652343751e-06 32.51205410596549
1.5854835510253907e-06 32.464559933296037
1.5878677368164063e-06 32.417208385722915
1.5902519226074219e-06 32.369998821753953
1.5926361083984376e-06 32.322930603738207
1.5950202941894534e-06 32.276003097837339
1.597404479980469e-06 32.229215673997103
1.5997886657714846e-06 32.182567705919162
1.6021728515625002e-06 32.136058571033161
1.6045570373535157e-06 32.089687650468981
1.6069412231445313e-06 32.043454329029352
1.6093254089355469e-06 31.997357995162616
1.6117095947265627e-06 31.951398040935747
1.6140937805175784e-06 31.905573862007664
1.616477966308594e-06 31.859884857602701
1.6188621520996096e-06 31.814330430484379
1.6212463378906252e-06 31.76890998692938
1.6236305236816407e-06 31.72362293670173
1.6260147094726563e-06 31.678468693027281
1.6283988952636719e-06 31.633446672568301
1.6307830810546877e-06 31.588556295398416
1.6331672668457035e-06 31.543796984977654
1.635551452636719e-06 31.499168168127845
1.6379356384277346e-06 31.454669275008044
1.6403198242187502e-06 31.410299739090366
1.6427040100097658e-06 31.366058997135905
1.6450881958007813e-06 31.321946489170909
1.6474723815917969e-06 31.277961658463141
1.6498565673828127e-06 31.234103951498497
1.6522407531738285e-06 31.190372817957719
1.6546249389648441e-06 31.146767710693478
1.6570091247558596e-06 31.103288085707419
1.6593933105468752e-06 31.059933402127687
1.6617774963378908e-06 31.016703122186364
1.6641616821289064e-06 30.973596711197345
1.6665458679199219e-06 30.930613637534211
1.6689300537109375e-06 30.887753372608433
1.6713142395019531e-06 30.845015390847667
1.6736984252929686e-06 30.802399169674281
1.6760826110839842e-06 30.759904189484065
1.678466796875e-06 30.717529933625098
1.6808509826660158e-06 30.67527588837682
1.6832351684570314e-06 30.633141542929273
1.6856193542480469e-06 30.591126389362522
1.6880035400390625e-06 30.549229922626203
1.6903877258300781e-06 30.507451640519363
1.6927719116210937e-06 30.465791043670308
1.6951560974121092e-06 30.424247635516785
1.6975402832031248e-06 30.382820922286186
1.6999244689941404e-06 30.341510412976049
1.702308654785156e-06 30.30031561933459
1.7046928405761715e-06 30.25923605584153
1.7070770263671873e-06 30.218271239688967
1.7094612121582031e-06 30.177420690762535
1.7118453979492187e-06 30.136683931622553
1.7142295837402343e-06 30.096060487485495
1.7166137695312498e-06 30.055549886205505
1.7189979553222654e-06 30.015151658256151
1.721382141113281e-06 29.974865336712213
1.7237663269042966e-06 29.934690457231785
1.7261505126953123e-06 29.894626558038333
1.7285346984863281e-06 29.854673179903106
1.7309188842773437e-06 29.814829866127504
1.7333030700683593e-06 29.775096162525738
1.7356872558593748e-06 29.735471617407516
1.7380714416503904e-06 29.695955781560972
1.740455627441406e-06 29.656548208235691
1.7428398132324216e-06 29.617248453125814
1.7452239990234374e-06 29.57805607435343
1.7476081848144531e-06 29.538970632451935
1.7499923706054687e-06 29.499991690349663
1.7523765563964843e-06 29.46111881335354
1.7547607421874999e-06 29.422351569132989
1.7571449279785154e-06 29.383689527703826
1.759529113769531e-06 29.345132261412445
1.7619132995605466e-06 29.306679344919981
1.7642974853515624e-06 29.268330355186713
1.7666816711425782e-06 29.23008487145653
1.7690658569335937e-06 29.191942475241554
1.7714500427246093e-06 29.153902750306866
1.7738342285156249e-06 29.115965282655363
1.7762184143066405e-06 29.078129660512737
1.778602600097656e-06 29.040395474312625
1.7809867858886716e-06 29.00276231668175
1.7833709716796874e-06 28.965229782425311
1.7857551574707032e-06 28.927797468512438
1.7881393432617188e-06 28.890464974061768
1.7905235290527343e-06 28.853231900327099
1.7929077148437499e-06 28.816097850683249
1.7952919006347655e-06 28.779062430611919
1.797676086425781e-06 28.742125247687749
1.8000602722167966e-06 28.70528591156447
1.8024444580078124e-06 28.668544033961112
1.8048286437988282e-06 28.631899228648415
1.8072128295898438e-06 28.595351111435253
1.8095970153808593e-06 28.558899300155229
1.8119812011718749e-06 28.52254341465332
1.8143653869628905e-06 28.486283076772747
1.8167495727539061e-06 28.450117910341749
1.8191337585449216e-06 28.414047541160663
1.8215179443359374e-06 28.378071596988974
1.8239021301269532e-06 28.34218970753254
1.8262863159179688e-06 28.306401504430838
1.8286705017089844e-06 28.270706621244432
1.8310546874999999e-06 28.235104693442384
1.8334388732910155e-06 28.199595358389924
1.8358230590820311e-06 28.164178255336061
1.8382072448730467e-06 28.128853025401433
1.8405914306640624e-06 28.093619311566137
1.8429756164550782e-06 28.058476758657747
1.8453598022460938e-06 28.023425013339317
1.8477439880371094e-06 27.988463724097617
1.8501281738281249e-06 27.953592541231302
1.8525123596191405e-06 27.918811116839318
1.8548965454101561e-06 27.884119104809301
1.8572807312011717e-06 27.849516160806076
1.8596649169921875e-06 27.815001942260324
1.8620491027832032e-06 27.78057610835722
1.8644332885742188e-06 27.74623832002526
1.8668174743652344e-06 27.711988239925073
1.86920166015625e-06 27.677825532438444
1.8715858459472655e-06 27.64374986365727
1.8739700317382811e-06 27.609760901372777
1.8763542175292967e-06 27.575858315064629
1.8787384033203125e-06 27.542041775890286
1.8811225891113283e-06 27.508310956674329
1.8835067749023438e-06 27.474665531897944
1.8858909606933594e-06 27.441105177688392
1.888275146484375e-06 27.407629571808698
1.8906593322753906e-06 27.374238393647257
1.8930435180664061e-06 27.340931324207659
1.8954277038574217e-06 27.307708046098497
1.8978118896484375e-06 27.274568243523309
1.9001960754394533e-06 27.241511602270535
1.9025802612304689e-06 27.20853780970365
1.9049644470214844e-06 27.175646554751214
1.9073486328125e-06 27.142837527897189
1.9097328186035156e-06 27.110110421171161
1.9121170043945311e-06 27.077464928138742
1.9145011901855467e-06 27.044900743891983
1.9168853759765623e-06 27.012417565039893
1.9192695617675779e-06 26.980015089699016
1.9216537475585934e-06 26.947693017484067
1.9240379333496094e-06 26.915451049498671
1.926422119140625e-06 26.883288888326142
1.9288063049316406e-06 26.851206238020318
1.9311904907226566e-06 26.819202804096502
1.9335746765136722e-06 26.787278293522469
1.9359588623046877e-06 26.755432414709478
1.9383430480957033e-06 26.723664877503435
1.9407272338867189e-06 26.691975393176055
1.9431114196777345e-06 26.660363674416132
1.94549560546875e-06 26.628829435320842
1.9478797912597656e-06 26.597372391387129
1.9502639770507812e-06 26.565992259503162
1.9526481628417968e-06 26.534688757939808
1.9550323486328123e-06 26.503461606342245
1.9574165344238279e-06 26.472310525721564
1.9598007202148435e-06 26.441235238446449
1.9621849060058595e-06 26.410235468234966
1.9645690917968751e-06 26.379310940146361
1.9669532775878906e-06 26.348461380572896
1.9693374633789066e-06 26.317686517231841
1.9717216491699222e-06 26.286986079157415
1.9741058349609378e-06 26.256359796692855
1.9764900207519533e-06 26.22580740148252
1.9788742065429689e-06 26.19532862646404
1.9812583923339845e-06 26.164923205860553
1.9836425781250001e-06 26.134590875172965
1.9860267639160156e-06 26.104331371172282
1.9884109497070312e-06 26.074144431892012
1.9907951354980468e-06 26.044029796620578
1.9931793212890624e-06 26.013987205893844
1.9955635070800779e-06 25.984016401487626
1.9979476928710935e-06 25.954117126410321
2.0003318786621095e-06 25.924289124895555
2.0027160644531251e-06 25.894532142394912
2.0051002502441407e-06 25.864845925570624
2.0074844360351567e-06 25.835230222288459
2.0098686218261722e-06 25.805684781610552
2.0122528076171878e-06 25.776209353788303
2.0146369934082034e-06 25.746803690255355
2.017021179199219e-06 25.717467543620629
2.0194053649902345e-06 25.688200667661327
2.0217895507812501e-06 25.6590028173161
2.0241737365722657e-06 25.629873748678197
2.0265579223632812e-06 25.600813218988641
2.0289421081542968e-06 25.571820986629522
2.0313262939453124e-06 25.542896811117274
2.033710479736328e-06 25.514040453096055
2.0360946655273435e-06 25.485251674331113
2.0384788513183595e-06 25.456530237702253
2.0408630371093751e-06 25.427875907197318
2.0432472229003907e-06 25.399288447905722
2.0456314086914067e-06 25.370767626012029
2.0480155944824223e-06 25.342313208789587
2.0503997802734378e-06 25.313924964594207
2.0527839660644534e-06 25.285602662857837
2.055168151855469e-06 25.257346074082367
2.0575523376464846e-06 25.229154969833399
2.0599365234375001e-06 25.201029122734102
2.0623207092285157e-06 25.172968306459108
2.0647048950195313e-06 25.144972295728422
2.0670890808105469e-06 25.117040866301405
2.0694732666015624e-06 25.089173794970787
2.071857452392578e-06 25.061370859556721
2.0742416381835936e-06 25.033631838900867
2.0766258239746096e-06 25.005956512860546
2.0790100097656252e-06 24.978344662302916
2.0813941955566407e-06 24.950796069099166
2.0837783813476567e-06 24.923310516118782
2.0861625671386723e-06 24.895887787223867
2.0885467529296879e-06 24.868527667263439
2.0909309387207034e-06 24.841229942067827
2.093315124511719e-06 24.813994398443068
2.0956993103027346e-06 24.786820824165378
2.0980834960937502e-06 24.759709007975612
2.1004676818847657e-06 24.732658739573811
2.1028518676757813e-06 24.705669809613767
2.1052360534667969e-06 24.678742009697594
2.1076202392578125e-06 24.651875132370396
2.110004425048828e-06 24.625068971114917
2.1123886108398436e-06 24.598323320346275
2.1147727966308596e-06 24.571637975406659
2.1171569824218752e-06 24.545012732560185
2.1195411682128908e-06 24.518447388987628
2.1219253540039068e-06 24.491941742781322
2.1243095397949223e-06 24.465495592940044
2.1266937255859379e-06 24.439108739363895
2.1290779113769535e-06 24.412780982849309
2.1314620971679691e-06 24.386512125084
2.1338462829589846e-06 24.360301968641984
2.1362304687500002e-06 24.334150316978658
2.1386146545410158e-06 24.30805697442586
2.1409988403320314e-06 24.282021746187016
2.1433830261230469e-06 24.256044438332264
2.1457672119140625e-06 24.230124857793651
2.1481513977050781e-06 24.204262812360366
2.1505355834960936e-06 24.178458110673962
2.1529197692871096e-06 24.152710562223653
2.1553039550781252e-06 24.127019977341618
2.1576881408691408e-06 24.101386167198353
2.1600723266601568e-06 24.075808943798027
2.1624565124511724e-06 24.05028811997391
2.1648406982421879e-06 24.024823509383801
2.1672248840332035e-06 23.999414926505452
2.1696090698242191e-06 23.974062186632136
2.1719932556152347e-06 23.948765105868119
2.1743774414062502e-06 23.923523501124222
2.1767616271972658e-06 23.898337190113406
2.1791458129882814e-06 23.873205991346403
2.181529998779297e-06 23.848129724127325
2.1839141845703125e-06 23.823108208549368
2.1862983703613281e-06 23.798141265490461
2.1886825561523437e-06 23.773228716609051
2.1910667419433597e-06 23.748370384339804
2.1934509277343753e-06 23.723566091889428
2.1958351135253908e-06 23.698815663232455
2.1982192993164068e-06 23.674118923107077
2.2006034851074224e-06 23.649475697011031
2.202987670898438e-06 23.624885811197466
2.2053718566894535e-06 23.600349092670875
2.2077560424804691e-06 23.575865369183024
2.2101402282714847e-06 23.551434469228933
2.2125244140625003e-06 23.527056222042869
2.2149085998535158e-06 23.502730457594364
2.2172927856445314e-06 23.478457006584264
2.219676971435547e-06 23.454235700440805
2.2220611572265626e-06 23.4300663713157
2.2244453430175781e-06 23.405948852080275
2.2268295288085937e-06 23.381882976321606
2.2292137145996097e-06 23.357868578338696
2.2315979003906253e-06 23.333905493138683
2.2339820861816409e-06 23.309993556433035
2.2363662719726569e-06 23.28613260463381
2.2387504577636724e-06 23.262322474849952
2.241134643554688e-06 23.238563004883527
2.2435188293457036e-06 23.214854033226089
2.2459030151367192e-06 23.191195399054983
2.2482872009277347e-06 23.167586942229764
2.2506713867187503e-06 23.144028503288514
2.2530555725097659e-06 23.120519923444313
2.2554397583007815e-06 23.097061044581608
2.257823944091797e-06 23.073651709252751
2.2602081298828126e-06 23.050291760674398
2.2625923156738282e-06 23.026981042724053
2.2649765014648438e-06 23.003719399936568
2.2673606872558597e-06 22.98050667750071
2.2697448730468753e-06 22.957342721255703
2.2721290588378909e-06 22.934227377687833
2.2745132446289069e-06 22.911160493927046
2.2768974304199225e-06 22.888141917743582
2.279281616210938e-06 22.865171497544623
2.2816658020019536e-06 22.842249082370973
2.2840499877929692e-06 22.819374521893739
2.2864341735839848e-06 22.796547666411055
2.2888183593750003e-06 22.773768366844816
2.2912025451660159e-06 22.751036474737422
2.2935867309570315e-06 22.728351842248578
2.2959709167480471e-06 22.705714322152037
2.2983551025390626e-06 22.683123767832491
2.3007392883300782e-06 22.660580033282326
2.3031234741210938e-06 22.638082973098541
2.3055076599121098e-06 22.615632442479583
2.3078918457031254e-06 22.593228297222257
2.3102760314941409e-06 22.570870393718629
2.3126602172851569e-06 22.548558588952964
2.3150444030761725e-06 22.52629274049869
2.3174285888671881e-06 22.504072706515327
2.3198127746582037e-06 22.481898345745517
2.3221969604492192e-06 22.459769517512015
2.3245811462402348e-06 22.437686081714698
2.3269653320312504e-06 22.41564789882765
2.3293495178222659e-06 22.393654829896175
2.3317337036132815e-06 22.371706736533902
2.3365020751953127e-06 22.327944925795723
2.3412704467773438e-06 22.284361370778761
2.3460388183593754e-06 22.240954984557881
2.350807189941407e-06 22.197724689026828
2.3555755615234381e-06 22.154669414808943
2.3603439331054693e-06 22.111788101168994
2.3651123046875004e-06 22.06907969592606
2.3698806762695316e-06 22.026543155367492
2.3746490478515627e-06 21.984177444163855
2.3794174194335939e-06 21.941981535284963
2.3841857910156254e-06 21.899954409916877
2.388954162597657e-06 21.858095057379874
2.3937225341796881e-06 21.816402475047489
2.3984909057617193e-06 21.774875668266414
2.4032592773437504e-06 21.733513650277402
2.4080276489257816e-06 21.692315442137151
2.4127960205078127e-06 21.651280072641004
2.4175643920898439e-06 21.610406578246707
2.422332763671875e-06 21.569694002998922
2.4271011352539062e-06 21.529141398454748
2.4318695068359373e-06 21.488747823610044
2.4366378784179685e-06 21.448512344826653
2.4414062500000001e-06 21.408434035760461
2.4461746215820316e-06 21.368511977290318
2.4509429931640628e-06 21.328745257447778
2.4557113647460939e-06 21.289132971347613
2.4604797363281251e-06 21.249674221119232
2.4652481079101562e-06 21.210368115838822
2.4700164794921874e-06 21.171213771462273
2.4747848510742185e-06 21.132210310758932
2.4795532226562497e-06 21.093356863246076
2.4843215942382808e-06 21.05465256512413
2.489089965820312e-06 21.016096559212691
2.4938583374023431e-06 20.97768799488723
2.4986267089843747e-06 20.939426028016523
2.5033950805664062e-06 20.901309820900828
2.5081634521484374e-06 20.863338542210755
2.5129318237304685e-06 20.825511366926786
2.5177001953124997e-06 20.787827476279585
2.5224685668945308e-06 20.750286057690861
2.527236938476562e-06 20.71288630471501
2.5320053100585931e-06 20.675627416981321
2.5367736816406247e-06 20.638508600136941
2.5415420532226563e-06 20.601529065790363
2.5463104248046874e-06 20.564688031455653
2.5510787963867186e-06 20.527984720497219
2.5558471679687497e-06 20.491418362075279
2.5606155395507809e-06 20.454988191091861
2.565383911132812e-06 20.418693448137454
2.5701522827148432e-06 20.382533379438243
2.5749206542968747e-06 20.346507236803912
2.5796890258789063e-06 20.310614277576079
2.5844573974609375e-06 20.274853764577202
2.5892257690429686e-06 20.239224966060174
2.5939941406249998e-06 20.203727155658353
2.5987625122070309e-06 20.16835961233625
2.6035308837890621e-06 20.133121620340685
2.6082992553710932e-06 20.098012469152483
2.6130676269531248e-06 20.063031453438771
2.6178359985351564e-06 20.028177873005689
2.6226043701171875e-06 19.993451032751715
2.6273727416992186e-06 19.958850242621423
2.6321411132812498e-06 19.924374817559801
2.6369094848632809e-06 19.890024077467011
2.6416778564453121e-06 19.855797347153693
2.6464462280273432e-06 19.821693956296713
2.6512145996093748e-06 19.787713239395401
2.6559829711914064e-06 19.753854535728287
2.6607513427734375e-06 19.720117189310237
2.6655197143554687e-06 19.686500548850109
2.6702880859374998e-06 19.653003967708841
2.675056457519531e-06 19.619626803857987
2.6798248291015621e-06 19.58636841983871
2.6845932006835933e-06 19.553228182721163
2.6893615722656248e-06 19.520205464064396
2.6941299438476564e-06 19.487299639876582
2.6988983154296876e-06 19.454510090575724
2.7036666870117187e-06 19.421836200950775
2.7084350585937499e-06 19.389277360123177
2.713203430175781e-06 19.356832961508747
2.7179718017578122e-06 19.324502402780062
2.7227401733398433e-06 19.292285085829135
2.7275085449218749e-06 19.260180416730552
2.7322769165039065e-06 19.228187805704987
2.7370452880859376e-06 19.196306667083068
2.7418136596679688e-06 19.164536419269648
2.7465820312499999e-06 19.132876484708429
2.751350402832031e-06 19.10132628984698
2.7561187744140622e-06 19.069885265102073
2.7608871459960933e-06 19.03855284482545
2.7656555175781249e-06 19.00732846726984
2.7704238891601565e-06 18.976211574555464
2.7751922607421876e-06 18.94520161263674
2.7799606323242188e-06 18.914298031269446
2.7847290039062499e-06 18.883500283978133
2.7894973754882811e-06 18.852807828023963
2.7942657470703122e-06 18.822220124372773
2.7990341186523434e-06 18.791736637663568
2.8038024902343749e-06 18.761356836177256
2.8085708618164065e-06 18.731080191805734
2.8133392333984377e-06 18.70090618002131
2.8181076049804688e-06 18.670834279846378
2.8228759765625e-06 18.640863973823464
2.8276443481445311e-06 18.610994747985515
2.8324127197265623e-06 18.581226091826554
2.8371810913085934e-06 18.551557498272572
2.841949462890625e-06 18.521988463652733
2.8467178344726566e-06 18.492518487670878
2.8514862060546877e-06 18.463147073377339
2.8562545776367189e-06 18.433873727140934
2.86102294921875e-06 18.404697958621394
2.8657913208007811e-06 18.375619280741919
2.8705596923828123e-06 18.346637209662113
2.8753280639648434e-06 18.317751264751134
2.880096435546875e-06 18.288960968561121
2.8848648071289066e-06 18.260265846800895
2.8896331787109377e-06 18.23166542830992
2.8944015502929689e-06 18.203159245032484
2.899169921875e-06 18.17474683199222
2.9039382934570312e-06 18.146427727266772
2.9087066650390623e-06 18.118201471962795
2.9134750366210935e-06 18.090067610191131
2.9182434082031251e-06 18.062025689042319
2.9230117797851566e-06 18.03407525856225
2.9277801513671878e-06 18.00621587172812
2.9325485229492189e-06 17.978447084424573
2.9373168945312501e-06 17.950768455420128
2.9420852661132812e-06 17.92317954634381
2.9468536376953124e-06 17.89567992166198
2.9516220092773435e-06 17.86826914865544
2.9563903808593751e-06 17.840946797396729
2.9611587524414067e-06 17.813712440727652
2.9659271240234378e-06 17.786565654236998
2.970695495605469e-06 17.759506016238518
2.9754638671875001e-06 17.732533107749074
2.9802322387695312e-06 17.705646512467027
2.9850006103515624e-06 17.678845816750798
2.9897689819335935e-06 17.652130609597691
2.9945373535156251e-06 17.62550048262284
2.9993057250976567e-06 17.598955030038439
3.0040740966796878e-06 17.572493848633112
3.008842468261719e-06 17.546116537751473
3.0136108398437501e-06 17.519822699273963
3.0183792114257813e-06 17.493611937596761
3.0231475830078124e-06 17.467483859611981
3.0279159545898436e-06 17.441438074688012
3.0326843261718752e-06 17.415474194650031
3.0374526977539067e-06 17.38959183376074
3.0422210693359379e-06 17.363790608701269
3.046989440917969e-06 17.338070138552212
3.0517578125000002e-06 17.312430044774949
3.0565261840820313e-06 17.286869951192994
3.0612945556640625e-06 17.261389483973669
3.0660629272460936e-06 17.23598827160983
3.0708312988281252e-06 17.210665944901852
3.0755996704101568e-06 17.185422136939692
3.0803680419921879e-06 17.160256483085231
3.0851364135742191e-06 17.135168620954648
3.0899047851562502e-06 17.110158190401073
3.0946731567382814e-06 17.085224833497342
3.0994415283203125e-06 17.060368194518922
3.1042098999023436e-06 17.035587919926982
3.1089782714843752e-06 17.010883658351645
3.1137466430664068e-06 16.986255060575374
3.1185150146484379e-06 16.961701779516538
3.1232833862304691e-06 16.937223470213052
3.1280517578125002e-06 16.912819789806292
3.1328201293945314e-06 16.888490397525032
3.1375885009765625e-06 16.864234954669612
3.1423568725585937e-06 16.840053124596224
3.1471252441406253e-06 16.815944572701301
3.1518936157226568e-06 16.791908966406126
3.156661987304688e-06 16.767945975141508
3.1614303588867191e-06 16.744055270332659
3.1661987304687503e-06 16.720236525384138
3.1709671020507814e-06 16.696489415665006
3.1757354736328126e-06 16.672813618494036
3.1805038452148437e-06 16.649208813125146
3.1852722167968753e-06 16.625674680732867
3.1900405883789069e-06 16.602210904398031
3.194808959960938e-06 16.578817169093512
3.1995773315429692e-06 16.555493161670146
3.2043457031250003e-06 16.532238570842743
3.2091140747070315e-06 16.509053087176255
3.2138824462890626e-06 16.485936403072049
3.2186508178710938e-06 16.462888212754287
3.2234191894531253e-06 16.439908212256459
3.2281875610351569e-06 16.416996099408028
3.232955932617188e-06 16.394151573821155
3.2377243041992192e-06 16.371374336877611
3.2424926757812503e-06 16.348664091715722
3.2472610473632815e-06 16.326020543217517
3.2520294189453126e-06 16.303443397995906
3.2567977905273438e-06 16.280932364382039
3.2615661621093754e-06 16.258487152412716
3.2663345336914069e-06 16.23610747381796
3.2711029052734381e-06 16.213793042008678
3.2758712768554692e-06 16.191543572064404
3.2806396484375004e-06 16.16935878072119
3.2854080200195315e-06 16.147238386359589
3.2901763916015627e-06 16.125182108992721
3.2949447631835938e-06 16.103189670254469
3.2997131347656254e-06 16.081260793387777
3.304481506347657e-06 16.059395203233027
3.3092498779296881e-06 16.03759262621654
3.3140182495117193e-06 16.015852790339149
3.3187866210937504e-06 15.994175425164922
3.3235549926757816e-06 15.972560261809907
3.3283233642578127e-06 15.951007032931038
3.3330917358398439e-06 15.929515472715117
3.337860107421875e-06 15.908085316867876
3.3426284790039061e-06 15.886716302603141
3.3473968505859373e-06 15.865408168632095
3.3521652221679684e-06 15.844160655152637
3.35693359375e-06 15.822973503838805
3.3617019653320316e-06 15.801846457830319
3.3664703369140627e-06 15.780779261722206
3.3712387084960939e-06 15.759771661554483
3.376007080078125e-06 15.738823404801984
3.3807754516601562e-06 15.717934240364224
3.3855438232421873e-06 15.69710391855536
3.3903121948242185e-06 15.676332191094264
3.3950805664062496e-06 15.65561881109463
3.3998489379882808e-06 15.634963533055226
3.4046173095703119e-06 15.614366112850163
3.4093856811523431e-06 15.593826307719302
3.4141540527343746e-06 15.573343876258699
3.4189224243164062e-06 15.552918578411152
3.4236907958984374e-06 15.532550175456837
3.4284591674804685e-06 15.512238430003984
3.4332275390624997e-06 15.491983105979667
3.4379959106445308e-06 15.471783968620667
3.442764282226562e-06 15.451640784464384
3.4475326538085931e-06 15.431553321339853
3.4523010253906247e-06 15.411521348358811
3.4570693969726562e-06 15.391544635906882
3.4618377685546874e-06 15.37162295563477
3.4666061401367185e-06 15.351756080449574
3.4713745117187497e-06 15.331943784506153
3.4761428833007808e-06 15.312185843198574
3.480911254882812e-06 15.292482033151625
3.4856796264648431e-06 15.272832132212383
3.4904479980468747e-06 15.253235919441888
3.4952163696289063e-06 15.23369317510684
3.4999847412109374e-06 15.214203680671405
3.5047531127929686e-06 15.194767218789048
3.5095214843749997e-06 15.175383573294472
3.5142898559570309e-06 15.156052529195598
3.519058227539062e-06 15.136773872665611
3.5238265991210932e-06 15.117547391035089
3.5285949707031247e-06 15.098372872784164
3.5333633422851563e-06 15.079250107534785
3.5381317138671875e-06 15.06017888604301
3.5429000854492186e-06 15.041159000191378
3.5476684570312498e-06 15.022190242981342
3.5524368286132809e-06 15.003272408525749
3.5572052001953121e-06 14.984405292041412
3.5619735717773432e-06 14.965588689841699
3.5667419433593748e-06 14.9468223993292
3.5715103149414064e-06 14.928106218988487
3.5762786865234375e-06 14.909439948378878
3.5810470581054686e-06 14.890823388127274
3.5858154296874998e-06 14.872256339921073
3.5905838012695309e-06 14.853738606501139
3.5953521728515621e-06 14.835269991654785
3.6001205444335932e-06 14.816850300208877
3.6048889160156248e-06 14.798479338022938
3.6096572875976564e-06 14.780156911982322
3.6144256591796875e-06 14.76188282999148
3.6191940307617187e-06 14.743656900967206
3.6239624023437498e-06 14.725478934831999
3.628730773925781e-06 14.707348742507454
3.6334991455078121e-06 14.689266135907701
3.6382675170898433e-06 14.671230927932903
3.6430358886718748e-06 14.653242932462806
3.6478042602539064e-06 14.635301964350337
3.6525726318359376e-06 14.617407839415238
3.6573410034179687e-06 14.599560374437788
3.6621093749999999e-06 14.58175938715252
3.666877746582031e-06 14.564004696242042
3.6716461181640622e-06 14.546296121330869
3.6764144897460933e-06 14.528633482979313
3.6811828613281249e-06 14.511016602677433
3.6859512329101565e-06 14.493445302838996
3.6907196044921876e-06 14.475919406795544
3.6954879760742188e-06 14.458438738790457
3.7002563476562499e-06 14.44100312397307
3.705024719238281e-06 14.423612388392844
3.7097930908203122e-06 14.406266358993605
3.7145614624023433e-06 14.388964863607764
3.7193298339843749e-06 14.371707730950662
3.7240982055664065e-06 14.354494790614886
3.7288665771484376e-06 14.337325873064682
3.7336349487304688e-06 14.320200809630368
3.7384033203124999e-06 14.303119432502829
3.7431716918945311e-06 14.286081574728028
3.7479400634765622e-06 14.269087070201563
3.7527084350585934e-06 14.252135753663277
3.7574768066406249e-06 14.235227460691888
3.7622451782226565e-06 14.218362027699699
3.7670135498046877e-06 14.201539291927293
3.7717819213867188e-06 14.184759091438311
3.77655029296875e-06 14.168021265114255
3.7813186645507811e-06 14.151325652649327
3.7860870361328123e-06 14.134672094545323
3.7908554077148434e-06 14.118060432106541
3.795623779296875e-06 14.101490507434743
3.8003921508789066e-06 14.08496216342416
3.8051605224609377e-06 14.068475243756517
3.8099288940429689e-06 14.052029592896105
3.814697265625e-06 14.035625056084896
3.8194656372070311e-06 14.019261479337688
3.8242340087890623e-06 14.002938709437286
3.8290023803710934e-06 13.986656593929718
3.8337707519531246e-06 13.970414981119486
3.8385391235351557e-06 13.954213720064857
3.8433074951171869e-06 13.938052660573199
3.8480758666992189e-06 13.921931653196317
3.85284423828125e-06 13.905850549225871
3.8576126098632812e-06 13.889809200688777
3.8623809814453132e-06 13.873807460342691
3.8671493530273443e-06 13.857845181671495
3.8719177246093755e-06 13.841922218880825
3.8766860961914066e-06 13.82603842689363
3.8814544677734378e-06 13.810193661345767
3.8862228393554689e-06 13.794387778581635
3.8909912109375001e-06 13.778620635649819
3.8957595825195312e-06 13.762892090298795
3.9005279541015624e-06 13.747202000972644
3.9052963256835935e-06 13.731550226806803
3.9100646972656247e-06 13.71593662762386
3.9148330688476558e-06 13.700361063929355
3.919601440429687e-06 13.684823396907639
3.924369812011719e-06 13.669323488417739
3.9291381835937501e-06 13.653861200989279
3.9339065551757812e-06 13.638436397818396
3.9386749267578132e-06 13.623048942763711
3.9434432983398444e-06 13.607698700342347
3.9482116699218755e-06 13.592385535725917
3.9529800415039067e-06 13.577109314736601
3.9577484130859378e-06 13.561869903843212
3.962516784667969e-06 13.546667170157324
3.9672851562500001e-06 13.531500981429383
3.9720535278320313e-06 13.516371206044903
3.9768218994140624e-06 13.501277713020627
3.9815902709960936e-06 13.486220372000771
3.9863586425781247e-06 13.471199053253265
3.9911270141601559e-06 13.456213627666019
3.995895385742187e-06 13.441263966743236
4.000663757324219e-06 13.426349942601721
4.0054321289062502e-06 13.411471427967262
4.0102005004882813e-06 13.396628296170991
4.0149688720703133e-06 13.381820421145779
4.0197372436523445e-06 13.367047677422697
4.0245056152343756e-06 13.352309940127448
4.0292739868164068e-06 13.337607084976854
4.0340423583984379e-06 13.322938988275366
4.0388107299804691e-06 13.308305526911596
4.0435791015625002e-06 13.293706578354866
4.0483474731445314e-06 13.279142020651797
4.0531158447265625e-06 13.264611732422903
4.0578842163085936e-06 13.250115592859228
4.0626525878906248e-06 13.235653481718995
4.0674209594726559e-06 13.221225279324274
4.0721893310546871e-06 13.206830866557693
4.0769577026367191e-06 13.192470124859154
4.0817260742187502e-06 13.17814293622258
4.0864944458007814e-06 13.16384918319268
4.0912628173828134e-06 13.14958874886173
4.0960311889648445e-06 13.135361516866407
4.1007995605468757e-06 13.121167371384619
4.1055679321289068e-06 13.107006197132337
4.110336303710938e-06 13.092877879360502
4.1151046752929691e-06 13.078782303851924
4.1198730468750003e-06 13.064719356918182
4.1246414184570314e-06 13.050688925396596
4.1294097900390626e-06 13.03669089664716
4.1341781616210937e-06 13.022725158549564
4.1389465332031249e-06 13.008791599500167
4.143714904785156e-06 12.994890108409047
4.1484832763671872e-06 12.981020574697039
4.1532516479492192e-06 12.967182888292799
4.1580200195312503e-06 12.953376939629903
4.1627883911132815e-06 12.939602619643948
4.1675567626953134e-06 12.925859819769677
4.1723251342773446e-06 12.912148431938146
4.1770935058593757e-06 12.898468348573857
4.1818618774414069e-06 12.884819462591976
4.186630249023438e-06 12.871201667395528
4.1913986206054692e-06 12.857614856872614
4.1961669921875003e-06 12.844058925393663
4.2009353637695315e-06 12.830533767808697
4.2057037353515626e-06 12.817039279444609
4.2104721069335938e-06 12.80357535610246
4.2152404785156249e-06 12.7901418940548
4.2200088500976561e-06 12.776738790043
4.2247772216796872e-06 12.763365941274621
4.2295455932617192e-06 12.750023245420756
4.2343139648437504e-06 12.736710600613465
4.2390823364257815e-06 12.723427905443135
4.2438507080078135e-06 12.710175058955928
4.2486190795898447e-06 12.696951960651234
4.2533874511718758e-06 12.683758510479114
4.258155822753907e-06 12.670594608837773
4.2629241943359381e-06 12.657460156571073
4.2676925659179693e-06 12.644355054966022
4.2724609375000004e-06 12.631279205750316
4.2772293090820316e-06 12.618232511089877
4.2819976806640627e-06 12.605214873586416
4.2867660522460939e-06 12.592226196274998
4.291534423828125e-06 12.579266382621658
4.2963027954101561e-06 12.566335336520984
4.3010711669921873e-06 12.553432962293749
4.3058395385742193e-06 12.540559164684561
4.3106079101562504e-06 12.527713848859515
4.3153762817382816e-06 12.514896920403856
4.3201446533203136e-06 12.502108285319663
4.3249130249023447e-06 12.489347850023581
4.3296813964843759e-06 12.476615521344502
4.334449768066407e-06 12.463911206521308
4.3392181396484382e-06 12.451234813200632
4.3439865112304693e-06 12.438586249434604
4.3487548828125005e-06 12.425965423678635
4.3535232543945316e-06 12.413372244789214
4.3582916259765628e-06 12.400806622021699
4.3630599975585939e-06 12.388268465028148
4.3678283691406251e-06 12.375757683855158
4.3725967407226562e-06 12.363274188941695
4.3773651123046874e-06 12.35081789111698
4.3821334838867194e-06 12.338388701598353
4.3869018554687505e-06 12.325986531989162
4.3916702270507817e-06 12.313611294276674
4.3964385986328137e-06 12.301262900829981
4.4012069702148448e-06 12.288941264397961
4.4059753417968759e-06 12.276646298107179
4.4107437133789071e-06 12.264377915459885
4.4155120849609382e-06 12.252136030331965
4.4202804565429694e-06 12.23992055697093
4.4250488281250005e-06 12.227731409993906
4.4298171997070317e-06 12.215568504385661
4.4345855712890628e-06 12.203431755496622
4.439353942871094e-06 12.191321079040906
4.4441223144531251e-06 12.179236391094369
4.4488906860351563e-06 12.167177608092674
4.4536590576171874e-06 12.155144646829356
4.4584274291992194e-06 12.143137424453922
4.4631958007812506e-06 12.131155858469937
4.4679641723632817e-06 12.119199866733137
4.4727325439453137e-06 12.107269367449549
4.4775009155273449e-06 12.095364279173644
4.482269287109376e-06 12.08348452080646
4.4870376586914072e-06 12.071630011593768
4.4918060302734383e-06 12.059800671124249
4.4965744018554695e-06 12.047996419327669
4.5013427734375006e-06 12.036217176473079
4.5061111450195318e-06 12.024462863167011
4.5108795166015629e-06 12.012733400351699
4.5156478881835941e-06 12.001028709303309
4.5204162597656252e-06 11.989348711630173
4.5251846313476564e-06 11.977693329271041
4.5299530029296875e-06 11.966062484493341
4.5347213745117195e-06 11.954456099891457
4.5394897460937506e-06 11.942874098385003
4.5442581176757818e-06 11.931316403217116
4.5490264892578138e-06 11.919782937952769
4.5537948608398449e-06 11.908273626477088
4.5585632324218761e-06 11.896788392993663
4.5633316040039072e-06 11.885327162022893
4.5680999755859384e-06 11.873889858400332
4.5728683471679695e-06 11.86247640727505
4.5776367187500007e-06 11.851086734107989
4.587173461914063e-06 11.828378425041992
4.5967102050781253e-06 11.80576434106608
4.6062469482421876e-06 11.783243896931239
4.6157836914062507e-06 11.76081651222524
4.6253204345703139e-06 11.738481611322742
4.6348571777343762e-06 11.716238623336078
4.6443939208984384e-06 11.694086982066583
4.6539306640625007e-06 11.67202612595657
4.663467407226563e-06 11.650055498041869
4.6730041503906253e-06 11.62817454590496
4.6825408935546876e-06 11.606382721628664
4.6920776367187508e-06 11.584679481750422
4.7016143798828139e-06 11.563064287217093
4.7111511230468762e-06 11.541536603340356
4.7206878662109385e-06 11.520095899752594
4.7302246093750008e-06 11.498741650363346
4.7397613525390631e-06 11.477473333316285
4.7492980957031254e-06 11.456290430946698
4.7588348388671877e-06 11.435192429739493
4.7683715820312508e-06 11.41417882028769
4.777908325195314e-06 11.393249097251443
4.7874450683593763e-06 11.372402759317508
4.7969818115234386e-06 11.35163930915923
4.8065185546875009e-06 11.330958253396997
4.8160552978515632e-06 11.310359102559145
4.8255920410156255e-06 11.289841371043355
4.8351287841796878e-06 11.269404577078493
4.8446655273437501e-06 11.249048242686897
4.8542022705078124e-06 11.228771893647112
4.8637390136718747e-06 11.208575059457067
4.873275756835937e-06 11.188457273297686
4.8828125000000001e-06 11.168418071996909
4.8923492431640632e-06 11.148456995994163
4.9018859863281255e-06 11.128573589305226
4.9114227294921878e-06 11.108767399487483
4.9209594726562501e-06 11.08903797760564
4.9304962158203124e-06 11.069384878197786
4.9400329589843747e-06 11.049807659241873
4.949569702148437e-06 11.030305882122565
4.9591064453124993e-06 11.010879111598507
4.9686431884765616e-06 10.991526915769914
4.9781799316406239e-06 10.972248866046577
4.9877166748046862e-06 10.953044537116238
4.9972534179687494e-06 10.93391350691328
5.0067901611328125e-06 10.914855356587834
5.0163269042968748e-06 10.895869670475207
5.0258636474609371e-06 10.876956036065641
5.0354003906249994e-06 10.858114043974462
5.0449371337890617e-06 10.839343287912529
5.054473876953124e-06 10.820643364657037
5.0640106201171863e-06 10.802013874022636
5.0735473632812494e-06 10.783454418832889
5.0830841064453126e-06 10.764964604892056
5.0926208496093749e-06 10.74654404095716
5.1021575927734372e-06 10.728192338710411
5.1116943359374995e-06 10.709909112731914
5.1212310791015618e-06 10.691693980472683
5.1307678222656241e-06 10.673546562227965
5.1403045654296863e-06 10.655466481110853
5.1498413085937495e-06 10.637453363026186
5.1593780517578126e-06 10.619506836644772
5.1689147949218749e-06 10.601626533377848
5.1784515380859372e-06 10.583812087351848
5.1879882812499995e-06 10.566063135383462
5.1975250244140618e-06 10.548379316954939
5.2070617675781241e-06 10.530760274189694
5.2165985107421864e-06 10.513205651828137
5.2261352539062496e-06 10.495715097203828
5.2356719970703127e-06 10.478288260219841
5.245208740234375e-06 10.460924793325418
5.2547454833984373e-06 10.443624351492842
5.2642822265624996e-06 10.426386592194605
5.2738189697265619e-06 10.409211175380792
5.2833557128906242e-06 10.39209776345672
5.2928924560546865e-06 10.375046021260824
5.3024291992187496e-06 10.358055616042769
5.3119659423828128e-06 10.341126217441817
5.3215026855468751e-06 10.324257497465407
5.3310394287109374e-06 10.307449130467957
5.3405761718749997e-06 10.290700793129947
5.350112915039062e-06 10.274012164437156
5.3596496582031243e-06 10.257382925660153
5.3691864013671866e-06 10.240812760334029
5.3787231445312497e-06 10.224301354238294
5.3882598876953128e-06 10.207848395377043
5.3977966308593751e-06 10.191453573959278
5.4073333740234374e-06 10.175116582379472
5.4168701171874997e-06 10.158837115198349
5.426406860351562e-06 10.14261486912382
5.4359436035156243e-06 10.126449542992164
5.4454803466796866e-06 10.110340837749398
5.4550170898437498e-06 10.094288456432807
5.4645538330078129e-06 10.078292104152732
5.4740905761718752e-06 10.062351488074487
5.4836273193359375e-06 10.046466317400496
5.4931640624999998e-06 10.030636303352615
5.5027008056640621e-06 10.014861159154623
5.5122375488281244e-06 9.999140600014913
5.5217742919921867e-06 9.9834743431093429
5.5313110351562498e-06 9.9678621075642937
5.540847778320313e-06 9.9523036144398649
5.5503845214843753e-06 9.9367985867132678
5.5599212646484376e-06 9.9213467492623906
5.5694580078124999e-06 9.9059478288495129
5.5789947509765622e-06 9.8906015541052099
5.5885314941406245e-06 9.8753076555124064
5.5980682373046868e-06 9.8600658653906024
5.6076049804687499e-06 9.8448759178802465
5.617141723632813e-06 9.8297375489272962
5.6266784667968753e-06 9.8146504962679018
5.6362152099609376e-06 9.7996144994132592
5.6457519531249999e-06 9.7846292996346271
5.6552886962890622e-06 9.7696946399484936
5.6648254394531245e-06 9.7548102651018525
5.6743621826171868e-06 9.7399759215577077
5.68389892578125e-06 9.725191357480643
5.6934356689453131e-06 9.7104563227225746
5.7029724121093754e-06 9.6957705688086726
5.7125091552734377e-06 9.6811338489233432
5.7220458984375e-06 9.6665459178964532
5.7315826416015623e-06 9.6520065321896027
5.7411193847656246e-06 9.6375154498825921
5.7506561279296869e-06 9.6230724306600024
5.76019287109375e-06 9.6086772357978987
5.7697296142578132e-06 9.594329628150696
5.7792663574218755e-06 9.580029372138128
5.7888031005859378e-06 9.5657762337323344
5.7983398437500001e-06 9.5515699804451337
5.8078765869140624e-06 9.537410381315345
5.8174133300781247e-06 9.5232972068962969
5.826950073242187e-06 9.5092302292434141
5.8364868164062501e-06 9.4952092219019679
5.8460235595703132e-06 9.4812339598948938
5.8555603027343755e-06 9.4673042197107975
5.8650970458984378e-06 9.4534197792919983
5.8746337890625001e-06 9.4395804180227589
5.8841705322265624e-06 9.4257859167175866
5.8937072753906247e-06 9.4120360576096669
5.903244018554687e-06 9.3983306243393976
5.9127807617187502e-06 9.3846694019430483
5.9223175048828133e-06 9.3710521768415234
5.9318542480468756e-06 9.3574787368292149
5.9413909912109379e-06 9.3439488710630005
5.9509277343750002e-06 9.3304623700513094
5.9604644775390625e-06 9.3170190256433241
5.9700012207031248e-06 9.3036186310182565
5.9795379638671871e-06 9.2902609806747556
5.9890747070312502e-06 9.2769458704203878
5.9986114501953134e-06 9.2636730973612504
6.0081481933593757e-06 9.250442459891655
6.017684936523438e-06 9.2372537576839147
6.0272216796875003e-06 9.2241067916782402
6.0367584228515626e-06 9.2110013640727271
6.0462951660156249e-06 9.1979372783134359
6.0558319091796872e-06 9.1849143390845516
6.0653686523437503e-06 9.1719323522986684
6.0749053955078134e-06 9.1589911250871392
6.0844421386718757e-06 9.1460904657905235
6.093978881835938e-06 9.1332301839491237
6.1035156250000003e-06 9.1204100902936265
6.1130523681640626e-06 9.1076299967357901
6.1225891113281249e-06 9.0948897163592726
6.1321258544921872e-06 9.0821890634105067
6.1416625976562504e-06 9.0695278532896744
6.1511993408203135e-06 9.0569059025417626
6.1607360839843758e-06 9.0443230288477015
6.1702728271484381e-06 9.0317790510155884
6.1798095703125004e-06 9.0192737889719865
6.1893463134765627e-06 9.0068070637533122
6.198883056640625e-06 8.9943786974973001
6.2084197998046873e-06 8.9819885134345334
6.2179565429687504e-06 8.9696363358800753
6.2274932861328136e-06 8.9573219902251573
6.2370300292968759e-06 8.9450453029289605
6.2465667724609382e-06 8.9328061015104456
6.2561035156250005e-06 8.9206042145403011
6.2656402587890628e-06 8.9084394716329136
6.2751770019531251e-06 8.8963117034384531
6.2847137451171874e-06 8.8842207416350156
6.2942504882812505e-06 8.8721664189208127
6.3037872314453137e-06 8.8601485690064905
6.3133239746093759e-06 8.8481670266074559
6.3228607177734382e-06 8.836221627436311
6.3323974609375005e-06 8.8243122081953373
6.3419342041015628e-06 8.8124386065690619
6.3514709472656251e-06 8.8006006612168797
6.3610076904296874e-06 8.7887982117657391
6.3705444335937506e-06 8.7770310988029117
6.3800811767578137e-06 8.7652991638688125
6.389617919921876e-06 8.7536022494498784
6.3991546630859383e-06 8.7419401989715215
6.4086914062500006e-06 8.7303128567911603
6.4182281494140629e-06 8.71872006819126
6.4277648925781252e-06 8.7071616793725042
6.4373016357421875e-06 8.6956375374469808
6.4468383789062506e-06 8.68414749043143
6.4563751220703138e-06 8.6726913872405831
6.4659118652343761e-06 8.6612690776805241
6.4754486083984384e-06 8.6498804124421298
6.4849853515625007e-06 8.6385252430945751
6.494522094726563e-06 8.6272034220788658
6.5040588378906253e-06 8.6159148027014627
6.5135955810546876e-06 8.6046592391279351
6.5231323242187507e-06 8.5934365863766864
6.5326690673828139e-06 8.5822467003127283
6.5422058105468762e-06 8.571089437641513
6.5517425537109384e-06 8.5599646559028102
6.5612792968750007e-06 8.5488722134646427
6.570816040039063e-06 8.5378119695172856
6.5803527832031253e-06 8.5267837840673018
6.5898895263671876e-06 8.5157875179316367
6.5994262695312508e-06 8.5048230327317551
6.6089630126953139e-06 8.4938901908878499
6.6184997558593762e-06 8.4829888556130832
6.6280364990234385e-06 8.472118890907872
6.6375732421875008e-06 8.4612801615542477
6.6471099853515631e-06 8.4504725331102364
6.6566467285156254e-06 8.4396958719043038
6.6661834716796877e-06 8.4289500450298505
6.67572021484375e-06 8.418234920339744
6.6852569580078123e-06 8.4075503664408995
6.6947937011718746e-06 8.3968962526889044
6.7043304443359369e-06 8.3862724491827088
6.7138671875e-06 8.3756788267593354
6.7234039306640632e-06 8.3651152569886378
6.7329406738281255e-06 8.3545816121681327
6.7424774169921878e-06 8.3440777653178344
6.7520141601562501e-06 8.3336035901751497
6.7615509033203124e-06 8.3231589611898418
6.7710876464843747e-06 8.3127437535189888
6.780624389648437e-06 8.3023578430220244
6.7901611328124993e-06 8.2920011062557979
6.7996978759765616e-06 8.281673420469696
6.8092346191406238e-06 8.2713746636007688
6.8187713623046861e-06 8.2611047142689493
6.8283081054687493e-06 8.250863451772263
6.8378448486328124e-06 8.2406507560821129
6.8473815917968747e-06 8.2304665078385852
6.856918334960937e-06 8.220310588345793
6.8664550781249993e-06 8.2101828795672791
6.8759918212890616e-06 8.2000832641214281
6.8855285644531239e-06 8.1900116252769379
6.8950653076171862e-06 8.179967846948335
6.9046020507812494e-06 8.1699518136914797
6.9141387939453125e-06 8.1599634106991896
6.9236755371093748e-06 8.1500025237968163
6.9332122802734371e-06 8.1400690394379041
6.9427490234374994e-06 8.1301628446998855
6.9522857666015617e-06 8.1202838272797973
6.961822509765624e-06 8.1104318754900273
6.9713592529296863e-06 8.1006068782541192
6.9808959960937494e-06 8.0908087251025904
6.9904327392578126e-06 8.0810373061687919
6.9999694824218749e-06 8.0712925121848045
7.0095062255859372e-06 8.061574234477364
7.0190429687499995e-06 8.05188236496382
7.0285797119140618e-06 8.0422167961481303
7.0381164550781241e-06 8.0325774211168941
7.0476531982421863e-06 8.0229641335353978
7.0571899414062495e-06 8.0133768276437038
7.0667266845703126e-06 8.0038153982527902
7.0762634277343749e-06 7.9942797407406845
7.0858001708984372e-06 7.9847697510486588
7.0953369140624995e-06 7.9752853256774339
7.1048736572265618e-06 7.9658263616834395
7.1144104003906241e-06 7.9563927566750774
7.1239471435546864e-06 7.9469844088090325
7.1334838867187496e-06 7.9376012167866046
7.1430206298828127e-06 7.9282430798500751
7.152557373046875e-06 7.9189098977791019
7.1620941162109373e-06 7.9096015708871406
7.1716308593749996e-06 7.9003180000178856
7.1811676025390619e-06 7.8910590865417705
7.1907043457031242e-06 7.8818247323524524
7.2002410888671865e-06 7.8726148398633633
7.2097778320312496e-06 7.8634293120042642
7.2193145751953128e-06 7.854268052217833
7.2288513183593751e-06 7.8451309644562963
7.2383880615234374e-06 7.8360179531780494
7.2479248046874997e-06 7.8269289233443402
7.257461547851562e-06 7.817863780415971
7.2669982910156243e-06 7.8088224303500038
7.2765350341796866e-06 7.7998047795965206
7.2860717773437497e-06 7.7908107350953948
7.2956085205078128e-06 7.7818402042730872
7.3051452636718751e-06 7.772893095039473
7.3146820068359374e-06 7.7639693157846894
7.3242187499999997e-06 7.755068775376003
7.333755493164062e-06 7.7461913831547164
7.3432922363281243e-06 7.7373370489330906
7.3528289794921866e-06 7.7285056829912779
7.3623657226562498e-06 7.7196971960743079
7.3719024658203129e-06 7.7109114993890691
7.3814392089843752e-06 7.7021485046013307
7.3909759521484375e-06 7.6934081238327794
7.4005126953124998e-06 7.6846902696580823
7.4100494384765621e-06 7.6759948551019752
7.4195861816406244e-06 7.6673217936363649
7.4291229248046867e-06 7.6586709991774633
7.4386596679687498e-06 7.6500423860829354
7.448196411132813e-06 7.6414358691490776
7.4577331542968753e-06 7.63285136360801
7.4672698974609376e-06 7.6242887851248966
7.4768066406249999e-06 7.6157480497951759
7.4863433837890622e-06 7.6072290741418298
7.4958801269531245e-06 7.5987317751126602
7.5054168701171868e-06 7.5902560700775838
7.5149536132812499e-06 7.5818018768259643
7.524490356445313e-06 7.5733691135639516
7.5340270996093753e-06 7.5649576989118348
7.5435638427734376e-06 7.5565675519014359
7.5531005859374999e-06 7.5481985919735068
7.5626373291015622e-06 7.5398507389751508
7.5721740722656245e-06 7.5315239131572609
7.5817108154296868e-06 7.5232180351719888
7.59124755859375e-06 7.5149330260702163
7.6007843017578131e-06 7.5066688072990555
7.6103210449218754e-06 7.4984253006993704
7.6198577880859377e-06 7.4902024285033093
7.62939453125e-06 7.4820001133318552
7.6389312744140623e-06 7.4738182781924092
7.6484680175781246e-06 7.4656568464763708
7.6580047607421869e-06 7.4575157419567555
7.6675415039062492e-06 7.4493948887858155
7.6770782470703115e-06 7.4412942114926839
7.6866149902343738e-06 7.433213634981044
7.6961517333984378e-06 7.425153084526797
7.7056884765625001e-06 7.4171124857757764
7.7152252197265624e-06 7.4090917647414374
7.7247619628906264e-06 7.4010908478026076
7.7342987060546887e-06 7.3931096617012315
7.7438354492187509e-06 7.3851481335401239
7.7533721923828132e-06 7.3772061907807585
7.7629089355468755e-06 7.369283761241066
7.7724456787109378e-06 7.361380773093245
7.7819824218750001e-06 7.3534971548615893
7.7915191650390624e-06 7.3456328354203375
7.8010559082031247e-06 7.3377877439915258
7.810592651367187e-06 7.3299618101428772
7.8201293945312493e-06 7.3221549637856826
7.8296661376953116e-06 7.3143671351727146
7.8392028808593739e-06 7.3065982548961479
7.8487396240234379e-06 7.2988482538854944
7.8582763671875002e-06 7.2911170634055669
7.8678131103515625e-06 7.2834046150544332
7.8773498535156265e-06 7.2757108407614073
7.8868865966796888e-06 7.2680356727850475
7.8964233398437511e-06 7.2603790437111622
7.9059600830078134e-06 7.2527408864508383
7.9154968261718757e-06 7.2451211342384854
7.925033569335938e-06 7.2375197206298889
7.9345703125000003e-06 7.2299365795002721
7.9441070556640626e-06 7.2223716450423918
7.9536437988281249e-06 7.2148248517646207
7.9631805419921872e-06 7.2072961344890656
7.9727172851562495e-06 7.199785428349692
7.9822540283203118e-06 7.1922926687904543
7.9917907714843741e-06 7.1848177915634546
8.001327514648438e-06 7.1773607327270961
8.0108642578125003e-06 7.1699214286442716
8.0204010009765626e-06 7.1624998159805466
8.0299377441406266e-06 7.1550958317023579
8.0394744873046889e-06 7.1477094130752414
8.0490112304687512e-06 7.1403404976620477
8.0585479736328135e-06 7.1329890233211861
8.0680847167968758e-06 7.1256549282048853
8.0776214599609381e-06 7.1183381507574497
8.0871582031250004e-06 7.1110386297135397
8.0966949462890627e-06 7.1037563040964677
8.106231689453125e-06 7.096491113216489
8.1157684326171873e-06 7.0892429966691264
8.1253051757812496e-06 7.0820118943334904
8.1348419189453119e-06 7.0747977463706162
8.1443786621093742e-06 7.0676004932218204
8.1539154052734382e-06 7.0604200756070519
8.1634521484375005e-06 7.0532564345232718
8.1729888916015628e-06 7.0461095112428325
8.1825256347656268e-06 7.0389792473118762
8.1920623779296891e-06 7.0318655845487417
8.2015991210937514e-06 7.0247684650423787
8.2111358642578137e-06 7.0176878311507771
8.2206726074218759e-06 7.0106236254994041
8.2302093505859382e-06 7.0035757909796663
8.2397460937500005e-06 6.9965442707473517
8.2492828369140628e-06 6.9895290082211226
8.2588195800781251e-06 6.9825299470809759
8.2683563232421874e-06 6.9755470312667534
8.2778930664062497e-06 6.9685802049766377
8.287429809570312e-06 6.9616294126656664
8.2969665527343743e-06 6.9546945990442568
8.3065032958984383e-06 6.9477757090767387
8.3160400390625006e-06 6.9408726879798985
8.3255767822265629e-06 6.9339854812215362
8.3351135253906269e-06 6.9271140345190227
8.3446502685546892e-06 6.9202582938378825
8.3541870117187515e-06 6.9134182053903723
8.3637237548828138e-06 6.906593715634072
8.3732604980468761e-06 6.8997847712704932
8.3827972412109384e-06 6.8929913192436887
8.3923339843750007e-06 6.8862133067388722
8.401870727539063e-06 6.879450681181055
8.4114074707031253e-06 6.8727033902336832
8.4209442138671876e-06 6.8659713817972863
8.4304809570312499e-06 6.8592546040081404
8.4400177001953122e-06 6.8525530052369321
8.4495544433593745e-06 6.8458665340874383
8.4590911865234384e-06 6.8391951393952111
8.4686279296875007e-06 6.8325387702262743
8.478164672851563e-06 6.8258973758758241
8.487701416015627e-06 6.8192709058669436
8.4972381591796893e-06 6.8126593099493267
8.5067749023437516e-06 6.8060625380980007
8.5163116455078139e-06 6.7994805405120733
8.5258483886718762e-06 6.7929132676134705
8.5353851318359385e-06 6.7863606700456991
8.5449218750000008e-06 6.7798226986726062
8.5544586181640631e-06 6.7732993045771535
8.5639953613281254e-06 6.7667904390601965
8.5735321044921877e-06 6.7602960536392684
8.58306884765625e-06 6.7538161000473851
8.5926055908203123e-06 6.7473505302318388
8.6021423339843746e-06 6.7408992963530201
8.6116790771484386e-06 6.7344623507832315
8.6212158203125009e-06 6.7280396461055192
8.6307525634765632e-06 6.7216311351125073
8.6402893066406272e-06 6.7152367708052365
8.6498260498046895e-06 6.7088565063920251
8.6593627929687518e-06 6.7024902952873227
8.6688995361328141e-06 6.6961380911105692
8.6784362792968764e-06 6.6897998476850802
8.6879730224609387e-06 6.6834755190369224
8.6975097656250009e-06 6.6771650593937997
8.7070465087890632e-06 6.6708684231839577
8.7165832519531255e-06 6.6645855650350754
8.7261199951171878e-06 6.6583164397731807
8.7356567382812501e-06 6.6520610024215738
8.7451934814453124e-06 6.645819208199736
8.7547302246093747e-06 6.6395910125222803
8.7642669677734387e-06 6.6333763709978735
8.773803710937501e-06 6.6271752394281904
8.7833404541015633e-06 6.6209875738068655
8.7928771972656273e-06 6.6148133303184453
8.8024139404296896e-06 6.6086524653373662
8.8119506835937519e-06 6.6025049354269152
8.8214874267578142e-06 6.5963706973382141
8.8310241699218765e-06 6.5902497080092042
8.8500976562500011e-06 6.578047304310096
8.8691711425781257e-06 6.5658973835314027
8.8882446289062503e-06 6.5537996078002481
8.9073181152343749e-06 6.5417536421377385
8.9263916015625012e-06 6.5297591544280529
8.9454650878906274e-06 6.5178158153879071
8.964538574218752e-06 6.5059232985364357
8.9836120605468766e-06 6.4940812801654291
9.0026855468750012e-06 6.4822894393099695
9.0217590332031258e-06 6.4705474577194311
9.0408325195312504e-06 6.4588550198288424
9.059906005859375e-06 6.4472118127306279
9.0789794921875013e-06 6.4356175261466859
9.0980529785156276e-06 6.4240718524008216
9.1171264648437522e-06 6.4125744863915459
9.1361999511718768e-06 6.4011251255651826
9.1552734375000014e-06 6.389723469889339
9.1743469238281259e-06 6.3783692218266941
9.1934204101562505e-06 6.3670620863091161
9.2124938964843751e-06 6.3558017707121017
9.2315673828125014e-06 6.3445879848295315
9.2506408691406277e-06 6.33342044084874
9.2697143554687523e-06 6.3222988533258873
9.2887878417968769e-06 6.3112229391616461
9.3078613281250015e-06 6.3001924175771711
9.3269348144531261e-06 6.2892070100903785
9.3460083007812507e-06 6.2782664404925059
9.3650817871093753e-06 6.2673704348249659
9.3841552734375016e-06 6.2565187213564775
9.4032287597656278e-06 6.2457110305604715
9.4223022460937524e-06 6.2349470950927879
9.441375732421877e-06 6.2242266497696157
9.4604492187500016e-06 6.2135494315457267
9.4795227050781262e-06 6.2029151794929582
9.4985961914062508e-06 6.1923236347789494
9.5176696777343754e-06 6.1817745406461579
9.5367431640625017e-06 6.1712676423910944
9.555816650390628e-06 6.1608026873438302
9.5748901367187526e-06 6.1503794248477508
9.5939636230468772e-06 6.1399976062395263
9.6130371093750018e-06 6.1296569848293476
9.6321105957031264e-06 6.1193573158813859
9.6511840820312509e-06 6.1090983565944779
9.6702575683593755e-06 6.0988798660830632
9.6893310546875001e-06 6.0887016053583043
9.7084045410156247e-06 6.0785633373094763
9.7274780273437493e-06 6.0684648266855454
9.7465515136718739e-06 6.0584058400769703
9.7656250000000002e-06 6.0483861458977257
9.7846984863281265e-06 6.0384055143675202
9.8037719726562511e-06 6.0284637174942421
9.8228454589843757e-06 6.0185605290565896
9.8419189453125003e-06 6.0086957245869108
9.8609924316406249e-06 5.998869081354254
9.8800659179687495e-06 5.9890803783475892
9.8991394042968741e-06 5.9793293962592573
9.9182128906249986e-06 5.9696159174685732
9.9372863769531232e-06 5.9599397260256453
9.9563598632812478e-06 5.9503006076353735
9.9754333496093724e-06 5.9406983496416252
9.9945068359374987e-06 5.9311327410115924
1.0013580322265625e-05 5.9216035723203424
1.003265380859375e-05 5.9121106357355258
1.0051727294921874e-05 5.9026537250022661
1.0070800781249999e-05 5.893232635428225
1.0089874267578123e-05 5.8838471638688326
1.0108947753906248e-05 5.8744971087126849
1.0128021240234373e-05 5.865182269867109
1.0147094726562499e-05 5.8559024487438869
1.0166168212890625e-05 5.8466574482451446
1.018524169921875e-05 5.8374470727493968
1.0204315185546874e-05 5.8282711280977493
1.0223388671874999e-05 5.8191294215802518
1.0242462158203124e-05 5.810021761922413
1.0261535644531248e-05 5.8009479592718574
1.0280609130859373e-05 5.7919078251851284
1.0299682617187499e-05 5.7829011726146495
1.0318756103515625e-05 5.7739278158958216
1.033782958984375e-05 5.7649875707342622
1.0356903076171874e-05 5.7560802541931935
1.0375976562499999e-05 5.7472056846809547
1.0395050048828124e-05 5.7383636819386741
1.0414123535156248e-05 5.7295540670280571
1.0433197021484373e-05 5.7207766623193095
1.0452270507812499e-05 5.7120312914792128
1.0471343994140625e-05 5.7033177794593017
1.049041748046875e-05 5.6946359524841972
1.0509490966796875e-05 5.6859856380400418
1.0528564453124999e-05 5.6773666648630821
1.0547637939453124e-05 5.6687788629283578
1.0566711425781248e-05 5.660222063438531
1.0585784912109373e-05 5.6516960988128178
1.0604858398437499e-05 5.6432008026760521
1.0623931884765626e-05 5.6347360098478614
1.064300537109375e-05 5.6263015563319643
1.0662078857421875e-05 5.6178972793055788
1.0681152343749999e-05 5.609523017108935
1.0700225830078124e-05 5.6011786092349256
1.0719299316406249e-05 5.5928638963188373
1.0738372802734373e-05 5.5845787201282127
1.0757446289062499e-05 5.5763229235528096
1.0776519775390626e-05 5.5680963505946721
1.079559326171875e-05 5.559898846358303
1.0814666748046875e-05 5.5517302570409415
1.0833740234374999e-05 5.5435904299229444
1.0852813720703124e-05 5.5354792133582693
1.0871887207031249e-05 5.5273964567650582
1.0890960693359373e-05 5.5193420106163158
1.09100341796875e-05 5.5113157264306878
1.0929107666015626e-05 5.5033174567633418
1.094818115234375e-05 5.4953470551969374
1.0967254638671875e-05 5.4874043763326856
1.0986328125e-05 5.4794892757815141
1.1005401611328124e-05 5.4716016101553109
1.1024475097656249e-05 5.4637412370582732
1.1043548583984373e-05 5.4559080150783341
1.10626220703125e-05 5.4481018037786804
1.1081695556640626e-05 5.4403224636893608
1.1100769042968751e-05 5.4325698562989837
1.1119842529296875e-05 5.4248438440464906
1.1138916015625e-05 5.4171442903130238
1.1157989501953124e-05 5.4094710594138702
1.1177062988281249e-05 5.4018240165904903
1.1196136474609374e-05 5.3942030280026367
1.12152099609375e-05 5.3866079607205322
1.1234283447265626e-05 5.379038682717157
1.1253356933593751e-05 5.3714950628605829
1.1272430419921875e-05 5.3639769709064122
1.129150390625e-05 5.3564842774902717
1.1310577392578124e-05 5.3490168541204026
1.1329650878906249e-05 5.341574573170309
1.1348724365234374e-05 5.3341573078714886
1.13677978515625e-05 5.326764932306232
1.1386871337890626e-05 5.3193973214005021
1.1405944824218751e-05 5.3120543509168767
1.1425018310546875e-05 5.3047358974475669
1.1444091796875e-05 5.297441838407499
1.1463165283203125e-05 5.2901720520274784
1.1482238769531249e-05 5.2829264173474018
1.1501312255859374e-05 5.2757048142095613
1.15203857421875e-05 5.2685071232519904
1.1539459228515626e-05 5.261333225901895
1.1558532714843751e-05 5.25418300436914
1.1577606201171876e-05 5.2470563416398006
1.15966796875e-05 5.2399531214697825
1.1615753173828125e-05 5.2328732283784944
1.1634826660156249e-05 5.2258165476426033
1.1653900146484374e-05 5.2187829652898214
1.16729736328125e-05 5.2117723680927792
1.1692047119140626e-05 5.2047846435629523
1.1711120605468751e-05 5.1978196799446383
1.1730194091796876e-05 5.1908773662089995
1.1749267578125e-05 5.1839575920481638
1.1768341064453125e-05 5.1770602478693881
1.1787414550781249e-05 5.1701852247892637
1.1806488037109374e-05 5.1633324146279902
1.18255615234375e-05 5.1565017099037043
1.1844635009765627e-05 5.1496930038268518
1.1863708496093751e-05 5.142906190294636
1.1882781982421876e-05 5.136141163885493
1.190185546875e-05 5.1293978198536365
1.1920928955078125e-05 5.1226760541236569
1.194000244140625e-05 5.1159757632851619
1.1959075927734374e-05 5.109296844587476
1.19781494140625e-05 5.1026391959343815
1.1997222900390627e-05 5.0960027158789298
1.2016296386718751e-05 5.0893873036182731
1.2035369873046876e-05 5.0827928589885687
1.2054443359375001e-05 5.076219282459923
1.2073516845703125e-05 5.0696664751313847
1.209259033203125e-05 5.0631343387259804
1.2111663818359374e-05 5.0566227755858071
1.2130737304687501e-05 5.0501316886671592
1.2149810791015627e-05 5.0436609815357132
1.2168884277343751e-05 5.0372105583617497
1.2187957763671876e-05 5.0307803239154207
1.2207031250000001e-05 5.0243701835620653
1.2226104736328125e-05 5.0179800432575687
1.224517822265625e-05 5.0116098095437547
1.2264251708984374e-05 5.0052593895438449
1.2283325195312501e-05 4.9989286909579249
1.2302398681640627e-05 4.992617622058491
1.2321472167968752e-05 4.9863260916860082
1.2340545654296876e-05 4.9800540092445251
1.2359619140625001e-05 4.9738012846973216
1.2378692626953125e-05 4.9675678285626086
1.239776611328125e-05 4.9613535519092515
1.2416839599609375e-05 4.9551583663525438
1.2435913085937501e-05 4.9489821840500143
1.2454986572265627e-05 4.9428249176972807
1.2474060058593752e-05 4.9366864805239326
1.2493133544921876e-05 4.9305667862894538
1.2512207031250001e-05 4.9244657492791832
1.2531280517578126e-05 4.9183832843003161
1.255035400390625e-05 4.9123193066779391
1.2569427490234375e-05 4.9062737322510968
1.2588500976562501e-05 4.9002464773688992
1.2607574462890627e-05 4.8942374588866668
1.2626647949218752e-05 4.8882465941621041
1.2645721435546876e-05 4.8822738010515128
1.2664794921875001e-05 4.8763189979060311
1.2683868408203126e-05 4.8703821035679242
1.270294189453125e-05 4.864463037366888
1.2722015380859375e-05 4.8585617191163992
1.2741088867187501e-05 4.8526780691100919
1.2760162353515627e-05 4.8468120081181745
1.2779235839843752e-05 4.8409634573838645
1.2798309326171877e-05 4.8351323386198715
1.2817382812500001e-05 4.8293185740048985
1.2836456298828126e-05 4.8235220861801817
1.285552978515625e-05 4.8177427982460639
1.2874603271484375e-05 4.8119806337585871
1.2893676757812501e-05 4.8062355167261215
1.2912750244140628e-05 4.8005073716060336
1.2931823730468752e-05 4.7947961233013636
1.2950897216796877e-05 4.7891016971575553
1.2969970703125001e-05 4.783424018959189
1.2989044189453126e-05 4.7777630149267711
1.3008117675781251e-05 4.7721186117135321
1.3027191162109375e-05 4.7664907364022575
1.3046264648437501e-05 4.7608793165021464
1.3065338134765628e-05 4.7552842799457054
1.3084411621093752e-05 4.7497055550856624
1.3103485107421877e-05 4.7441430706919006
1.3122558593750001e-05 4.7385967559484321
1.3141632080078126e-05 4.7330665404503947
1.3160705566406251e-05 4.7275523542010696
1.3179779052734375e-05 4.722054127608927
1.3198852539062502e-05 4.7165717914847027
1.3217926025390628e-05 4.7111052770384934
1.3236999511718752e-05 4.7056545158768772
1.3256072998046877e-05 4.7002194400000654
1.3275146484375002e-05 4.694799981799072
1.3294219970703126e-05 4.6893960740529081
1.3313293457031251e-05 4.6840076499258121
1.3332366943359375e-05 4.6786346429644814
1.33514404296875e-05 4.673276987095349
1.3370513916015625e-05 4.6679346166218707
1.3389587402343749e-05 4.6626074662218446
1.3408660888671874e-05 4.6572954709447432
1.3427734375e-05 4.6519985662090786
1.3446807861328126e-05 4.6467166877997776
1.3465881347656251e-05 4.6414497718655978
1.3484954833984376e-05 4.6361977549165454
1.35040283203125e-05 4.6309605738213273
1.3523101806640625e-05 4.6257381658048224
1.3542175292968749e-05 4.6205304684455699
1.3561248779296874e-05 4.6153374196732866
1.3580322265624999e-05 4.6101589577663997
1.3599395751953123e-05 4.6049950213495983
1.3618469238281248e-05 4.5998455493914108
1.3637542724609372e-05 4.5947104812018029
1.3656616210937499e-05 4.5895897564297874
1.3675689697265625e-05 4.5844833150610649
1.3694763183593749e-05 4.5793910974156775
1.3713836669921874e-05 4.5743130441456863
1.3732910156249999e-05 4.5692490962328565
1.3751983642578123e-05 4.5641991949863847
1.3771057128906248e-05 4.55916328204062
1.3790130615234372e-05 4.554141299352823
1.3809204101562499e-05 4.5491331892009272
1.3828277587890625e-05 4.5441388941813372
1.384735107421875e-05 4.5391583572067304
1.3866424560546874e-05 4.5341915215038808
1.3885498046874999e-05 4.5292383306115047
1.3904571533203123e-05 4.524298728378116
1.3923645019531248e-05 4.5193726589599148
1.3942718505859373e-05 4.5144600668186685
1.3961791992187499e-05 4.5095608967196386
1.3980865478515625e-05 4.5046750937294968
1.399993896484375e-05 4.4998026032142873
1.4019012451171874e-05 4.4949433708373761
1.4038085937499999e-05 4.4900973425574406
1.4057159423828124e-05 4.4852644646264572
1.4076232910156248e-05 4.4804446835877254
1.4095306396484373e-05 4.4756379462738876
1.4114379882812499e-05 4.4708441998049784
1.4133453369140625e-05 4.4660633915864834
1.415252685546875e-05 4.4612954693074185
1.4171600341796874e-05 4.4565403809384172
1.4190673828124999e-05 4.4517980747298447
1.4209747314453124e-05 4.4470684992099114
1.4228820800781248e-05 4.4423516031828196
1.4247894287109373e-05 4.4376473357269122
1.4266967773437499e-05 4.4329556461928377
1.4286041259765625e-05 4.4282764842017386
1.430511474609375e-05 4.4236097996434438
1.4324188232421875e-05 4.418955542674678
1.4343261718749999e-05 4.4143136637172926
1.4362335205078124e-05 4.4096841134565041
1.4381408691406248e-05 4.4050668428391369
1.4400482177734373e-05 4.4004618030719103
1.4419555664062499e-05 4.3958689456197035
1.4438629150390626e-05 4.3912882222038583
1.445770263671875e-05 4.3867195848004839
1.4476776123046875e-05 4.3821629856387796
1.4495849609374999e-05 4.3776183771993704
1.4514923095703124e-05 4.3730857122126574
1.4533996582031249e-05 4.3685649436571694
1.4553070068359373e-05 4.3640560247579492
1.4572143554687499e-05 4.3595589089849325
1.4591217041015626e-05 4.3550735500513529
1.461029052734375e-05 4.3505999019121422
1.4629364013671875e-05 4.3461379187623734
1.4648437499999999e-05 4.341687555035679
1.4667510986328124e-05 4.3372487654027108
1.4686584472656249e-05 4.3328215047695959
1.4705657958984373e-05 4.3284057282764152
1.47247314453125e-05 4.3240013912956803
1.4743804931640626e-05 4.3196084494308371
1.476287841796875e-05 4.3152268585147677
1.4781951904296875e-05 4.3108565746083194
1.4801025390625e-05 4.3064975539988222
1.4820098876953124e-05 4.3021497531986457
1.4839172363281249e-05 4.2978131289437442
1.4858245849609373e-05 4.2934876381922207
1.48773193359375e-05 4.2891732381229106
1.4896392822265626e-05 4.2848698861339596
1.4915466308593751e-05 4.2805775398414321
1.4934539794921875e-05 4.2762961570779039
1.495361328125e-05 4.2720256958910987
1.4972686767578124e-05 4.2677661145425061
1.4991760253906249e-05 4.2635173715060279
1.5010833740234374e-05 4.2592794254666213
1.50299072265625e-05 4.2550522353189688
1.5048980712890626e-05 4.2508357601661437
1.5068054199218751e-05 4.2466299593182937
1.5087127685546875e-05 4.2424347922913279
1.5106201171875e-05 4.2382502188056224
1.5125274658203124e-05 4.2340761987847264
1.5144348144531249e-05 4.2299126923540928
1.5163421630859374e-05 4.2257596598397917
1.51824951171875e-05 4.2216170617672644
1.5201568603515626e-05 4.2174848588600691
1.5220642089843751e-05 4.2133630120386387
1.5239715576171875e-05 4.2092514824190443
1.52587890625e-05 4.2051502313117792
1.5277862548828125e-05 4.201059220220543
1.5296936035156249e-05 4.1969784108410373
1.5316009521484374e-05 4.1929077650597675
1.5335083007812498e-05 4.1888472449528606
1.5354156494140623e-05 4.1847968127848842
1.5373229980468748e-05 4.180756431007679
1.5392303466796876e-05 4.1767260622591955
1.5411376953125e-05 4.1727056693623501
1.5430450439453125e-05 4.1686952153238703
1.5449523925781253e-05 4.1646946633331723
1.5468597412109377e-05 4.1607039767612255
1.5487670898437502e-05 4.1567231191594383
1.5506744384765626e-05 4.1527520542585483
1.5525817871093751e-05 4.1487907459675197
1.5544891357421876e-05 4.1448391583724531
1.556396484375e-05 4.1408972557354931
1.5583038330078125e-05 4.1369650024937608
1.5602111816406249e-05 4.1330423632582747
1.5621185302734374e-05 4.1291293028128955
1.5640258789062499e-05 4.1252257861132682
1.5659332275390623e-05 4.1213317782857803
1.5678405761718748e-05 4.1174472446265176
1.5697479248046876e-05 4.1135721506002376
1.5716552734375e-05 4.1097064618393455
1.5735626220703125e-05 4.1058501441428765
1.5754699707031253e-05 4.1020031634754854
1.5773773193359378e-05 4.0981654859664545
1.5792846679687502e-05 4.0943370779086843
1.5811920166015627e-05 4.0905179057577223
1.5830993652343751e-05 4.0867079361307699
1.5850067138671876e-05 4.082907135805721
1.5869140625000001e-05 4.0791154717201881
1.5888214111328125e-05 4.0753329109705492
1.590728759765625e-05 4.0715594208109893
1.5926361083984374e-05 4.0677949686525636
1.5945434570312499e-05 4.0640395220622532
1.5964508056640624e-05 4.0602930487620368
1.5983581542968748e-05 4.0565555166279648
1.6002655029296876e-05 4.0528268936892378
1.6021728515625001e-05 4.0491071481273044
1.6040802001953125e-05 4.0453962482749466
1.6059875488281253e-05 4.0416941626153813
1.6078948974609378e-05 4.0380008597813788
1.6098022460937502e-05 4.0343163085543612
1.6117095947265627e-05 4.0306404778635363
1.6136169433593752e-05 4.0269733367850176
1.6155242919921876e-05 4.0233148545409554
1.6174316406250001e-05 4.0196650004986827
1.6193389892578125e-05 4.0160237441698534
1.621246337890625e-05 4.0123910552095969
1.6231536865234375e-05 4.0087669034156734
1.6250610351562499e-05 4.005151258727639
1.6269683837890624e-05 4.0015440912260116
1.6288757324218748e-05 3.9979453711314479
1.6307830810546876e-05 3.9943550688039231
1.6326904296875001e-05 3.9907731547419187
1.6345977783203126e-05 3.9871995995816096
1.6365051269531254e-05 3.9836343740960678
1.6384124755859378e-05 3.9800774491944622
1.6403198242187503e-05 3.9765287959212672
1.6422271728515627e-05 3.9729883854554782
1.6441345214843752e-05 3.9694561891098301
1.6460418701171876e-05 3.9659321783300236
1.6479492187500001e-05 3.9624163246939563
1.6498565673828126e-05 3.9589085999109543
1.651763916015625e-05 3.9554089758210198
1.6536712646484375e-05 3.951917424394074
1.6555786132812499e-05 3.948433917729206
1.6574859619140624e-05 3.9449584280539369
1.6593933105468749e-05 3.9414909277234731
1.6613006591796877e-05 3.9380313892199803
1.6632080078125001e-05 3.9345797851518518
1.6670227050781254e-05 3.9277002713820739
1.6708374023437503e-05 3.9208521697785104
1.6746520996093752e-05 3.9140352656794342
1.6784667968750001e-05 3.9072493463745888
1.6822814941406251e-05 3.9004942010830606
1.68609619140625e-05 3.8937696209314581
1.6899108886718749e-05 3.8870753989323772
1.6937255859375001e-05 3.8804113299631666
1.6975402832031254e-05 3.8737772107449744
1.7013549804687503e-05 3.8671728398220782
1.7051696777343752e-05 3.8605980175414896
1.7089843750000002e-05 3.8540525460328361
1.7127990722656251e-05 3.8475362291885111
1.71661376953125e-05 3.8410488726440866
1.7204284667968749e-05 3.8345902837589874
1.7242431640625002e-05 3.8281602715974223
1.7280578613281254e-05 3.8217586469095672
1.7318725585937504e-05 3.8153852221129987
1.7356872558593753e-05 3.8090398112743675
1.7395019531250002e-05 3.8027222300913195
1.7433166503906251e-05 3.7964322958746504
1.74713134765625e-05 3.7901698275306943
1.7509460449218749e-05 3.7839346455439444
1.7547607421875002e-05 3.7777265719598976
1.7585754394531255e-05 3.7715454303681253
1.7623901367187504e-05 3.7653910458855617
1.7662048339843753e-05 3.7592632451400099
1.7700195312500002e-05 3.7531618562538602
1.7738342285156251e-05 3.7470867088280202
1.7776489257812501e-05 3.7410376339260507
1.781463623046875e-05 3.7350144640585068
1.7852783203125002e-05 3.7290170331674748
1.7890930175781255e-05 3.7230451766113153
1.7929077148437504e-05 3.7170987311495951
1.7967224121093753e-05 3.7111775349282081
1.8005371093750002e-05 3.7052814274646964
1.8043518066406252e-05 3.6994102496337473
1.8081665039062501e-05 3.6935638436528744
1.811981201171875e-05 3.6877420530682912
1.8157958984375003e-05 3.6819447227409445
1.8196105957031255e-05 3.6761716988327393
1.8234252929687504e-05 3.6704228287929292
1.8272399902343754e-05 3.664697961344678
1.8310546875000003e-05 3.6589969464717877
1.8348693847656252e-05 3.6533196354055986
1.8386840820312501e-05 3.6476658806120441
1.842498779296875e-05 3.6420355357788732
1.8463134765625003e-05 3.6364284558030269
1.8501281738281255e-05 3.6308444967781699
1.8539428710937505e-05 3.6252835159823862
1.8577575683593754e-05 3.6197453718660086
1.8615722656250003e-05 3.6142299240396158
1.8653869628906252e-05 3.6087370332621664
1.8692016601562501e-05 3.6032665614292778
1.8730163574218751e-05 3.5978183715616585
1.8768310546875003e-05 3.5923923277936649
1.8806457519531256e-05 3.586988295362016
1.8844604492187505e-05 3.5816061405946282
1.8882751464843754e-05 3.5762457308995992
1.8920898437500003e-05 3.5709069347543125
1.8959045410156252e-05 3.5655896216946878
1.8997192382812502e-05 3.5602936623045451
1.9035339355468751e-05 3.5550189282051128
1.9073486328125003e-05 3.5497652920446452
1.9111633300781256e-05 3.5445326274881803
1.9149780273437505e-05 3.5393208092074087
1.9187927246093754e-05 3.5341297128706661
1.9226074218750004e-05 3.5289592151330478
1.9264221191406253e-05 3.52380919362664
1.9302368164062502e-05 3.5186795269508622
1.9340515136718751e-05 3.5135700946629305
1.9378662109375e-05 3.5084807772684288
1.9416809082031249e-05 3.5034114562119951
1.9454956054687499e-05 3.4983620138681113
1.9493103027343748e-05 3.4933323335320066
1.953125e-05 3.4883222994106688
1.9569396972656253e-05 3.4833317966139523
1.9607543945312502e-05 3.4783607111458021
1.9645690917968751e-05 3.4734089298955655
1.9683837890625001e-05 3.4684763406294175
1.972198486328125e-05 3.4635628319818816
1.9760131835937499e-05 3.458668293447444
1.9798278808593748e-05 3.4537926153722744
1.9836425781249997e-05 3.4489356889460305
1.9874572753906246e-05 3.4440974061937664
1.9912719726562496e-05 3.439277659967932
1.9950866699218745e-05 3.4344763439404606
1.9989013671874997e-05 3.4296933525949491
2.002716064453125e-05 3.4249285812189303
2.0065307617187499e-05 3.4201819258962303
2.0103454589843748e-05 3.41545328349941
2.0141601562499998e-05 3.4107425516823011
2.0179748535156247e-05 3.4060496288726174
2.0217895507812496e-05 3.4013744142646587
2.0256042480468745e-05 3.3967168078120871
2.0294189453124998e-05 3.392076710220794
2.033233642578125e-05 3.3874540229418417
2.0370483398437499e-05 3.3828486481644902
2.0408630371093749e-05 3.3782604888092891
2.0446777343749998e-05 3.3736894485212652
2.0484924316406247e-05 3.3691354316631728
2.0523071289062496e-05 3.3645983433088222
2.0561218261718745e-05 3.3600780892364872
2.0599365234374998e-05 3.355574575922379
2.0637512207031251e-05 3.3510877105341974
2.06756591796875e-05 3.3466174009247531
2.0713806152343749e-05 3.3421635556256546
2.0751953124999998e-05 3.3377260838410736
2.0790100097656247e-05 3.3333048954415729
2.0828247070312496e-05 3.3288999009580054
2.0866394042968746e-05 3.3245110115754741
2.0904541015624998e-05 3.3201381391273701
2.0942687988281251e-05 3.3157811960894614
2.09808349609375e-05 3.3114400955740568
2.1018981933593749e-05 3.3071147513242289
2.1057128906249998e-05 3.3028050777081002
2.1095275878906248e-05 3.2985109897131908
2.1133422851562497e-05 3.2942324029408327
2.1171569824218746e-05 3.2899692336006319
2.1209716796874999e-05 3.285721398505006
2.1247863769531251e-05 3.2814888150637707
2.12860107421875e-05 3.2772714012787838
2.1324157714843749e-05 3.2730690757386536
2.1362304687499999e-05 3.2688817576134959
2.1400451660156248e-05 3.2647093666497571
2.1438598632812497e-05 3.260551823165081
2.1476745605468746e-05 3.2564090480432379
2.1514892578124999e-05 3.2522809627291078
2.1553039550781251e-05 3.2481674892237118
2.1591186523437501e-05 3.2440685500793021
2.162933349609375e-05 3.2399840683944969
2.1667480468749999e-05 3.2359139678094766
2.1705627441406248e-05 3.2318581725012185
2.1743774414062497e-05 3.2278166071787937
2.1781921386718746e-05 3.2237891970787049
2.1820068359374999e-05 3.2197758679602759
2.1858215332031252e-05 3.2157765461010888
2.1896362304687501e-05 3.2117911582924741
2.193450927734375e-05 3.2078196318350378
2.1972656249999999e-05 3.2038618945342425
2.2010803222656248e-05 3.1999178746960339
2.2048950195312498e-05 3.1959875011225098
2.2087097167968747e-05 3.1920707031076363
2.2125244140624999e-05 3.1881674104330067
2.2163391113281252e-05 3.1842775533636463
2.2201538085937501e-05 3.1804010626438592
2.223968505859375e-05 3.1765378694931155
2.2277832031249999e-05 3.1726879056019861
2.2315979003906249e-05 3.168851103128115
2.2354125976562498e-05 3.1650273946922329
2.2392272949218747e-05 3.1612167133742148
2.2430419921875e-05 3.1574189927091734
2.2468566894531252e-05 3.1536341666835987
2.2506713867187501e-05 3.1498621697315254
2.2544860839843751e-05 3.146102936730756
2.25830078125e-05 3.1423564029991038
2.2621154785156249e-05 3.1386225042906886
2.2659301757812498e-05 3.1349011767922628
2.2697448730468747e-05 3.1311923571195752
2.2735595703125e-05 3.1274959823137709
2.2773742675781252e-05 3.1238119898378311
2.2811889648437502e-05 3.1201403175730467
2.2850036621093751e-05 3.1164809038155203
2.288818359375e-05 3.1128336872727176
2.2926330566406249e-05 3.1091986070600397
2.2964477539062498e-05 3.1055756026974355
2.3002624511718748e-05 3.1019646141060515
2.3040771484375e-05 3.0983655816049032
2.3078918457031253e-05 3.0947784459075947
2.3117065429687502e-05 3.0912031481190581
2.3155212402343751e-05 3.0876396297323305
2.3193359375e-05 3.0840878326253658
2.3231506347656249e-05 3.0805476990578677
2.3269653320312499e-05 3.0770191716681694
2.3307800292968748e-05 3.0735021934701274
2.3345947265625e-05 3.0699967078500578
2.3384094238281253e-05 3.0665026585636959
2.3422241210937502e-05 3.0630199897331929
2.3460388183593751e-05 3.0595486458441283
2.3498535156250001e-05 3.0560885717425688
2.353668212890625e-05 3.0526397126321401
2.3574829101562499e-05 3.0492020140711391
2.3612976074218748e-05 3.0457754219696644
2.3651123046875001e-05 3.0423598825867848
2.3689270019531253e-05 3.038955342527724
2.3727416992187502e-05 3.0355617487410838
2.3765563964843752e-05 3.0321790485160807
2.3803710937500001e-05 3.028807189479823
2.384185791015625e-05 3.0254461195946063
2.3880004882812499e-05 3.0220957871552323
2.3918151855468748e-05 3.0187561407863646
2.3956298828125001e-05 3.0154271294398951
2.3994445800781254e-05 3.0121087023923478
2.4032592773437503e-05 3.0088008092422998
2.4070739746093752e-05 3.00550339990783
2.4108886718750001e-05 3.0022164246239913
2.414703369140625e-05 2.9989398339403079
2.4185180664062499e-05 2.9956735787182924
2.4223327636718749e-05 2.992417610128995
2.4261474609375001e-05 2.9891718796505611
2.4299621582031254e-05 2.9859363390658302
2.4337768554687503e-05 2.9827109404599419
2.4375915527343752e-05 2.979495636217973
2.4414062500000001e-05 2.976290379022593
2.4452209472656251e-05 2.9730951218517427
2.44903564453125e-05 2.9699098179763372
2.4528503417968749e-05 2.9667344209579838
2.4566650390625001e-05 2.9635688846467279
2.4604797363281254e-05 2.9604131631788162
2.4642944335937503e-05 2.9572672109744818
2.4681091308593752e-05 2.9541309827357485
2.4719238281250002e-05 2.9510044334442576
2.4757385253906251e-05 2.9478875183591127
2.47955322265625e-05 2.9447801930147479
2.4833679199218749e-05 2.9416824132188091
2.4871826171875002e-05 2.9385941350500615
2.4909973144531254e-05 2.9355153148563131
2.4948120117187504e-05 2.93244590925236
2.4986267089843753e-05 2.929385875117942
2.5024414062500002e-05 2.9263351695957303
2.5062561035156251e-05 2.9232937500893228
2.51007080078125e-05 2.9202615742612603
2.5138854980468749e-05 2.9172386000310677
2.5177001953125002e-05 2.9142247855732997
2.5215148925781255e-05 2.911220089315615
2.5253295898437504e-05 2.9082244699368678
2.5291442871093753e-05 2.9052378863652066
2.5329589843750002e-05 2.9022602977762024
2.5367736816406251e-05 2.8992916635909878
2.5405883789062501e-05 2.8963319434744097
2.544403076171875e-05 2.893381097333207
2.5482177734375002e-05 2.8904390853141972
2.5520324707031255e-05 2.8875058678024836
2.5558471679687504e-05 2.8845814054196759
2.5596618652343753e-05 2.8816656590221266
2.5634765625000002e-05 2.8787585896991899
2.5672912597656252e-05 2.8758601587714843
2.5711059570312501e-05 2.8729703277891785
2.574920654296875e-05 2.8700890585302945
2.5787353515625003e-05 2.8672163129990191
2.5825500488281255e-05 2.8643520534240334
2.5863647460937504e-05 2.8614962422568588
2.5901794433593754e-05 2.8586488421702154
2.5939941406250003e-05 2.8558098160563956
2.5978088378906252e-05 2.8529791270256522
2.6016235351562501e-05 2.8501567384045994
2.605438232421875e-05 2.8473426137346296
2.6092529296875003e-05 2.8445367167703441
2.6130676269531255e-05 2.8417390114779955
2.6168823242187505e-05 2.8389494620339475
2.6206970214843754e-05 2.8361680328231413
2.6245117187500003e-05 2.8333946884375831
2.6283264160156252e-05 2.830629393674843
2.6321411132812501e-05 2.8278721135365599
2.6359558105468751e-05 2.8251228132269701
2.6397705078125003e-05 2.8223814581514413
2.6435852050781256e-05 2.8196480139150211
2.6473999023437505e-05 2.8169224463210001
2.6512145996093754e-05 2.8142047213694821
2.6550292968750003e-05 2.8114948052559749
2.6588439941406252e-05 2.8087926643699848
2.6626586914062502e-05 2.8060982652936293
2.6664733886718751e-05 2.803411574800259
2.6702880859375e-05 2.8007325598530892
2.6741027832031249e-05 2.7980611876038481
2.6779174804687498e-05 2.7953974253914349
2.6817321777343748e-05 2.7927412407405856
2.685546875e-05 2.790092601360556
2.6893615722656253e-05 2.78745147514381
2.6931762695312502e-05 2.7848178301647266
2.6969909667968751e-05 2.7821916346783087
2.7008056640625e-05 2.7795728571189091
2.7046203613281249e-05 2.7769614660989679
2.7084350585937499e-05 2.7743574304077545
2.7122497558593748e-05 2.7717607190101274
2.7160644531249997e-05 2.7691713010453007
2.7198791503906246e-05 2.7665891458256175
2.7236938476562495e-05 2.7640142228353435
2.7275085449218745e-05 2.7614465017294605
2.7313232421874997e-05 2.7588859523324749
2.735137939453125e-05 2.756332544637238
2.7389526367187499e-05 2.7537862488037712
2.7427673339843748e-05 2.7512470351581029
2.7465820312499997e-05 2.7487148741911178
2.7503967285156246e-05 2.7461897365574126
2.7542114257812496e-05 2.7436715930741631
2.7580261230468745e-05 2.7411604147199986
2.7618408203124997e-05 2.7386561726338865
2.765655517578125e-05 2.7361588381140294
2.7694702148437499e-05 2.7336683826167656
2.7732849121093748e-05 2.7311847777554821
2.7770996093749998e-05 2.7287079952995357
2.7809143066406247e-05 2.7262380071731864
2.7847290039062496e-05 2.7237747854545318
2.7885437011718745e-05 2.7213183023744567
2.7923583984374998e-05 2.7188685303155902
2.796173095703125e-05 2.7164254418112703
2.7999877929687499e-05 2.7139890095445183
2.8038024902343749e-05 2.7115592063470171
2.8076171874999998e-05 2.709136005198105
2.8114318847656247e-05 2.7067193792237707
2.8152465820312496e-05 2.7043093016956643
2.8190612792968745e-05 2.7019057460301057
2.8228759765624998e-05 2.699508685787114
2.8266906738281251e-05 2.6971180946694306
2.83050537109375e-05 2.6947339465215636
2.8343200683593749e-05 2.692356215328831
2.8381347656249998e-05 2.6899848752164139
2.8419494628906247e-05 2.6876199004484174
2.8457641601562496e-05 2.6852612654269441
2.8495788574218746e-05 2.6829089446911647
2.8533935546874998e-05 2.680562912916403
2.8572082519531251e-05 2.6782231449132308
2.86102294921875e-05 2.6758896156265619
2.8648376464843749e-05 2.6735623001347602
2.8686523437499998e-05 2.6712411736487498
2.8724670410156248e-05 2.6689262115111392
2.8762817382812497e-05 2.6666173891953413
2.8800964355468746e-05 2.6643146823047155
2.8839111328124999e-05 2.6620180665717008
2.8877258300781251e-05 2.6597275178569681
2.89154052734375e-05 2.6574430121485739
2.8953552246093749e-05 2.6551645255611156
2.8991699218749999e-05 2.6528920343349069
2.9029846191406248e-05 2.6506255148351463
2.9067993164062497e-05 2.6483649435511016
2.9106140136718746e-05 2.6461102970952921
2.9144287109374999e-05 2.643861552202686
2.9182434082031251e-05 2.6416186857298993
2.9220581054687501e-05 2.6393816746544001
2.925872802734375e-05 2.6371504960737222
2.9296874999999999e-05 2.6349251272046836
2.9335021972656248e-05 2.6327055453826098
2.9373168945312497e-05 2.6304917280605649
2.9411315917968746e-05 2.6282836528085878
2.9449462890624999e-05 2.6260812973129353
2.9487609863281252e-05 2.6238846393753303
2.9525756835937501e-05 2.6216936569122149
2.956390380859375e-05 2.6195083279540108
2.9602050781249999e-05 2.6173286306443844
2.9640197753906248e-05 2.6151545432395191
2.9678344726562498e-05 2.6129860441073935
2.9716491699218747e-05 2.6108231117270591
2.9754638671874999e-05 2.6086657246879326
2.9792785644531252e-05 2.6065138616890873
2.9830932617187501e-05 2.6043675015385546
2.986907958984375e-05 2.6022266231526241
2.9907226562499999e-05 2.6000912055551568
2.9945373535156249e-05 2.5979612278768975
2.9983520507812498e-05 2.5958366693547967
3.0021667480468747e-05 2.5937175093313334
3.0059814453125e-05 2.5916037272538484
3.0097961425781252e-05 2.5894953026738796
3.0136108398437501e-05 2.5873922152464992
3.0174255371093751e-05 2.5852944447296631
3.021240234375e-05 2.5832019709835587
3.0250549316406249e-05 2.5811147739699614
3.0288696289062498e-05 2.5790328337515951
3.0326843261718747e-05 2.5769561304914976
3.0364990234375e-05 2.5748846444523892
3.0403137207031252e-05 2.5728183559960485
3.0441284179687502e-05 2.570757245582691
3.0517578125e-05 2.5666504812142827
3.0593872070312498e-05 2.5625641969743396
3.0670166015624997e-05 2.5584982400260858
3.0746459960937495e-05 2.5544524590497355
3.082275390625e-05 2.5504267042237192
3.0899047851562505e-05 2.5464208272061848
3.0975341796875004e-05 2.5424346811167782
3.1051635742187502e-05 2.5384681205186865
3.1127929687500001e-05 2.5345210014009472
3.1204223632812499e-05 2.5305931811610183
3.1280517578124997e-05 2.526684518587603
3.1356811523437496e-05 2.5227948738437211
3.1433105468750001e-05 2.5189241084500353
3.1509399414062506e-05 2.5150720852684127
3.1585693359375004e-05 2.5112386684857255
3.1661987304687503e-05 2.5074237235978885
3.1738281250000001e-05 2.5036271173941245
3.1814575195312499e-05 2.4998487179414579
3.1890869140624998e-05 2.4960883945694303
3.1967163085937496e-05 2.4923460178550321
3.2043457031250001e-05 2.4886214596078555
3.2119750976562507e-05 2.4849145928554535
3.2196044921875005e-05 2.4812252918289097
3.2272338867187503e-05 2.4775534319486106
3.2348632812500002e-05 2.4738988898102225
3.24249267578125e-05 2.4702615431708659
3.2501220703124998e-05 2.4666412709354795
3.2577514648437497e-05 2.4630379531433828
3.2653808593750002e-05 2.4594514709550239
3.2730102539062507e-05 2.4558817066389107
3.2806396484375005e-05 2.4523285435587301
3.2882690429687504e-05 2.4487918661606365
3.2958984375000002e-05 2.4452715599607315
3.3035278320312501e-05 2.4417675115327024
3.3111572265624999e-05 2.4382796084956411
3.3187866210937497e-05 2.434807739502026
3.3264160156250002e-05 2.4313517942258742
3.3340454101562508e-05 2.42791166335105
3.3416748046875006e-05 2.42448723855974
3.3493041992187504e-05 2.42107841252108
3.3569335937500003e-05 2.4176850788799422
3.3645629882812501e-05 2.4143071322458693
3.3721923828124999e-05 2.4109444681821657
3.3798217773437498e-05 2.40759698319513
3.3874511718750003e-05 2.4042645747234359
3.3950805664062508e-05 2.4009471411276575
3.4027099609375007e-05 2.3976445816799341
3.4103393554687505e-05 2.3943567965537702
3.4179687500000003e-05 2.3910836868139809
3.4255981445312502e-05 2.3878251544067624
3.4332275390625e-05 2.3845811021499008
3.4408569335937498e-05 2.3813514337231081
3.4484863281250004e-05 2.3781360536584892
3.4561157226562509e-05 2.3749348673311319
3.4637451171875007e-05 2.3717477809498249
3.4713745117187505e-05 2.3685747015478924
3.4790039062500004e-05 2.3654155369741585
3.4866333007812502e-05 2.3622701958840207
3.4942626953125001e-05 2.3591385877306457
3.5018920898437499e-05 2.3560206227562803
3.5095214843750004e-05 2.3529162119836733
3.5171508789062509e-05 2.3498252672076099
3.5247802734375008e-05 2.3467477009865578
3.5324096679687506e-05 2.3436834266344175
3.5400390625000004e-05 2.3406323582123854
3.5476684570312503e-05 2.3375944105209143
3.5552978515625001e-05 2.3345694990917858
3.5629272460937499e-05 2.3315575401802757
3.5705566406250005e-05 2.3285584507574288
3.578186035156251e-05 2.3255721485024248
3.5858154296875008e-05 2.3225985517950463
3.5934448242187507e-05 2.3196375797082416
3.6010742187500005e-05 2.3166891520007811
3.6087036132812503e-05 2.3137531891100078
3.6163330078125002e-05 2.3108296121446799
3.62396240234375e-05 2.3079183428779033
3.6315917968750005e-05 2.305019303740151
3.639221191406251e-05 2.3021324178123765
3.6468505859375009e-05 2.299257608819206
3.6544799804687507e-05 2.2963948011222217
3.6621093750000005e-05 2.2935439197133243
3.6697387695312504e-05 2.2907048902081839
3.6773681640625002e-05 2.2878776388397677
3.6849975585937501e-05 2.2850620924519496
3.6926269531250006e-05 2.2822581784932003
3.7002563476562511e-05 2.2794658250103526
3.7078857421875009e-05 2.2766849606424477
3.7155151367187508e-05 2.2739155146146524
3.7231445312500006e-05 2.2711574167322564
3.7307739257812504e-05 2.2684105973747379
3.7384033203125003e-05 2.2656749874899069
3.7460327148437501e-05 2.2629505185881174
3.7536621093750006e-05 2.2602371227365472
3.7612915039062511e-05 2.2575347325535553
3.768920898437501e-05 2.2548432812031014
3.7765502929687508e-05 2.2521627023892332
3.7841796875000007e-05 2.2494929303506424
3.7918090820312505e-05 2.246833899855289
3.7994384765625003e-05 2.2441855461950837
3.8070678710937502e-05 2.2415478051806397
3.8146972656250007e-05 2.2389206131360853
3.8223266601562512e-05 2.2363039068939381
3.829956054687501e-05 2.2336976237900439
3.8375854492187509e-05 2.2311017016585715
3.8452148437500007e-05 2.2285160788270675
3.8528442382812505e-05 2.2259406941115754
3.8604736328125004e-05 2.2233754868118045
3.8681030273437502e-05 2.2208203967063636
3.8757324218750001e-05 2.2182753640480444
3.8833618164062499e-05 2.2157403295591651
3.8909912109374997e-05 2.2132152344269675
3.8986206054687496e-05 2.2107000202990665
3.9062500000000001e-05 2.2081946292789549
3.9138793945312506e-05 2.2056990039215609
3.9215087890625004e-05 2.2032130872288569
3.9291381835937503e-05 2.2007368226455153
3.9367675781250001e-05 2.1982701540546254
3.9443969726562499e-05 2.1958130257734476
3.9520263671874998e-05 2.1933653825492261
3.9596557617187496e-05 2.1909271695550445
3.9672851562499995e-05 2.1884983323857323
3.9749145507812493e-05 2.1860788170538172
3.9825439453124991e-05 2.1836685699855232
3.990173339843749e-05 2.1812675380168169
3.9978027343749995e-05 2.1788756683894976
4.00543212890625e-05 2.1764929087473308
4.0130615234374998e-05 2.1741192071322302
4.0206909179687497e-05 2.1717545119804762
4.0283203124999995e-05 2.169398772118984
4.0359497070312493e-05 2.1670519367616108
4.0435791015624992e-05 2.164713955505507
4.051208496093749e-05 2.1623847783275032
4.0588378906249995e-05 2.1600643555805457
4.0664672851562501e-05 2.1577526379901646
4.0740966796874999e-05 2.15544957665099
4.0817260742187497e-05 2.1531551230232981
4.0893554687499996e-05 2.1508692289296008
4.0969848632812494e-05 2.1485918465512754
4.1046142578124992e-05 2.1463229284252283
4.1122436523437491e-05 2.1440624274405953
4.1198730468749996e-05 2.1418102968354824
4.1275024414062501e-05 2.1395664901937392
4.1351318359374999e-05 2.1373309614417706
4.1427612304687498e-05 2.1351036648453823
4.1503906249999996e-05 2.1328845550066591
4.1580200195312495e-05 2.1306735868608824
4.1656494140624993e-05 2.1284707156734788
4.1732788085937491e-05 2.1262758970369999
4.1809082031249996e-05 2.1240890868681412
4.1885375976562502e-05 2.1219102414047866
4.1961669921875e-05 2.1197393172030905
4.2037963867187498e-05 2.1175762711345896
4.2114257812499997e-05 2.1154210603833445
4.2190551757812495e-05 2.1132736424431164
4.2266845703124993e-05 2.1111339751145692
4.2343139648437492e-05 2.1090020165025081
4.2419433593749997e-05 2.106877725013141
4.2495727539062502e-05 2.1047610593513753
4.2572021484375001e-05 2.1026519785181406
4.2648315429687499e-05 2.1005504418077403
4.2724609374999997e-05 2.0984564088052338
4.2800903320312496e-05 2.0963698393838426
4.2877197265624994e-05 2.0942906937023889
4.2953491210937492e-05 2.0922189322027593
4.3029785156249998e-05 2.090154515607392
4.3106079101562503e-05 2.0880974049167986
4.3182373046875001e-05 2.0860475614071046
4.3258666992187499e-05 2.0840049466276196
4.3334960937499998e-05 2.0819695223984329
4.3411254882812496e-05 2.079941250808035
4.3487548828124995e-05 2.0779200942109597
4.3563842773437493e-05 2.0759060152254589
4.3640136718749998e-05 2.0738989767311944
4.3716430664062503e-05 2.0718989418669578
4.3792724609375002e-05 2.0699058740284135
4.38690185546875e-05 2.0679197368658651
4.3945312499999998e-05 2.0659404942820436
4.4021606445312497e-05 2.0639681104299221
4.4097900390624995e-05 2.0620025497105496
4.4174194335937493e-05 2.0600437767709088
4.4250488281249999e-05 2.0580917565017964
4.4326782226562504e-05 2.056146454035725
4.4403076171875002e-05 2.0542078347448465
4.4479370117187501e-05 2.0522758642388967
4.4555664062499999e-05 2.0503505083631608
4.4631958007812497e-05 2.0484317331964603
4.4708251953124996e-05 2.0465195050491611
4.4784545898437494e-05 2.0446137904612001
4.4860839843749999e-05 2.0427145562001341
4.4937133789062504e-05 2.0408217692592077
4.5013427734375003e-05 2.0389353968554387
4.5089721679687501e-05 2.0370554064277284
4.5166015624999999e-05 2.0351817656349827
4.5242309570312498e-05 2.0333144423542628
4.5318603515624996e-05 2.0314534046789436
4.5394897460937495e-05 2.0295986209169001
4.547119140625e-05 2.0277500595887048
4.5547485351562505e-05 2.0259076894258485
4.5623779296875003e-05 2.0240714793689758
4.5700073242187502e-05 2.0222413985661389
4.57763671875e-05 2.0204174163710706
4.5852661132812498e-05 2.0185995023414711
4.5928955078124997e-05 2.0167876262373148
4.6005249023437495e-05 2.0149817580191751
4.608154296875e-05 2.0131818678465603
4.6157836914062505e-05 2.0113879260762713
4.6234130859375004e-05 2.0095999032607752
4.6310424804687502e-05 2.0078177701465902
4.6386718750000001e-05 2.0060414976726926
4.6463012695312499e-05 2.0042710569689355
4.6539306640624997e-05 2.0025064193544839
4.6615600585937496e-05 2.0007475563362682
4.6691894531250001e-05 1.9989944396074439
4.6768188476562506e-05 1.9972470410458811
4.6844482421875004e-05 1.9955053327126537
4.6920776367187503e-05 1.9937692868505523
4.6997070312500001e-05 1.9920388758826095
4.7073364257812499e-05 1.990314072410639
4.7149658203124998e-05 1.9885948492137884
4.7225952148437496e-05 1.9868811792471082
4.7302246093750001e-05 1.9851730356401318
4.7378540039062507e-05 1.9834703916954712
4.7454833984375005e-05 1.9817732208874275
4.7531127929687503e-05 1.9800814968606089
4.7607421875000002e-05 1.9783951934285688
4.76837158203125e-05 1.9767142845724563
4.7760009765624998e-05 1.9750387444396718
4.7836303710937497e-05 1.9733685473425471
4.7912597656250002e-05 1.9717036677570277
4.7988891601562507e-05 1.9700440803213759
4.8065185546875005e-05 1.9683897598348803
4.8141479492187504e-05 1.9667406812565802
4.8217773437500002e-05 1.9650968197040024
4.8294067382812501e-05 1.9634581504519084
4.8370361328124999e-05 1.9618246489310556
4.8446655273437497e-05 1.9601962907269674
4.8522949218750002e-05 1.9585730515787181
4.8599243164062508e-05 1.9569549073777264
4.8675537109375006e-05 1.9553418341665632
4.8751831054687504e-05 1.9537338081377653
4.8828125000000003e-05 1.9521308056326689
4.8904418945312501e-05 1.950532803140244
4.8980712890624999e-05 1.9489397772959478
4.9057006835937498e-05 1.947351704880584
4.9133300781250003e-05 1.9457685628191754
4.9209594726562508e-05 1.9441903281798454
4.9285888671875007e-05 1.942616978172711
4.9362182617187505e-05 1.9410484901487832
4.9438476562500003e-05 1.9394848415988837
4.9514770507812502e-05 1.9379260101525635
4.9591064453125e-05 1.9363719735770393
4.9667358398437498e-05 1.934822709776135
4.9743652343750004e-05 1.933278196789233
4.9819946289062509e-05 1.9317384127902366
4.9896240234375007e-05 1.9302033360865445
4.9972534179687505e-05 1.9286729451180267
5.0048828125000004e-05 1.9271472184560183
5.0125122070312502e-05 1.9256261348023185
5.0201416015625001e-05 1.9241096729881981
5.0277709960937499e-05 1.9225978119734188
5.0354003906250004e-05 1.9210905308452582
5.0430297851562509e-05 1.9195878088175462
5.0506591796875008e-05 1.9180896252297088
5.0582885742187506e-05 1.9165959595458215
5.0659179687500004e-05 1.915106791353669
5.0735473632812503e-05 1.9136221003638174
5.0811767578125001e-05 1.9121418664086913
5.0888061523437499e-05 1.9106660694416591
5.0964355468750005e-05 1.9091946895361298
5.104064941406251e-05 1.907727706884655
5.1116943359375008e-05 1.9062651017980392
5.1193237304687507e-05 1.9048068547044603
5.1269531250000005e-05 1.9033529461485934
5.1345825195312503e-05 1.9019033567907484
5.1422119140625002e-05 1.9004580674060101
5.14984130859375e-05 1.8990170588833892
5.1574707031250005e-05 1.8975803122249788
5.165100097656251e-05 1.8961478085451202
5.1727294921875009e-05 1.8947195290695733
5.1803588867187507e-05 1.8932954551346988
5.1879882812500005e-05 1.8918755681866424
5.1956176757812504e-05 1.8904598497805305
5.2032470703125002e-05 1.8890482815796705
5.2108764648437501e-05 1.8876408453547588
5.2185058593750006e-05 1.8862375229830957
5.2261352539062511e-05 1.8848382964478072
5.2337646484375009e-05 1.8834431478370754
5.2413940429687508e-05 1.8820520593433714
5.2490234375000006e-05 1.8806650132626979
5.2566528320312504e-05 1.8792819919938395
5.2642822265625003e-05 1.8779029780376164
5.2719116210937501e-05 1.8765279539961468
5.2795410156250006e-05 1.8751569025721135
5.2871704101562511e-05 1.8737898065680414
5.294799804687501e-05 1.872426648885575
5.3024291992187508e-05 1.871067412524767
5.3100585937500007e-05 1.8697120805833707
5.3176879882812505e-05 1.8683606362561396
5.3253173828125003e-05 1.8670130628341322
5.3329467773437502e-05 1.8656693437040237
5.340576171875e-05 1.8643294623474218
5.3482055664062498e-05 1.8629934023401913
5.3558349609374997e-05 1.8616611473517808
5.3634643554687495e-05 1.8603326811445591
5.37109375e-05 1.8590079875731533
5.3787231445312505e-05 1.8576870505837959
5.3863525390625004e-05 1.8563698542136766
5.4016113281250001e-05 1.8537466199308317
5.4168701171874997e-05 1.851138158816944
5.4321289062499994e-05 1.848544346379033
5.4473876953124991e-05 1.845965059518996
5.4626464843749994e-05 1.8434001765141292
5.4779052734374998e-05 1.8408495769979709
5.4931640624999995e-05 1.8383131419414631
5.5084228515624991e-05 1.8357907536344313
5.5236816406249995e-05 1.8332822956673642
5.5389404296874998e-05 1.8307876529135005
5.5541992187499995e-05 1.828306711511209
5.5694580078124992e-05 1.8258393588466559
5.5847167968749995e-05 1.8233854835367596
5.5999755859374999e-05 1.8209449754124247
5.6152343749999996e-05 1.8185177255020444
5.6304931640624992e-05 1.8161036260152765
5.6457519531249996e-05 1.8137025703270797
5.6610107421874999e-05 1.8113144529620087
5.6762695312499996e-05 1.8089391695787638
5.6915283203124993e-05 1.8065766169549851
5.7067871093749996e-05 1.8042266929722963
5.7220458984375e-05 1.8018892966015838
5.7373046874999997e-05 1.7995643278885112
5.7525634765624993e-05 1.7972516879392662
5.7678222656249997e-05 1.7949512789065314
5.7830810546875001e-05 1.792663003975679
5.7983398437499997e-05 1.7903867673511824
5.8135986328124994e-05 1.7881224742432429
5.8288574218749998e-05 1.7858700308546238
5.8441162109375001e-05 1.7836293443676954
5.8593749999999998e-05 1.7814003229316777
5.8746337890624995e-05 1.7791828756500845
5.8898925781249998e-05 1.7769769125683621
5.9051513671875002e-05 1.7747823446617197
5.9204101562499998e-05 1.772599083823148
5.9356689453124995e-05 1.7704270428516224
5.9509277343749999e-05 1.7682661354404872
5.9661865234375002e-05 1.7661162761660196
5.9814453124999999e-05 1.7639773804761678
5.9967041015624996e-05 1.7618493646794604
6.0119628906249999e-05 1.7597321459340856
6.0272216796875003e-05 1.7576256422371352
6.0424804687499999e-05 1.7555297724140151
6.0577392578124996e-05 1.7534444561080096
6.072998046875e-05 1.7513696137700085
6.0882568359375003e-05 1.7493051666483874
6.103515625e-05 1.7472510367790366
6.1187744140624997e-05 1.7452071469755446
6.1340332031249993e-05 1.7431734208195229
6.149291992187499e-05 1.7411497826510787
6.1645507812500001e-05 1.7391361575594269
6.1798095703125011e-05 1.7371324713736422
6.1950683593750008e-05 1.7351386506535476
6.2103271484375004e-05 1.7331546226807357
6.2255859375000001e-05 1.7311803154497258
6.2408447265624998e-05 1.7292156576592472
6.2561035156249995e-05 1.7272605787036506
6.2713623046874991e-05 1.7253150086644466
6.2866210937500002e-05 1.723378878301967
6.3018798828125012e-05 1.7214521190471443
6.3171386718750009e-05 1.7195346629934152
6.3323974609375005e-05 1.7176264428887367
6.3476562500000002e-05 1.7157273921277207
6.3629150390624999e-05 1.7138374447438791
6.3781738281249996e-05 1.7119565354019826
6.3934326171874992e-05 1.7100845993905267
6.4086914062500003e-05 1.7082215726143073
6.4239501953125013e-05 1.7063673915871012
6.439208984375001e-05 1.7045219934244495
6.4544677734375007e-05 1.7026853158365458
6.4697265625000003e-05 1.7008572971212239
6.4849853515625e-05 1.699037876157043
6.5002441406249997e-05 1.6972269923964731
6.5155029296874993e-05 1.6954245858591739
6.5307617187500004e-05 1.6936305971253693
6.5460205078125014e-05 1.6918449673293132
6.5612792968750011e-05 1.6900676381528488
6.5765380859375008e-05 1.6882985518190541
6.5917968750000004e-05 1.6865376510859789
6.6070556640625001e-05 1.6847848792404676
6.6223144531249998e-05 1.6830401800920658
6.6375732421874995e-05 1.6813034979670132
6.6528320312500005e-05 1.6795747777023178
6.6680908203125015e-05 1.6778539646399113
6.6833496093750012e-05 1.6761410046208884
6.6986083984375009e-05 1.6744358439798159
6.7138671875000005e-05 1.6727384295391299
6.7291259765625002e-05 1.6710487086036021
6.7443847656249999e-05 1.669366628954885
6.7596435546874996e-05 1.6676921388461272
6.7749023437500006e-05 1.6660251869966658
6.7901611328125016e-05 1.6643657225867883
6.8054199218750013e-05 1.6627136952525636
6.820678710937501e-05 1.6610690550807445
6.8359375000000007e-05 1.6594317526037381
6.8511962890625003e-05 1.6578017387946429
6.866455078125e-05 1.656178965062352
6.8817138671874997e-05 1.654563383246721
6.8969726562500007e-05 1.6529549456138029
6.9122314453125017e-05 1.6513536048511408
6.9274902343750014e-05 1.6497593140631295
6.9427490234375011e-05 1.648172026766431
6.9580078125000008e-05 1.6465916968854579
6.9732666015625004e-05 1.6450182787479082
6.9885253906250001e-05 1.6434517270803655
7.0037841796874998e-05 1.6418919970039534
7.0190429687500008e-05 1.640339044030046
7.0343017578125018e-05 1.6387928240560363
7.0495605468750015e-05 1.6372532933611572
7.0648193359375012e-05 1.6357204086023602
7.0800781250000009e-05 1.6341941268102427
7.0953369140625005e-05 1.6326744053850315
7.1105957031250002e-05 1.6311612020926169
7.1258544921874999e-05 1.6296544750606374
7.1411132812500009e-05 1.6281541827746149
7.156372070312502e-05 1.6266602840741393
7.1716308593750016e-05 1.6251727381491023
7.1868896484375013e-05 1.6236915045359779
7.202148437500001e-05 1.6222165431141509
7.2174072265625007e-05 1.6207478141022933
7.2326660156250003e-05 1.6192852780547837
7.2479248046875e-05 1.6178288958581757
7.263183593750001e-05 1.6163786287277053
7.2784423828125021e-05 1.6149344382038491
7.2937011718750017e-05 1.6134962861489208
7.3089599609375014e-05 1.612064134743711
7.3242187500000011e-05 1.6106379464841702
7.3394775390625008e-05 1.6092176841781336
7.3547363281250004e-05 1.6078033109420846
7.3699951171875001e-05 1.6063947901979603
7.3852539062500011e-05 1.604992085669996
7.4005126953125022e-05 1.6035951613816077
7.4157714843750018e-05 1.6022039816523166
7.4310302734375015e-05 1.6008185110947057
7.4462890625000012e-05 1.59943871461142
7.4615478515625009e-05 1.598064557392199
7.4768066406250005e-05 1.5966960049109471
7.4920654296875002e-05 1.5953330229228411
7.5073242187500012e-05 1.5939755774614706
7.5225830078125023e-05 1.5926236348360148
7.537841796875002e-05 1.5912771616284536
7.5531005859375016e-05 1.5899361246908101
7.5683593750000013e-05 1.5886004911424316
7.583618164062501e-05 1.587270228367297
7.5988769531250007e-05 1.585945304011362
7.6141357421875003e-05 1.5846256859799333
7.6293945312500014e-05 1.5833113424350747
7.6446533203125024e-05 1.5820022417930453
7.6599121093750021e-05 1.5806983527217677
7.6751708984375017e-05 1.5793996441383269
7.6904296875000014e-05 1.5781060852064956
7.7056884765625011e-05 1.5768176453342955
7.7209472656250008e-05 1.5755342941715818
7.7362060546875004e-05 1.5742560016076586
7.7514648437500001e-05 1.5729827377689214
7.7667236328124998e-05 1.57171447301653
7.7819824218749995e-05 1.570451177944105
7.7972412109374991e-05 1.5691928233754535
7.8125000000000002e-05 1.5679393803623221
7.8277587890625012e-05 1.566690820182175
7.8430175781250009e-05 1.5654471143359983
7.8582763671875005e-05 1.5642082345461288
7.8735351562500002e-05 1.5629741527541101
7.8887939453124999e-05 1.561744841118573
7.9040527343749996e-05 1.5605202720131397
7.9193115234374992e-05 1.5593004180243517
7.9345703124999989e-05 1.558085251949624
7.9498291015624986e-05 1.55687474679522
7.9650878906249983e-05 1.5556688757742518
7.9803466796874979e-05 1.5544676123047032
7.995605468749999e-05 1.5532709300074734
8.0108642578125e-05 1.5520788027044456
8.0261230468749997e-05 1.5508912044165761
8.0413818359374993e-05 1.5497081093620053
8.056640624999999e-05 1.5485294919541908
8.0718994140624987e-05 1.5473553268000615
8.0871582031249984e-05 1.5461855886981921
8.102416992187498e-05 1.5450202526369983
8.1176757812499991e-05 1.5438592937929525
8.1329345703125001e-05 1.5427026875288212
8.1481933593749998e-05 1.5415504093919181
8.1634521484374995e-05 1.5404024351123815
8.1787109374999991e-05 1.5392587406014679
8.1939697265624988e-05 1.5381193019498658
8.2092285156249985e-05 1.5369840954260281
8.2244873046874982e-05 1.5358530974745226
8.2397460937499992e-05 1.5347262847144023
8.2550048828125002e-05 1.5336036339375929
8.2702636718749999e-05 1.5324851221072961
8.2855224609374996e-05 1.5313707263564145
8.3007812499999992e-05 1.5302604239859909
8.3160400390624989e-05 1.5291541924636662
8.3312988281249986e-05 1.528052009422153
8.3465576171874983e-05 1.526953852657728
8.3618164062499993e-05 1.5258597001287384
8.3770751953125003e-05 1.524769529954126
8.392333984375e-05 1.5236833204119682
8.4075927734374997e-05 1.5226010499380334
8.4228515624999993e-05 1.5215226971243518
8.438110351562499e-05 1.5204482407178039
8.4533691406249987e-05 1.5193776596187225
8.4686279296874984e-05 1.5183109328795088
8.4838867187499994e-05 1.5172480397032677
8.4991455078125004e-05 1.5161889594424527
8.5144042968750001e-05 1.5151336715975285
8.5296630859374998e-05 1.5140821558156468
8.5449218749999995e-05 1.5130343918893372
8.5601806640624991e-05 1.5119903597552107
8.5754394531249988e-05 1.5109500394926787
8.5906982421874985e-05 1.5099134113226831
8.6059570312499995e-05 1.5088804556064446
8.6212158203125005e-05 1.5078511528442182
8.6364746093750002e-05 1.5068254836740671
8.6517333984374999e-05 1.5058034288706454
8.6669921874999996e-05 1.5047849693439987
8.6822509765624992e-05 1.5037700861383709
8.6975097656249989e-05 1.5027587604310304
8.7127685546874986e-05 1.5017509735311023
8.7280273437499996e-05 1.5007467068784175
8.7432861328125007e-05 1.4997459420423722
8.7585449218750003e-05 1.498748660720798
8.7738037109375e-05 1.4977548447388473
8.7890624999999997e-05 1.4967644760478853
8.8043212890624993e-05 1.4957775367243986
8.819580078124999e-05 1.4947940089689116
8.8348388671874987e-05 1.4938138751049155
8.8500976562499997e-05 1.4928371175778092
8.8653564453125008e-05 1.4918637189538486
8.8806152343750004e-05 1.49089366191911
8.8958740234375001e-05 1.4899269292784605
8.9111328124999998e-05 1.4889635039545432
8.9263916015624995e-05 1.4880033689867691
8.9416503906249991e-05 1.487046507530321
8.9569091796874988e-05 1.486092902855167
8.9721679687499998e-05 1.485142538345086
8.9874267578125009e-05 1.4841953974966999
9.0026855468750005e-05 1.4832514639185181
9.0179443359375002e-05 1.4823107213299904
9.0332031249999999e-05 1.4813731535605703
9.0484619140624996e-05 1.4804387445487883
9.0637207031249992e-05 1.4795074783413322
9.0789794921874989e-05 1.4785793390921389
9.0942382812499999e-05 1.4776543110614953
9.109497070312501e-05 1.4767323786151461
9.1247558593750007e-05 1.4758135262234142
9.1400146484375003e-05 1.4748977384603252
9.1552734375e-05 1.4739850000027457
9.1705322265624997e-05 1.4730752956295257
9.1857910156249993e-05 1.4721686102206528
9.201049804687499e-05 1.4712649287564132
9.2163085937500001e-05 1.4703642363165612
9.2315673828125011e-05 1.4694665180794975
9.2468261718750008e-05 1.4685717593214553
9.2773437500000001e-05 1.4667910618317015
9.3078613281249995e-05 1.4650220279833854
9.3383789062500002e-05 1.4632645434271541
9.3688964843750009e-05 1.4615184953035487
9.3994140625000002e-05 1.4597837722188169
9.4299316406249996e-05 1.4580602642211973
9.4604492187500003e-05 1.4563478627776605
9.490966796875001e-05 1.4546464607511005
9.5214843750000003e-05 1.4529559523779643
9.5520019531249997e-05 1.4512762332463092
9.5825195312500004e-05 1.449607200274281
9.6130371093750011e-05 1.4479487516890019
9.6435546875000004e-05 1.4463007870058577
9.6740722656249998e-05 1.4446632070081797
9.7045898437500005e-05 1.443035913727307
9.7351074218750012e-05 1.4414188104230259
9.7656250000000005e-05 1.4398118015643755
9.7961425781249999e-05 1.438214792810812
9.8266601562500006e-05 1.4366276909937234
9.8571777343750013e-05 1.4350504040982892
9.8876953125000007e-05 1.4334828412456735
9.918212890625e-05 1.4319249126755498
9.9487304687500007e-05 1.4303765297289455
9.9792480468750014e-05 1.4288376048314002
0.00010009765625000001 1.4273080514764365
0.00010040283203125 1.4257877842093258
0.00010070800781250001 1.4242767186111553
0.00010101318359375002 1.4227747712831804
0.00010131835937500001 1.4212818598314603
0.00010162353515625 1.4197979028517713
0.00010192871093750001 1.4183228199147906
0.00010223388671875002 1.4168565315515456
0.00010253906250000001 1.4153989592391227
0.00010284423828125 1.4139500253866313
0.00010314941406250001 1.4125096533214159
0.00010345458984375002 1.411077767275513
0.00010375976562500001 1.4096542923723479
0.00010406494140625 1.4082391546136619
0.00010437011718750001 1.406832280866674
0.00010467529296875002 1.4054335988514639
0.00010498046875000001 1.4040430371285746
0.00010528564453125001 1.4026605250868336
0.00010559082031250001 1.4012859929313815
0.00010589599609375002 1.3999193716719109
0.00010620117187500001 1.3985605931111076
0.00010650634765625001 1.3972095898332868
0.0001068115234375 1.3958662951932299
0.00010711669921874999 1.3945306433052074
0.000107421875 1.3932025690321912
0.00010772705078125001 1.3918820079752501
0.0001080322265625 1.3905688964631242
0.00010833740234374999 1.389263171541977
0.00010864257812499999 1.3879647709653173
0.00010894775390624998 1.3866736331840945
0.00010925292968749999 1.3853896973369562
0.00010955810546875 1.3841129032406716
0.00010986328124999999 1.382843191380712
0.00011016845703124998 1.3815805029019894
0.00011047363281249999 1.3803247795997489
0.00011077880859375 1.3790759639106096
0.00011108398437499999 1.3778339989037554
0.00011138916015624998 1.3765988282722699
0.00011169433593749999 1.3753703963246122
0.00011199951171875 1.3741486479762344
0.00011230468749999999 1.3729335287413336
0.00011260986328124998 1.3717249847247377
0.00011291503906249999 1.370522962613927
0.00011322021484375 1.3693274096711783
0.00011352539062499999 1.3681382737258416
0.00011383056640624999 1.3669555031667375
0.00011413574218749999 1.3657790469346773
0.00011444091796875 1.3646088545151045
0.00011474609374999999 1.3634448759308508
0.00011505126953124999 1.3622870617350102
0.00011535644531249999 1.3611353630039233
0.00011566162109375 1.3599897313302769
0.00011596679687499999 1.3588501188163074
0.00011627197265624999 1.3577164780671152
0.0001165771484375 1.3565887621840824
0.00011688232421875 1.3554669247583937
0.0001171875 1.3543509198646595
0.00011749267578124999 1.3532407020546364
0.0001177978515625 1.3521362263510475
0.00011810302734375 1.3510374482414973
0.000118408203125 1.3499443236724817
0.00011871337890624999 1.3488568090434876
0.0001190185546875 1.3477748612011875
0.00011932373046875 1.3466984374337201
0.00011962890625 1.3456274954650593
0.00011993408203124999 1.3445619934494695
0.0001202392578125 1.3435018899660442
0.00012054443359375001 1.3424471440133303
0.000120849609375 1.3413977150040302
0.00012115478515624999 1.3403535627597858
0.0001214599609375 1.3393146475060422
0.00012176513671875001 1.3382809298669871
0.0001220703125 1.3372523708605659
0.00012237548828124999 1.3362289318935725
0.00012268066406249999 1.3352105747568128
0.00012298583984374998 1.3341972616203401
0.000123291015625 1.3331889550287626
0.00012359619140625002 1.3321856178966165
0.00012390136718750002 1.3311872135038141
0.00012420654296875001 1.3301937054911515
0.00012451171875 1.3292050578558883
0.00012481689453125 1.3282212349473888
0.00012512207031249999 1.3272422014628287
0.00012542724609374998 1.3262679224429634
0.000125732421875 1.3252983632679585
0.00012603759765625002 1.3243334896532801
0.00012634277343750002 1.3233732676456469
0.00012664794921875001 1.3224176636190372
0.000126953125 1.3214666442707568
0.00012725830078125 1.320520176617562
0.00012756347656249999 1.3195782279918375
0.00012786865234374998 1.3186407660378316
0.00012817382812500001 1.3177077587079422
0.00012847900390625003 1.3167791742590573
0.00012878417968750002 1.3158549812489477
0.00012908935546875001 1.3149351485327103
0.00012939453125000001 1.3140196452592616
0.00012969970703125 1.3131084408678813
0.00013000488281249999 1.3122015050848046
0.00013031005859374999 1.3112988079198609
0.00013061523437500001 1.3104003196631626
0.00013092041015625003 1.3095060108818364
0.00013122558593750002 1.3086158524168039
0.00013153076171875002 1.307729815379604
0.00013183593750000001 1.3068478711492619
0.00013214111328125 1.3059699913691993
0.0001324462890625 1.3050961479441892
0.00013275146484374999 1.3042263130373515
0.00013305664062500001 1.3033604590671899
0.00013336181640625003 1.3024985587046709
0.00013366699218750002 1.301640584870341
0.00013397216796875002 1.3007865107314838
0.00013427734375000001 1.2999363096993179
0.00013458251953125 1.2990899554262285
0.0001348876953125 1.2982474218030418
0.00013519287109374999 1.2974086829563327
0.00013549804687500001 1.2965737132457691
0.00013580322265625003 1.2957424872614949
0.00013610839843750003 1.2949149798215447
0.00013641357421875002 1.2940911659692946
0.00013671875000000001 1.2932710209709484
0.00013702392578125001 1.2924545203130553
0.0001373291015625 1.2916416397000614
0.00013763427734374999 1.2908323550518954
0.00013793945312500001 1.2900266425015827
0.00013824462890625003 1.2892244783928954
0.00013854980468750003 1.2884258392780308
0.00013885498046875002 1.2876307019153201
0.00013916015625000002 1.286839043266969
0.00013946533203125001 1.2860508404968267
0.0001397705078125 1.2852660709681856
0.00014007568359375 1.2844847122416068
0.00014038085937500002 1.2837067420727772
0.00014068603515625004 1.2829321384103938
0.00014099121093750003 1.2821608793940729
0.00014129638671875002 1.2813929433522901
0.00014160156250000002 1.2806283088003441
0.00014190673828125001 1.2798669544383481
0.0001422119140625 1.2791088591492477
0.00014251708984375 1.2783540019968616
0.00014282226562500002 1.277602362223951
0.00014312744140625004 1.2768539192503108
0.00014343261718750003 1.2761086526708869
0.00014373779296875003 1.275366542253916
0.00014404296875000002 1.2746275679390908
0.00014434814453125001 1.2738917098357472
0.00014465332031250001 1.2731589482210746
0.00014495849609375 1.2724292635383492
0.00014526367187500002 1.2717026363951895
0.00014556884765625004 1.2709790475618339
0.00014587402343750003 1.2702584779694388
0.00014617919921875003 1.2695409087083995
0.00014648437500000002 1.2688263210266915
0.00014678955078125002 1.2681146963282324
0.00014709472656250001 1.2674060161712637
0.00014739990234375 1.2667002622667538
0.00014770507812500002 1.2659974164768206
0.00014801025390625004 1.265297460813172
0.00014831542968750004 1.2646003774355685
0.00014862060546875003 1.2639061486503016
0.00014892578125000002 1.263214756908694
0.00014923095703125002 1.2625261848056146
0.00014953613281250001 1.2618404150780169
0.00014984130859375 1.2611574306034883
0.00015014648437500002 1.2604772143988239
0.00015045166015625005 1.2597997496186133
0.00015075683593750004 1.2591250195538461
0.00015106201171875003 1.2584530076305345
0.00015136718750000003 1.2577836974083514
0.00015167236328125002 1.2571170725792866
0.00015197753906250001 1.256453116966318
0.00015228271484375001 1.2557918145220985
0.00015258789062500003 1.2551331493276603
0.00015289306640625005 1.2544771055911332
0.00015319824218750004 1.2538236676464782
0.00015350341796875003 1.2531728199522374
0.00015380859375000003 1.2525245470902977
0.00015411376953125002 1.2518788337646698
0.00015441894531250002 1.2512356648002809
0.000155029296875 1.2499568998523751
0.00015563964843749999 1.2486881332193751
0.00015625 1.247429247733876
0.00015686035156250002 1.2461801280520899
0.000157470703125 1.2449406606185049
0.00015808105468749999 1.2437107336313624
0.00015869140624999998 1.2424902370089304
0.00015930175781249997 1.2412790623565531
0.00015991210937499998 1.2400771029344553
0.00016052246093749999 1.2388842536262805
0.00016113281249999998 1.237700410908344
0.00016174316406249997 1.2365254728195834
0.00016235351562499998 1.235359338932184
0.0001629638671875 1.234201910322869
0.00016357421874999998 1.233053089544828
0.00016418457031249997 1.2319127806002732
0.00016479492187499998 1.2307808889136069
0.0001654052734375 1.2296573213051816
0.00016601562499999998 1.2285419859656375
0.00016662597656249997 1.2274347924308078
0.00016723632812499999 1.2263356515571699
0.0001678466796875 1.2252444754978351
0.00016845703124999999 1.2241611776790571
0.00016906738281249997 1.2230856727772523
0.00016967773437499999 1.2220178766965148
0.0001702880859375 1.2209577065466146
0.00017089843749999999 1.2199050806214677
0.00017150878906249998 1.2188599183780666
0.00017211914062499999 1.2178221404158567
0.0001727294921875 1.2167916684565536
0.00017333984374999999 1.2157684253243839
0.00017395019531249998 1.2147523349267431
0.00017456054687499999 1.2137433222352576
0.00017517089843750001 1.2127413132672473
0.00017578124999999999 1.2117462350675678
0.00017639160156249998 1.210758015690836
0.00017700195312499999 1.2097765841840173
0.00017761230468750001 1.2088018705693773
0.00017822265625 1.2078338058277809
0.00017883300781249998 1.2068723218823336
0.000179443359375 1.2059173515823569
0.00018005371093750001 1.2049688286876901
0.0001806640625 1.2040266878533101
0.00018127441406249998 1.2030908646142608
0.000181884765625 1.2021612953708882
0.00018249511718750001 1.2012379173743692
0.00018310546875 1.2003206687125325
0.00018371582031249999 1.1994094882959589
0.000184326171875 1.1985043158443613
0.00018493652343750002 1.1976050918732317
0.000185546875 1.1967117576807531
0.00018615722656249999 1.1958242553349681
0.000186767578125 1.1949425276611998
0.00018737792968750002 1.194066518229719
0.00018798828125 1.193196171343649
0.00018859863281249999 1.192331432027109
0.00018920898437500001 1.1914722460135847
0.00018981933593750002 1.190618559734522
0.00019042968750000001 1.1897703203081447
0.00019104003906249999 1.1889274755284811
0.00019165039062500001 1.1880899738546042
0.00019226074218750002 1.1872577644000748
0.00019287109375000001 1.1864307969225854
0.0001934814453125 1.1856090218138016
0.00019409179687500001 1.1847923900893926
0.00019470214843750002 1.1839808533792517
0.00019531250000000001 1.1831743639178982
0.0001959228515625 1.1823728745350597
0.00019653320312500001 1.1815763386464302
0.00019714355468750003 1.1807847102445992
0.00019775390625000001 1.1799979438901491
0.0001983642578125 1.1792159947029157
0.00019897460937500001 1.1784388183534127
0.00019958496093750003 1.1776663710544102
0.00020019531250000002 1.1768986095526686
0.0002008056640625 1.1761354911208237
0.00020141601562500002 1.1753769735494193
0.00020202636718750003 1.1746230151390824
0.00020263671875000002 1.1738735746928428
0.0002032470703125 1.1731286115085882
0.00020385742187500002 1.1723880853716568
0.00020446777343750003 1.1716519565475627
0.00020507812500000002 1.1709201857748486
0.00020568847656250001 1.1701927342580689
0.00020629882812500002 1.1694695636608958
0.00020690917968750003 1.1687506360993476
0.00020751953125000002 1.1680359141351362
0.00020812988281250001 1.1673253607691323
0.00020874023437500002 1.1666189394349455
0.00020935058593750004 1.1659166139926154
0.00020996093750000002 1.165218348722413
0.00021057128906250001 1.1645241083187521
0.00021118164062500002 1.1638338578842027
0.00021179199218750004 1.163147562923611
0.00021240234375000003 1.1624651893383195
0.00021301269531250001 1.1617867034204861
0.000213623046875 1.1611120718475008
0.00021423339843749999 1.1604412616764987
0.00021484375 1.1597742403389661
0.00021545410156250002 1.1591109756354365
0.000216064453125 1.1584514357302806
0.00021667480468749999 1.157795589146579
0.00021728515624999998 1.1571434047610867
0.00021789550781249996 1.1564948517992777
0.00021850585937499998 1.1558498998304758
0.00021911621093749999 1.1552085187630654
0.00021972656249999998 1.1545706788397823
0.00022033691406249997 1.153936350633082
0.00022094726562499998 1.1533055050405865
0.00022155761718749999 1.1526781132806057
0.00022216796874999998 1.1520541468877312
0.00022277832031249997 1.1514335777085047
0.00022338867187499998 1.1508163778971554
0.0002239990234375 1.1502025199114092
0.00022460937499999998 1.1495919765083644
0.00022521972656249997 1.1489847207404353
0.00022583007812499998 1.1483807259513612
0.0002264404296875 1.1477799657722805
0.00022705078124999998 1.1471824141178681
0.00022766113281249997 1.1465880451825341
0.00022827148437499999 1.1459968334366839
0.0002288818359375 1.1454087536230391
0.00022949218749999999 1.1448237807530153
0.00023010253906249997 1.1442418901031592
0.00023071289062499999 1.1436630572116417
0.0002313232421875 1.143087257874805
0.00023193359374999999 1.1425144681437676
0.00023254394531249998 1.1419446643210793
0.00023315429687499999 1.1413778229574314
0.0002337646484375 1.1408139208484156
0.00023437499999999999 1.1402529350313371
0.00023498535156249998 1.1396948427820739
0.00023559570312499999 1.1391396216119873
0.00023620605468750001 1.1385872492648801
0.00023681640624999999 1.1380377037139988
0.00023742675781249998 1.1374909631590877
0.00023803710937499999 1.1369470060234825
0.00023864746093750001 1.1364058109512525
0.0002392578125 1.1358673568043842
0.00023986816406249998 1.1353316226600096
0.000240478515625 1.1347985878076758
0.00024108886718750001 1.1342682317466553
0.00024169921875 1.1337405341832998
0.00024230957031249998 1.1332154750284296
0.000242919921875 1.1326930343947672
0.00024353027343750001 1.1321731925944063
0.000244140625 1.1316559301363194
0.00024475097656249999 1.1311412277239032
0.00024536132812499997 1.1306290662525607
0.00024597167968749996 1.130119426807318
0.00024658203125 1.1296122906604793
0.00024719238281250004 1.1291076392693127
0.00024780273437500003 1.1286054542737736
0.00024841308593750002 1.1281057174942601
0.0002490234375 1.127608410929402
0.00024963378906249999 1.1271135167538811
0.00025024414062499998 1.1266210173162852
0.00025085449218749997 1.1261308951369915
0.00025146484375000001 1.1256431329060828
0.00025207519531250005 1.125157713481292
0.00025268554687500003 1.1246746198859785
0.00025329589843750002 1.1241938353071308
0.00025390625000000001 1.1237153430934019
0.00025512695312499998 1.1227651699526264
0.00025634765625000001 1.1218239704131767
0.00025756835937500004 1.1208916168899901
0.00025878906250000001 1.1199679842052688
0.00026000976562499999 1.1190529495319717
0.00026123046875000002 1.1181463923388901
0.00026245117187500004 1.1172481943372568
0.00026367187500000002 1.1163582394288372
0.00026489257812499999 1.1154764136554558
0.00026611328125000002 1.1146026051499129
0.00026733398437500005 1.1137367040882464
0.00026855468750000002 1.1128786026432917
0.000269775390625 1.1120281949395086
0.00027099609375000002 1.111185377009023
0.00027221679687500005 1.1103500467488563
0.00027343750000000003 1.1095221038792968
0.000274658203125 1.108701449903384
0.00027587890625000003 1.1078879880674655
0.00027709960937500006 1.1070816233227991
0.00027832031250000003 1.1062822622881652
0.000279541015625 1.1054898132134561
0.00028076171875000003 1.104704185944219
0.00028198242187500006 1.1039252918871165
0.00028320312500000003 1.1031530439762833
0.00028442382812500001 1.102387356640546
0.00028564453125000004 1.1016281457714872
0.00028686523437500007 1.1008753286923212
0.00028808593750000004 1.1001288241275649
0.00028930664062500001 1.0993885521734721
0.00029052734375000004 1.0986544342692177
0.00029174804687500007 1.097926393168801
0.00029296875000000004 1.0972043529136557
0.00029418945312500002 1.096488238805938
0.00029541015625000005 1.0957779773824792
0.00029663085937500007 1.0950734963893807
0.00029785156250000005 1.0943747247572344
0.00029907226562500002 1.0936815925769492
0.00030029296875000005 1.0929940310761663
0.00030151367187500008 1.09231197259625
0.00030273437500000005 1.0916353505698329
0.00030395507812500003 1.0909640994989023
0.00030517578125000005 1.0902981549334143
0.00030639648437500008 1.089637453450417
0.00030761718750000006 1.0889819326336723
0.00030883789062500003 1.0883315310537593
0.00031005859375 1.0876861882486506
0.00031127929687499998 1.0870458447047417
0.00031250000000000001 1.0864104418383289
0.00031372070312500003 1.085779921977517
0.00031494140625000001 1.0851542283445483
0.00031616210937499998 1.0845333050385417
0.00031738281249999996 1.0839170970186303
0.00031860351562499993 1.0833055500874842
0.00031982421874999996 1.0826986108752148
0.00032104492187499999 1.082096226823642
0.00032226562499999996 1.0814983461709222
0.00032348632812499993 1.0809049179365222
0.00032470703124999996 1.0803158919065341
0.00032592773437499999 1.0797312186193173
0.00032714843749999997 1.079150849351465
0.00032836914062499994 1.0785747361040823
0.00032958984374999997 1.0780028315893688
0.000330810546875 1.0774350892174989
0.00033203124999999997 1.0768714630837914
0.00033325195312499994 1.0763119079561616
0.00033447265624999997 1.0757563792628466
0.000335693359375 1.0752048330804005
0.00033691406249999997 1.0746572261219485
0.00033813476562499995 1.0741135157256978
0.00033935546874999998 1.0735736598436934
0.000340576171875 1.0730376170308191
0.00034179687499999998 1.0725053464340317
0.00034301757812499995 1.0719768077818252
0.00034423828124999998 1.0714519613739215
0.00034545898437500001 1.0709307680711766
0.00034667968749999998 1.0704131892857025
0.00034790039062499996 1.0698991869711951
0.00034912109374999998 1.0693887236134667
0.00035034179687500001 1.068881762221175
0.00035156249999999999 1.0683782663167474
0.00035278320312499996 1.0678781999274896
0.00035400390624999999 1.0673815275768836
0.00035522460937500002 1.0668882142760605
0.00035644531249999999 1.0663982255154516
0.00035766601562499997 1.0659115272566075
0.00035888671874999999 1.065428085924188
0.00036010742187500002 1.0649478683981108
0.000361328125 1.0644708420058633
0.00036254882812499997 1.063996974514966
0.00036376953125 1.06352623412559
0.00036499023437500003 1.0630585894633227
0.0003662109375 1.0625940095720765
0.00036743164062499997 1.0621324639071408
0.00036865234375 1.0616739223283702
0.00036987304687500003 1.0612183550935093
0.00037109375 1.0607657328516482
0.00037231445312499998 1.0603160266368066
0.00037353515625000001 1.0598692078616447
0.00037475585937500003 1.0594252483112963
0.00037597656250000001 1.0589841201373216
0.00037719726562499998 1.0585457958517788
0.00037841796875000001 1.0581102483214091
0.00037963867187500004 1.0576774507619342
0.00038085937500000001 1.0572473767324642
0.00038208007812499999 1.0568200001300121
0.00038330078125000002 1.0563952951841125
0.00038452148437500004 1.0559732364515444
0.00038574218750000002 1.055553798811153
0.00038696289062499999 1.0551369574587692
0.00038818359375000002 1.0547226879022265
0.00038940429687500005 1.0543109659564696
0.00039062500000000002 1.0539017677387568
0.000391845703125 1.0534950696639507
0.00039306640625000002 1.0530908484398964
0.00039428710937500005 1.0526890810628875
0.00039550781250000003 1.0522897448132134
0.000396728515625 1.0518928172507909
0.00039794921875000003 1.0514982762108751
0.00039916992187500006 1.0511060997998494
0.00040039062500000003 1.0507162663910927
0.000401611328125 1.0503287546209219
0.00040283203125000003 1.0499435433846065
0.00040405273437500006 1.0495606118324592
0.00040527343750000003 1.0491799393659931
0.00040649414062500001 1.0488015056341506
0.00040771484375000004 1.0484252905295994
0.00040893554687500007 1.0480512741850951
0.00041015625000000004 1.0476794369699074
0.00041137695312500001 1.0473097594863121
0.00041259765625000004 1.046942222566144
0.00041503906250000004 1.0462134948709658
0.00041748046875000005 1.0454931050030494
0.00041992187500000005 1.0447809075434269
0.00042236328125000005 1.0440767604354189
0.00042480468750000005 1.0433805248880159
0.00042724609375 1.0426920652825746
0.0004296875 1.0420112490826927
0.00043212890625 1.0413379467471413
0.00043457031249999995 1.0406720316457294
0.00043701171874999995 1.0400133799779911
0.00043945312499999996 1.0393618706945813
0.00044189453124999996 1.0387173854212786
0.00044433593749999996 1.0380798083854925
0.00044677734374999996 1.0374490263451805
0.00044921874999999997 1.0368249285200835
0.00045166015624999997 1.0362074065251907
0.00045410156249999997 1.035596354306352
0.00045654296874999997 1.0349916680779543
0.00045898437499999997 1.0343932462625895
0.00046142578124999998 1.0338009894326352
0.00046386718749999998 1.0332148002536818
0.00046630859374999998 1.0326345834297368
0.00046874999999999998 1.03206024565014
0.00047119140624999998 1.0314916955381315
0.00047363281249999999 1.0309288436010067
0.00047607421874999999 1.0303716021818099
0.00047851562499999999 1.029819885412502
0.00048095703124999999 1.0292736091685573
0.0004833984375 1.0287326910249346
0.00048583984375 1.0281970502133779
0.00048828125 1.0276666075809961
0.00049072265624999995 1.0271412855500794
0.0004931640625 1.0266210080791098
0.00049560546875000006 1.0261057006249248
0.00049804687500000001 1.0255952901059917
0.00050048828124999996 1.0250897048667589
0.00050292968750000001 1.0245888746430447
0.00050537109375000007 1.0240927305284284
0.00050781250000000002 1.0236012049416132
0.00051025390624999997 1.0231142315947241
0.00051269531250000002 1.0226317454625118
0.00051513671875000008 1.0221536827524322
0.00051757812500000003 1.0216799808755757
0.00052001953124999997 1.0212105784184087
0.00052246093750000003 1.0207454151153157
0.00052490234375000009 1.0202844318219011
0.00052734375000000003 1.0198275704890354
0.00052978515624999998 1.0193747741376193
0.00053222656250000004 1.0189259868340412
0.0005346679687500001 1.0184811536663076
0.00053710937500000004 1.0180402207208252
0.00053955078124999999 1.0176031350598111
0.00054199218750000005 1.0171698446993171
0.0005444335937500001 1.0167402985878415
0.00054687500000000005 1.016314446585517
0.00054931640625 1.015892239443851
0.00055175781250000006 1.0154736287860058
0.00055419921875000011 1.0150585670875985
0.00055664062500000006 1.014647007658007
0.00055908203125000001 1.0142389046221658
0.00056152343750000007 1.0138342129028368
0.00056396484375000012 1.0134328882033392
0.00056640625000000007 1.0130348869907286
0.00056884765625000002 1.0126401664794065
0.00057128906250000007 1.0122486846151519
0.00057373046875000013 1.0118604000595606
0.00057617187500000008 1.011475272174879
0.00057861328125000003 1.011093261009222
0.00058105468750000008 1.0107143272821653
0.00058349609375000014 1.0103384323706968
0.00058593750000000009 1.0099655382955213
0.00058837890625000003 1.0095956077077046
0.00059082031250000009 1.0092286038756513
0.00059326171875000015 1.0088644906723998
0.0005957031250000001 1.0085032325632344
0.00059814453125000004 1.0081447945935973
0.0006005859375000001 1.0077891423772978
0.00060302734375000016 1.0074362420850056
0.0006054687500000001 1.0070860604330252
0.00060791015625000005 1.0067385646723388
0.00061035156250000011 1.0063937225779123
0.00061279296875000016 1.0060515024382579
0.00061523437500000011 1.0057118730452446
0.00061767578125000006 1.0053748036841503
0.00062011718750000001 1.0050402641239491
0.00062255859374999996 1.0047082246078274
0.00062500000000000001 1.0043786558439214
0.00062744140625000007 1.0040515289962708
0.00062988281250000002 1.0037268156759858
0.00063232421874999997 1.0034044879326138
0.00063476562499999991 1.0030845182457091
0.00063720703124999986 1.0027668795165954
0.00063964843749999992 1.0024515450603162
0.00064208984374999997 1.0021384885977696
0.00064453124999999992 1.001827684248022
0.00064697265624999987 1.0015191065207951
0.00064941406249999993 1.0012127303091227
0.00065185546874999998 1.000908530882173
0.00065429687499999993 1.0006064838782307
0.00065673828124999988 1.0003065652978362
0.00065917968749999993 1.0000087514970777
0.00066162109374999999 0.99971301918103062
0.00066406249999999994 0.99941934539734212
0.00066894531249999994 0.99883808329298573
0.00067382812499999995 0.99826478818162068
0.00067871093749999995 0.99769928815445041
0.00068359374999999996 0.99714141621435504
0.00068847656249999996 0.9965910101017188
0.00069335937499999997 0.99604791212761679
0.00069824218749999997 0.99551196901399996
0.00070312499999999997 0.99498303174054015
0.00070800781249999998 0.9944609553978121
0.00071289062499999998 0.99394559904650881
0.00071777343749999999 0.99343682558240398
0.00072265624999999999 0.99293450160678809
0.0007275390625 0.9924384973021223
0.000732421875 0.99194868631266597
0.0007373046875 0.9914649456298481
0.00074218750000000001 0.99098715548216221
0.00074707031250000001 0.99051519922938092
0.00075195312500000002 0.99004896326088998
0.00075683593750000002 0.98958833689795989
0.00076171875000000003 0.98913321229977424
0.00076660156250000003 0.98868348437305098
0.00077148437500000003 0.98823905068509499
0.00077636718750000004 0.98779981138013162
0.00078125000000000004 0.98736566909877821
0.00078613281250000005 0.98693652890051586
0.00079101562500000005 0.98651229818903408
0.00079589843750000006 0.98609288664032169
0.00080078125000000006 0.98567820613338963
0.00080566406250000007 0.98526817068351302
0.00081054687500000007 0.98486269637788548
0.00081542968750000007 0.98446170131358579
0.00082031250000000008 0.98406510553775994
0.00082519531250000008 0.98367283098992675
0.00083007812500000009 0.98328480144631991
0.00083496093750000009 0.98290094246618276
0.0008398437500000001 0.98252118133993682
0.0008447265625000001 0.98214544703914719
0.0008496093750000001 0.98177367016821482
0.0008544921875 0.98140578291772318
0.000859375 0.98104171901937631
0.00086425781250000001 0.98068141370246509
0.0008691406249999999 0.9803248036517993
0.00087402343749999991 0.97997182696705121
0.00087890624999999991 0.9796224231234536
0.00088378906249999992 0.97927653293380101
0.00088867187499999992 0.97893409851170354
0.00089355468749999993 0.97859506323604517
0.00089843749999999993 0.97825937171660171
0.00090332031249999993 0.97792696976077298
0.00090820312499999994 0.97759780434138921
0.00091308593749999994 0.97727182356554931
0.00091796874999999995 0.97694897664445446
0.00092285156249999995 0.97662921386419876
0.00092773437499999996 0.97631248655748282
0.00093261718749999996 0.97599874707621548
0.00093749999999999997 0.97568794876497222
0.00094238281249999997 0.97538004593527827
0.00094726562499999997 0.97507499384068685
0.00095214843749999998 0.9747727486526252
0.00095703124999999998 0.97447326743697937
0.00096191406249999999 0.97417650813139156
0.00096679687499999999 0.97388242952324688
0.0009716796875 0.97359099122832249
0.0009765625 0.97330215367007811
0.0009814453124999999 0.97301587805956424
0.00098632812500000001 0.97273212637592743
0.00099121093750000012 0.9724508613474917
0.00099609375000000002 0.97217204643339605
0.0010009765624999999 0.97189564580577015
0.001005859375 0.97162162433242827
0.0010107421875000001 0.97134994756006587
0.001015625 0.97108058169793976
0.0010205078124999999 0.97081349360201774
0.001025390625 0.97054865075958052
0.0010302734375000002 0.97028602127426189
0.0010351562500000001 0.97002557385151156
0.0010400390624999999 0.96976727778446925
0.0010449218750000001 0.96951110294023191
0.0010498046875000002 0.96925701974650735
0.0010546875000000001 0.96900499917863625
0.0010595703125 0.96875501274697462
0.0010644531250000001 0.96850703248462167
0.0010742187500000001 0.96801698114267731
0.0010839843750000001 0.96753463142701168
0.0010937500000000001 0.9670597772448688
0.0011035156250000001 0.9665922197987824
0.0011132812500000001 0.96613176726660832
0.0011230468750000001 0.96567823449824852
0.0011328125000000001 0.96523144272806338
0.0011425781250000001 0.9647912193020316
0.0011523437500000002 0.96435739741878357
0.0011621093750000002 0.96392981588369087
0.0011718750000000002 0.96350831887525312
0.0011816406250000002 0.96309275572306674
0.0011914062500000002 0.96268298069671543
0.0012011718750000002 0.96227885280495706
0.0012109375000000002 0.9618802356046281
0.0012207031250000002 0.96148699701872098
0.0012304687500000002 0.96109900916312274
0.001240234375 0.96071614818154183
0.00125 0.96033829408817029
0.001259765625 0.95996533061766554
0.0012695312499999998 0.95959714508205562
0.0012792968749999998 0.95923362823419767
0.0012890624999999998 0.95887467413744443
0.0012988281249999999 0.95852018004118889
0.0013085937499999999 0.95817004626198221
0.0013183593749999999 0.95782417606993553
0.0013281249999999999 0.95748247558013344
0.0013378906249999999 0.95714485364880175
0.0013476562499999999 0.95681122177399225
0.0013574218749999999 0.95648149400055182
0.0013671874999999999 0.95615558682916613
0.0013769531249999999 0.95583341912927289
0.0013867187499999999 0.9555149120556552
0.0013964843749999999 0.95519998896853431
0.0014062499999999999 0.95488857535699179
0.001416015625 0.95458059876556089
0.00142578125 0.9542759887238339
0.001435546875 0.95397467667894387
0.0014453125 0.9536765959307818
0.001455078125 0.95338168156982439
0.00146484375 0.95308987041744764
0.001474609375 0.95280110096861215
0.001484375 0.95251531333681094
0.001494140625 0.95223244920117667
0.00150390625 0.95195245175564858
0.001513671875 0.95167526566010863
0.0015234375000000001 0.95140083699339506
0.0015332031250000001 0.95112911320811322
0.0015429687500000001 0.95086004308716254
0.0015527343750000001 0.95059357670190225
0.0015625000000000001 0.9503296653718879
0.0015722656250000001 0.95006826162610691
0.0015820312500000001 0.94980931916565114
0.0015917968750000001 0.94955279282776162
0.0016015625000000001 0.94929863855119123
0.0016113281250000001 0.9490468133428247
0.0016210937500000001 0.94879727524550572
0.0016308593750000001 0.94854998330702123
0.0016406250000000002 0.94830489755019143
0.0016503906250000002 0.94806197894402322
0.0016601562500000002 0.94782118937588078
0.0016699218750000002 0.94758249162463359
0.0016796875000000002 0.94734584933473964
0.0016894531250000002 0.94711122699122952
0.0016992187500000002 0.94687858989555118
0.001708984375 0.9466479041422442
0.00171875 0.94641913659640853
0.0017382812499999998 0.94596722731048399
0.0017578124999999998 0.9455226115607468
0.0017773437499999998 0.94508504987986441
0.0017968749999999999 0.94465431321184923
0.0018164062499999999 0.94423018235230938
0.0018359374999999999 0.94381244742442771
0.0018554687499999999 0.94340090738803606
0.0018749999999999999 0.94299536957937435
0.0018945312499999999 0.94259564927931583
0.0019140625 0.94220156930802978
0.00193359375 0.94181295964420852
0.001953125 0.9414296570671411
0.00197265625 0.94105150482005051
0.0019921875 0.94067835229323438
0.0020117187500000001 0.94031005472566265
0.0020312500000000001 0.93994647292379208
0.0020507812500000001 0.93958747299644774
0.0020703125000000001 0.93923292610471143
0.0020898437500000001 0.93888270822583464
0.0021093750000000001 0.938536699930268
0.0021289062500000002 0.93819478617096408
0.0021484375000000002 0.93785685608417302
0.0021679687500000002 0.93752280280100542
0.0021875000000000002 0.93719252326909042
0.0022070312500000002 0.93686591808370356
0.0022265625000000002 0.93654289132778223
0.0022460937500000003 0.93622335042028793
0.0022656250000000003 0.9359072059724125
0.0022851562500000003 0.93559437165115789
0.0023046875000000003 0.93528476404985295
0.0023242187500000003 0.93497830256519854
0.0023437500000000003 0.93467490928045982
0.0023632812500000004 0.93437450885445206
0.0023828125000000004 0.93407702841598517
0.0024023437500000004 0.9337823974634567
0.0024218750000000004 0.9334905477693054
0.0024414062500000004 0.93320141328904804
0.0024609375000000005 0.93291493007465054
0.00248046875 0.93263103619199028
0.0025000000000000001 0.93234967164218718
0.0025195312500000001 0.93207077828659557
0.0025390624999999997 0.93179429977525552
0.0025585937499999997 0.93152018147862314
0.0025781249999999997 0.93124837042240305
0.0025976562499999997 0.93097881522532133
0.0026171874999999997 0.93071146603968391
0.0026367187499999997 0.93044627449457806
0.0026562499999999998 0.93018319364157853
0.0026757812499999998 0.92992217790283194
0.0026953124999999998 0.92966318302139894
0.0027148437499999998 0.9294061660137386
0.0027343749999999998 0.92915108512423061
0.0027734374999999999 0.92864657055737188
0.0028124999999999999 0.92814932822490426
0.0028515624999999999 0.92765906407448895
0.002890625 0.92717549994577442
0.0029296875 0.92669837251093257
0.00296875 0.92622743229883531
0.0030078125000000001 0.92576244279526987
0.0030468750000000001 0.92530317961236919
0.0030859375000000001 0.92484942972112205
0.0031250000000000002 0.92440099074144588
0.0031640625000000002 0.92395767028484643
0.0032031250000000002 0.92351928534517591
0.0032421875000000003 0.92308566173343221
0.0032812500000000003 0.92265663355292993
0.0033203125000000003 0.92223204271151782
0.0033593750000000004 0.92181173846782838
0.0033984375000000004 0.92139557700881924
0.0034375 0.92098342105611963
0.0034765624999999996 0.92057513949891545
0.0035156249999999997 0.92017060705130704
0.0035546874999999997 0.91976970393226132
0.0035937499999999997 0.91937231556643384
0.0036328124999999998 0.91897833230429504
0.0036718749999999998 0.91858764916011892
0.0037109374999999998 0.91820016556652106
0.0037499999999999999 0.91781578514433737
0.0037890624999999999 0.91743441548673754
0.0038281249999999999 0.91705596795655564
0.0038671875 0.91668035749590393
0.00390625 0.91630750244720938
0.0039453125 0.9159373243848834
0.0039843750000000001 0.91556974795689039
0.0040234375000000001 0.91520470073554816
0.0040625000000000001 0.91484211307693419
0.0041015625000000002 0.91448191798832712
0.0041406250000000002 0.91412405100315031
0.0041796875000000002 0.91376845006292839
0.0042187500000000003 0.91341505540580248
0.0042578125000000003 0.91306380946118149
0.0042968750000000003 0.91271465675013896
0.0043359375000000004 0.91236754379119611
0.0043750000000000004 0.91202241901114922
0.0044140625000000005 0.91167923266063511
0.0044531250000000005 0.91133793673413754
0.0045312500000000006 0.91066083239937412
0.0046093750000000006 0.90999075405474883
0.0046875000000000007 0.90932737318515811
0.0047656250000000008 0.90867038279146173
0.0048437500000000008 0.90801949565534623
0.0049218750000000009 0.90737444276943968
0.0050000000000000001 0.90673497191460262
0.0050781249999999993 0.90610084636854726
0.0051562499999999994 0.9054718437318533
0.0052343749999999994 0.90484775485911806
0.0053124999999999995 0.90422838288441576
0.0053906249999999996 0.9036135423315006
0.0054687499999999997 0.90300305830027683
0.0055468749999999997 0.9023967657220191
0.0056249999999999998 0.90179450867665667
0.0057031249999999999 0.90119613976617219
0.0057812499999999999 0.90060151953880507
0.005859375 0.90001051595931947
0.0059375000000000001 0.89942300392109242
0.0060156250000000001 0.89883886479622155
0.0060937500000000002 0.89825798602023954
0.0061718750000000003 0.89768026070837004
0.0062500000000000003 0.89710558730056289
0.0063281250000000004 0.89653386923282485
0.0064062500000000005 0.89596501463259759
0.0064843750000000006 0.89539893603615783
0.0065625000000000006 0.89483555012620231
0.0066406250000000007 0.89427477748795681
0.0067187500000000008 0.89371654238230003
0.0067968750000000008 0.89316077253453519
0.006875 0.89260739893756269
0.0069531249999999992 0.89205635566832187
0.0070312499999999993 0.89150757971647099
0.0071093749999999994 0.89096101082436174
0.0071874999999999994 0.89041659133745177
0.0072656249999999995 0.88987426606436604
0.0073437499999999996 0.88933398214589232
0.0074218749999999997 0.88879568893224947
0.0074999999999999997 0.88825933786802658
0.0075781249999999998 0.88772488238423986
0.0076562499999999999 0.88719227779699739
0.0078125 0.88613245143659269
0.0079687500000000001 0.88507953553983321
0.0081250000000000003 0.88403323148926338
0.0082812500000000004 0.88299326297381153
0.0084375000000000006 0.88195937392377566
0.0085937500000000007 0.88093132667108498
0.0087500000000000008 0.87990890030667335
0.008906250000000001 0.87889188921076222
0.0090625000000000011 0.87788010173518249
0.0092187500000000012 0.87687335901969576
0.0093750000000000014 0.87587149392668517
0.0095312500000000015 0.87487435008062864
0.0096875000000000017 0.87388178100052649
0.0098437500000000018 0.87289364931495483
0.01 0.87190982605070666
0.010156249999999999 0.87093018998709759
0.010312499999999999 0.86995462706896909
0.010468749999999999 0.86898302987225973
0.010624999999999999 0.86801529711673064
0.010781249999999999 0.86705133322106231
0.010937499999999999 0.8660910478960866
0.011093749999999999 0.86513435577239128
0.01125 0.86418117605895928
0.01140625 0.86323143222986287
0.0115625 0.86228505173636227
0.01171875 0.86134196574203403
0.011875 0.8604021088788123
0.01203125 0.8594654190220381
0.0121875 0.85853183708281189
0.012343750000000001 0.8576013068161179
0.012500000000000001 0.85667377464333772
0.012656250000000001 0.85574918948791079
0.012812500000000001 0.8548275026230201
0.012968750000000001 0.85390866753028738
0.013125000000000001 0.85299263976856221
0.013281250000000001 0.85207937685197144
0.013437500000000002 0.85116883813647815
0.013593750000000002 0.85026098471426237
0.01375 0.84935577931530326
0.013906249999999998 0.84845318621559684
0.014062499999999999 0.84755317115149076
0.014218749999999999 0.84665570123966849
0.014374999999999999 0.84576074490235009
0.014531249999999999 0.84486827179732016
0.014687499999999999 0.84397825275242044
0.014843749999999999 0.84309065970418073
0.014999999999999999 0.84220546564028342
0.01515625 0.84132264454558869
0.0153125 0.84044217135146237
0.01546875 0.83956402188817525
0.015625 0.83868817284015873
0.01578125 0.83781460170391675
0.0159375 0.83694328674841534
0.01609375 0.83607420697777735
0.016250000000000001 0.83520734209613057
0.016406250000000001 0.83434267247446359
0.016562500000000001 0.83348017911935779
0.016718750000000001 0.83261984364347175
0.016875000000000001 0.83176164823766707
0.017031250000000001 0.83090557564466594
0.017187500000000001 0.83005160913414666
0.017343750000000002 0.8291997324791851
0.017500000000000002 0.82834992993395806
0.017656250000000002 0.8275021862126295
0.017812500000000002 0.82665648646934853
0.017968750000000002 0.82581281627929104
0.018125000000000002 0.82497116162068096
0.018281250000000002 0.82413150885773356
0.018437500000000002 0.82329384472446598
0.018593750000000003 0.82245815630932406
0.018750000000000003 0.8216244310405767
0.018906250000000003 0.82079265667243562
0.019062500000000003 0.81996282127185616
0.019218750000000003 0.81913491320598331
0.019375000000000003 0.8183089211302027
0.019531250000000003 0.81748483397676774
0.019687500000000004 0.81666264094396612
0.01984375 0.81584233148579832
0.02 0.8150238953021407
0.020156250000000001 0.81420732232936432
0.020312499999999997 0.81339260273138825
0.020468749999999997 0.81257972689114133
0.020624999999999998 0.81176868540241209
0.020781249999999998 0.8109594690620664
0.020937499999999998 0.81015206886261315
0.021093749999999998 0.80934647598510079
0.021249999999999998 0.8085426817923258
0.021406249999999998 0.80774067782233949
0.021562499999999998 0.80694045578223705
0.021718749999999998 0.80614200754221343
0.021874999999999999 0.805345325129875
0.022031249999999999 0.80455040072479267
0.022187499999999999 0.80375722665328408
0.022343749999999999 0.8029657953834165
0.022499999999999999 0.80217609952021585
0.022656249999999999 0.80138813180107493
0.022812499999999999 0.80060188509134989
0.02296875 0.79981735238013596
0.023125 0.79903452677621489
0.02328125 0.79825340150416513
0.0234375 0.79747396990062702
0.02359375 0.79669622541071672
0.02375 0.79592016158458212
0.02390625 0.79514577207409176
0.024062500000000001 0.79437305062965491
0.024218750000000001 0.79360199109716278
0.024375000000000001 0.79283258741504847
0.024531250000000001 0.79206483361145796
0.024687500000000001 0.79129872380152955
0.024843750000000001 0.79053425218477513
0.025000000000000001 0.78977141304255949
0.025156250000000002 0.78901020073567385
0.025312500000000002 0.78825060970199878
0.025468750000000002 0.78749263445425255
0.025625000000000002 0.78673626957782328
0.025781250000000002 0.78598150972867775
0.025937500000000002 0.78522834963134702
0.026093750000000002 0.78447678407698396
0.026250000000000002 0.78372680792149019
0.026562500000000003 0.7822316035436796
0.026875000000000003 0.78074269657300244
0.027187500000000003 0.77926004801127102
0.0275 0.77778361973769061
0.027812499999999997 0.77631337446284165
0.028124999999999997 0.77484927568572459
0.028437499999999998 0.77339128765362586
0.028749999999999998 0.77193937532459533
0.029062499999999998 0.77049350433233588
0.029374999999999998 0.76905364095332585
0.029687499999999999 0.76761975207601041
0.029999999999999999 0.76619180517191143
0.030312499999999999 0.76476976826851528
0.030624999999999999 0.76335360992381496
0.0309375 0.76194329920238602
0.03125 0.76053880565289145
0.0315625 0.75914009928691539
0.031875000000000001 0.75774715055903541
0.032187500000000001 0.75635993034804705
0.032500000000000001 0.75497840993926624
0.032812500000000001 0.75360256100783474
0.033125000000000002 0.75223235560296509
0.033437500000000002 0.75086776613306028
0.033750000000000002 0.74950876535165556
0.034062500000000002 0.74815532634412585
0.034375000000000003 0.74680742251511234
0.034687500000000003 0.74546502757662236
0.035000000000000003 0.74412811553676006
0.035312500000000004 0.74279666068904859
0.035625000000000004 0.74147063760230947
0.035937500000000004 0.74015002111106176
0.036250000000000004 0.73883478630641364
0.036562500000000005 0.73752490852741359
0.036875000000000005 0.73622036335283592
0.037187500000000005 0.73492112659337439
0.037500000000000006 0.73362717428421975
0.037812500000000006 0.73233848267800106
0.038125000000000006 0.73105502823806545
0.038437500000000006 0.72977678763208365
0.038750000000000007 0.72850373772595578
0.039062500000000007 0.72723585557800619
0.039375000000000007 0.72597311843344881
0.039687500000000001 0.72471550371910731
0.040000000000000001 0.72346298903837869
0.040312500000000001 0.72221555216642508
0.040624999999999994 0.72097317104558223
0.040937499999999995 0.71973582378097212
0.041249999999999995 0.71850348863631153
0.041562499999999995 0.71727614402990236
0.041874999999999996 0.71605376853079805
0.042187499999999996 0.71483634085513448
0.042499999999999996 0.71362383986261702
0.042812499999999996 0.71241624455315822
0.043124999999999997 0.71121353406365428
0.043437499999999997 0.71001568766489798
0.043749999999999997 0.70882268475861743
0.044062499999999998 0.70763450487463686
0.044374999999999998 0.70645112766815177
0.044687499999999998 0.70527253291711456
0.044999999999999998 0.70409870051972367
0.045312499999999999 0.70292961049201208
0.045624999999999999 0.70176524296553
0.045937499999999999 0.70060557818511859
0.046249999999999999 0.69945059650676744
0.0465625 0.69830027839555608
0.046875 0.69715460442367116
0.0471875 0.6960135552684994
0.047500000000000001 0.69487711171079081
0.047812500000000001 0.69374525463288961
0.048125000000000001 0.69261796501702988
0.048437500000000001 0.69149522394369278
0.048750000000000002 0.69037701259002193
0.049062500000000002 0.68926331222829651
0.049375000000000002 0.68815410422445722
0.049687500000000002 0.68704937003668376
0.050000000000000003 0.68594909121402137
0.050312500000000003 0.68485324939505476
0.050625000000000003 0.68376182630662719
0.050937500000000004 0.68267480376260203
0.051250000000000004 0.68159216366266584
0.051562500000000004 0.68051388799117163
0.051875000000000004 0.67943995881601893
0.052187500000000005 0.67837035828757086
0.052500000000000005 0.67730506863760587
0.052812500000000005 0.67624407217830207
0.053125000000000006 0.67518735130125529
0.053437500000000006 0.6741348884765257
0.053750000000000006 0.67308666625171543
0.054062500000000006 0.67204266725107376
0.054375000000000007 0.67100287417462923
0.0546875 0.669967269797349
0.055 0.66893583696832071
0.055312500000000001 0.66790855860996223
0.055624999999999994 0.66688541771725007
0.055937499999999994 0.66586639735697351
0.056249999999999994 0.66485148066700828
0.056562499999999995 0.66384065085561128
0.056874999999999995 0.66283389120073499
0.057187499999999995 0.66183118504936078
0.057499999999999996 0.66083251581685021
0.057812499999999996 0.65983786698631508
0.058124999999999996 0.65884722210800262
0.058437499999999996 0.6578605647986987
0.058749999999999997 0.65687787874114512
0.059062499999999997 0.65589914768347402
0.059374999999999997 0.65492435543865446
0.059687499999999998 0.65395348588395508
0.059999999999999998 0.6529865229604197
0.060312499999999998 0.65202345067235468
0.060624999999999998 0.65106425308683114
0.060937499999999999 0.65010891433319751
0.061249999999999999 0.6491574186026049
0.061562499999999999 0.64820975014754234
0.061874999999999999 0.64726589328138506
0.0621875 0.64632583237795171
0.0625 0.64538955187107128
0.062812499999999993 0.64445703625416229
0.063125000000000001 0.64352827007981861
0.063437500000000008 0.64260323795940621
0.063750000000000001 0.64168192456266859
0.064062499999999994 0.64076431461733951
0.064375000000000002 0.639850392908766
0.064687500000000009 0.63894014427953749
0.065000000000000002 0.63803355362912395
0.065312499999999996 0.63713060591352078
0.065625000000000003 0.63623128614490088
0.06593750000000001 0.63533557939127505
0.066250000000000003 0.63444347077615693
0.066562499999999997 0.63355494547823643
0.066875000000000004 0.63266998873105829
0.067187500000000011 0.63178858582270792
0.067500000000000004 0.6309107220955017
0.067812499999999998 0.63003638294568476
0.068125000000000005 0.62916555382313244
0.068437500000000012 0.62829822023105908
0.068750000000000006 0.6274343677257308
0.069062499999999999 0.62657398191618352
0.069375000000000006 0.62571704846394616
0.069687500000000013 0.62486355308276909
0.070000000000000007 0.62401348153835579
0.0703125 0.62316681964810039
0.070625000000000007 0.622323553280829
0.070937500000000014 0.62148366835654523
0.071250000000000008 0.62064715084618027
0.071562500000000001 0.61981398677134569
0.071875000000000008 0.61898416220409203
0.072187500000000016 0.61815766326666932
0.072500000000000009 0.61733447613129266
0.072812500000000002 0.61651458701991024
0.073125000000000009 0.6156979822039752
0.073437500000000017 0.61488464800422182
0.07375000000000001 0.61407457079044259
0.074062500000000003 0.61326773698127113
0.074375000000000011 0.61246413304396596
0.074687500000000018 0.61166374549419911
0.075000000000000011 0.61086656089584623
0.075312500000000004 0.61007256586077974
0.075625000000000012 0.60928174704866545
0.075937500000000019 0.60849409116676145
0.076250000000000012 0.60770958496971905
0.076562500000000006 0.60692821525938723
0.076875000000000013 0.60614996888461858
0.07718750000000002 0.60537483274107873
0.077500000000000013 0.60460279377105675
0.077812500000000007 0.60383383896327869
0.078125000000000014 0.60306795535272362
0.078437500000000021 0.60230513002044117
0.078750000000000014 0.60154535009337096
0.079062500000000008 0.60078860274416501
0.079375000000000001 0.60003487519101117
0.079687499999999994 0.59928415469745944
0.080000000000000002 0.59853642857224909
0.080312500000000009 0.5977916841691383
0.080625000000000002 0.59704990888673604
0.080937499999999996 0.5963110901683345
0.081249999999999989 0.59557521550174386
0.081562499999999982 0.59484227241912935
0.081874999999999989 0.59411224849684874
0.082187499999999997 0.59338513135529225
0.08249999999999999 0.59266090865872345
0.082812499999999983 0.59193956811512272
0.083124999999999991 0.59122109747603024
0.083437499999999998 0.59050548453639307
0.083749999999999991 0.58979271713441073
0.084062499999999984 0.58908278315138474
0.084374999999999992 0.58837567051156758
0.084687499999999999 0.58767136718201451
0.084999999999999992 0.5869698611724351
0.085312499999999986 0.58627114053504736
0.085624999999999993 0.58557519336443242
0.0859375 0.58488200779739041
0.086249999999999993 0.5841915720127977
0.086562499999999987 0.58350387423146544
0.086874999999999994 0.58281890271599868
0.087187500000000001 0.58213664577065694
0.087499999999999994 0.58145709174121607
0.087812499999999988 0.58078022901483095
0.088124999999999995 0.58010604601989824
0.088437500000000002 0.57943453122592237
0.088749999999999996 0.57876567314338023
0.089062499999999989 0.5780994603235885
0.089374999999999996 0.57743588135857049
0.089687500000000003 0.57677492488092519
0.089999999999999997 0.57611657956369633
0.09031249999999999 0.57546083412024263
0.090624999999999997 0.57480767730410931
0.090937500000000004 0.57415709790889968
0.091249999999999998 0.5735090847681481
0.091562499999999991 0.57286362675519364
0.091874999999999998 0.57222071278305431
0.092187500000000006 0.57158033180430246
0.092499999999999999 0.5709424728109409
0.092812499999999992 0.57030712483427926
0.093124999999999999 0.56967427694481176
0.093437500000000007 0.56904391825209544
0.09375 0.56841603790462847
0.094062499999999993 0.56779062508973088
0.094375000000000001 0.56716766903342353
0.094687500000000008 0.5665471590003105
0.095000000000000001 0.56592908429345945
0.095312499999999994 0.56531343425428437
0.095625000000000002 0.56470019826242912
0.095937500000000009 0.56408936573564972
0.096250000000000002 0.5634809261296998
0.096562499999999996 0.56287486893821459
0.096875000000000003 0.56227118369259621
0.09718750000000001 0.5616698599619
0.097500000000000003 0.56107088735272104
0.097812499999999997 0.56047425550908092
0.098125000000000004 0.55987995411231561
0.098437500000000011 0.55928797288096366
0.098750000000000004 0.55869830157065459
0.099062499999999998 0.55811092997399847
0.099375000000000005 0.55752584792047566
0.099687500000000012 0.55694304527632688
0.10000000000000001 0.55636251194444442
0.1003125 0.55578423786426279
0.10062500000000001 0.55520821301165091
0.10093750000000001 0.55463442739880409
0.10125000000000001 0.55406287107413732
0.1015625 0.5534935341221775
0.10187500000000001 0.55292640666345794
0.10218750000000001 0.55236147885441189
0.10250000000000001 0.55179874088726755
0.1028125 0.55123818298994254
0.10312500000000001 0.55067979542593948
0.10343750000000002 0.55012356849424227
0.10375000000000001 0.54956949252921139
0.1040625 0.54901755790048146
0.10437500000000001 0.54846775501285805
0.10468750000000002 0.54792007430621459
0.10500000000000001 0.54737450625539119
0.1053125 0.54683104137009197
0.10562500000000001 0.54628967019478469
0.10593750000000002 0.54575038330859882
0.10625000000000001 0.54521317132522529
0.1065625 0.54467802489281658
0.10687500000000001 0.54414493469388647
0.10718750000000002 0.54361389144521066
0.10750000000000001 0.54308488589772774
0.10781250000000001 0.54255790883644028
0.10812500000000001 0.54203295108031613
0.10843750000000002 0.54151000348219092
0.10875000000000001 0.54098905692866994
0.10906250000000001 0.54047010234003057
0.109375 0.53995313067012529
0.10968749999999999 0.53943813290628539
0.11 0.53892510006922378
0.11031250000000001 0.53841402321293952
0.110625 0.53790489342462133
0.11093749999999999 0.53739770182455282
0.11124999999999999 0.53689243956601662
0.11156249999999998 0.5363890978352005
0.11187499999999999 0.53588766785110142
0.1121875 0.53538814086543252
0.11249999999999999 0.53489050816252826
0.11281249999999998 0.53439476105925132
0.11312499999999999 0.53390089090489912
0.1134375 0.53340888908111006
0.11374999999999999 0.53291874700177166
0.11406249999999998 0.53243045611292761
0.11437499999999999 0.53194400789268492
0.1146875 0.53145939385112317
0.11499999999999999 0.53097660553020176
0.11531249999999998 0.53049563450366866
0.11562499999999999 0.53001647237696969
0.1159375 0.52953911078715721
0.11624999999999999 0.52906354140279954
0.11656249999999999 0.52858975592389035
0.11687499999999999 0.52811774608175943
0.1171875 0.5276475036389815
0.11749999999999999 0.52717902038928754
0.11781249999999999 0.52671228815747517
0.11812499999999999 0.52624729879931953
0.1184375 0.52578404420148384
0.11874999999999999 0.52532251628143212
0.11906249999999999 0.5248627069873395
0.119375 0.5244046082980045
0.1196875 0.52394821222276156
0.12 0.5234935108013925
0.12031249999999999 0.52304049610403991
0.120625 0.52258916023111945
0.1209375 0.522139495313233
0.12125 0.52169149351108213
0.12156249999999999 0.52124514701538105
0.121875 0.52080044804677139
0.1221875 0.52035738885573435
0.1225 0.51991596172250676
0.12281249999999999 0.51947615895699462
0.123125 0.51903797289868681
0.12343750000000001 0.51860139591657162
0.12375 0.51816642040905103
0.12406249999999999 0.51773303880385513
0.124375 0.51730124355795881
0.12468750000000001 0.516871027157497
0.125 0.51644238211768023
0.12531249999999999 0.51601530098271087
0.12562499999999999 0.5155897763256998
0.12593749999999998 0.51516580074858276
0.12625 0.51474336688203637
0.12656250000000002 0.51432246738539589
0.12687500000000002 0.51390309494657238
0.12718750000000001 0.51348524228196912
0.1275 0.51306890213639988
0.1278125 0.51265406728300644
0.12812499999999999 0.51224073052317642
0.12843749999999998 0.51182888468646159
0.12875 0.51141852263049559
0.12906250000000002 0.51100963724091364
0.12937500000000002 0.51060222143126932
0.12968750000000001 0.5101962681429556
0.13 0.50979177034512235
0.1303125 0.50938872103459598
0.13062499999999999 0.50898711323579937
0.13093749999999998 0.50858694000067084
0.13125000000000001 0.50818819440858454
0.13156250000000003 0.50779086956626984
0.13187500000000002 0.5073949586077322
0.13218750000000001 0.50700045469417299
0.13250000000000001 0.50660735101391019
0.1328125 0.50621564078229953
0.13312499999999999 0.50582531724165469
0.13343749999999999 0.505436373661169
0.13375000000000001 0.50504880333683633
0.13406250000000003 0.50466259959137261
0.13437500000000002 0.50427775577413814
0.13468750000000002 0.50389426526105785
0.13500000000000001 0.50351212145454505
0.1353125 0.50313131778342235
0.135625 0.50275184770284453
0.13593749999999999 0.50237370469422105
0.13625000000000001 0.50199688226513839
0.13656250000000003 0.50162137394928319
0.13687500000000002 0.50124717330636526
0.13718750000000002 0.50087427392204054
0.13750000000000001 0.50050266940783494
0.1378125 0.5001323534010671
0.138125 0.49976331956477293
0.13843749999999999 0.49939556158762877
0.13875000000000001 0.49902907318387618
0.13906250000000003 0.49866384809324504
0.13937500000000003 0.49829988008087922
0.13968750000000002 0.49793716293725993
0.14000000000000001 0.49757569047813111
0.14031250000000001 0.49721545654442434
0.140625 0.49685645500218312
0.14093749999999999 0.49649867974248935
0.14125000000000001 0.49614212468138663
0.14156250000000004 0.49578678375980823
0.14187500000000003 0.49543265094350081
0.14218750000000002 0.49507972022295132
0.14250000000000002 0.49472798561331233
0.14281250000000001 0.49437744115432869
0.143125 0.49402808091026351
0.1434375 0.49367989896982456
0.14375000000000002 0.49333288944609122
0.14406250000000004 0.4929870464764412
0.14437500000000003 0.4926423642224772
0.14468750000000002 0.49229883686995379
0.14500000000000002 0.49195645862870546
0.14531250000000001 0.49161522373257338
0.145625 0.49127512643933297
0.1459375 0.49093616103062188
0.14625000000000002 0.49059832181186747
0.14656250000000004 0.49026160311221556
0.14687500000000003 0.48992599928445746
0.14718750000000003 0.48959150470495927
0.14750000000000002 0.4892581137735898
0.14781250000000001 0.48892582091364944
0.14812500000000001 0.48859462057179859
0.1484375 0.48826450721798725
0.14874999999999999 0.48793547534538328
0.14906249999999999 0.48760751947030212
0.14937499999999998 0.48728063413213574
0.14968749999999997 0.48695481389328299
0.14999999999999999 0.48663005333907794
0.15031250000000002 0.4863063470777208
0.15062500000000001 0.48598368974020795
0.1509375 0.48566207598026073
0.15125 0.48534150047425695
0.15156249999999999 0.48502195792116087
0.15187499999999998 0.48470344304245383
0.15218749999999998 0.4843859505820643
0.1525 0.48406947530629985
0.15281250000000002 0.48375401200377716
0.15312500000000001 0.48343955548535356
0.1534375 0.48312610058405847
0.15375 0.48281364215502387
0.15406249999999999 0.48250217507541704
0.15437499999999998 0.48219169424437158
0.155 0.48157367103392246
0.15562500000000001 0.48095953215348664
0.15625 0.4803492375799901
0.15687499999999999 0.47974274763531144
0.1575 0.47914002298413122
0.15812500000000002 0.47854102463178833
0.15875 0.47794571392214524
0.15937499999999999 0.47735405253546315
0.16 0.4767660024862842
0.16062500000000002 0.47618152612132508
0.16125 0.47560058611737649
0.16187499999999999 0.47502314547921359
0.16250000000000001 0.47444916753751354
0.16312500000000002 0.47387861594678282
0.16375000000000001 0.4733114546832925
0.16437499999999999 0.47274764804302255
0.16500000000000001 0.47218716063961341
0.16562500000000002 0.47162995740232883
0.16625000000000001 0.47107600357402335
0.166875 0.47052526470912193
0.16750000000000001 0.46997770667160532
0.16812500000000002 0.4694332956330054
0.16875000000000001 0.46889199807040804
0.169375 0.46835378076446432
0.17000000000000001 0.46781861079741111
0.17062500000000003 0.46728645555109805
0.17125000000000001 0.46675728270502437
0.171875 0.46623106023438299
0.17249999999999999 0.46570775640811379
0.17312499999999997 0.46518733978696336
0.17374999999999999 0.46466977922155495
0.174375 0.46415504385046491
0.17499999999999999 0.4636431030983077
0.17562499999999998 0.46313392667382969
0.17624999999999999 0.46262748456800928
0.176875 0.46212374705216697
0.17749999999999999 0.46162268467608236
0.17812499999999998 0.46112426826611885
0.17874999999999999 0.46062846892335657
0.17937500000000001 0.46013525802173438
0.17999999999999999 0.45964460720619771
0.18062499999999998 0.45915648839085521
0.18124999999999999 0.45867087375714377
0.18187500000000001 0.45818773575200056
0.1825 0.45770704708604343
0.18312499999999998 0.45722878073175854
0.18375 0.45675290992169548
0.18437500000000001 0.4562794081466725
0.185 0.4558082491539851
0.18562499999999998 0.45533940694562636
0.18625 0.45487285577651349
0.18687500000000001 0.45440857015272107
0.1875 0.4539465248297232
0.18812499999999999 0.45348669481064252
0.18875 0.45302905534450699
0.18937500000000002 0.45257358192451558
0.19 0.45212025028630842
0.19062499999999999 0.45166903640624723
0.19125 0.45121991649970233
0.19187500000000002 0.45077286701934738
0.1925 0.45032786465346064
0.19312499999999999 0.44988488632423412
0.19375000000000001 0.44944390918609223
0.19437500000000002 0.44900491062401371
0.19500000000000001 0.44856786825186423
0.19562499999999999 0.44813275991073653
0.19625000000000001 0.44769956366729446
0.19687500000000002 0.44726825781212798
0.19750000000000001 0.4468388208581146
0.198125 0.44641123153878653
0.19875000000000001 0.44598546880670631
0.19937500000000002 0.44556151183185072
0.20000000000000001 0.44513934000000005
0.200625 0.44471893291113473
0.20125000000000001 0.44430027037784148
0.20187500000000003 0.44388333242372302
0.20250000000000001 0.44346809928181863
0.203125 0.44305455139302891
0.20375000000000001 0.44264266940454977
0.20437500000000003 0.44223243416831215
0.20500000000000002 0.44182382673942955
0.205625 0.4414168283746519
0.20625000000000002 0.44101142053082848
0.20687500000000003 0.44060758486337498
0.20750000000000002 0.44020530322474977
0.208125 0.43980455766293647
0.20874999999999999 0.43940533041993335
0.20937499999999998 0.43900760393024996
0.20999999999999999 0.43861136081941138
0.21062500000000001 0.43821658390246765
0.21124999999999999 0.43782325618251117
0.21187499999999998 0.43743136084920264
0.21249999999999999 0.43704088127730034
0.21312500000000001 0.43665180102519963
0.21375 0.4362641038334773
0.21437499999999998 0.43587777362344376
0.215 0.43549279449570144
0.21562500000000001 0.43510915072871076
0.21625 0.43472682677736219
0.21687499999999998 0.43434580727155508
0.2175 0.43396607701478368
0.21812500000000001 0.43358762098273085
0.21875 0.43321042432186541
0.21937499999999999 0.43283447234805056
0.22 0.43245975054515406
0.22062500000000002 0.43208624456367106
0.22125 0.43171394021934684
0.22187499999999999 0.43134282349181219
0.2225 0.43097288052322191
0.22312500000000002 0.43060409761690083
0.22375 0.43023646123599701
0.22437499999999999 0.42986995800214123
0.22500000000000001 0.42950457469411152
0.22562500000000002 0.42914029824650834
0.22625000000000001 0.42877711574843091
0.22687499999999999 0.42841501444216412
0.22750000000000001 0.42805398172187076
0.22812500000000002 0.42769400513229061
0.22875000000000001 0.42733507236744356
0.229375 0.42697717126934337
0.23000000000000001 0.42662028982671507
0.23062500000000002 0.42626441617371913
0.23125000000000001 0.42590953858868241
0.231875 0.42555564549283686
0.23249999999999998 0.42520272544906113
0.23312499999999997 0.42485076716063197
0.23374999999999999 0.42449975946998142
0.234375 0.42414969135745823
0.23499999999999999 0.4238005519400983
0.23562499999999997 0.42345233047039976
0.23624999999999999 0.42310501633510478
0.236875 0.42275859905398783
0.23749999999999999 0.42241306827865055
0.23812499999999998 0.42206841379132176
0.23874999999999999 0.42172462550366518
0.23999999999999999 0.42103960781408123
0.24124999999999999 0.42035793704695756
0.24249999999999999 0.41967953703499894
0.24374999999999999 0.41900433356947353
0.245 0.41833225436352073
0.24625 0.41766322901585379
0.2475 0.41699718897485
0.24875 0.41633406750303059
0.25 0.41567379964192708
0.25124999999999997 0.41501632217732976
0.2525 0.41436157360492021
0.25375000000000003 0.41370949409628494
0.255 0.41306002546530657
0.25624999999999998 0.41241311113493251
0.25750000000000001 0.41176869610431865
0.25875000000000004 0.4111267269163455
0.26000000000000001 0.41048715162550825
0.26124999999999998 0.40984991976617169
0.26250000000000001 0.40921498232119879
0.26375000000000004 0.40858229169094007
0.26500000000000001 0.40795180166258971
0.26624999999999999 0.40732346737990233
0.26750000000000002 0.40669724531327256
0.26875000000000004 0.40607309323017049
0.27000000000000002 0.40545097016593534
0.27124999999999999 0.40483083639492323
0.27250000000000002 0.40421265340200868
0.27375000000000005 0.40359638385443852
0.27500000000000002 0.40298199157403103
0.27625 0.40236944150972997
0.27750000000000002 0.40175869971049494
0.27875000000000005 0.40114973329854631
0.28000000000000003 0.4005425104429432
0.28125 0.39993700033350643
0.28250000000000003 0.39933317315508138
0.28375000000000006 0.39873100006213336
0.28500000000000003 0.39813045315368112
0.28625 0.39753150544856264
0.28749999999999998 0.39693413086103202
0.28874999999999995 0.39633830417668725
0.28999999999999998 0.3957440010287232
0.29125000000000001 0.39515119787451242
0.29249999999999998 0.3945598719725123
0.29374999999999996 0.39397000135948768
0.29499999999999998 0.39338156482806313
0.29625000000000001 0.39279454190458646
0.29749999999999999 0.39220891282731329
0.29874999999999996 0.39162465852490347
0.29999999999999999 0.3910417605952381
0.30125000000000002 0.39046020128453773
0.30249999999999999 0.38987996346679865
0.30374999999999996 0.38930103062353449
0.30499999999999999 0.38872338682382229
0.30625000000000002 0.38814701670465573
0.3075 0.38757190545160003
0.30874999999999997 0.3869980387797467
0.31 0.38642540291496857
0.31125000000000003 0.38585398457547315
0.3125 0.38528377095364735
0.31374999999999997 0.38471474969819963
0.315 0.38414690889659442
0.31625000000000003 0.38358023705777422
0.3175 0.38301472309517037
0.31874999999999998 0.38245035631000213
0.32000000000000001 0.38188712637485939
0.32125000000000004 0.38132502331756657
0.32250000000000001 0.38076403750533361
0.32374999999999998 0.38020415962917675
0.32500000000000001 0.37964538068862819
0.32625000000000004 0.37908769197671122
0.32750000000000001 0.37853108506519773
0.32874999999999999 0.37797555179013048
0.33000000000000002 0.37742108423762316
0.33125000000000004 0.37686767472992411
0.33250000000000002 0.37631531581174782
0.33374999999999999 0.37576400023687417
0.33500000000000002 0.37521372095500716
0.33625000000000005 0.37466447109889806
0.33750000000000002 0.37411624397172688
0.33875 0.37356903303474404
0.34000000000000002 0.37302283189516355
0.34125000000000005 0.37247763429431674
0.34250000000000003 0.37193343409605295
0.34375 0.37139022527539645
0.34499999999999997 0.37084800190744793
0.34624999999999995 0.37030675815653408
0.34749999999999998 0.3697664882656071
0.34875 0.36922718654588066
0.34999999999999998 0.36868884736671531
0.35124999999999995 0.36815146514573754
0.35249999999999998 0.36761503433920267
0.35375000000000001 0.36707954943258891
0.35499999999999998 0.3665450049314346
0.35624999999999996 0.36601139535239635
0.35749999999999998 0.36547871521455133
0.35875000000000001 0.36494695903091878
0.35999999999999999 0.3644161213002165
0.36124999999999996 0.36388619649883941
0.36249999999999999 0.36335717907306225
0.36375000000000002 0.36282906343146731
0.36499999999999999 0.36230184393759041
0.36624999999999996 0.36177551490278592
0.36749999999999999 0.36125007057931025
0.36875000000000002 0.36072550515362034
0.37 0.36020181273988228
0.37124999999999997 0.35967898737369924
0.3725 0.35915702300603747
0.37375000000000003 0.35863591349737656
0.375 0.35811565261205019
0.37624999999999997 0.35759623401279989
0.3775 0.35707765125553437
0.37875000000000003 0.3565598977842776
0.38 0.35604296692633353
0.38124999999999998 0.3555268518876325
0.38250000000000001 0.35501154574828192
0.38375000000000004 0.3544970414583114
0.38500000000000001 0.35398333183360231
0.38624999999999998 0.35347040955202025
0.38750000000000001 0.35295826714972217
0.38875000000000004 0.35244689701766002
0.39000000000000001 0.35193629139826799
0.39124999999999999 0.35142644238233012
0.39250000000000002 0.35091734190603119
0.39375000000000004 0.35040898174818491
0.39500000000000002 0.34990135352764695
0.39750000000000002 0.34888825855979599
0.40000000000000002 0.34787798666666619
0.40250000000000002 0.3468704648164721
0.40500000000000003 0.34586561722879428
0.40749999999999997 0.34486336533251177
0.40999999999999998 0.34386362773410217
0.41249999999999998 0.34286632019607699
0.41499999999999998 0.34187135562534099
0.41749999999999998 0.34087864407122026
0.41999999999999998 0.33988809273295956
0.42249999999999999 0.33889960597644353
0.42499999999999999 0.33791308535992881
0.42749999999999999 0.3369284296685412
0.42999999999999999 0.33594553495732771
0.4325 0.33496429460263222
0.435 0.33398459936155583
0.4375 0.33300633743929148
0.44 0.33202939456410191
0.4425 0.33105365406969528
0.44500000000000001 0.33007899698479526
0.44750000000000001 0.32910530212967887
0.45000000000000001 0.32813244621942023
0.45500000000000002 0.32618874823262656
0.46000000000000002 0.32424687896706972
0.46999999999999997 0.32036440459582133
0.47499999999999998 0.31842163899286213
0.47749999999999998 0.31744939433753955
0.47999999999999998 0.31647639078300893
0.48249999999999998 0.31550248972207318
0.48499999999999999 0.31452755246741365
0.48749999999999999 0.31355144042853361
0.48999999999999999 0.31257401529181666
0.49249999999999999 0.31159513920342397
0.495 0.31061467495486678
0.4975 0.30963248617096095
0.5 0.30864843749999948
0.50249999999999995 0.30766239480584678
0.505 0.30667422536180566
0.50750000000000006 0.30568379804596008
0.51000000000000001 0.30469098353780816
0.51124999999999998 0.30419364121516557
0.51249999999999996 0.30369565451594188
0.51374999999999993 0.30319700786989356
0.51500000000000001 0.30269768585655621
0.5162500000000001 0.30219767321150065
0.51750000000000007 0.30169695483254882
0.51875000000000004 0.30119551578602655
0.52000000000000002 0.30069334131298853
0.52124999999999999 0.30019041683547976
0.52249999999999996 0.29968672796273438
0.52374999999999994 0.29918226049744101
0.52500000000000002 0.29867700044195139
0.52625000000000011 0.29817093400448041
0.52750000000000008 0.29766404760534027
0.52875000000000005 0.29715632788310181
0.53000000000000003 0.29664776170080315
0.53125 0.29613833615208202
0.53249999999999997 0.29562803856735587
0.53374999999999995 0.29511685651991965
0.53500000000000003 0.29460477783205496
0.53625000000000012 0.29409179058113538
0.53750000000000009 0.29357788310566535
0.53875000000000006 0.29306304401131256
0.54000000000000004 0.29254726217692667
0.54125000000000001 0.29203052676050567
0.54249999999999998 0.29151282720513172
0.54374999999999996 0.29099415324489625
0.54500000000000004 0.29047449491076383
0.54625000000000012 0.28995384253641854
0.5475000000000001 0.28943218676406607
0.54875000000000007 0.28890951855016561
0.55000000000000004 0.28838582917120115
0.55125000000000002 0.28786111022929328
0.55249999999999999 0.28733535365787144
0.55374999999999996 0.28680855172723185
0.55500000000000005 0.2862806970500773
0.55625000000000013 0.28575178258699785
0.55750000000000011 0.28522180165188449
0.55875000000000008 0.2846907479173254
0.56000000000000005 0.28415861541989396
0.56125000000000003 0.28362539856543789
0.5625 0.28309109213424222
0.56374999999999997 0.28255569128619484
0.56499999999999995 0.28201919156585137
0.56624999999999992 0.28148158890743058
0.56749999999999989 0.28094287963976478
0.56874999999999987 0.28040306049118296
0.56999999999999995 0.27986212859429233
0.57125000000000004 0.27932008149071552
0.57250000000000001 0.27877691713574315
0.57374999999999998 0.27823263390292929
0.57499999999999996 0.27768723058855582
0.57624999999999993 0.27714070641609456
0.5774999999999999 0.27659306104053305
0.57874999999999988 0.27604429455261392
0.57999999999999996 0.27549440748303922
0.58125000000000004 0.27494340080653551
0.58250000000000002 0.27439127594585966
0.58374999999999999 0.27383803477570384
0.58499999999999996 0.27328367962651751
0.58624999999999994 0.2727282132882205
0.58749999999999991 0.27217163901383934
0.58874999999999988 0.27161396052303122
0.58999999999999997 0.27105518200552003
0.59125000000000005 0.27049530812442257
0.59250000000000003 0.26993434401947353
0.59375 0.26937229531016305
0.59499999999999997 0.26880916809873501
0.59624999999999995 0.2682449689731074
0.59749999999999992 0.26767970500967436
0.59874999999999989 0.26711338377598526
0.59999999999999998 0.26654601333332922
0.60125000000000006 0.26597760223919581
0.60250000000000004 0.26540815954960684
0.60375000000000001 0.26483769482135544
0.60499999999999998 0.26426621811410345
0.60624999999999996 0.26369373999236373
0.60749999999999993 0.26312027152737016
0.6087499999999999 0.2625458242987887
0.60999999999999999 0.26197041039635183
0.61125000000000007 0.26139404242131625
0.61250000000000004 0.26081673348780804
0.61375000000000002 0.26023849722404346
0.61499999999999999 0.25965934777341343
0.61624999999999996 0.25907929979540578
0.61749999999999994 0.25849836846643648
0.61874999999999991 0.25791656948049629
0.62 0.25733391904966219
0.62125000000000008 0.25675043390451807
0.62250000000000005 0.25616613129434485
0.62375000000000003 0.25558102898723728
0.625 0.25499514527002948
0.62624999999999997 0.25440849894808298
0.62749999999999995 0.25382110934493551
0.62874999999999992 0.25323299630177193
0.63 0.25264418017674017
0.63125000000000009 0.25205468184415936
0.63250000000000006 0.25146452269347463
0.63375000000000004 0.25087372462815671
0.63500000000000001 0.25028231006434687
0.63624999999999998 0.24969030192940805
0.63749999999999996 0.24909772366025906
0.63874999999999993 0.24850459920157306
0.64000000000000001 0.24791095300378191
0.64250000000000007 0.24672219570832915
0.64500000000000002 0.24553165740640673
0.64749999999999996 0.2443395516665548
0.65000000000000002 0.24314609989890673
0.65250000000000008 0.24195153124901789
0.65500000000000003 0.24075608247984756
0.66000000000000003 0.2383635289288315
0.66500000000000004 0.23597048043903859
0.66749999999999998 0.2347744393141411
0.67000000000000004 0.23357909044399877
0.6725000000000001 0.23238471955973986
0.67500000000000004 0.23119161860946666
0.67749999999999999 0.2300000855227749
0.67874999999999996 0.22940500160570548
0.68000000000000005 0.22881042396113738
0.68125000000000013 0.22821639139904221
0.68250000000000011 0.22762294305380304
0.68375000000000008 0.22703011837519943
0.68500000000000005 0.2264379571190927
0.68625000000000003 0.2258464993378976
0.6875 0.22525578537083063
0.68874999999999997 0.22466585583389717
0.68999999999999995 0.22407675160965018
0.69124999999999992 0.22348851383670387
0.69249999999999989 0.22290118389898966
0.69374999999999987 0.22231480341478699
0.69499999999999995 0.22172941422550807
0.69625000000000004 0.22114505838417528
0.69750000000000001 0.2205617781437387
0.69874999999999998 0.21997961594508963
0.69999999999999996 0.21939861440475977
0.70124999999999993 0.21881881630250771
0.7024999999999999 0.2182402645684928
0.70374999999999988 0.21766300227031227
0.70499999999999996 0.21708707259969823
0.70625000000000004 0.21651251885894388
0.70750000000000002 0.21593938444714939
0.70874999999999999 0.21536771284608086
0.70999999999999996 0.21479754760589664
0.71124999999999994 0.2142289323304444
0.71249999999999991 0.21366191066241766
0.71374999999999988 0.21309652626818548
0.71499999999999997 0.21253282282231711
0.71625000000000005 0.21197084399188018
0.71687500000000004 0.21169051494742294
0.71750000000000003 0.21141063342042699
0.71812500000000001 0.21113120485998996
0.71875 0.21085223471169282
0.71937499999999999 0.21057372841706157
0.71999999999999997 0.21029569141305252
0.72062499999999996 0.21001812913150997
0.72124999999999995 0.20974104699863863
0.72187499999999993 0.20946445043443107
0.72249999999999992 0.20918834485217125
0.72312499999999991 0.20891273565784632
0.72374999999999989 0.20863762824959783
0.72437499999999999 0.20836302801713763
0.72499999999999998 0.20808894034125594
0.72562499999999996 0.20781537059315575
0.72625000000000006 0.20754232413393375
0.72687500000000005 0.20726980631402889
0.72750000000000004 0.20699782247254289
0.72812500000000002 0.20672637793676926
0.72875000000000001 0.20645547802147521
0.729375 0.20618512802842204
0.72999999999999998 0.20591533324568034
0.73062499999999997 0.20564609894707653
0.73124999999999996 0.20537743039150952
0.73187499999999994 0.20510933282243177
0.73249999999999993 0.20484181146713393
0.73312499999999992 0.20457487153618556
0.7337499999999999 0.20430851822276708
0.734375 0.20404275670203573
0.73499999999999999 0.20377759213052199
0.73562499999999997 0.2035130296454021
0.73625000000000007 0.20324907436397169
0.73687500000000006 0.20298573138285009
0.73750000000000004 0.20272300577741054
0.73812500000000003 0.20246090260113064
0.73875000000000002 0.2021994268848285
0.739375 0.20193858363607894
0.73999999999999999 0.20167837783849529
0.74062499999999998 0.20141881445100784
0.74124999999999996 0.20115989840725362
0.74187499999999995 0.20090163461483507
0.74249999999999994 0.20064402795461414
0.74312499999999992 0.20038708328002849
0.74374999999999991 0.20013080541635167
0.74437500000000001 0.19987519916004726
0.745 0.19962026927792531
0.74562499999999998 0.19936602050655197
0.74625000000000008 0.19911245755142182
0.74687500000000007 0.19885958508628865
0.74750000000000005 0.19860740775236549
0.74812500000000004 0.19835593015764907
0.74875000000000003 0.19810515687608068
0.74937500000000001 0.19785509244687186
0.75 0.19760574137369641
0.75062499999999999 0.1973571081239463
0.75124999999999997 0.19710919712793712
0.75187499999999996 0.19686201277815074
0.75249999999999995 0.19661555942847786
0.75312499999999993 0.19636984139335853
0.75374999999999992 0.19612486294705134
0.75437500000000002 0.19588062832281683
0.755 0.19563714171212981
0.75562499999999999 0.19539440726383428
0.75625000000000009 0.1951524290833439
0.75687500000000008 0.19491121123185959
0.75750000000000006 0.19467075772550488
0.75812500000000005 0.19443107253450745
0.75875000000000004 0.19419215958236247
0.75937500000000002 0.19395402274499385
0.76000000000000001 0.19371666584991215
0.760625 0.19348009267535621
0.76124999999999998 0.19324430694946379
0.76187499999999997 0.19300931234936217
0.76249999999999996 0.1927751125003217
0.76312499999999994 0.19254171097490674
0.76374999999999993 0.19230911129204903
0.76437500000000003 0.19207731691623864
0.76500000000000001 0.1918463312565315
0.765625 0.19161615766573992
0.7662500000000001 0.19138679943950912
0.76687500000000008 0.19115825981538218
0.76750000000000007 0.19093054197193202
0.76812500000000006 0.19070364902780348
0.76875000000000004 0.19047758404084961
0.76937500000000003 0.19025235000708463
0.77000000000000002 0.19002794985990792
0.770625 0.1898043864690333
0.77124999999999999 0.18958166263963605
0.77187499999999998 0.18935978111131796
0.77249999999999996 0.18913874455721524
0.77312499999999995 0.18891855558301693
0.77374999999999994 0.18869921672597753
0.77437500000000004 0.18848073045399075
0.77500000000000002 0.18826309916452202
0.77562500000000001 0.18804632518374359
0.77625000000000011 0.18783041076540857
0.77687500000000009 0.18761535808999913
0.77750000000000008 0.18740116926358175
0.77812500000000007 0.18718784631690025
0.77875000000000005 0.18697539120430204
0.77937500000000004 0.1867638058027721
0.78000000000000003 0.18655309191084776
0.78062500000000001 0.18634325124761697
0.78125 0.18613428545167518
0.78187499999999999 0.18592619608010696
0.78249999999999997 0.18571898460738129
0.78312499999999996 0.18551265242435122
0.78374999999999995 0.18530720083712332
0.78437500000000004 0.1851026310660856
0.78500000000000003 0.18489894424475661
0.78562500000000002 0.18469614141869722
0.78625000000000012 0.18449422354452133
0.7868750000000001 0.18429319148869555
0.78750000000000009 0.18409304602648813
0.78812500000000008 0.18389378784084631
0.78875000000000006 0.183695417521376
0.78937500000000005 0.18349793556304078
0.79000000000000004 0.18330134236521217
0.79062500000000002 0.18310563823046533
0.79125000000000001 0.18291082336345266
0.791875 0.18271689786977582
0.79249999999999998 0.18252386175481006
0.79312499999999997 0.18233171492257805
0.79374999999999996 0.18214045717456095
0.79437500000000005 0.18195008820860079
0.79500000000000004 0.1817606076176308
0.79562500000000003 0.18157201488854671
0.79625000000000012 0.18138430940106112
0.79687500000000011 0.18119749042642103
0.7975000000000001 0.18101155712629782
0.79812500000000008 0.18082650855152219
0.79875000000000007 0.18064234364092424
0.79937500000000006 0.18045906122005537
0.80000000000000004 0.18027665999998926
0.80062500000000003 0.1800951385761913
0.80125000000000002 0.17991449542708726
0.801875 0.17973472891299669
0.80249999999999999 0.17955583727478364
0.80312499999999998 0.17937781863263316
0.80374999999999996 0.17920067098481846
0.80437500000000006 0.17902439220638255
0.80500000000000005 0.17884898004784575
0.80562500000000004 0.17867443213404718
0.80625000000000013 0.17850074596272647
0.80687500000000012 0.17832791890323585
0.80750000000000011 0.17815594819533151
0.80812500000000009 0.17798483094780945
0.80875000000000008 0.17781456413718028
0.80937500000000007 0.1776451446063495
0.81000000000000005 0.17747656906331222
0.81062500000000004 0.1773088340798189
0.81125000000000003 0.17714193609000514
0.81187500000000001 0.17697587138906645
0.8125 0.17681063613189896
0.81312499999999999 0.17664622633174704
0.81374999999999997 0.17648263785879748
0.81437499999999996 0.17631986643885678
0.81499999999999995 0.17615790765194037
0.81562499999999993 0.17599675693085731
0.81624999999999992 0.1758364095598926
0.81687499999999991 0.17567686067332375
0.81749999999999989 0.17551810525405093
0.81812499999999988 0.17536013813216011
0.81874999999999987 0.17520295398352739
0.81937499999999996 0.17504654732837854
0.81999999999999995 0.1748909125298001
0.82062499999999994 0.17473604379239574
0.82125000000000004 0.1745819351607536
0.82187500000000002 0.1744285805180176
0.82250000000000001 0.17427597358443525
0.823125 0.17412410791580138
0.82374999999999998 0.17397297690210248
0.82437499999999997 0.17382257376596866
0.82499999999999996 0.1736728915611066
0.82562499999999994 0.17352392317099469
0.82624999999999993 0.1733756613071433
0.82687499999999992 0.17322809850774179
0.8274999999999999 0.17308122713601654
0.82812499999999989 0.17293503937886781
0.82874999999999988 0.17278952724512994
0.82937499999999997 0.17264468256414173
0.82999999999999996 0.17250049698421616
0.83062499999999995 0.17235696197097339
0.83125000000000004 0.172214068805885
0.83187500000000003 0.17207180858463264
0.83250000000000002 0.17193017221554546
0.833125 0.17178915041799531
0.83374999999999999 0.17164873372082814
0.83437499999999998 0.17150891246072078
0.83499999999999996 0.17136967678059312
0.83562499999999995 0.1712310166280207
0.83624999999999994 0.17109292175348925
0.83687499999999992 0.17095538170889213
0.83749999999999991 0.17081838584583817
0.8381249999999999 0.17068192331394078
0.83874999999999988 0.17054598305927088
0.83937499999999998 0.17041055382258136
0.83999999999999997 0.17027562413770664
0.84062499999999996 0.17014118232984424
0.84125000000000005 0.17000721651387499
0.84187500000000004 0.16987371459265116
0.84250000000000003 0.16974066425528123
0.84312500000000001 0.16960805297550352
0.84375 0.1694758680098144
0.84437499999999999 0.16934409639586379
0.84499999999999997 0.16921272495064005
0.84562499999999996 0.16908174026875836
0.84624999999999995 0.16895112872069198
0.84749999999999992 0.16869096937664682
0.84874999999999989 0.16843213333233667
0.84999999999999998 0.16817450330154632
0.85125000000000006 0.1679179582404734
0.85250000000000004 0.16766237328943284
0.85375000000000001 0.16740761971410714
0.85499999999999998 0.16715356484623828
0.85624999999999996 0.16690007202372975
0.85749999999999993 0.16664700053018153
0.85999999999999999 0.16614153802583581
0.86250000000000004 0.16563596818113957
0.86375000000000002 0.16538274637865386
0.86499999999999999 0.16512901300558572
0.86624999999999996 0.16487459722232531
0.86749999999999994 0.16461932362942905
0.86874999999999991 0.16436301220174251
0.87 0.16410547822149266
0.87062499999999998 0.16397619375020239
0.87125000000000008 0.16384653221104345
0.87187500000000007 0.16371646916444316
0.87250000000000005 0.16358597986471388
0.87312500000000004 0.16345503925793961
0.87375000000000003 0.16332362197984876
0.87437500000000001 0.16319170235357044
0.875 0.1630592543874359
0.87562499999999999 0.16292625177277548
0.87624999999999997 0.16279266788162888
0.87687499999999996 0.16265847576463494
0.87749999999999995 0.16252364814867631
0.87812499999999993 0.16238815743457902
0.87874999999999992 0.16225197569500682
0.87937500000000002 0.16211507467195424
0.88 0.16197742577460011
0.88062499999999999 0.16183900007688529
0.88125000000000009 0.161699768315235
0.88187500000000008 0.16155970088626218
0.88250000000000006 0.16141876784424991
0.88312500000000005 0.16127693889895156
0.88375000000000004 0.16113418341305041
0.88437500000000002 0.16099047039988398
0.88500000000000001 0.16084576852094901
0.885625 0.16070004608343777
0.88624999999999998 0.16055327103782693
0.88687499999999997 0.16040541097543473
0.88749999999999996 0.16025643312593937
0.88812499999999994 0.16010630435477194
0.88874999999999993 0.15995499116072906
0.88937500000000003 0.15980245967335935
0.89000000000000001 0.1596486756503997
0.890625 0.1594936044752398
0.8912500000000001 0.15933721115433785
0.89156250000000004 0.15925850764999808
0.89187500000000008 0.15917946031453234
0.89218750000000013 0.15910006466654161
0.89250000000000007 0.15902031620054019
0.89281250000000001 0.15894021038703937
0.89312500000000006 0.15885974267219119
0.89343750000000011 0.15877890847795381
0.89375000000000004 0.15869770320182058
0.89406249999999998 0.15861612221680144
0.89437500000000003 0.15853416087145911
0.89468750000000008 0.15845181448959381
0.89500000000000002 0.15836907837032915
0.89531249999999996 0.15828594778796987
0.895625 0.15820241799192092
0.89593750000000005 0.15811848420658556
0.89624999999999999 0.15803414163128848
0.89656249999999993 0.15794938544021203
0.89687499999999998 0.15786421078228902
0.89718750000000003 0.1577786127810778
0.89749999999999996 0.15769258653475818
0.8978124999999999 0.15760612711592109
0.89812499999999995 0.15751922957164011
0.8984375 0.15743188892324547
0.89874999999999994 0.15734410016621486
0.89906249999999999 0.15725585827029834
0.89937500000000004 0.15716715817914007
0.89968749999999997 0.15707799481041157
0.90000000000000002 0.15698836305555933
0.90031250000000007 0.15689825777982147
0.90062500000000001 0.1568076738220901
0.90093750000000006 0.15671660599484652
0.90125000000000011 0.15662504908401606
0.90156250000000004 0.15653299784892205
0.90187500000000009 0.15644044702214466
0.90218750000000014 0.15634739130949579
0.90250000000000008 0.1562538253898072
0.90281250000000002 0.1561597439150047
0.90312500000000007 0.15606514150984888
0.90343750000000012 0.15597001277191364
0.90375000000000005 0.15587435227143492
0.90406249999999999 0.15577815455134367
0.90437500000000004 0.15568141412703798
0.90468750000000009 0.15558412548626571
0.90500000000000003 0.15548628308913601
0.90531249999999996 0.15538788136798587
0.90562500000000001 0.15528891472717318
0.90593750000000006 0.15518937754311352
0.90625 0.15508926416413671
0.90656249999999994 0.15498856891031165
0.90687499999999999 0.15488728607341137
0.90718750000000004 0.15478540991687545
0.90749999999999997 0.1546829346754732
0.90781249999999991 0.15457985455547138
0.90812499999999996 0.15447616373433704
0.90843750000000001 0.15437185636074702
0.90874999999999995 0.15426692655438579
0.9090625 0.15416136840589423
0.90937500000000004 0.15405517597673685
0.90968749999999998 0.15394834329914864
0.91000000000000003 0.15384086437591188
0.91031250000000008 0.15373273318033601
0.91062500000000002 0.15362394365608617
0.91093750000000007 0.1535144897171721
0.91125000000000012 0.15340436524765544
0.91156250000000005 0.15329356410173214
0.9118750000000001 0.15318208010345857
0.91218750000000015 0.15306990704675638
0.91250000000000009 0.15295703869520158
0.91281250000000003 0.15284346878192503
0.91312500000000008 0.15272919100954013
0.91343750000000012 0.15261419904994694
0.91375000000000006 0.15249848654433498
0.9140625 0.15238204710288669
0.91437500000000005 0.15226487430477426
0.9146875000000001 0.1521469616980182
0.91500000000000004 0.15202830279931906
0.91531249999999997 0.151908891094028
0.91562500000000002 0.15178872003582683
0.91593750000000007 0.151667783046847
0.91625000000000001 0.15154607351727814
0.91656249999999995 0.15142358480549634
0.916875 0.15130031023769366
0.91718750000000004 0.15117624310795066
0.91749999999999998 0.15105137667788204
0.91781249999999992 0.15092570417674672
0.91812499999999997 0.15079921880107472
0.91843750000000002 0.15067191371469055
0.91874999999999996 0.15054378204851204
0.9190625 0.15041481690034586
0.91937500000000005 0.15028501133486874
0.91968749999999999 0.15015435838339866
0.92000000000000004 0.15002285104374408
0.92031250000000009 0.14989048228008506
0.92062500000000003 0.14975724502287124
0.92093750000000008 0.14962313216848691
0.92125000000000012 0.14948813657928556
0.92156250000000006 0.14935225108343458
0.92187500000000011 0.1492154684745009
0.92218750000000016 0.1490777815116382
0.9225000000000001 0.14893918291926517
0.92281250000000004 0.14879966538674372
0.92312500000000008 0.14865922156853789
0.92343750000000013 0.14851784408376206
0.92375000000000007 0.14837552551620689
0.92406250000000001 0.14823225841400212
0.92437500000000006 0.14808803528953929
0.92468750000000011 0.14794284861929671
0.92500000000000004 0.14779669084365019
0.92531249999999998 0.1476495543666177
0.92562500000000003 0.14750143155576387
0.92593750000000008 0.14735231474199731
0.92625000000000002 0.14720219621932315
0.92656249999999996 0.14705106824474143
0.926875 0.1468989230379337
0.92718750000000005 0.14674575278116758
0.92749999999999999 0.14659154961905407
0.92781249999999993 0.14643630565828325
0.92812499999999998 0.14628001296761831
0.92843750000000003 0.14612266357732634
0.92874999999999996 0.14596424947934603
0.92906250000000001 0.14580476262685541
0.92937500000000006 0.14564419493404007
0.9296875 0.14548253827594976
0.93000000000000005 0.14531978448825766
0.9303125000000001 0.14515592536693939
0.93062500000000004 0.14499095266819251
0.93093750000000008 0.14482485810800774
0.93125000000000013 0.14465763336203685
0.93156250000000007 0.14448927006537066
0.93187500000000012 0.144319759812157
0.93218750000000017 0.1441490941554403
0.93250000000000011 0.14397726460688728
0.93281250000000004 0.14380426263647103
0.93312500000000009 0.14363007967222122
0.93343750000000014 0.14345470709994257
0.93375000000000008 0.14327813626295555
0.93406250000000002 0.14310035846174349
0.93437500000000007 0.14292136495365412
0.93453125000000004 0.14283140956562218
0.93468750000000012 0.14274114695270521
0.93484375000000008 0.14265057600980885
0.93500000000000005 0.14255969562913243
0.93515625000000002 0.14246850470005035
0.93531249999999999 0.14237700210915025
0.93546875000000007 0.14228518674030458
0.93562500000000004 0.14219305747458136
0.93578125000000001 0.14210061319020986
0.93593750000000009 0.1420078527625597
0.93609375000000006 0.14191477506437214
0.93625000000000003 0.14182137896530173
0.93640625 0.14172766333229683
0.93656249999999996 0.14163362702944576
0.93671875000000004 0.14153926891788932
0.93687500000000001 0.14144458785600297
0.93703124999999998 0.14134958269918182
0.93718750000000006 0.14125425229989677
0.93734375000000003 0.14115859550779514
0.9375 0.14106261116957547
0.93765624999999997 0.14096629812890199
0.93781249999999994 0.14086965522657094
0.93796875000000002 0.14077268130041948
0.93812499999999999 0.14067537518527834
0.93828124999999996 0.14057773571301124
0.93843750000000004 0.14047976171243801
0.93859375 0.1403814520093819
0.93874999999999997 0.14028280542665592
0.93890624999999994 0.14018382078406808
0.93906249999999991 0.14008449689826938
0.93921874999999999 0.13998483258291558
0.93937499999999996 0.1398848266485479
0.93953124999999993 0.13978447790264795
0.93968750000000001 0.13968378514954904
0.93984374999999998 0.13958274719049799
0.93999999999999995 0.13948136282358037
0.94015624999999992 0.13937963084369537
0.94031249999999988 0.13927755004262382
0.94046874999999996 0.13917511920897693
0.94062499999999993 0.13907233712808284
0.9407812499999999 0.13896920258217432
0.94093749999999998 0.13886571435010922
0.94109374999999995 0.13876187120767297
0.94124999999999992 0.13865767192726297
0.94140624999999989 0.13855311527803285
0.94156249999999986 0.13844820002579067
0.94171874999999994 0.13834292493316561
0.94187499999999991 0.13823728875937435
0.94203124999999988 0.13813129026026932
0.94218749999999996 0.13802492818833934
0.94234374999999992 0.13791820129280757
0.94249999999999989 0.13781110831937934
0.94265624999999986 0.13770364801034449
0.94281249999999983 0.13759581910462401
0.94296874999999991 0.13748762033768752
0.94312499999999988 0.1373790504414914
0.94328124999999985 0.13727010814448626
0.94343749999999993 0.13716079217165253
0.9435937499999999 0.13705110124447159
0.94374999999999987 0.13694103408078603
0.94390624999999995 0.13683058939497544
0.94406249999999992 0.13671976589777041
0.94421874999999988 0.13660856229623222
0.94437499999999996 0.13649697729394467
0.94453124999999993 0.1363850095907172
0.9446874999999999 0.13627265788268286
0.94484374999999998 0.13615992086239095
0.94499999999999995 0.13604679721852506
0.94515624999999992 0.13593328563611295
0.9453125 0.13581938479643393
0.94546874999999997 0.13570509337693518
0.94562499999999994 0.13559041005125744
0.94578125000000002 0.13547533348924681
0.94593749999999999 0.1353598623568304
0.94609374999999996 0.13524399531611486
0.94625000000000004 0.13512773102518535
0.94640625 0.13501106813835259
0.94656249999999997 0.13489400530583712
0.94671875000000005 0.13477654117395649
0.94687500000000002 0.13465867438491386
0.94703124999999999 0.13454040357699265
0.94718750000000007 0.13442172738431304
0.94734375000000004 0.13430264443692236
0.94750000000000001 0.13418315336074899
0.94765624999999998 0.13406325277759987
0.94781249999999995 0.13394294130502568
0.94796875000000003 0.13382221755645729
0.948125 0.13370108014094234
0.94828124999999996 0.13357952766339262
0.94843750000000004 0.13345755872438111
0.94859375000000001 0.13333517192002023
0.94874999999999998 0.13321236584224769
0.94890624999999995 0.1330891390784254
0.94906249999999992 0.13296549021160251
0.94921875 0.13284141782026596
0.94937499999999997 0.13271692047841374
0.94953124999999994 0.13259199675554079
0.94968750000000002 0.13246664521653145
0.94984374999999999 0.13234086442168741
0.94999999999999996 0.13221465292660045
0.95015624999999992 0.13208800928220066
0.95031249999999989 0.13196093203472542
0.95046874999999997 0.13183341972560736
0.95062499999999994 0.13170547089142917
0.95078124999999991 0.13157708406402774
0.95093749999999999 0.13144825777028785
0.95109374999999996 0.13131899053214546
0.95124999999999993 0.13118928086660292
0.9514062499999999 0.1310591272856016
0.95156249999999987 0.13092852829608084
0.95171874999999995 0.13079748239986383
0.95187499999999992 0.13066598809352109
0.95203124999999988 0.13053404386855197
0.95218749999999996 0.13040164821114333
0.95234374999999993 0.13026879960220605
0.9524999999999999 0.13013549651727602
0.95265624999999987 0.13000173742654436
0.95281249999999984 0.12986752079469363
0.95296874999999992 0.12973284508092203
0.95312499999999989 0.12959770873893484
0.95328124999999986 0.12946211021677886
0.95343749999999994 0.12932604795680777
0.95359374999999991 0.12918952039575304
0.95374999999999988 0.129052525964445
0.95390624999999996 0.12891506308798756
0.95406249999999992 0.12877713018556522
0.95421874999999989 0.12863872567034168
0.95437499999999997 0.1284998479495652
0.95453124999999994 0.12836049542432293
0.95468749999999991 0.12822066648959443
0.95484374999999999 0.12808035953414459
0.95499999999999996 0.12793957294044875
0.95515624999999993 0.1277983050846582
0.95531250000000001 0.12765655433649439
0.95546874999999998 0.12751431905919952
0.95562499999999995 0.12737159760943023
0.95578125000000003 0.12722838833724362
0.9559375 0.12708468958601327
0.95609374999999996 0.12694049969220333
0.95625000000000004 0.1267958169855786
0.95640625000000001 0.12665063978884758
0.95656249999999998 0.12650496641773526
0.95671875000000006 0.12635879518083015
0.95687500000000003 0.12621212437956394
0.95703125 0.1260649523080451
0.95718750000000008 0.12591727725300372
0.95734375000000005 0.12576909749375717
0.95750000000000002 0.12562041130202833
0.95765624999999999 0.1254712169418957
0.95781249999999996 0.1253215126697034
0.95796875000000004 0.12517129673392044
0.958125 0.1250205673750733
0.95828124999999997 0.12486932282566536
0.95843750000000005 0.12471756131004898
0.95859375000000002 0.12456528104421292
0.95874999999999999 0.12441248023591994
0.95890624999999996 0.12425915708429444
0.95906249999999993 0.12410530977993835
0.95921875000000001 0.12395093650475812
0.95937499999999998 0.12379603543176181
0.95953124999999995 0.12364060472501766
0.95968750000000003 0.12348464253946444
0.95984375 0.12332814702087913
0.95999999999999996 0.12317111630561769
0.96015624999999993 0.12301354852061434
0.9603124999999999 0.12285544178317444
0.96046874999999998 0.12269679420072686
0.96062499999999995 0.12253760387095695
0.96078124999999992 0.12237786888133582
0.9609375 0.12221758730927101
0.96109374999999997 0.12205675722161198
0.96124999999999994 0.12189537667490455
0.96140624999999991 0.12173344371480872
0.96156249999999988 0.12157095637628769
0.96171874999999996 0.12140791268321838
0.96187499999999992 0.12124431064818257
0.96203124999999989 0.12108014827257141
0.96218749999999997 0.12091542354607218
0.96234374999999994 0.12075013444666766
0.96249999999999991 0.12058427894041873
0.96265624999999988 0.12041785498125586
0.96281249999999985 0.12025086051075608
0.96296874999999993 0.12008329345784172
0.9631249999999999 0.11991515173894607
0.96328124999999987 0.11974643325724148
0.96343749999999995 0.11957713590288009
0.96359374999999992 0.11940725755251377
0.96374999999999988 0.11923679606917457
0.96390624999999996 0.11906574930195378
0.96406249999999993 0.1188941150858598
0.9642187499999999 0.11872189124139616
0.96437499999999998 0.11854907557452715
0.96453124999999995 0.11837566587622562
0.96468749999999992 0.11820165992226969
0.96484375 0.1180270554729396
0.96499999999999997 0.1178518502728441
0.96515624999999994 0.11767604205040152
0.96531250000000002 0.11749962851776205
0.96546874999999999 0.11732260737036523
0.96562499999999996 0.11714497628664705
0.96578125000000004 0.1169667329277362
0.9659375 0.11678787493706201
0.96609374999999997 0.11660839994014
0.96625000000000005 0.11642830554403306
0.96640625000000002 0.11624758933705701
0.96656249999999999 0.11606624888847973
0.96671875000000007 0.11588428174810397
0.96687500000000004 0.11570168544571618
0.96703125000000001 0.11551845749093023
0.96718750000000009 0.11533459537257487
0.96734375000000006 0.11515009655834672
0.96750000000000003 0.11496495849430242
0.96765625 0.11477917860452885
0.96781249999999996 0.11459275429050464
0.96796875000000004 0.1144056829306835
0.96812500000000001 0.11421796188017506
0.96828124999999998 0.11402958846984987
0.96843750000000006 0.11384056000610329
0.96859375000000003 0.11365087377033162
0.96875 0.11346052701818586
0.96890624999999997 0.11326951697901796
0.96906249999999994 0.11307784085550728
0.96921875000000002 0.11288549582279961
0.96937499999999999 0.11269247902792834
0.96953124999999996 0.11249878758934122
0.96968750000000004 0.11230441859600754
0.96984375 0.11210936910673533
0.96999999999999997 0.11191363614973662
0.97015624999999994 0.11171721672146862
0.97031249999999991 0.11152010778627189
0.97046874999999999 0.11132230627532533
0.97062499999999996 0.11112380908594961
0.97078124999999993 0.11092461308078311
0.97093750000000001 0.11072471508683257
0.97109374999999998 0.11052411189468249
0.97124999999999995 0.11032280025754047
0.97140624999999992 0.11012077689028772
0.97156249999999988 0.10991803846852824
0.97171874999999996 0.10971458162751599
0.97187499999999993 0.10951040296121385
0.9720312499999999 0.10930549902106063
0.97218749999999998 0.10909986631509955
0.97234374999999995 0.10889350130647873
0.97249999999999992 0.10868640041266595
0.97265624999999989 0.10847856000389065
0.97281249999999986 0.1082699764020541
0.97296874999999994 0.108060645879267
0.97312499999999991 0.1078505646566231
0.97328124999999988 0.10763972890272765
0.97343749999999996 0.10742813473228441
0.97359374999999992 0.10721577820442012
0.97374999999999989 0.10700265532137633
0.97390624999999997 0.10678876202660602
0.97406249999999994 0.1065740942033765
0.97421874999999991 0.10635864767277732
0.97437499999999999 0.10614241819204588
0.97453124999999996 0.10592540145266137
0.97468749999999993 0.10570759307842262
0.97484375000000001 0.10548898862345961
0.97499999999999998 0.10526958356999896
0.97515624999999995 0.10504937332637704
0.97531250000000003 0.10482835322470226
0.97546875 0.10460651851855424
0.97562499999999996 0.10438386438045906
0.97578125000000004 0.10416038589948992
0.97593750000000001 0.1039360780786549
0.97609374999999998 0.10371093583199892
0.97625000000000006 0.10348495398203343
0.97640625000000003 0.1032581272565575
0.9765625 0.10303045028573617
0.97671875000000008 0.10280191759893621
0.97687500000000005 0.10257252362132657
0.97703125000000002 0.10234226267050994
0.9771875000000001 0.10211112895284054
0.97734375000000007 0.10187911655982901
0.97750000000000004 0.10164621946416841
0.97757812499999996 0.10152943723577124
0.97765625 0.10141243151558091
0.97773437500000004 0.10129520151493701
0.97781249999999997 0.10117774643693048
0.97789062500000001 0.10106006547633344
0.97796875000000005 0.10094215781941147
0.97804687499999998 0.10082402264373869
0.97812500000000002 0.10070565911814509
0.97820312500000006 0.10058706640251983
0.97828124999999999 0.10046824364754123
0.97835937500000003 0.10034918999466746
0.97843750000000007 0.10022990457592905
0.978515625 0.10011038651372767
0.97859375000000004 0.099990634920730029
0.97867187500000008 0.099870648899534564
0.97875000000000001 0.099750427542750847
0.97882812499999994 0.099629969932546192
0.97890624999999998 0.099509275140592879
0.97898437500000002 0.099388342228007465
0.97906249999999995 0.099267170244820929
0.97914062499999999 0.099145758230023501
0.97921875000000003 0.099024105211376071
0.97929687499999996 0.098902210205071159
0.979375 0.098780072215587239
0.97945312500000004 0.098657690235450304
0.97953124999999996 0.098535063244986051
0.979609375 0.098412190212185197
0.97968750000000004 0.09828907009241987
0.97976562499999997 0.09816570182803093
0.97984375000000001 0.098042084348453573
0.97992187500000005 0.097918216569608044
0.97999999999999998 0.097794097393821416
0.98007812499999991 0.097669725709549488
0.98015624999999995 0.097545100391044581
0.98023437499999999 0.097420220298174431
0.98031249999999992 0.09729508427597397
0.98039062499999996 0.097169691154638291
0.98046875 0.097044039748911501
0.98054687499999993 0.096918128858017441
0.98062499999999997 0.096791957265165013
0.98070312500000001 0.096665523737392386
0.98078124999999994 0.096538827025150792
0.98085937499999998 0.096411865862004092
0.98093750000000002 0.096284638964236502
0.98101562499999995 0.096157145030511287
0.98109374999999999 0.096029382741710953
0.98117187500000003 0.0959013507601916
0.98124999999999996 0.095773047729663829
0.98132812499999988 0.095644472274825101
0.98140624999999992 0.095515623000752267
0.98148437499999996 0.095386498492793723
0.98156249999999989 0.095257097315861128
0.98164062499999993 0.095127418014142442
0.98171874999999997 0.094997459110745752
0.9817968749999999 0.094867219107051759
0.98187499999999994 0.094736696482342203
0.98195312499999998 0.094605889693426148
0.98203124999999991 0.094474797174013941
0.98210937499999995 0.094343417334158158
0.98218749999999999 0.094211748560074637
0.98226562499999992 0.094079789213280321
0.98234374999999996 0.093947537630030956
0.982421875 0.093814992121160443
0.98249999999999993 0.093682150971039824
0.98257812499999986 0.093549012437302001
0.9826562499999999 0.093415574750119315
0.98273437499999994 0.093281836111609728
0.98281249999999987 0.093147794695283823
0.98289062499999991 0.093013448645191593
0.98296874999999995 0.092878796075410372
0.98304687499999988 0.092743835069421993
0.98312499999999992 0.092608563679230579
0.98320312499999996 0.092472979924676457
0.98328124999999988 0.092337081792870854
0.98335937499999992 0.09220086723717022
0.98343749999999996 0.092064334176530274
0.98351562499999989 0.091927480494698843
0.98359374999999993 0.091790304039369927
0.98367187499999997 0.091652802621260701
0.9837499999999999 0.091514974013248096
0.98382812499999994 0.091376815949634385
0.98390624999999998 0.091238326124935681
0.98398437499999991 0.091099502193055668
0.98406249999999995 0.09096034176637649
0.98414062499999999 0.090820842414549643
0.98421874999999992 0.09068100166365832
0.98429687499999996 0.090540816994901852
0.984375 0.090400285843737216
0.98445312499999993 0.090259405598462988
0.98453124999999997 0.090118173599292362
0.98460937500000001 0.089976587136952821
0.98468749999999994 0.089834643451509363
0.98476562499999998 0.089692339731052534
0.98484375000000002 0.089549673110336347
0.98492187499999995 0.089406640669462994
0.98499999999999999 0.089263239432507469
0.98507812500000003 0.089119466365818245
0.98515624999999996 0.088975318376777648
0.985234375 0.088830792312102919
0.98531250000000004 0.088685884956230671
0.98539062499999996 0.088540593029805714
0.98546875 0.088394913187761409
0.98554687500000004 0.088248842017708828
0.98562499999999997 0.088102376038001237
0.98570312500000001 0.087955511695902239
0.98578125000000005 0.087808245365707333
0.98585937499999998 0.087660573346591997
0.98593750000000002 0.087512491860636518
0.98601562500000006 0.087363997050623435
0.98609374999999999 0.087215084977803559
0.98617187500000003 0.087065751619709641
0.98625000000000007 0.086915992867647396
0.986328125 0.086765804524272683
0.98640625000000004 0.086615182301076107
0.98648437500000008 0.086464121815849698
0.98656250000000001 0.086312618589719003
0.98664062500000005 0.086160668044570343
0.98671875000000009 0.086008265499996781
0.98679687500000002 0.085855406170254722
0.98687500000000006 0.085702085161413755
0.9869531250000001 0.085548297467636064
0.98703125000000003 0.08539403796826478
0.98710937500000007 0.085239301424062303
0.98718750000000011 0.085084082473819073
0.98726562500000004 0.084928375630442643
0.98734375000000008 0.084772175277122969
0.98742187500000012 0.084615475663408726
0.98750000000000004 0.084458270900825472
0.98757812499999997 0.084300554958759349
0.98765625000000001 0.084142321659954278
0.98773437500000005 0.083983564675671529
0.98781249999999998 0.0838242775209391
0.98789062500000002 0.083664453549558621
0.98796875000000006 0.083504085948869516
0.98804687499999999 0.083343167734210646
0.98812500000000003 0.083181691743429265
0.98820312500000007 0.083019650630879474
0.98828125 0.082857036861357772
0.98835937500000004 0.08269384270379293
0.98843750000000008 0.082530060224504972
0.98851562500000001 0.08236568128051619
0.98859375000000005 0.082200697512284454
0.98867187500000009 0.082035100336100494
0.98875000000000002 0.081868880936631139
0.98882812499999995 0.081702030258467284
0.98890624999999999 0.081534538998066841
0.98898437500000003 0.081366397594573064
0.98906249999999996 0.081197596220946161
0.989140625 0.081028124774152971
0.98921875000000004 0.080857972865358632
0.98929687499999996 0.080687129809376798
0.989375 0.080515584613885138
0.98945312500000004 0.080343325968058224
0.98949218750000001 0.080256925476538787
0.98953124999999997 0.080170342230436981
0.98957031249999994 0.080083574720948722
0.98960937500000001 0.079996621416952143
0.98964843750000009 0.079909480764764451
0.98968750000000005 0.079822151187539908
0.98972656250000002 0.079734631085002727
0.98976562499999998 0.079646918832826291
0.98980468749999995 0.079559012782304192
0.98984375000000002 0.079470911259809568
0.9898828125000001 0.079382612566333999
0.98992187500000006 0.079294114977000091
0.98996093750000003 0.079205416740588064
0.98999999999999999 0.079116516078921312
0.99003906249999996 0.079027411186481655
0.99007812499999992 0.078938100229756558
0.99011718749999988 0.078848581346744925
0.99015624999999996 0.078758852646358513
0.99019531250000004 0.078668912207868244
0.990234375 0.078578758080264544
0.99027343749999996 0.078488388281774402
0.99031249999999993 0.078397800799081235
0.99035156249999989 0.078306993586749737
0.99039062499999997 0.078215964566582474
0.99042968750000004 0.078124711627039309
0.99046875000000001 0.078033232622375465
0.99050781249999997 0.077941525372060103
0.99054687499999994 0.077849587660023117
0.9905859374999999 0.077757417233900006
0.99062499999999998 0.077665011804328901
0.99066406250000005 0.077572369044110939
0.99070312500000002 0.077479486587530483
0.99074218749999998 0.077386362029391892
0.99078124999999995 0.077292992924228393
0.99082031249999991 0.07719937678558908
0.99085937499999999 0.077105511084835598
0.99089843750000006 0.077011393250702706
0.99093750000000003 0.076917020667955915
0.99097656249999999 0.076822390676628882
0.99101562499999996 0.076727500571109941
0.99105468749999992 0.0766323475989793
0.99109375 0.076536928960079423
0.99113281250000007 0.07644124180545174
0.99117187500000004 0.076345283236416914
0.9912109375 0.076249050303057092
0.99124999999999996 0.076152540003471519
0.99128906249999993 0.076055749282537416
0.99132812499999989 0.075958675030443193
0.99136718749999986 0.075861314081780262
0.99140624999999993 0.075763663214188287
0.99144531250000001 0.075665719146928254
0.99148437499999997 0.075567478539635927
0.99152343749999994 0.07546893799105453
0.9915624999999999 0.075370094037371271
0.99160156249999987 0.075270943150982969
0.99164062499999994 0.075171481738949525
0.99167968750000002 0.075071706141341774
0.99171874999999998 0.07497161262991682
0.99175781249999995 0.074871197406224874
0.99179687499999991 0.074770456600115331
0.99183593749999988 0.074669386267889271
0.99187499999999995 0.074567982390697146
0.99191406250000003 0.07446624087253105
0.99195312499999999 0.074364157538634942
0.99199218749999996 0.074261728133233174
0.99203124999999992 0.074158948317717299
0.99207031249999988 0.074055813668738757
0.99210937499999996 0.073952319675821096
0.99214843750000004 0.073848461739467935
0.9921875 0.073744235168749228
0.99222656249999996 0.073639635179156629
0.99226562499999993 0.073534656890007682
0.99230468749999989 0.073429295322298679
0.99234374999999997 0.073323545396009354
0.99238281250000004 0.073217401927513651
0.99242187500000001 0.073110859627048511
0.99246093749999997 0.073003913095789866
0.99249999999999994 0.072896556823107944
0.9925390624999999 0.072788785183625859
0.99257812499999987 0.072680592434184704
0.99261718749999983 0.072571972710801014
0.99265624999999991 0.072462920025373134
0.99269531249999998 0.072353428262317415
0.99273437499999995 0.072243491175309552
0.99277343749999991 0.07213310238359999
0.99281249999999988 0.072022255368418137
0.99285156249999984 0.071910943469185723
0.99289062499999992 0.071799159879657695
0.99292968749999999 0.071686897643855468
0.99296874999999996 0.071574149651942101
0.99300781249999992 0.071460908635845061
0.99304687499999988 0.071347167165009273
0.99308593749999985 0.071232917641527324
0.99312499999999992 0.07111815229561394
0.9931640625 0.071002863180660014
0.99320312499999996 0.070887042167913666
0.99324218749999993 0.07077068094160921
0.99328124999999989 0.0706537709932442
0.99332031249999986 0.070536303616011486
0.99335937499999993 0.070418269899110666
0.99339843750000001 0.070299660721381135
0.99343749999999997 0.070180466745445438
0.99347656249999994 0.070060678410895735
0.9935156249999999 0.069940285927762941
0.99355468749999987 0.06981927926961401
0.99359374999999994 0.069697648166104603
0.99361328125000004 0.069636595169346657
0.99363281250000002 0.069575382095695762
0.99365234375 0.069514007589303692
0.99367187499999998 0.069452470277837852
0.99369140624999996 0.069390768771914357
0.99371093749999995 0.069328901665039452
0.99373046874999993 0.069266867533002749
0.99374999999999991 0.069204664934197246
0.99376953124999989 0.069142292408687023
0.99378906249999988 0.06907974847835624
0.99380859374999986 0.069017031646506646
0.99382812499999995 0.068954140397481004
0.99384765625000004 0.068891073196428232
0.99386718750000003 0.068827828489082421
0.99388671875000001 0.068764404701209592
0.99390624999999999 0.068700800238701731
0.99392578124999997 0.06863701348661963
0.99394531249999996 0.068573042809633028
0.99396484374999994 0.068508886551012851
0.99398437499999992 0.068444543032759445
0.9940039062499999 0.068380010554883228
0.99402343749999988 0.068315287395335544
0.99404296874999987 0.068250371809535762
0.99406249999999996 0.068185262030026186
0.99408203125000005 0.068119956265879453
0.99410156250000004 0.068054452702836193
0.99412109375000002 0.067988749502217311
0.994140625 0.06792284480114702
0.99416015624999998 0.067856736711741611
0.99417968749999996 0.067790423320923013
0.99419921874999995 0.06772390268980126
0.99421874999999993 0.067657172853461803
0.99423828124999991 0.067590231820246635
0.99425781249999989 0.067523077571624568
0.99427734374999988 0.067455708061438108
0.99429687499999997 0.067388121215567684
0.99431640625000006 0.067320314931526098
0.99433593750000004 0.067252287077789019
0.99435546875000003 0.067184035493421182
0.99437500000000001 0.067115557987557681
0.99439453124999999 0.067046852338786878
0.99441406249999997 0.066977916294816961
0.99443359374999996 0.066908747571551463
0.99445312499999994 0.066839343853099947
0.99447265624999992 0.066769702790632379
0.9944921874999999 0.066699822002190795
0.99451171874999988 0.066629699071906467
0.99453124999999998 0.066559331549531309
0.99455078125000007 0.066488716949701182
0.99457031250000005 0.066417852751340198
0.99458984375000004 0.06634673639699333
0.99460937500000002 0.066275365292347968
0.99462890625 0.066203736805198143
0.99464843749999998 0.066131848265173418
0.99466796874999996 0.066059696962615613
0.99468749999999995 0.065987280148343055
0.99470703124999993 0.065914595032462303
0.99472656249999991 0.065841638783813758
0.99474609374999989 0.065768408529360348
0.99476562499999999 0.065694901353038168
0.99478515625000008 0.065621114295293506
0.99480468750000006 0.065547044352119777
0.99482421875000004 0.065472688474093127
0.99484375000000003 0.065398043565896291
0.99486328125000001 0.065323106484904248
0.99488281249999999 0.065247874040837484
0.99490234374999997 0.065172342994418597
0.99492187499999996 0.065096510056634013
0.99494140624999994 0.065020371887813108
0.99496093749999992 0.064943925096456079
0.9949804687499999 0.064867166238392199
0.995 0.064790091815747894
0.99501953125000009 0.064712698275719238
0.99503906250000007 0.064634982009824204
0.99505859375000005 0.064556939352321221
0.99507812500000004 0.064478566579621172
0.99509765625000002 0.064399859908566934
0.9951171875 0.06432081549590847
0.99513671874999998 0.064241429436315195
0.99515624999999996 0.064161697761824912
0.99517578124999995 0.064081616440217912
0.99519531249999993 0.064001181373638999
0.99521484374999991 0.063920388397583114
0.995234375 0.063839233279291599
0.9952539062500001 0.063757711716211543
0.99527343750000008 0.063675819335139855
0.99529296875000006 0.063593551689866079
0.99531250000000004 0.063510904260553017
0.99533203125000003 0.063427872451562409
0.99535156250000001 0.063344451590169062
0.99537109374999999 0.063260636924835467
0.99539062499999997 0.063176423623494266
0.99541015624999996 0.063091806772048231
0.99542968749999994 0.063006781372331885
0.99544921874999992 0.062921342340464106
0.99546875000000001 0.062835484505075673
0.99548828125000011 0.062749202605195592
0.99550781250000009 0.062662491288585767
0.99552734375000007 0.062575345109338223
0.99554687500000005 0.062487758526397798
0.99556640625000004 0.062399725900830282
0.99558593750000002 0.062311241494217143
0.99560546875 0.062222299466028641
0.99562499999999998 0.062132893871631213
0.99564453124999996 0.062043018659676208
0.99566406249999995 0.061952667670074554
0.99568359374999993 0.061861834631127134
0.99570312500000002 0.061770513157299402
0.99572265625000012 0.061678696746413554
0.9957421875000001 0.06158637877711623
0.99576171875000008 0.061493552506065738
0.99578125000000006 0.06140021106511831
0.99580078125000004 0.061306347458433066
0.99582031250000003 0.06121195455946913
0.99583984375000001 0.061117025107930927
0.99585937499999999 0.061021551706599807
0.99587890624999997 0.060925526818127546
0.99589843749999996 0.06082894276170725
0.99590820312499995 0.060780438605147105
0.99591796874999994 0.060731791709557989
0.99592773437499993 0.060683001072844647
0.99593750000000003 0.060634065683420321
0.99594726562500013 0.060584984519862425
0.99595703125000012 0.060535756551001019
0.99596679687500012 0.060486380735553305
0.99597656250000011 0.060436856022175266
0.9959863281250001 0.060387181349344218
0.99599609375000009 0.060337355645103397
0.99600585937500008 0.060287377827151649
0.99601562500000007 0.060237246802386971
0.99602539062500006 0.060186961467134252
0.99603515625000005 0.060136520706771224
0.99604492187500004 0.060085923395685172
0.99605468750000004 0.060035168397177749
0.99606445312500003 0.059984254563163662
0.99607421875000002 0.059933180734255354
0.99608398437500001 0.059881945739402073
0.99609375 0.0598305483959716
0.99610351562499999 0.059778987509286341
0.99611328124999998 0.05972726187291038
0.99612304687499997 0.059675370268068191
0.99613281249999996 0.059623311463753555
0.99614257812499996 0.059571084216534835
0.99615234374999995 0.059518687270246382
0.99616210937499994 0.059466119356017796
0.99617187500000004 0.059413379192134921
0.99618164062500014 0.059360465483572669
0.99619140625000013 0.059307376922131082
0.99620117187500012 0.05925411218624594
0.99621093750000012 0.059200669940568995
0.99622070312500011 0.059147048836052499
0.9962304687500001 0.059093247509686121
0.99624023437500009 0.059039264584239047
0.99625000000000008 0.05898509866827327
0.99625976562500007 0.058930748355557047
0.99626953125000006 0.058876212225474907
0.99627929687500005 0.05882148884226289
0.99628906250000004 0.058766576755176235
0.99629882812500004 0.058711474498010008
0.99630859375000003 0.058656180589234462
0.99631835937500002 0.058600693531476275
0.99632812500000001 0.058545011811539142
0.996337890625 0.058489133899987035
0.99634765624999999 0.058433058251148931
0.99635742187499998 0.058376783302598018
0.99636718749999997 0.05832030747534632
0.99637695312499996 0.05826362917321045
0.99638671874999996 0.058206746782880757
0.99639648437499995 0.058149658673430221
0.99640625000000005 0.058092363196339286
0.99641601562500015 0.058034858685016739
0.99642578125000014 0.057977143454723885
0.99643554687500013 0.05791921580230798
0.99644531250000012 0.057861074005846051
0.99645507812500012 0.057802716324396861
0.99646484375000011 0.057744140997879487
0.9964746093750001 0.057685346246697064
0.99648437500000009 0.057626330271506224
0.99649414062500008 0.057567091252762048
0.99650390625000007 0.057507627350829038
0.99651367187500006 0.057447936705338105
0.99652343750000005 0.057388017435065851
0.99653320312500004 0.057327867637457529
0.99654296875000004 0.057267485388693126
0.99655273437500003 0.057206868743016316
0.99656250000000002 0.057146015732605041
0.99657226562500001 0.05708492436717888
0.99658203125 0.057023592633809093
0.99659179687499999 0.056962018496336128
0.99660156249999998 0.056900199895412652
0.99661132812499997 0.056838134747791882
0.99662109374999996 0.056775820946251797
0.99663085937499996 0.056713256359075467
0.99664062500000006 0.056650438829800087
0.99665039062500016 0.056587366176805078
0.99666015625000015 0.056524036192938221
0.99666992187500014 0.056460446645277801
0.99667968750000013 0.056396595274484214
0.99668945312500012 0.056332479794672652
0.99669921875000012 0.056268097892786834
0.99670898437500011 0.056203447228543091
0.9967187500000001 0.056138525433609358
0.99672851562500009 0.056073330111417546
0.99673828125000008 0.056007858836738068
0.99674804687500007 0.055942109155197525
0.99675781250000006 0.055876078582933544
0.99676757812500005 0.055809764605928278
0.99677734375000004 0.055743164679823175
0.99678710937500004 0.05567627622922499
0.99679687500000003 0.055609096647469602
0.99680664062500002 0.055541623295890484
0.99681640625000001 0.055473853503557338
0.996826171875 0.055405784566529517
0.99683593749999999 0.055337413747658923
0.99684570312499998 0.055268738275819698
0.99685546874999997 0.055199755345443663
0.99686523437499996 0.055130462116048086
0.99687500000000007 0.055060855711705672
0.99688476562500017 0.054990933220273874
0.99689453125000016 0.054920691693157553
0.99690429687500015 0.054850128144475069
0.99691406250000014 0.05477923955058997
0.99692382812500013 0.054708022849395188
0.99693359375000012 0.054636474939857342
0.99694335937500012 0.054564592681358291
0.99695312500000011 0.054492372892972013
0.9969628906250001 0.054419812352775904
0.99697265625000009 0.054346907797459265
0.99698242187500008 0.054273655921366112
0.99699218750000007 0.054200053375937682
0.99700195312500006 0.054126096768928184
0.99701171875000005 0.054051782663937106
0.99702148437500004 0.053977107579276831
0.99703125000000004 0.053902067987647934
0.99704101562500003 0.053826660315040548
0.99705078125000002 0.053750880940246631
0.99706054687500001 0.053674726193806491
0.9970703125 0.053598192357461535
0.99708007812499999 0.053521275663124354
0.99708984374999998 0.053443972292243305
0.99709960937499997 0.053366278374705034
0.99710937500000008 0.053288189988272935
0.99711914062500018 0.05320970315734927
0.99712890625000017 0.053130813852408872
0.99713867187500016 0.053051517988880803
0.99714843750000015 0.052971811426178447
0.99715820312500014 0.052891689966847177
0.99716796875000013 0.052811149355596707
0.99717773437500012 0.052730185278205124
0.99718750000000012 0.052648793360512751
0.99719726562500011 0.052566969167439345
0.9972070312500001 0.052484708201862351
0.99721679687500009 0.052402005903602347
0.99722656250000008 0.052318857648123503
0.99723632812500007 0.052235258745747415
0.99724609375000006 0.052151204440081672
0.99725585937500005 0.05206668990706223
0.99726562500000004 0.051981710253932445
0.99727539062500004 0.051896260517469303
0.99728515625000003 0.051810335663300677
0.99729492187500002 0.05172393058422152
0.99730468750000001 0.051637040099113227
0.9973095703125 0.051593411189588115
0.997314453125 0.051549658951397223
0.9973193359375 0.051505782715475887
0.99732421874999999 0.051461781807872808
0.99732910156249999 0.051417655549682695
0.99733398437499998 0.051373403257087905
0.99733886718750009 0.051329024241284285
0.99734375000000008 0.051284517808207475
0.99734863281250008 0.051239883258920114
0.99735351562500019 0.051195119889122856
0.99735839843750018 0.05115022698946578
0.99736328125000018 0.051105203845297889
0.99736816406250017 0.051060049736650702
0.99737304687500017 0.051014763938181273
0.99737792968750016 0.050969345719207096
0.99738281250000016 0.050923794343529664
0.99738769531250016 0.050878109069431431
0.99739257812500015 0.050832289149699061
0.99739746093750015 0.050786333831604177
0.99740234375000014 0.050740242356470955
0.99740722656250014 0.050694013960245053
0.99741210937500013 0.050647647872847541
0.99741699218750013 0.050601143318497223
0.99742187500000012 0.0505544995155413
0.99742675781250012 0.050507715676325199
0.99743164062500012 0.050460791007343311
0.99743652343750011 0.05041372470881391
0.99744140625000011 0.05036651597507287
0.9974462890625001 0.050319163994188426
0.9974511718750001 0.050271667948059998
0.99745605468750009 0.050224027012255715
0.99746093750000009 0.050176240356021432
0.99746582031250008 0.050128307142152287
0.99747070312500008 0.050080226527076194
0.99747558593750008 0.050031997660666738
0.99748046875000007 0.049983619686134392
0.99748535156250007 0.04993509174014002
0.99749023437500006 0.049886412952550557
0.99749511718750006 0.049837582446462594
0.99750000000000005 0.049788599338153716
0.99750488281250005 0.049739462736934512
0.99750976562500004 0.049690171745189089
0.99751464843750004 0.049640725458228632
0.99751953125000004 0.049591122964160746
0.99752441406250003 0.049541363344049447
0.99752929687500003 0.049491445671600694
0.99753417968750002 0.049441369013150945
0.99753906250000002 0.049391132427762274
0.99754394531250001 0.049340734966857203
0.99754882812500001 0.049290175674324935
0.9975537109375 0.049239453586561038
0.99755859375 0.049188567732165067
0.9975634765625 0.049137517131801201
0.99756835937499999 0.049086300798622695
0.99757324218749999 0.049034917737471234
0.99757812499999998 0.048983366945358743
0.99758300781249998 0.048931647411200999
0.99758789062499997 0.048879758115614687
0.99759277343749997 0.04882769803107289
0.99759765624999996 0.048775466121592059
0.99760253906249996 0.048723061342784563
0.99760742187499996 0.04867048264179985
0.99761230468749995 0.048617728957066272
0.99761718749999995 0.048564799218410337
0.99762207031249994 0.048511692346814281
0.99762695312499994 0.048458407254385376
0.99763183593749993 0.04840494284424926
0.99763671874999993 0.048351298010513424
0.99764160156249992 0.048297471638061515
0.99764648437499992 0.048243462602582346
0.99765136718750003 0.048189269770371093
0.99765625000000002 0.048134891998346495
0.99766113281250002 0.048080328133781741
0.99766601562500012 0.04802557701438924
0.99767089843750012 0.047970637468092325
0.99767578125000012 0.047915508312924834
0.99768066406250011 0.047860188357103442
0.99768554687500011 0.04780467639865206
0.9976904296875001 0.047748971225493674
0.9976953125000001 0.047693071615264329
0.99770019531250009 0.047636976335215207
0.99770507812500009 0.047580684142092697
0.99770996093750008 0.047524193782110556
0.99771484375000008 0.047467503990727911
0.99771972656250008 0.047410613492473705
0.99772460937500007 0.047353521001103238
0.99772949218750007 0.047296225219186028
0.99773437500000006 0.047238724838143786
0.99773925781250006 0.047181018538155706
0.99774414062500005 0.047123104987778455
0.99774902343750005 0.047064982844284078
0.99775390625000004 0.047006650753088575
0.99775878906250004 0.04694810734781403
0.99776367187500004 0.046889351250234773
0.99776855468750003 0.046830381070032269
0.99777343750000003 0.046771195404629554
0.99777832031250002 0.046711792839185674
0.99778320312500002 0.046652171946360621
0.99778808593750001 0.046592331286226807
0.99779296875000001 0.046532269406155471
0.9977978515625 0.046471984840546612
0.997802734375 0.046411476110837194
0.9978076171875 0.046350741725272787
0.99781249999999999 0.046289780178791942
0.99781738281249999 0.04622858995284225
0.99782226562499998 0.046167169515239762
0.99782714843749998 0.046105517320127812
0.99783203124999997 0.046043631807631227
0.99783691406249997 0.045981511403758862
0.99784179687499996 0.045919154520336625
0.99784667968749996 0.04585655955484675
0.99785156249999996 0.045793724890076021
0.99785644531249995 0.045730648894138498
0.99786132812499995 0.045667329920257127
0.99786621093749994 0.045603766306558408
0.99787109374999994 0.045539956375942256
0.99787597656249993 0.045475898435893475
0.99788085937499993 0.045411590778162057
0.99788574218750004 0.045347031678993073
0.99789062500000003 0.045282219398478957
0.99789550781250003 0.045217152180537949
0.99790039062500013 0.045151828252854895
0.99790527343750013 0.04508624582660567
0.99791015625000012 0.045020403096083413
0.99791503906250012 0.044954298238856917
0.99791992187500012 0.044887929415305408
0.99792480468750011 0.044821294768497694
0.99792968750000011 0.044754392423954792
0.9979345703125001 0.04468722048949221
0.9979394531250001 0.044619777054977744
0.99794433593750009 0.04455206019222082
0.99794921875000009 0.044484067954559989
0.99795410156250008 0.044415798376800292
0.99795898437500008 0.044347249474918415
0.99796386718750008 0.044278419245883716
0.99796875000000007 0.044209305667405066
0.99797363281250007 0.044139906697651859
0.99797851562500006 0.044070220275150188
0.99798339843750006 0.044000244318409015
0.99798828125000005 0.043929976725689469
0.99799316406250005 0.043859415374862376
0.99799804687500004 0.043788558123173421
0.99800292968750004 0.043717402806681828
0.99800781250000004 0.043645947240456638
0.99801269531250003 0.043574189217939756
0.99801757812500003 0.043502126510909178
0.99802246093750002 0.043429756869179187
0.99802734375000002 0.043357078020233517
0.99803222656250001 0.043284087668897367
0.99803710937500001 0.043210783497386995
0.9980419921875 0.043137163164651618
0.998046875 0.04306322430620621
0.9980517578125 0.042988964533878793
0.99805664062499999 0.042914381435631622
0.99806152343749999 0.042839472574943124
0.99806640624999998 0.042764235490776015
0.99807128906249998 0.042688667697225069
0.99807617187499997 0.042612766682937196
0.99808105468749997 0.042536529911203047
0.99808593749999996 0.04245995481941519
0.99809082031249996 0.042383038818677179
0.99809570312499996 0.042305779293504847
0.99810058593749995 0.042228173601653526
0.99810546874999995 0.042150219073533765
0.99811035156249994 0.042071913011992826
0.99811523437499994 0.041993252691895591
0.99812011718750004 0.041914235359961402
0.99812500000000004 0.041834858233976598
0.99812988281250004 0.041755118502784502
0.99813476562500014 0.041675013325864659
0.99813964843750014 0.041594539832844904
0.99814453125000013 0.041513695122976632
0.99814941406250013 0.041432476265179569
0.99815429687500012 0.04135088029717366
0.99815917968750012 0.041268904225192166
0.99816406250000012 0.041186545023787623
0.99816894531250011 0.041103799635136398
0.99817382812500011 0.041020664968740218
0.9981787109375001 0.040937137900976577
0.9981835937500001 0.040853215274621546
0.99818847656250009 0.040768893898374174
0.99819335937500009 0.040684170546523797
0.99819580078125014 0.040641657112139448
0.99819824218750008 0.040599041958312071
0.99820068359375003 0.040556324671898653
0.99820312500000008 0.040513504837544005
0.99820556640625013 0.040470582037609532
0.99820800781250008 0.040427555852140182
0.99821044921875002 0.040384425858981415
0.99821289062500007 0.040341191633560064
0.99821533203125012 0.040297852749128414
0.99821777343750007 0.040254408776431466
0.99822021484375001 0.040210859283996717
0.99822265625000006 0.040167203837879056
0.99822509765625012 0.040123442001797419
0.99822753906250006 0.040079573337074001
0.99822998046875 0.040035597402607911
0.99823242187500005 0.039991513754806099
0.99823486328125011 0.039947321947731498
0.99823730468750005 0.039903021532857491
0.99823974609374999 0.039858612059263124
0.99824218750000004 0.039814093073411536
0.9982446289062501 0.039769464119369276
0.99824707031250004 0.039724724738608955
0.99824951171874998 0.039679874470034585
0.99825195312500004 0.039634912849941875
0.99825439453125009 0.039589839412119215
0.99825683593750003 0.039544653687651962
0.99825927734374997 0.039499355205110692
0.99826171875000003 0.039453943490306641
0.99826416015625008 0.03940841806638834
0.99826660156250002 0.039362778453912908
0.99826904296874996 0.03931702417067913
0.99827148437500002 0.039271154731661879
0.99827392578125007 0.039225169649287975
0.99827636718750001 0.039179068433029304
0.99827880859374996 0.039132850589765192
0.99828125000000001 0.039086515623383777
0.99828369140625006 0.039040063035094302
0.9982861328125 0.038993492323171917
0.99828857421874995 0.038946802983102928
0.998291015625 0.038899994507390796
0.99829345703125005 0.038853066385750368
0.9982958984375 0.038806018104928605
0.99829833984374994 0.038758849148658799
0.99830078124999999 0.038711558997809023
0.99830322265625004 0.038664147130226062
0.99830566406249999 0.038616613020733277
0.99830810546874993 0.038568956141047904
0.99831054687499998 0.038521175960017223
0.99831298828125004 0.038473271943281775
0.99831542968749998 0.038425243553425151
0.99831787109374992 0.038377090249834059
0.99832031249999997 0.038328811488903318
0.99832275390625003 0.038280406723678495
0.99832519531249997 0.038231875404202836
0.99832763671874991 0.0381832169771733
0.99833007812499996 0.038134430886089518
0.99833251953125002 0.038085516571196326
0.99833496093749996 0.038036473469481719
0.9983374023437499 0.03798730101457512
0.99833984374999996 0.03793799863688372
0.99834228515625001 0.037888565763286884
0.99834472656249995 0.037839001817421808
0.99834716796874989 0.037789306219396329
0.99834960937499995 0.037739478386043614
0.99835205078125 0.037689517730645279
0.99835449218750005 0.03763942366301691
0.99835693359375011 0.037589195589464788
0.99835937500000005 0.037538832912746789
0.99836181640624999 0.037488335032077588
0.99836425781250004 0.037437701343111904
0.9983666992187501 0.037386931237775256
0.99836914062500015 0.037336024104535452
0.9983715820312502 0.037284979328085874
0.99837402343750015 0.037233796289386688
0.99837646484375009 0.037182474365780732
0.99837890625000014 0.037131012930799082
0.9983813476562502 0.037079411354117922
0.99838378906250014 0.03702766900174171
0.99838623046875008 0.036975785235774286
0.99838867187500013 0.036923759414490685
0.99839111328125019 0.036871590892235601
0.99839355468750013 0.036819279019363035
0.99839599609375007 0.03676682314239943
0.99839843750000012 0.036714222603825196
0.99840087890625018 0.036661476742080319
0.99840332031250012 0.03660858489161984
0.99840576171875006 0.036555546382791251
0.99840820312500012 0.036502360541777835
0.99841064453125017 0.036449026690748426
0.99841308593750011 0.03639554414759117
0.99841552734375005 0.036341912226046179
0.99841796875000011 0.036288130235550262
0.99842041015625016 0.036234197481393469
0.9984228515625001 0.036180113264496556
0.99842529296875004 0.036125876881354338
0.9984277343750001 0.036071487624227336
0.99843017578125015 0.03601694478092643
0.99843261718750009 0.035962247634813954
0.99843505859375004 0.035907395464795357
0.99843750000000009 0.035852387545277975
0.99843994140625014 0.035797223146048433
0.99844238281250008 0.035741901532453983
0.99844482421875003 0.035686421965078624
0.99844726562500008 0.035630783699986332
0.99844970703125013 0.035574985988489169
0.99845214843750008 0.03551902807723914
0.99845458984375002 0.035462909207930472
0.99845703125000007 0.035406628617739952
0.99845947265625012 0.03535018553879718
0.99846191406250007 0.035293579198439916
0.99846435546875001 0.035236808819122077
0.99846679687500006 0.035179873618275626
0.99846923828125012 0.035122772808398074
0.99847167968750006 0.035065505596853244
0.99847412109375 0.03500807118606486
0.99847656250000005 0.034950468773285698
0.99847900390625011 0.034892697550583128
0.99848144531250005 0.034834756704913164
0.99848388671874999 0.03477664541787804
0.99848632812500004 0.034718362865876914
0.9984887695312501 0.034659908220026035
0.99849121093750004 0.034601280645964357
0.99849365234374998 0.0345424793039966
0.99849609375000004 0.03448350334900855
0.99849853515625009 0.034424351930222773
0.99850097656250003 0.03436502419155317
0.99850341796874997 0.034305519271157103
0.99850585937500003 0.034245836301644489
0.99850830078125008 0.03418597440990967
0.99851074218750002 0.034125932717112721
0.99851318359374996 0.03406571033864552
0.99851562500000002 0.034005306384133988
0.99851806640625007 0.033944719957221162
0.99852050781250001 0.033883950155794214
0.99852294921874996 0.03382299607158977
0.99852539062500001 0.033761856790513863
0.99852783203125006 0.033700531392274587
0.9985302734375 0.033639018950565258
0.99853271484374995 0.03357731853278869
0.99853515625 0.033515429200294732
0.99853759765625005 0.033453350007975412
0.9985400390625 0.033391080004551738
0.99854248046874994 0.033328618232316372
0.99854492187499999 0.033265963727138331
0.99854736328125004 0.033203115518424801
0.99854980468749999 0.033140072628976155
0.99855224609374993 0.033076834075117641
0.99855468749999998 0.033013398866417368
0.99855712890625004 0.032949766005781936
0.99855957031249998 0.032885934489347554
0.99856201171874992 0.032821903306515583
0.99856445312499997 0.032757671439656487
0.99856689453125003 0.032693237864325965
0.99856933593749997 0.032628601549118848
0.99857177734374991 0.032563761455415612
0.99857421874999996 0.032498716537653238
0.99857666015625002 0.032433465742982753
0.99857910156249996 0.032368008011371401
0.9985815429687499 0.03230234227545014
0.99858398437499996 0.032236467460545211
0.99858642578125001 0.032170382484549308
0.99858886718750006 0.032104086257803213
0.99859130859375012 0.032037577683174695
0.99859375000000006 0.031970855655792628
0.99859619140625 0.03190391906328309
0.99859863281250005 0.031836766785355713
0.99860107421875011 0.031769397693952837
0.99860351562500016 0.031701810653191477
0.99860595703125021 0.031634004519151313
0.99860839843750016 0.031565978139939291
0.9986108398437501 0.0314977303554635
0.99861328125000015 0.031429259997569937
0.9986157226562502 0.031360565889855245
0.99861816406250015 0.031291646847576238
0.99862060546875009 0.031222501677615311
0.99862304687500014 0.031153129178327084
0.9986254882812502 0.031083528139595376
0.99862792968750014 0.031013697342682334
0.99863037109375008 0.030943635560191793
0.99863281250000013 0.030873341555911059
0.99863525390625019 0.030802814084711902
0.99863769531250013 0.030732051892748323
0.99864013671875007 0.030661053716948709
0.99864257812500012 0.030589818285284544
0.99864501953125018 0.030518344316597085
0.99864746093750012 0.030446630520274832
0.99864990234375006 0.030374675596650233
0.99865234375000012 0.030302478236345694
0.99865478515625017 0.030230037120725695
0.99865722656250011 0.030157350921367294
0.99865966796875005 0.030084418300388369
0.99866210937500011 0.030011237909903413
0.99866455078125016 0.029937808392386536
0.9986669921875001 0.029864128380172619
0.99866943359375004 0.029790196495669795
0.9986718750000001 0.029716011351169053
0.99867431640625015 0.029641571548692666
0.99867675781250009 0.029566875679959075
0.99867919921875004 0.029491922326275434
0.99868164062500009 0.029416710058386537
0.99868408203125014 0.029341237436579369
0.99868652343750008 0.029265503010294222
0.99868896484375003 0.029189505318190409
0.99869140625000008 0.029113242888117959
0.99869384765625013 0.029036714236754003
0.99869628906250008 0.028959917869831278
0.99869873046875002 0.028882852281746321
0.99870117187500007 0.028805515955650035
0.99870361328125012 0.028727907363262813
0.99870605468750007 0.028650024964683947
0.99870849609375001 0.028571867208506525
0.99871093750000006 0.02849343253145991
0.99871337890625012 0.028414719358446326
0.99871582031250006 0.028335726102359494
0.99871826171875 0.028256451164105363
0.99872070312500005 0.028176892932263414
0.99872314453125011 0.028097049783137068
0.99872558593750005 0.028016920080605974
0.99872802734374999 0.027936502175974355
0.99873046875000004 0.027855794407798333
0.9987329101562501 0.02777479510191698
0.99873535156250004 0.027693502571243853
0.99873779296874998 0.027611915115590677
0.99874023437500004 0.027530031021639284
0.99874267578125009 0.027447848562675924
0.99874389648437512 0.02740664490305017
0.99874511718750003 0.027365365998622951
0.99874633789062495 0.02732401162972465
0.99874755859374997 0.027282581575844365
0.998748779296875 0.027241075615654808
0.99875000000000003 0.027199493526942536
0.99875122070312505 0.027157835086672473
0.99875244140625008 0.027116100070747426
0.99875366210937511 0.027074288254465832
0.99875488281250002 0.027032399412109435
0.99875610351562494 0.026990433317045467
0.99875732421874996 0.026948389741736696
0.99875854492187499 0.026906268457803729
0.99875976562500002 0.026864069236023809
0.99876098632812504 0.026821791846196534
0.99876220703125007 0.026779436057182832
0.9987634277343751 0.026737001637024076
0.99876464843750001 0.026694488352730021
0.99876586914062493 0.026651895970562382
0.99876708984374996 0.026609224255603151
0.99876831054687498 0.02656647297220302
0.99876953125000001 0.026523641883814709
0.99877075195312504 0.026480730752692049
0.99877197265625006 0.026437739340464582
0.99877319335937509 0.026394667407571286
0.9987744140625 0.026351514713631681
0.99877563476562492 0.026308281017152817
0.99877685546874995 0.02626496607587045
0.99877807617187497 0.026221569646543416
0.998779296875 0.026178091484672789
0.99878051757812503 0.026134531345196228
0.99878173828125005 0.02609088898174558
0.99878295898437508 0.026047164147104319
0.9987841796875 0.026003356593006136
0.99878540039062491 0.025959466070282149
0.99878662109374994 0.025915492328677285
0.99878784179687496 0.025871435116903929
0.99878906249999999 0.025827294182735355
0.99879028320312502 0.025783069272926194
0.99879150390625004 0.02573876013310767
0.99879272460937507 0.025694366508021454
0.99879394531249999 0.025649888141285888
0.9987951660156249 0.025605324775489206
0.99879638671874993 0.025560676152203844
0.99879760742187496 0.02551594201188935
0.99879882812499998 0.025471122094097909
0.99880004882812501 0.025426216137096856
0.99880126953125004 0.025381223878313472
0.99880249023437506 0.025336145053945755
0.99880371093749998 0.025290979399196716
0.99880493164062489 0.025245726648178042
0.99880615234374992 0.025200386533841143
0.99880737304687495 0.025154958788162082
0.99880859374999997 0.025109443141962985
0.998809814453125 0.025063839324911616
0.99881103515625003 0.025018147065604172
0.99881225585937505 0.02497236609158951
0.99881347656249997 0.024926496129176093
0.99881469726562488 0.024880536903593986
0.99881591796874991 0.024834488139037963
0.99881713867187494 0.024788349558409535
0.99881835937499996 0.024742120883466612
0.99881958007812499 0.024695801835020584
0.99882080078125002 0.024649392132475974
0.99882202148437504 0.024602891494261064
0.99882324218749996 0.024556299637528485
0.99882446289062488 0.024509616278235918
0.9988256835937499 0.024462841131308997
0.99882690429687493 0.024415973910298684
0.99882812499999996 0.024369014327708771
0.99882934570312498 0.024321962094755192
0.99883056640625001 0.024274816921533375
0.99883178710937504 0.024227578516796265
0.99883300781249995 0.024180246588213265
0.99883422851562487 0.024132820842122475
0.99883544921874989 0.024085300983769431
0.99883666992187492 0.024037686716965788
0.99883789062499995 0.023989977744478183
0.99883911132812497 0.023942173767633704
0.99884033203125 0.023894274486729927
0.99884155273437503 0.0238462796005523
0.99884277343749994 0.023798188806819706
0.99884399414062486 0.023750001801799071
0.99884521484374988 0.023701718280640743
0.99884643554687491 0.023653337937078509
0.99884765624999994 0.023604860463660164
0.99884887695312496 0.023556285551448196
0.99885009765624999 0.023507612890457816
0.99885131835937502 0.023458842169143963
0.99885253906249993 0.02340997307471028
0.99885375976562485 0.023361005293110436
0.99885498046874988 0.023311938508902702
0.9988562011718749 0.023262772405244866
0.99885742187499993 0.02321350666400495
0.99885864257812496 0.023164140965695475
0.99885986328124998 0.023114674989387053
0.99886108398437501 0.023065108412899292
0.99886230468749992 0.023015440912556945
0.99886352539062484 0.022965672163339244
0.99886474609374987 0.022915801838815121
0.99886596679687489 0.022865829611177294
0.99886718749999992 0.022815755151155324
0.99886840820312495 0.02276557812813549
0.99886962890624997 0.022715298209933378
0.998870849609375 0.022664915063100172
0.99887207031249992 0.022614428352645793
0.99887329101562483 0.022563837742117059
0.99887451171874986 0.022513142893649654
0.99887573242187488 0.022462343467950126
0.99887695312499991 0.022411439124100041
0.99887817382812494 0.02236042951978337
0.99887939453124996 0.02230931431131826
0.99888061523437499 0.022258093153287077
0.99888183593749991 0.022206765698974125
0.99888305664062482 0.02215533159996369
0.99888427734374985 0.022103790506511796
0.99888549804687488 0.022052142067120202
0.9988867187499999 0.022000385928952149
0.99888793945312493 0.021948521737488257
0.99888916015624996 0.021896549136718305
0.99889038085937498 0.021844467769058545
0.9988916015624999 0.021792277275282941
0.99889282226562481 0.021739977294723128
0.99889404296874984 0.021687567464936261
0.99889526367187487 0.021635047422024975
0.99889648437499989 0.021582416800396978
0.99889770507812492 0.021529675232965916
0.99889892578124995 0.021476822350770058
0.99890014648437497 0.021423857783476954
0.9989013671875 0.021370781158993296
0.99890258789062503 0.021317592103487396
0.99890380859375005 0.021264290241601411
0.99890502929687508 0.021210875196256904
0.99890625 0.021157346588660864
0.99890747070312491 0.021103704038393248
0.99890869140624994 0.021049947163251093
0.99890991210937496 0.020996075579340107
0.99891113281249999 0.020942088901074275
0.99891235351562502 0.020887986741118983
0.99891357421875004 0.020833768710472947
0.99891479492187507 0.020779434418198461
0.9989160156250001 0.020724983471819752
0.99891723632812512 0.020670415476955757
0.99891845703125015 0.020615730037418643
0.99891967773437518 0.020560926755332457
0.99892089843750009 0.020506005230993198
0.99892211914062501 0.020450965062815456
0.99892333984375004 0.020395805847495709
0.99892456054687506 0.020340527179817686
0.99892578125000009 0.020285128652722265
0.99892700195312512 0.020229609857388822
0.99892822265625014 0.020173970383026318
0.99892944335937517 0.020118209817078403
0.99893066406250008 0.020062327744955137
0.998931884765625 0.020006323750390097
0.99893310546875003 0.019950197414947468
0.99893432617187505 0.019893948318470911
0.99893554687500008 0.019837576038829845
0.99893676757812511 0.019781080151870196
0.99893798828125013 0.01972446023169809
0.99893920898437516 0.019667715850168514
0.99894042968750008 0.019610846577371312
0.99894165039062499 0.019553851981384499
0.99894287109375002 0.019496731628201466
0.99894409179687504 0.019439485081974822
0.99894531250000007 0.019382111904639426
0.9989465332031251 0.019324611656219286
0.99894775390625012 0.019266983894613572
0.99894897460937515 0.01920922817582929
0.99895019531250007 0.019151344053651653
0.99895141601562498 0.019093331079872933
0.99895263671875001 0.019035188804123852
0.99895385742187504 0.018976916773958775
0.99895507812500006 0.018918514534876356
0.99895629882812509 0.018859981630187678
0.99895751953125012 0.018801317601118715
0.99895874023437514 0.018742521986641981
0.99895996093750006 0.018683594323667202
0.99896118164062497 0.018624534146899574
0.99896240234375 0.018565340988848315
0.99896362304687503 0.018506014379775379
0.99896484375000005 0.018446553847807745
0.99896606445312508 0.018386958918768612
0.99896728515625011 0.01832722911631799
0.99896850585937513 0.018267363961833309
0.99896972656250005 0.018207362974320844
0.99897094726562496 0.018147225670701012
0.99897216796874999 0.018086951565413831
0.99897338867187502 0.018026540170767595
0.99897460937500004 0.017965990996485055
0.99897583007812507 0.017905303550261688
0.9989770507812501 0.01784447733721517
0.99897827148437512 0.017783511860250636
0.99897949218750004 0.017722406619755625
0.99898071289062496 0.017661161113822349
0.99898193359374998 0.017599774838112578
0.99898315429687501 0.017538247285810771
0.99898437500000004 0.017476577947785642
0.99898559570312506 0.017414766312347695
0.99898681640625009 0.017352811865359578
0.99898803710937512 0.01729071409020419
0.99898925781250003 0.017228472467903939
0.99899047851562495 0.017166086476700801
0.99899169921874997 0.017103555592573927
0.998992919921875 0.017040879288712944
0.99899414062500003 0.016978057036044651
0.99899536132812505 0.016915088302673381
0.99899658203125008 0.016851972554270005
0.99899780273437511 0.016788709253766576
0.99899902343750002 0.016725297861620358
0.99900024414062494 0.016661737835500477
0.99900146484374996 0.016598028630586979
0.99900268554687499 0.016534169699228204
0.99900390625000002 0.01647016049126486
0.99900512695312504 0.01640600045369326
0.99900634765625007 0.016341689030819034
0.9990075683593751 0.016277225664269077
0.99900878906250001 0.016212609792865602
0.99901000976562493 0.016147840852746932
0.99901123046874996 0.016082918277083434
0.99901245117187498 0.016017841496498472
0.99901367187500001 0.015952609938566918
0.99901489257812504 0.015887223028163033
0.99901611328125006 0.015821680187281778
0.99901733398437509 0.01575598083501862
0.9990185546875 0.015690124387589828
0.99901977539062492 0.015624110258262047
0.99902099609374995 0.015557937857443437
0.99902221679687497 0.015491606592626633
0.9990234375 0.015425115868203769
0.99902465820312503 0.015358465085756751
0.99902587890625005 0.015291653643694593
0.99902709960937508 0.01522468093749537
0.9990283203125 0.01515754635966865
0.99902954101562491 0.015090249299571382
0.99903076171874994 0.015022789143502559
0.99903198242187496 0.014955165274596373
0.99903320312499999 0.014887377073068593
0.99903442382812502 0.014819423915812376
0.99903564453125004 0.014751305176583102
0.99903686523437507 0.014683020226157618
0.99903808593749999 0.014614568431807633
0.9990393066406249 0.014545949157874702
0.99904052734374993 0.01447716176532661
0.99904174804687496 0.014408205611789175
0.99904296874999998 0.014339080051837837
0.99904418945312501 0.014269784436560538
0.99904541015625004 0.014200318113791841
0.99904663085937506 0.014130680428065263
0.99904785156249998 0.014060870720444589
0.99904907226562489 0.013990888328771531
0.99905029296874992 0.013920732587307888
0.99905151367187495 0.01385040282701442
0.99905273437499997 0.01377989837536879
0.999053955078125 0.013709218556354395
0.99905517578125003 0.013638362690491526
0.99905639648437505 0.013567330094715273
0.99905761718749997 0.013496120082511824
0.99905883789062488 0.013424731963814482
0.99906005859374991 0.013353165044875964
0.99906127929687494 0.013281418628354393
0.99906249999999996 0.013209492013380286
0.99906372070312499 0.013137384495329377
0.99906494140625002 0.013065095365934733
0.99906616210937504 0.012992623913251782
0.99906738281249996 0.012919969421500366
0.99906799316406247 0.0128835733113071
0.99906860351562488 0.01284713117131886
0.99906921386718739 0.012810642910927435
0.9990698242187499 0.012774108439404394
0.99907043457031242 0.012737527665739136
0.99907104492187493 0.012700900498725513
0.99907165527343744 0.012664226846872038
0.99907226562499996 0.012627506618482359
0.99907287597656247 0.012590739721524864
0.99907348632812498 0.012553926063856892
0.9990740966796875 0.012517065553088326
0.99907470703125001 0.012480158096393613
0.99907531738281252 0.012443203600958505
0.99907592773437504 0.012406201973546832
0.99907653808593744 0.012369153120771248
0.99907714843749995 0.012332056948849993
0.99907775878906246 0.01229491336403183
0.99907836914062487 0.012257722271999387
0.99907897949218738 0.012220483578453109
0.99907958984374989 0.012183197188587083
0.99908020019531241 0.012145863007616463
0.99908081054687492 0.012108480940300544
0.99908142089843743 0.012071050891224892
0.99908203124999995 0.012033572764670687
0.99908264160156246 0.011996046464757618
0.99908325195312497 0.01195847189529034
0.99908386230468749 0.011920848959804671
0.99908447265625 0.011883177561640569
0.99908508300781251 0.011845457603743142
0.99908569335937503 0.011807688988966628
0.99908630371093743 0.011769871619830632
0.99908691406249994 0.011732005398579916
0.99908752441406246 0.01169409022719585
0.99908813476562486 0.011656126007462596
0.99908874511718737 0.01161811264075726
0.99908935546874988 0.011580050028394934
0.9990899658203124 0.011541938071257973
0.99909057617187491 0.01150377667006576
0.99909118652343742 0.011465565725162614
0.99909179687499994 0.01142730513673499
0.99909240722656245 0.011388994804693783
0.99909301757812496 0.011350634628577903
0.99909362792968748 0.01131222450770706
0.99909423828124999 0.011273764341192982
0.9990948486328125 0.011235254027867986
0.99909545898437502 0.011196693466118179
0.99909606933593742 0.011158082554364741
0.99909667968749993 0.011119421190415119
0.99909729003906245 0.011080709272015557
0.99909790039062485 0.011041946696596042
0.99909851074218736 0.01100313336127913
0.99909912109374988 0.010964269162963183
0.99909973144531239 0.010925353998202637
0.9991003417968749 0.010886387763234383
0.99910095214843742 0.010847370354116634
0.99910156249999993 0.010808301666677442
0.99910217285156244 0.010769181596244633
0.99910278320312496 0.010730010038025824
0.99910339355468747 0.010690786886896834
0.99910400390624998 0.010651512037446922
0.9991046142578125 0.010612185383988046
0.99910522460937501 0.010572806820617175
0.99910583496093741 0.010533376240886794
0.99910644531249992 0.010493893538432261
0.99910705566406244 0.010454358606242317
0.99910766601562484 0.010414771337258946
0.99910827636718735 0.010375131624032662
0.99910888671874987 0.010335439358825818
0.99910949707031238 0.010295694433581873
0.99911010742187489 0.01025589674002466
0.99911071777343741 0.010216046169505208
0.99911132812499992 0.010176142613086553
0.99911193847656243 0.010136185961590098
0.99911254882812495 0.010096176105443527
0.99911315917968746 0.010056112934887888
0.99911376953124997 0.010015996339744655
0.99911437988281249 0.0099758262096548075
0.999114990234375 0.0099356024338073598
0.9991156005859374 0.0098953249011936029
0.99911621093749992 0.0098549935004851874
0.99911682128906243 0.0098146081200135571
0.99911743164062483 0.0097741686478195408
0.99911804199218734 0.0097336749716369353
0.99911865234374986 0.0096931269788442173
0.99911926269531237 0.0096525245566316878
0.99911987304687488 0.0096118675917357191
0.9991204833984374 0.0095711559706594951
0.99912109374999991 0.0095303895794921559
0.99912170410156242 0.0094895683041674034
0.99912231445312494 0.0094486920302045002
0.99912292480468745 0.0094077606428183899
0.99912353515624996 0.0093667740268126853
0.99912414550781248 0.0093257320668152024
0.99912475585937499 0.0092846346471195385
0.99912536621093739 0.0092434816515949911
0.99912597656249991 0.0092022729638282577
0.99912658691406242 0.0091610084671246567
0.99912719726562482 0.0091196880444841186
0.99912780761718734 0.009078311578415911
0.99912841796874985 0.0090368789513173425
0.99912902832031236 0.0089953900450423369
0.99912963867187488 0.0089538447413329766
0.99913024902343739 0.0089122429214286841
0.9991308593749999 0.0088705844662764488
0.99913146972656242 0.0088288692565512764
0.99913208007812493 0.0087870971725500166
0.99913269042968744 0.008745268094160763
0.99913330078124996 0.0087033819010800609
0.99913391113281247 0.0086614384725836324
0.99913452148437498 0.0086194376875357373
0.9991351318359375 0.0085773794246736187
0.99913574218750001 0.0085352635620986675
0.99913635253906252 0.0084930899778206947
0.99913696289062504 0.0084508585493564964
0.99913757324218755 0.0084085691539493787
0.99913818359375006 0.0083662216685040022
0.99913879394531258 0.0083238159694954753
0.99913940429687509 0.0082813519330559165
0.99914001464843749 0.0082388294350846172
0.999140625 0.0081962483510239492
0.99914123535156252 0.0081536085559664878
0.99914184570312492 0.0081109099247022309
0.99914245605468743 0.0080681523316235848
0.99914306640624995 0.0080253356507600168
0.99914367675781246 0.0079824597558015437
0.99914428710937497 0.0079395245201148712
0.99914489746093749 0.0078965298165917866
0.9991455078125 0.0078534755178997911
0.99914611816406251 0.0078103614961758175
0.99914672851562503 0.0077671876233774834
0.99914733886718754 0.0077239537709836922
0.99914794921875005 0.0076806598101866116
0.99914855957031257 0.0076373056116486315
0.99914916992187508 0.0075938910458049555
0.99914978027343759 0.0075504159827032985
0.99915039062500011 0.007506880291967645
0.99915100097656262 0.0074632838428531079
0.99915161132812513 0.0074196265043210974
0.99915222167968765 0.0073759081448407648
0.99915283203125016 0.0073321286325941162
0.99915344238281267 0.0072882878352657776
0.99915405273437519 0.0072443856203374332
0.99915466308593759 0.0072004218547025017
0.9991552734375001 0.0071563964050633672
0.99915588378906262 0.0071123091375914146
0.99915649414062502 0.007068159918169066
0.99915710449218753 0.0070239486121802669
0.99915771484375004 0.0069796750847287842
0.99915832519531256 0.0069353392004522091
0.99915893554687507 0.0068909408237423572
0.99915954589843758 0.0068464798183199907
0.9991601562500001 0.0068019560477566229
0.99916076660156261 0.0067573693751517144
0.99916137695312512 0.0067127196631897035
0.99916198730468764 0.0066680067740859383
0.99916259765625015 0.0066232305698267491
0.99916320800781266 0.006578390911897318
0.99916381835937518 0.0065334876612874598
0.99916442871093758 0.0064885206787468619
0.99916503906250009 0.0064434898245246189
0.99916564941406261 0.0063983949584959995
0.99916625976562501 0.0063532359401125005
0.99916687011718752 0.0063080126283396321
0.99916748046875004 0.0062627248819154824
0.99916809082031255 0.0062173725589716039
0.99916870117187506 0.0061719555173149893
0.99916931152343758 0.0061264736143355342
0.99916992187500009 0.0060809267069124665
0.9991705322265626 0.0060353146517523534
0.99917114257812512 0.0059896373047923085
0.99917175292968763 0.0059438945218123693
0.99917236328125014 0.0058980861580673269
0.99917297363281266 0.0058522120683776185
0.99917358398437517 0.0058062721071207787
0.99917419433593757 0.0057602661282840362
0.99917480468750008 0.005714193985469164
0.9991754150390626 0.005668055531718702
0.999176025390625 0.0056218506197416862
0.99917663574218751 0.0055755791017226275
0.99917724609375003 0.0055292408295734702
0.99917785644531254 0.0054828356545558524
0.99917846679687505 0.0054363634275728656
0.99917907714843757 0.005389823999175869
0.99917968750000008 0.0053432172193515412
0.99918029785156259 0.005296542937669714
0.99918090820312511 0.0052498010033211681
0.99918151855468762 0.0052029912649357302
0.99918212890625013 0.0051561135707575353
0.99918273925781265 0.0051091677685656187
0.99918334960937516 0.0050621537056824983
0.99918395996093756 0.005015071228996637
0.99918457031250008 0.0049679201849005261
0.99918518066406259 0.0049207004193342618
0.99918579101562499 0.0048734117778194558
0.9991864013671875 0.0048260541052785391
0.99918701171875002 0.0047786272464277746
0.99918762207031253 0.0047311310451715466
0.99918823242187504 0.0046835653453090945
0.99918884277343756 0.0046359299899165624
0.99918945312500007 0.0045882248216056951
0.99919006347656258 0.0045404496826941115
0.9991906738281251 0.0044926044148621558
0.99919128417968761 0.0044446888593654491
0.99919189453125012 0.0043967028569310493
0.99919250488281264 0.004348646247899067
0.99919311523437515 0.0043005188720460427
0.99919372558593755 0.0042523205687607646
0.99919433593750007 0.0042040511767738251
0.99919494628906258 0.0041557105344591019
0.99919555664062498 0.0041072984797481324
0.9991961669921875 0.0040588148499100044
0.99919677734375001 0.0040102594818396189
0.99919738769531252 0.0039616322119521152
0.99919799804687504 0.0039129328760768509
0.99919860839843755 0.0038641613096023902
0.99919921875000006 0.003815317347394015
0.99919982910156258 0.0037664008237907332
0.99920043945312509 0.0037174115727198753
0.9992010498046876 0.0036683494274606238
0.99920166015625012 0.0036192142209072881
0.99920227050781263 0.0035700057854128053
0.99920288085937514 0.0035207239527825507
0.99920349121093754 0.0034713685542814982
0.99920410156250006 0.003421939420688011
0.99920471191406257 0.0033724363823214032
0.99920532226562497 0.0033228592689513309
0.99920593261718749 0.0032732079097230887
0.99920654296875 0.0032234821333515934
0.99920715332031251 0.0031736817680485252
0.99920776367187503 0.0031238066414314286
0.99920837402343754 0.0030738565805575324
0.99920898437500005 0.003023831412073949
0.99920959472656257 0.0029737309619881913
0.99921020507812508 0.0029235550557877715
0.99921081542968759 0.0028733035185009581
0.99921142578125011 0.0028229761744697907
0.99921203613281262 0.002772572847590471
0.99921264648437513 0.0027220933612002174
0.99921325683593754 0.0026715375381346357
0.99921386718750005 0.0026209052005282396
0.99921447753906256 0.0025701961701084519
0.99921508789062496 0.0025194102679578362
0.99921569824218748 0.0024685473147195852
0.99921630859374999 0.0024176071303375901
0.9992169189453125 0.0023665895342836335
0.99921752929687502 0.0023154943454318094
0.99921813964843753 0.002264321382083323
0.99921875000000004 0.0022130704620605957
0.99921936035156256 0.0021617414024596715
0.99921997070312507 0.0021103340199069287
0.99922058105468758 0.0020588481304606859
0.9992211914062501 0.0020072835495926616
0.99922180175781261 0.0019556400921226791
0.99922241210937512 0.0019039175723857826
0.99922302246093753 0.0018521158041116259
0.99922363281250004 0.0018002346004388631
0.99922424316406255 0.0017482737737617715
0.99922485351562496 0.0016962331362337518
0.99922546386718747 0.0016441124990634742
0.99922607421874998 0.0015919116730897381
0.9992266845703125 0.00153963046841471
0.99922729492187501 0.0014872686946666991
0.99922790527343752 0.0014348261607657342
0.99922851562500004 0.001382302675124486
0.99922912597656255 0.0013296980453751939
0.99922973632812506 0.0012770120787359146
0.99923034667968758 0.0012242445817806091
0.99923095703125009 0.0011713953603472438
0.9992315673828126 0.0011184642197688277
0.99923217773437512 0.0010654509647127913
0.99923278808593752 0.0010123553992440609
0.99923339843750003 0.00095917732679923207
0.99923400878906254 0.00090591655012191297
0.99923461914062495 0.00085257287151695171
0.99923522949218746 0.00079914609241352186
0.99923583984374997 0.00074563601378488387
0.99923645019531249 0.0006920424358380084
0.999237060546875 0.00063836515832763063
0.99923767089843751 0.00058460398015883208
0.99923828125000003 0.00053075869970800604
0.99923858642578134 0.00050380445788553163
0.99923889160156254 0.00047682911467096523
0.99923919677734374 0.00044983264456363581
0.99923950195312505 0.00042281502210038402
0.99923980712890637 0.00039577622192124573
0.99924011230468757 0.00036871621842331226
0.99924041748046877 0.00034163498608523468
0.99924072265625008 0.00031453249935545213
0.99924102783203139 0.00028740873251809074
0.99924133300781259 0.00026026365999866352
0.99924163818359379 0.00023309725600871578
0.99924194335937511 0.00020590949479253051
0.99924224853515631 0.00017870035060332801
0.99924255371093751 0.00015146979749637579
0.99924285888671882 0.00012421780970031659
0.99924316406250002 9.6944361255776879e-05
0.99924346923828122 6.9649426092430189e-05
0.99924377441406254 4.23329783927201e-05
0.99924407958984374 1.4994991984207395e-05
0.99924438476562494 -1.2364559203004166e-05
0.99924468994140625 -3.9745701381210807e-05
0.99924499511718745 -6.7148460572888369e-05
0.99924530029296865 -9.4572863061484491e-05
0.99924560546874996 -0.00012201893517115037
0.99924591064453128 -0.00014948670310567513
0.99924621582031248 -0.00017697619331541459
0.99924652099609368 -0.0002044874320833584
0.99924682617187499 -0.00023202044593158277
0.9992471313476563 -0.00025957526132461273
0.9992474365234375 -0.00028715190470435248
0.99924774169921871 -0.00031475040270016741
0.99924804687500002 -0.00034237078194293558
0.99924835205078133 -0.00037001306898966357
0.99924865722656253 -0.00039767729058882983
0.99924896240234373 -0.0004253634734302375
0.99924926757812504 -0.00045307164440595848
0.99924957275390636 -0.0004808018302075584
0.99924987792968756 -0.00050855405773450602
0.99925018310546876 -0.00053632835394160083
0.99925048828125007 -0.0005641247457420645
0.99925079345703138 -0.00059194326012521059
0.99925109863281258 -0.00061978392414364925
0.99925140380859379 -0.000647646764889237
0.9992517089843751 -0.00067553180949711522
0.9992520141601563 -0.00070343908511999453
0.9992523193359375 -0.00073136861896735961
0.99925262451171881 -0.00075932043837589891
0.99925292968750001 -0.00078729457051196494
0.99925323486328121 -0.00081529104284665255
0.99925354003906253 -0.00084330988273091656
0.99925384521484373 -0.00087135111759671646
0.99925415039062493 -0.00089941477498278743
0.99925445556640624 -0.0009275008823664832
0.99925476074218744 -0.00095560946733139196
0.99925506591796864 -0.00098374055750030664
0.99925537109374996 -0.0010118941805810633
0.99925567626953127 -0.0010400703641639253
0.99925598144531247 -0.0010682691361368762
0.99925628662109367 -0.0010964905242570044
0.99925659179687498 -0.0011247345563477618
0.99925689697265629 -0.0011530012603502143
0.9992572021484375 -0.0011812906642022641
0.9992575073242187 -0.0012096027957829159
0.99925781250000001 -0.0012379376832533512
0.99925811767578132 -0.0012662953546504485
0.99925842285156252 -0.0012946758381036094
0.99925872802734372 -0.0013230791617133558
0.99925903320312504 -0.0013515053537735133
0.99925933837890635 -0.001379954442542769
0.99925964355468755 -0.0014084264563326426
0.99925994873046875 -0.0014369214234496858
0.99926025390625006 -0.001465439372327168
0.99926055908203137 -0.0014939803314301531
0.99926086425781258 -0.001522544329227507
0.99926147460937509 -0.0015797415551931926
0.99926208496093749 -0.0016370312791332969
0.9992626953125 -0.001694413730698785
0.99926330566406252 -0.0017518891404184472
0.99926391601562492 -0.0018094577394060646
0.99926452636718743 -0.0018671197596356742
0.99926513671874995 -0.0019248754339297736
0.99926574707031246 -0.0019827249957054538
0.99926635742187497 -0.0020406686793553591
0.99926696777343749 -0.0020987067198373066
0.999267578125 -0.0021568393530551483
0.99926818847656251 -0.0022150668157130265
0.99926879882812503 -0.0022733893452048376
0.99926940917968754 -0.0023318071796957635
0.99927001953125005 -0.0023903205582817832
0.99927062988281257 -0.0024489297207557353
0.99927124023437508 -0.0025076349077630122
0.99927185058593748 -0.0025664363607089263
0.9992724609375 -0.0026253343218286679
0.99927307128906251 -0.0026843290342486448
0.99927368164062491 -0.0027434207417848522
0.99927429199218742 -0.0028026096891401731
0.99927490234374994 -0.00286189612186738
0.99927551269531245 -0.0029212802862891712
0.99927612304687496 -0.0029807624295173502
0.99927673339843748 -0.0030403427996304883
0.99927734374999999 -0.0031000216455227408
0.9992779541015625 -0.0031597992168333061
0.99927856445312502 -0.0032196757640580442
0.99927917480468753 -0.0032796515386387254
0.99927978515625004 -0.0033397267927684909
0.99928039550781256 -0.0033999017796089853
0.99928100585937507 -0.0034601767530256927
0.99928161621093747 -0.0035205519679006314
0.99928222656249999 -0.0035810276798149826
0.9992828369140625 -0.0036416041454705728
0.9992834472656249 -0.003702281622195408
0.99928405761718742 -0.0037630603683112274
0.99928466796874993 -0.0038239406429815131
0.99928527832031244 -0.0038849227063322
0.99928588867187496 -0.0039460068192577608
0.99928649902343747 -0.0040071932437128754
0.99928710937499998 -0.0040684822423079636
0.9992877197265625 -0.0041298740787449745
0.99928833007812501 -0.0041913690176422352
0.99928894042968752 -0.0042529673243738852
0.99928955078125004 -0.0043146692653962676
0.99929016113281255 -0.0043764751079287678
0.99929077148437506 -0.0044383851202184493
0.99929138183593746 -0.0045003995714106987
0.99929199218749998 -0.0045625187315291443
0.99929260253906249 -0.0046247428716228861
0.99929321289062489 -0.0046870722635578982
0.99929382324218741 -0.0047495071802541866
0.99929443359374992 -0.0048120478955368251
0.99929504394531243 -0.0048746946841012606
0.99929565429687495 -0.0049374478217768664
0.99929626464843746 -0.0050003075851181022
0.99929687499999997 -0.0050632742517950913
0.99929748535156249 -0.0051263481004398259
0.999298095703125 -0.0051895294106039658
0.99929870605468751 -0.0052528184628427566
0.99929931640625003 -0.0053162155386287796
0.99929992675781254 -0.0053797209205066893
0.99930053710937505 -0.0054433348919451369
0.99930114746093746 -0.0055070577373981522
0.99930175781249997 -0.0055708897423586284
0.99930236816406248 -0.0056348311933158007
0.99930297851562488 -0.0056988823776756292
0.9993035888671874 -0.0057630435840042293
0.99930419921874991 -0.0058273151017400604
0.99930480957031242 -0.0058916972214637237
0.99930541992187494 -0.0059561902345953571
0.99930603027343745 -0.0060207944337581087
0.99930664062499996 -0.006085510112540965
0.99930725097656248 -0.0061503375655646286
0.99930786132812499 -0.0062152770884939673
0.9993084716796875 -0.0062803289779656407
0.99930908203125002 -0.0063454935318187078
0.99930969238281253 -0.0064107710488190556
0.99931030273437504 -0.0064761618288591283
0.99931091308593745 -0.0065416661728148334
0.99931152343749996 -0.0066072843827418293
0.99931213378906247 -0.0066730167616209091
0.99931274414062488 -0.0067388636136687385
0.99931335449218739 -0.0068048252441106072
0.9993139648437499 -0.006870901959219175
0.99931457519531242 -0.0069370940663902037
0.99931518554687493 -0.0070034018741449849
0.99931579589843744 -0.0070698256920491975
0.99931640624999996 -0.0071363658308444544
0.99931701660156247 -0.0072030226023507143
0.99931762695312498 -0.0072697963194653659
0.9993182373046875 -0.0073366872962421642
0.99931884765625001 -0.0074036958478305853
0.99931945800781252 -0.0074708222906169769
0.99932006835937504 -0.0075380669419352203
0.99932067871093744 -0.0076054301204759589
0.99932128906249995 -0.007672912145888125
0.99932189941406246 -0.0077405133390918146
0.99932250976562487 -0.0078082340220693019
0.99932312011718738 -0.0078760745181137709
0.99932373046874989 -0.0079440351515252944
0.99932434082031241 -0.0080121162478386937
0.99932495117187492 -0.0080803181337788521
0.99932556152343743 -0.0081486411372648643
0.99932617187499995 -0.0082170855873451298
0.99932678222656246 -0.0082856518143078067
0.99932739257812497 -0.0083543401496260078
0.99932800292968749 -0.0084231509260140891
0.99932861328125 -0.0084920844773272858
0.99932922363281251 -0.0085611411386526393
0.99932983398437503 -0.0086303212463959972
0.99933044433593743 -0.0086996251380077605
0.99933105468749994 -0.0087690531523737375
0.99933166503906246 -0.0088386056293965343
0.99933227539062486 -0.0089082829104610572
0.99933288574218737 -0.0089780853379973213
0.99933349609374988 -0.0090480132558854731
0.9993341064453124 -0.0091180670090247884
0.99933471679687491 -0.0091882469437589293
0.99933532714843742 -0.0092585534077321008
0.99933593749999994 -0.009328986749629925
0.99933654785156245 -0.0093995473197301949
0.99933715820312496 -0.0094702354693813051
0.99933776855468748 -0.0095410515513279087
0.99933837890624999 -0.009611995919514324
0.9993389892578125 -0.0096830689293747052
0.99933959960937502 -0.0097542709374889847
0.99934020996093742 -0.0098256023017768146
0.99934082031249993 -0.0098970633815546605
0.99934143066406245 -0.009968654537500371
0.99934204101562485 -0.010040376131462747
0.99934265136718736 -0.010112228526814024
0.99934326171874988 -0.010184212088164737
0.99934387207031239 -0.010256327181511649
0.9993444824218749 -0.010328574174240351
0.99934509277343742 -0.010400953435129145
0.99934570312499993 -0.010473465334174564
0.99934631347656244 -0.010546110243002782
0.99934692382812496 -0.010618888534426621
0.99934753417968747 -0.010691800582709896
0.99934814453124998 -0.010764846763599442
0.9993487548828125 -0.010838027454078719
0.99934936523437501 -0.010911343032761825
0.99934997558593741 -0.010984793879523364
0.99935058593749992 -0.011058380375740903
0.99935119628906244 -0.011132102904173366
0.99935180664062484 -0.011205961849075116
0.99935241699218735 -0.011279957596112847
0.99935302734374987 -0.01135409053242295
0.99935363769531238 -0.011428361046621316
0.99935424804687489 -0.011502769528743281
0.99935485839843741 -0.011577316370347604
0.99935546874999992 -0.011652001964484307
0.99935607910156243 -0.011726826705632229
0.99935668945312495 -0.011801790989780292
0.99935729980468746 -0.011876895214478697
0.99935791015624997 -0.011952139778809948
0.99935852050781249 -0.012027525083246102
0.999359130859375 -0.012103051529875286
0.9993597412109374 -0.012178719522309159
0.99936035156249992 -0.012254529465739128
0.99936096191406243 -0.012330481766781476
0.99936157226562483 -0.012406576833728797
0.99936218261718734 -0.012482815076385004
0.99936279296874986 -0.012559196906154951
0.99936340332031237 -0.012635722735947541
0.99936401367187488 -0.012712392980369788
0.9993646240234374 -0.012789208055554849
0.99936523437499991 -0.012866168379202847
0.99936584472656242 -0.012943274370646768
0.99936645507812494 -0.01302052645090182
0.99936706542968745 -0.013097925042545866
0.99936767578124996 -0.013175470569798731
0.99936828613281248 -0.013253163458473771
0.99936889648437499 -0.013331004136138552
0.9993695068359375 -0.013408993031905667
0.99937011718750002 -0.013487130576592454
0.99937072753906253 -0.013565417202783842
0.99937133789062504 -0.01364385334451941
0.99937194824218756 -0.013722439437838269
0.99937255859375007 -0.013801175920108724
0.99937316894531258 -0.013880063230712072
0.9993737792968751 -0.013959101810594621
0.9993743896484375 -0.014038292102473204
0.99937500000000001 -0.014117634550707595
0.99937561035156253 -0.014197129601595734
0.99937622070312493 -0.01427677770283349
0.99937683105468744 -0.014356579304325975
0.99937744140624996 -0.014436534857328723
0.99937805175781247 -0.014516644815130486
0.99937866210937498 -0.014596909632673183
0.9993792724609375 -0.014677329766752081
0.99937988281250001 -0.014757905675932492
0.99938049316406252 -0.014838637820562273
0.99938110351562504 -0.014919526662847862
0.99938171386718755 -0.015000572666849968
0.99938232421875006 -0.015081776298319097
0.99938293457031258 -0.015163138025045902
0.99938354492187509 -0.015244658316542398
0.9993841552734376 -0.015326337644225613
0.99938476562500012 -0.015408176481378419
0.99938537597656263 -0.015490175303115222
0.99938598632812514 -0.015572334586574685
0.99938659667968766 -0.015654654810554475
0.99938720703125017 -0.015737136456044201
0.99938781738281268 -0.015819780005824235
0.9993884277343752 -0.015902585944462463
0.9993890380859376 -0.015985554758687556
0.99938964843750011 -0.016068686937090695
0.99939025878906262 -0.016151982970221912
0.99939086914062503 -0.01623544335052135
0.99939147949218754 -0.016319068572508089
0.99939208984375005 -0.01640285913263835
0.99939270019531257 -0.01648681552941704
0.99939331054687508 -0.016570938263278712
0.99939392089843759 -0.016655227836693071
0.99939453125000011 -0.016739684754162779
0.99939514160156262 -0.016824309522342859
0.99939575195312513 -0.016909102649667621
0.99939636230468765 -0.016994064646937493
0.99939697265625016 -0.017079196026745069
0.99939758300781267 -0.017164497303957915
0.99939819335937519 -0.017249968995469267
0.99939880371093759 -0.017335611620198838
0.9993994140625001 -0.017421425699337481
0.99940002441406262 -0.017507411755982763
0.99940063476562502 -0.01759357031554365
0.99940124511718753 -0.017679901905538475
0.99940185546875004 -0.017766407055603908
0.99940246582031256 -0.017853086297475923
0.99940307617187507 -0.017939940165151644
0.99940368652343758 -0.018026969194835374
0.9994042968750001 -0.018114173924895047
0.99940490722656261 -0.018201554895886776
0.99940551757812512 -0.018289112650607758
0.99940612792968764 -0.018376847734048005
0.99940673828125015 -0.018464760693446436
0.99940734863281266 -0.018552852078428883
0.99940795898437518 -0.018641122440717459
0.99940856933593758 -0.018729572334390779
0.99940917968750009 -0.018818202315798088
0.99940979003906261 -0.018907012943561702
0.99941040039062501 -0.018996004778721348
0.99941101074218752 -0.019085178384547707
0.99941162109375004 -0.019174534326616768
0.99941223144531255 -0.019264073172911608
0.99941284179687506 -0.019353795493892656
0.99941345214843758 -0.019443701862182042
0.99941406250000009 -0.019533792852877763
0.9994146728515626 -0.019624069043518419
0.99941528320312512 -0.019714531013956066
0.99941589355468763 -0.019805179346615881
0.99941650390625014 -0.019896014626176503
0.99941711425781266 -0.019987037439972669
0.99941772460937517 -0.020078248377593186
0.99941833496093757 -0.020169648031166248
0.99941894531250008 -0.020261236995476106
0.9994195556640626 -0.020353015867587365
0.999420166015625 -0.020444985247142555
0.99942077636718751 -0.020537145736379811
0.99942138671875003 -0.020629497939991914
0.99942199707031254 -0.020722042465348575
0.99942260742187505 -0.020814779922198087
0.99942321777343757 -0.020907710923043915
0.99942382812500008 -0.021000836082870622
0.99942443847656259 -0.021094156019298024
0.99942504882812511 -0.021187671352675727
0.99942565917968762 -0.021281382705857749
0.99942626953125013 -0.021375290704374481
0.99942687988281265 -0.021469395976442304
0.99942749023437516 -0.021563699152981758
0.99942810058593756 -0.021658200867488375
0.99942871093750008 -0.021752901756455473
0.99942932128906259 -0.021847802458714788
0.99942993164062499 -0.021942903616025022
0.9994305419921875 -0.022038205872975281
0.99943115234375002 -0.022133709876821006
0.99943176269531253 -0.02222941627758486
0.99943237304687504 -0.02232532572812683
0.99943298339843756 -0.022421438884036762
0.99943359375000007 -0.022517756403932096
0.99943420410156258 -0.022614278949076499
0.9994348144531251 -0.022711007183592161
0.99943542480468761 -0.022807941774597454
0.99943603515625012 -0.022905083391993028
0.99943664550781264 -0.023002432708678411
0.99943725585937515 -0.023099990400399562
0.99943786621093755 -0.023197757145809572
0.99943847656250007 -0.023295733626603546
0.99943908691406258 -0.023393920527374629
0.99943969726562498 -0.023492318535727585
0.9994403076171875 -0.023590928342269363
0.99944091796875001 -0.023689750640682544
0.99944152832031252 -0.023788786127442257
0.99944213867187504 -0.023888035502358781
0.99944274902343755 -0.023987499468253404
0.99944335937500006 -0.024087178730843456
0.99944396972656258 -0.024187073999155956
0.99944458007812509 -0.02428718598520245
0.9994451904296876 -0.024387515404155333
0.99944580078125012 -0.024488062974466776
0.99944641113281263 -0.024588829417472882
0.99944702148437514 -0.02468981545805754
0.99944763183593754 -0.024791021824001114
0.99944824218750006 -0.024892449246466095
0.99944885253906257 -0.024994098459767286
0.99944946289062497 -0.025095970201632303
0.99945007324218749 -0.025198065212764506
0.99945068359375 -0.025300384237542772
0.99945129394531251 -0.025402928023331162
0.99945190429687503 -0.025505697321015652
0.99945251464843754 -0.025608692884786358
0.99945312500000005 -0.0257119154720825
0.99945373535156257 -0.025815365843911614
0.99945434570312508 -0.025919044764579666
0.99945495605468759 -0.026022953001867161
0.99945556640625011 -0.026127091326893129
0.99945617675781262 -0.026231460514396718
0.99945678710937513 -0.026336061342487588
0.99945739746093754 -0.026440894592778125
0.99945800781250005 -0.026545961050452149
0.99945861816406256 -0.026651261504232582
0.99945922851562496 -0.026756796746350647
0.99945983886718748 -0.026862567572671761
0.99946044921874999 -0.026968574782620422
0.9994610595703125 -0.027074819179284074
0.99946166992187502 -0.02718130156938689
0.99946228027343753 -0.02728802276324338
0.99946289062500004 -0.027394983574924078
0.99946350097656256 -0.027502184822246006
0.99946411132812507 -0.027609627326650218
0.99946472167968758 -0.027717311913323162
0.9994653320312501 -0.027825239411338687
0.99946594238281261 -0.027933410653468743
0.99946655273437512 -0.028041826476249171
0.99946716308593753 -0.028150487720161946
0.99946777343750004 -0.028259395229545708
0.99946838378906255 -0.028368549852510666
0.99946899414062496 -0.028477952441084906
0.99946960449218747 -0.028587603851340002
0.99947021484374998 -0.028697504943183377
0.9994708251953125 -0.028807656580508365
0.99947143554687501 -0.02891805963118059
0.99947204589843752 -0.029028714967106753
0.99947265625000004 -0.029139623464268766
0.99947326660156255 -0.029250786002635379
0.99947387695312506 -0.029362203466275189
0.99947448730468758 -0.029473876743462454
0.99947509765625009 -0.029585806726393687
0.9994757080078126 -0.029697994311626841
0.99947631835937512 -0.029810440399788238
0.99947692871093752 -0.029923145895725894
0.99947753906250003 -0.030036111708596061
0.99947814941406254 -0.03014933875170149
0.99947875976562495 -0.030262827942603196
0.99947937011718746 -0.030376580203337264
0.99947998046874997 -0.030490596460053615
0.99948059082031249 -0.03060487764342458
0.999481201171875 -0.030719424688411309
0.99948181152343751 -0.030834238534396555
0.99948242187500003 -0.030949320125204335
0.99948303222656254 -0.031064670409116035
0.99948364257812505 -0.031180290338860855
0.99948425292968757 -0.031296180871763571
0.99948486328125008 -0.031412342969611956
0.99948547363281259 -0.031528777598706773
0.99948608398437511 -0.03164548573013086
0.99948669433593751 -0.03176246833938727
0.99948730468750002 -0.031879726406716116
0.99948791503906254 -0.031997260917030618
0.99948852539062494 -0.032115072859929164
0.99948913574218745 -0.032233163229732784
0.99948974609374996 -0.032351533025564996
0.99949035644531248 -0.032470183251218934
0.99949096679687499 -0.032589114915480388
0.9994915771484375 -0.032708329031826244
0.99949218750000002 -0.032827826618619854
0.99949279785156253 -0.032947608699283926
0.99949340820312504 -0.033067676301951385
0.99949401855468756 -0.033188030459863183
0.99949462890625007 -0.033308672211205356
0.99949523925781258 -0.033429602599194488
0.9994958496093751 -0.033550822672072628
0.9994964599609375 -0.033672333483211872
0.99949707031250001 -0.033794136091047575
0.99949768066406253 -0.033916231559228974
0.99949829101562493 -0.034038620956502813
0.99949890136718744 -0.034161305356897473
0.99949951171874996 -0.034284285839561904
0.99950012207031247 -0.034407563489097223
0.99950073242187498 -0.034531139395207661
0.9995013427734375 -0.034655014653067834
0.99950195312500001 -0.034779190363172202
0.99950256347656252 -0.034903667631427326
0.99950317382812504 -0.035028447569204507
0.99950378417968755 -0.035153531293296389
0.99950439453125006 -0.035278919925995758
0.99950500488281258 -0.035404614595117137
0.99950561523437509 -0.035530616434167425
0.99950622558593749 -0.035656926582056492
0.9995068359375 -0.035783546183567563
0.99950744628906252 -0.035910476388891388
0.99950805664062492 -0.036037718354168552
0.99950866699218743 -0.036165273241160478
0.99950927734374995 -0.036293142217408814
0.99950988769531246 -0.036421326456345424
0.99951049804687497 -0.036549827137102919
0.99951110839843749 -0.03667864544492884
0.99951171875 -0.036807782570761491
0.99951232910156251 -0.036937239711704761
0.99951293945312503 -0.037067018070638114
0.99951354980468754 -0.037197118856794845
0.99951416015625005 -0.037327543285115908
0.99951477050781257 -0.037458292576945065
0.99951538085937508 -0.03758936795961719
0.99951599121093748 -0.037720770666727813
0.9995166015625 -0.037852501938099387
0.99951721191406251 -0.037984563019852369
0.99951782226562491 -0.038116955164268412
0.99951843261718742 -0.038249679630183164
0.99951904296874994 -0.038382737682661608
0.99951965332031245 -0.03851613059336996
0.99952026367187496 -0.038649859640165971
0.99952087402343748 -0.038783926107707048
0.99952148437499999 -0.03891833128709829
0.9995220947265625 -0.039053076475973322
0.99952270507812502 -0.039188162978694166
0.99952331542968753 -0.039323592106221911
0.99952392578125004 -0.039459365176385139
0.99952453613281256 -0.039595483513537255
0.99952514648437507 -0.03973194844916475
0.99952575683593747 -0.039868761321239191
0.99952636718749999 -0.040005923475005228
0.9995269775390625 -0.040143436262303434
0.9995275878906249 -0.040281301042234416
0.99952819824218742 -0.040419519180765792
0.99952880859374993 -0.040558092051031669
0.99952941894531244 -0.040697021033212016
0.99953002929687496 -0.040836307514731857
0.99953063964843747 -0.040975952890195094
0.99953124999999998 -0.041115958561461774
0.9995318603515625 -0.041256325937710059
0.99953247070312501 -0.041397056435530974
0.99953308105468752 -0.041538151478805879
0.99953369140625004 -0.041679612498959559
0.99953430175781255 -0.041821440934927956
0.99953491210937506 -0.041963638233151843
0.99953552246093746 -0.04210620584767906
0.99953613281249998 -0.042249145240273997
0.99953674316406249 -0.042392457880317799
0.99953735351562489 -0.042536145244973747
0.99953796386718741 -0.042680208819271412
0.99953857421874992 -0.042824650096012176
0.99953918457031243 -0.042969470576014843
0.99953979492187495 -0.043114671767883236
0.99954040527343746 -0.043260255188382377
0.99954101562499997 -0.04340622236226338
0.99954162597656249 -0.043552574822546083
0.999542236328125 -0.043699314110259291
0.99954284667968751 -0.043846441774687911
0.99954345703125003 -0.043993959373426358
0.99954406738281254 -0.044141868472468329
0.99954467773437505 -0.044290170646173202
0.99954528808593746 -0.044438867477194346
0.99954589843749997 -0.044587960557024992
0.99954650878906248 -0.044737451485403368
0.99954711914062488 -0.044887341870886027
0.9995477294921874 -0.045037633330598653
0.99954833984374991 -0.045188327490529867
0.99954895019531242 -0.045339425985318857
0.99954956054687494 -0.045490930458600531
0.99955017089843745 -0.045642842562853142
0.99955078124999996 -0.045795163959544957
0.99955139160156248 -0.045947896319247186
0.99955200195312499 -0.04610104132150003
0.9995526123046875 -0.046254600655161515
0.99955322265625002 -0.046408576018210759
0.99955383300781253 -0.046562969118024281
0.99955444335937504 -0.046717781671185829
0.99955505371093745 -0.046873015403852664
0.99955566406249996 -0.047028672051506057
0.99955627441406247 -0.047184753359395093
0.99955688476562488 -0.04734126108209126
0.99955749511718739 -0.047498196984198257
0.9995581054687499 -0.047655562839719057
0.99955871582031242 -0.04781336043272523
0.99955932617187493 -0.047971591557040547
0.99955993652343744 -0.048130258016510871
0.99956054687499996 -0.048289361624922283
0.99956115722656247 -0.048448904206242774
0.99956176757812498 -0.048608887594498149
0.9995623779296875 -0.048769313634086292
0.99956298828125001 -0.048930184179637529
0.99956359863281252 -0.049091501096083817
0.99956420898437504 -0.04925326625890411
0.99956481933593744 -0.049415481553996832
0.99956542968749995 -0.049578148878097472
0.99956604003906246 -0.049741270138273702
0.99956665039062487 -0.049904847252546486
0.99956726074218738 -0.050068882149765015
0.99956787109374989 -0.050233376769634269
0.99956848144531241 -0.05039833306274083
0.99956909179687492 -0.050563752990853694
0.99956970214843743 -0.050729638526860757
0.99957031249999995 -0.050895991654744732
0.99957092285156246 -0.051062814369890505
0.99957153320312497 -0.051230108679047967
0.99957214355468749 -0.051397876600396394
0.99957275390625 -0.051566120163569817
0.99957336425781251 -0.051734841409992433
0.99957397460937503 -0.051904042392580452
0.99957458496093743 -0.05207372517613118
0.99957519531249994 -0.05224389183739582
0.99957580566406246 -0.052414544464923982
0.99957641601562486 -0.052585685159377032
0.99957702636718737 -0.052757316033626073
0.99957763671874988 -0.052929439212538607
0.9995782470703124 -0.053102056833513239
0.99957885742187491 -0.053275171046116801
0.99957946777343742 -0.053448784012645814
0.99958007812499994 -0.053622897907722636
0.99958068847656245 -0.053797514918834388
0.99958129882812496 -0.053972637246076136
0.99958190917968748 -0.054148267102459388
0.99958251953124999 -0.054324406713947865
0.9995831298828125 -0.054501058319472412
0.99958374023437502 -0.054678224171222728
0.99958435058593742 -0.054855906534388127
0.99958465576171873 -0.054944942119394671
0.99958496093749993 -0.05503410768779321
0.99958526611328113 -0.055123403526520343
0.99958557128906245 -0.055212829923450876
0.99958587646484365 -0.055302387167103409
0.99958618164062485 -0.055392075546949485
0.99958648681640616 -0.055481895353411748
0.99958679199218736 -0.055571846877600709
0.99958709716796856 -0.055661930411557328
0.99958740234374988 -0.055752146248308695
0.99958770751953119 -0.055842494681466778
0.99958801269531239 -0.055932976005785631
0.99958831787109359 -0.05602359051682515
0.9995886230468749 -0.056114338510882197
0.99958892822265621 -0.056205220285296731
0.99958923339843742 -0.056296236138254088
0.99958953857421862 -0.056387386368710823
0.99958984374999993 -0.056478671276782841
0.99959014892578124 -0.05657009116315545
0.99959045410156244 -0.056661646329596596
0.99959075927734364 -0.056753337078674249
0.99959106445312496 -0.056845163714081742
0.99959136962890627 -0.056937126540192937
0.99959167480468747 -0.057029225862247193
0.99959197998046867 -0.057121461986660974
0.99959228515624998 -0.057213835220563045
0.99959259033203129 -0.057306345872061112
0.9995928955078125 -0.057398994250147231
0.9995932006835937 -0.057491780664806952
0.99959350585937501 -0.057584705426951738
0.99959381103515621 -0.057677768848307789
0.99959411621093741 -0.057770971241721161
0.99959442138671872 -0.057864312920911321
0.99959472656249992 -0.05795779420040155
0.99959503173828113 -0.058051415395898337
0.99959533691406244 -0.05814517682390094
0.99959564208984364 -0.058239078801896327
0.99959594726562484 -0.0583331216483641
0.99959625244140615 -0.058427305682711012
0.99959655761718735 -0.058521631225348036
0.99959686279296855 -0.058616098597586666
0.99959716796874987 -0.05871070812185325
0.99959747314453118 -0.058805460121394398
0.99959777832031238 -0.058900354920433579
0.99959808349609358 -0.058995392844320635
0.99959838867187489 -0.059090574219349143
0.99959869384765621 -0.059185899372718648
0.99959899902343741 -0.059281368632691733
0.99959930419921861 -0.059376982328527131
0.99959960937499992 -0.059472740790542739
0.99959991455078123 -0.059568644349917793
0.99960021972656243 -0.059664693338923214
0.99960052490234363 -0.059760888090891445
0.99960083007812495 -0.059857228940151219
0.99960113525390626 -0.059953716222034187
0.99960144042968746 -0.060050350272834063
0.99960174560546866 -0.060147131429912765
0.99960205078124997 -0.060244060031913127
0.99960235595703129 -0.060341136418078006
0.99960266113281249 -0.060438360928978613
0.99960296630859369 -0.060535733906192435
0.999603271484375 -0.060633255692354088
0.99960357666015631 -0.060730926631087895
0.99960388183593751 -0.060828747067057654
0.99960418701171871 -0.060926717346121595
0.99960449218750003 -0.061024837815158745
0.99960479736328134 -0.061123108822016659
0.99960510253906254 -0.061221530715698635
0.99960540771484374 -0.061320103846297047
0.99960571289062505 -0.061418828565043548
0.99960601806640637 -0.061517705224105684
0.99960632324218757 -0.061616734176812765
0.99960662841796877 -0.06171591577761748
0.99960693359375008 -0.061815250382126014
0.99960723876953139 -0.06191473834691047
0.99960754394531259 -0.062014380029673577
0.99960784912109379 -0.062114175789408754
0.99960815429687511 -0.06221412598606349
0.99960845947265631 -0.062314230980635127
0.99960876464843751 -0.062414491135538708
0.99960906982421882 -0.062514906814008425
0.99960937500000002 -0.06261547838053258
0.99960968017578122 -0.062716206200844699
0.99960998535156254 -0.062817090641712925
0.99961029052734374 -0.062918132070986316
0.99961059570312494 -0.063019330857800343
0.99961090087890625 -0.063120687372437617
0.99961120605468745 -0.063222201986276316
0.99961151123046865 -0.063323875071849833
0.99961181640624996 -0.06342570700295741
0.99961212158203128 -0.063527698154492801
0.99961242675781248 -0.063629848902599234
0.99961273193359368 -0.063732159624493551
0.99961303710937499 -0.063834630698719225
0.9996133422851563 -0.063937262504945525
0.9996136474609375 -0.064040055424019693
0.99961395263671871 -0.064143009837973386
0.99961425781250002 -0.064246126130173525
0.99961456298828133 -0.064349404685151629
0.99961486816406253 -0.0644528458884773
0.99961517333984373 -0.064556450127166681
0.99961547851562504 -0.064660217789501678
0.99961578369140636 -0.06476414926473445
0.99961608886718756 -0.064868244943558417
0.99961639404296876 -0.064972505217844728
0.99961669921875007 -0.065076930480776368
0.99961700439453138 -0.065181521126721431
0.99961730957031258 -0.065286277551262401
0.99961761474609379 -0.065391200151376533
0.9996179199218751 -0.065496289325254975
0.99961822509765641 -0.065601545472285666
0.99961853027343761 -0.065706968993170661
0.99961883544921881 -0.065812560290017252
0.99961914062500012 -0.06591831976611412
0.99961944580078144 -0.06602424782597352
0.99961975097656264 -0.066130344875503233
0.99962005615234384 -0.066236611321958655
0.99962036132812515 -0.066343047573813846
0.99962066650390646 -0.066449654040867862
0.99962097167968766 -0.06655643113425555
0.99962127685546887 -0.066663379266456685
0.99962158203125018 -0.066770498851331406
0.99962188720703149 -0.066877790303952939
0.99962219238281269 -0.066985254040720893
0.99962249755859389 -0.067092890479545891
0.9996228027343752 -0.067200700039589001
0.99962310791015641 -0.067308683141340531
0.99962341308593761 -0.06741684020671343
0.99962371826171892 -0.067525171659068461
0.99962402343750012 -0.067633677922839197
0.99962432861328132 -0.067742359424128984
0.99962463378906263 -0.067851216590460256
0.99962493896484383 -0.067960249850411852
0.99962524414062504 -0.068069459634333224
0.99962554931640635 -0.068178846373764201
0.99962585449218755 -0.068288410501598867
0.99962615966796875 -0.068398152452468636
0.99962646484375006 -0.068508072662057662
0.99962677001953137 -0.068618171567666059
0.99962707519531258 -0.068728449607879744
0.99962738037109378 -0.068838907222911888
0.99962768554687509 -0.068949544854419703
0.9996279907226564 -0.069060362945270098
0.9996282958984376 -0.069171361940013804
0.9996286010742188 -0.069282542284530235
0.99962890625000012 -0.069393904426299391
0.99962921142578143 -0.069505448814151577
0.99962951660156263 -0.069617175898403799
0.99962982177734383 -0.069729086130877332
0.99963012695312514 -0.069841179964995281
0.99963043212890645 -0.069953457855594203
0.99963073730468766 -0.070065920258847392
0.99963104248046886 -0.070178567632721151
0.99963134765625017 -0.070291400436566093
0.99963165283203148 -0.070404419131248341
0.99963195800781268 -0.070517624179109534
0.99963226318359388 -0.070631016044125305
0.9996325683593752 -0.070744595191830212
0.9996328735351564 -0.070858362089235571
0.9996331787109376 -0.07097231720483993
0.99963348388671891 -0.071086461008915997
0.99963378906250011 -0.071200793973112297
0.99963409423828131 -0.071315316570682907
0.99963439941406262 -0.071430029276555757
0.99963470458984383 -0.071544932567105868
0.99963500976562503 -0.071660026920446818
0.99963531494140634 -0.071775312816258291
0.99963562011718754 -0.071890790735720994
0.99963592529296874 -0.072006461161689045
0.99963623046875005 -0.072122324578729968
0.99963653564453137 -0.072238381472906288
0.99963684082031257 -0.072354632331924323
0.99963714599609377 -0.072471077645221593
0.99963745117187508 -0.072587717903884907
0.99963775634765639 -0.072704553600576538
0.99963806152343759 -0.072821585229565694
0.99963836669921879 -0.072938813286934356
0.99963867187500011 -0.073056238270459317
0.99963897705078142 -0.073173860679360631
0.99963928222656262 -0.07329168101481201
0.99963958740234382 -0.07340969977955808
0.99963989257812513 -0.073527917478149574
0.99964019775390645 -0.073646334616642689
0.99964050292968765 -0.073764951702951498
0.99964080810546885 -0.073883769246787467
0.99964111328125016 -0.074002787759519573
0.99964141845703147 -0.07412200775414482
0.99964172363281267 -0.07424142974555753
0.99964202880859387 -0.074361054250388275
0.99964233398437519 -0.074480881787023973
0.99964263916015639 -0.07460091287554238
0.99964294433593759 -0.074721148037900337
0.9996432495117189 -0.074841587797816161
0.9996435546875001 -0.074962232680736929
0.9996438598632813 -0.075083083213985352
0.99964416503906262 -0.075204139926769442
0.99964447021484382 -0.075325403349882081
0.99964477539062502 -0.07544687401606584
0.99964508056640633 -0.075568552460009181
0.99964538574218753 -0.075690439218048661
0.99964569091796873 -0.07581253482848041
0.99964599609375004 -0.075934839831451023
0.99964630126953136 -0.076057354768926749
0.99964660644531256 -0.076180080184735294
0.99964691162109376 -0.076303016624707204
0.99964721679687507 -0.076426164636438615
0.99964752197265638 -0.076549524769458366
0.99964782714843758 -0.076673097575102489
0.99964813232421879 -0.076796883606824545
0.9996484375000001 -0.076920883419894587
0.99964874267578141 -0.0770450975714847
0.99964904785156261 -0.077169526620724016
0.99964935302734381 -0.077294171128647227
0.99964965820312512 -0.077419031658360921
0.99964996337890644 -0.077544108774871945
0.99965026855468764 -0.077669403045066754
0.99965057373046884 -0.077794915037948525
0.99965087890625015 -0.077920645324461968
0.99965118408203146 -0.078046594477626546
0.99965148925781266 -0.078172763072207246
0.99965179443359387 -0.078299151685284896
0.99965209960937518 -0.078425760895898144
0.99965240478515638 -0.078552591284926365
0.99965270996093758 -0.078679643435467267
0.99965301513671889 -0.078806917932767367
0.99965332031250009 -0.078934415363818983
0.99965362548828129 -0.079062136317968129
0.99965393066406261 -0.079190081386558142
0.99965423583984381 -0.079318251162896342
0.99965454101562501 -0.079446646242547408
0.99965484619140632 -0.07957526722317193
0.99965515136718752 -0.079704114704377327
0.99965545654296872 -0.079833189288116668
0.99965576171875004 -0.07996249157839036
0.99965606689453135 -0.080092022181278366
0.99965637207031255 -0.0802217817050285
0.99965667724609375 -0.080351770760092617
0.99965698242187506 -0.080481989959248934
0.99965728759765637 -0.080612439917127854
0.99965759277343758 -0.080743121250678618
0.99965789794921878 -0.080874034579192677
0.99965820312500009 -0.081005180524157727
0.9996585083007814 -0.081136559709100775
0.9996588134765626 -0.081268172759823731
0.9996591186523438 -0.081400020304528919
0.99965942382812512 -0.081532102973521287
0.99965972900390643 -0.08166442139939073
0.99966003417968763 -0.081796976217080458
0.99966033935546883 -0.081929768063681546
0.99966064453125014 -0.082062797578763641
0.99966094970703145 -0.082196065403955326
0.99966125488281266 -0.082329572183424488
0.99966156005859386 -0.082463318563457233
0.99966186523437517 -0.082597305192920689
0.99966217041015637 -0.082731532722811474
0.99966247558593757 -0.082866001806495532
0.99966278076171888 -0.083000713099927265
0.99966308593750008 -0.083135667261132473
0.99966339111328129 -0.083270864950682644
0.9996636962890626 -0.083406306831697336
0.9996640014648438 -0.083541993569251655
0.999664306640625 -0.083677925831338401
0.99966461181640631 -0.083814104288151198
0.99966491699218751 -0.083950529612248997
0.99966522216796871 -0.084087202478765777
0.99966552734375003 -0.084224123565389747
0.99966583251953134 -0.08436129355205424
0.99966613769531254 -0.084498713121297558
0.99966644287109374 -0.084636382958133083
0.99966674804687505 -0.084774303750161123
0.99966705322265637 -0.084912476187373548
0.99966735839843757 -0.085050900962385462
0.99966766357421877 -0.085189578770391849
0.99966796875000008 -0.085328510308991079
0.99966827392578139 -0.085467696278557048
0.99966857910156259 -0.085607137381780607
0.99966888427734379 -0.085746834324158722
0.99966918945312511 -0.085886787813736987
0.99966949462890642 -0.086026998561236662
0.99966979980468762 -0.086167467279762239
0.99967010498046882 -0.086308194685308731
0.99967041015625013 -0.086449181496515176
0.99967071533203145 -0.086590428434499322
0.99967102050781265 -0.086731936223199857
0.99967132568359385 -0.08687370558919863
0.99967163085937516 -0.087015737261836923
0.99967193603515636 -0.087158031973131433
0.99967224121093756 -0.087300590457716987
0.99967254638671887 -0.08744341345319992
0.99967285156250008 -0.087586501699703778
0.99967315673828128 -0.087729855940206131
0.99967346191406259 -0.087873476920602017
0.99967376708984379 -0.088017365389312596
0.99967407226562499 -0.088161522097769424
0.9996743774414063 -0.088305947800172535
0.9996746826171875 -0.088450643253472933
0.99967498779296871 -0.088595609217508392
0.99967529296875002 -0.088740846455077155
0.99967559814453133 -0.088886355731698397
0.99967590332031253 -0.089032137815814233
0.99967620849609373 -0.089178193478765211
0.99967651367187504 -0.089324523494953262
0.99967681884765636 -0.089471128641491149
0.99967712402343756 -0.089618009698432366
0.99967742919921876 -0.089765167448894179
0.99967773437500007 -0.089912602679093429
0.99967803955078138 -0.090060316177851957
0.99967834472656258 -0.090208308737271203
0.99967864990234379 -0.090356581152375215
0.9996789550781251 -0.090505134221297079
0.99967926025390641 -0.090653968745073976
0.99967956542968761 -0.090803085527782351
0.99967987060546881 -0.090952485376731285
0.99968017578125012 -0.091102169102160985
0.99968048095703144 -0.091252137517559673
0.99968078613281264 -0.091402391439256214
0.99968109130859384 -0.091552931686967931
0.99968139648437515 -0.091703759083580055
0.99968170166015635 -0.091854874454772667
0.99968200683593755 -0.092006278629799793
0.99968231201171887 -0.092157972440949226
0.99968261718750007 -0.092309956723610975
0.99968292236328127 -0.092462232316476267
0.99968322753906258 -0.092614800061567804
0.99968353271484378 -0.092767660804035784
0.99968383789062498 -0.092920815392157574
0.99968414306640629 -0.09307426467793159
0.9996844482421875 -0.093228009516120314
0.9996847534179687 -0.093382050765165203
0.99968505859375001 -0.093536389286738075
0.99968536376953132 -0.093691025945743772
0.99968566894531252 -0.093845961610540207
0.99968597412109372 -0.09400119715292149
0.99968627929687504 -0.094156733448032631
0.99968658447265635 -0.094312571374321058
0.99968688964843755 -0.094468711813684908
0.99968719482421875 -0.094625155651609338
0.99968750000000006 -0.094781903776942705
0.99968780517578137 -0.094938957082050357
0.99968811035156258 -0.095096316462651154
0.99968841552734378 -0.09525398281807021
0.99968872070312509 -0.09541195705132352
0.9996890258789064 -0.095570240068704099
0.9996893310546876 -0.095728832780094336
0.9996896362304688 -0.095887736099121157
0.99968994140625012 -0.096046950942967474
0.99969024658203143 -0.096206478232365
0.99969055175781263 -0.096366318891587976
0.99969085693359383 -0.096526473848747824
0.99969116210937514 -0.096686944035639738
0.99969146728515634 -0.096847730387474296
0.99969177246093754 -0.097008833843427289
0.99969207763671886 -0.097170255346396506
0.99969238281250006 -0.097331995842810354
0.99969268798828126 -0.09749405628301297
0.99969299316406257 -0.097656437621248454
0.99969329833984377 -0.097819140815176508
0.99969360351562497 -0.0979821668266318
0.99969390869140629 -0.098145516621218842
0.99969421386718749 -0.098309191168216681
0.99969451904296869 -0.098473191440910129
0.99969482421875 -0.098637518416526876
0.99969512939453131 -0.098802173076218525
0.99969543457031251 -0.098967156404797224
0.99969573974609371 -0.099132469391296829
0.99969604492187503 -0.099298113028796237
0.99969635009765634 -0.099464088314089538
0.99969665527343754 -0.099630396248041847
0.99969696044921874 -0.099797037835758856
0.99969726562500005 -0.099964014086233843
0.99969757080078137 -0.10013132601258426
0.99969787597656257 -0.10029897463190207
0.99969818115234377 -0.10046696096554511
0.99969848632812508 -0.10063528603901883
0.99969879150390639 -0.1008039508818305
0.99969909667968759 -0.10097295652770866
0.99969940185546879 -0.10114230401468532
0.99969970703125011 -0.10131199438508079
0.99970001220703142 -0.10148202868509476
0.99970031738281262 -0.10165240796549746
0.99970062255859382 -0.10182313328126846
0.99970092773437513 -0.10199420569178314
0.99970123291015633 -0.10216562626046369
0.99970153808593754 -0.10233739605537784
0.99970184326171885 -0.10250951614895126
0.99970214843750005 -0.10268198761771349
0.99970245361328125 -0.10285481154289633
0.99970275878906256 -0.10302798901020241
0.99970306396484376 -0.10320152110946268
0.99970336914062496 -0.10337540893529365
0.99970367431640628 -0.10354965358685367
0.99970397949218748 -0.10372425616753242
0.99970428466796868 -0.10389921778557171
0.99970458984374999 -0.10407453955371437
0.9997048950195313 -0.10425022258920535
0.9997052001953125 -0.10442626801391472
0.99970550537109371 -0.10460267695450687
0.99970581054687502 -0.10477945054226898
0.99970611572265633 -0.10495658991316775
0.99970642089843753 -0.10513409620775088
0.99970672607421873 -0.10531197057159564
0.99970703125000004 -0.10549021415490256
0.99970733642578136 -0.10566882811264294
0.99970764160156256 -0.10584781360455608
0.99970794677734376 -0.1060271717953549
0.99970825195312507 -0.10620690385473239
0.99970855712890638 -0.10638701095699699
0.99970886230468758 -0.1065674942815113
0.99970916748046879 -0.10674835501261179
0.9997094726562501 -0.10692959433963575
0.99970977783203141 -0.1071112134568738
0.99971008300781261 -0.10729321356356555
0.99971038818359381 -0.10747559586414177
0.99971069335937512 -0.107658361568164
0.99971099853515633 -0.10784151189003097
0.99971130371093753 -0.10802504804958721
0.99971160888671884 -0.10820897127163823
0.99971191406250004 -0.10839328278626595
0.99971221923828124 -0.10857798382873371
0.99971252441406255 -0.10876307563957832
0.99971282958984375 -0.10894855946456825
0.99971313476562496 -0.10913443655481209
0.99971343994140627 -0.10932070816682279
0.99971374511718747 -0.10950737556222004
0.99971405029296867 -0.10969444000825301
0.99971435546874998 -0.10988190277760584
0.99971466064453129 -0.11006976514822889
0.9997149658203125 -0.11025802840355431
0.9997152709960937 -0.11044669383266276
0.99971557617187501 -0.11063576273008133
0.99971588134765632 -0.11082523639602246
0.99971618652343752 -0.11101511613590218
0.99971649169921872 -0.1112054032612573
0.99971679687500004 -0.11139609908910281
0.99971710205078135 -0.11158720494190194
0.99971740722656255 -0.11177872214813248
0.99971771240234375 -0.11197065204176987
0.99971801757812506 -0.11216299596293183
0.99971832275390637 -0.11235575525715738
0.99971862792968758 -0.11254893127591833
0.99971893310546878 -0.11274252537670248
0.99971923828125009 -0.11293653892287964
0.9997195434570314 -0.11313097328350602
0.9997198486328126 -0.11332582983387909
0.9997201538085938 -0.11352110995511552
0.99972045898437512 -0.1137168150346724
0.99972076416015632 -0.11391294646556904
0.99972106933593752 -0.11410950564731961
0.99972137451171883 -0.11430649398552492
0.99972167968750003 -0.11450391289171336
0.99972198486328123 -0.11470176378379912
0.99972229003906254 -0.11490004808605545
0.99972259521484375 -0.1150987672286608
0.99972290039062495 -0.11529792264842384
0.99972320556640626 -0.11549751578838344
0.99972351074218746 -0.11569754809782842
0.99972381591796866 -0.11589802103260255
0.99972412109374997 -0.11609893605506674
0.99972442626953129 -0.11630029463378616
0.99972473144531249 -0.11650209824394736
0.99972503662109369 -0.11670434836744925
0.999725341796875 -0.1169070464927025
0.99972564697265631 -0.11711019411460008
0.99972595214843751 -0.11731379273476203
0.99972625732421871 -0.11751784386154412
0.99972656250000003 -0.11772234901012216
0.99972686767578134 -0.1179273097023012
0.99972717285156254 -0.11813272746666434
0.99972747802734374 -0.11833860383872935
0.99972778320312505 -0.11854494036100574
0.99972808837890637 -0.11875173858276053
0.99972839355468757 -0.11895900006012478
0.99972869873046877 -0.11916672635649142
0.99972900390625008 -0.11937491904226638
0.99972930908203139 -0.11958357969477526
0.99972961425781259 -0.11979270989846308
0.99972991943359379 -0.12000231124510521
0.99973022460937511 -0.12021238533362891
0.99973052978515631 -0.12042293377007074
0.99973083496093751 -0.12063395816788083
0.99973114013671882 -0.12084546014784728
0.99973144531250002 -0.12105744133797655
0.99973175048828122 -0.12126990337386104
0.99973205566406254 -0.12148284789856936
0.99973236083984374 -0.12169627656236826
0.99973266601562494 -0.12191019102331027
0.99973297119140625 -0.1221245929471273
0.99973327636718745 -0.12233948400678027
0.99973358154296865 -0.12255486588324638
0.99973388671874996 -0.12277074026519749
0.99973419189453128 -0.12298710884890007
0.99973449707031248 -0.1232039733383847
0.99973480224609368 -0.12342133544568296
0.99973510742187499 -0.12363919689077932
0.9997354125976563 -0.12385755940137214
0.9997357177734375 -0.12407642471312261
0.99973602294921871 -0.12429579457000686
0.99973632812500002 -0.12451567072390846
0.99973663330078133 -0.12473605493482398
0.99973693847656253 -0.12495694897075088
0.99973724365234373 -0.1251783546082072
0.99973754882812504 -0.12540027363192865
0.99973785400390636 -0.12562270783474466
0.99973815917968756 -0.12584565901788752
0.99973846435546876 -0.12606912899118405
0.99973876953125007 -0.12629311957287886
0.99973907470703138 -0.12651763258961218
0.99973937988281258 -0.12674266987647648
0.99973968505859379 -0.12696823327747686
0.9997399902343751 -0.12719432464511624
0.9997402954101563 -0.12742094584046279
0.9997406005859375 -0.12764809873359623
0.99974090576171881 -0.12787578520334394
0.99974121093750001 -0.12810400713721637
0.99974151611328121 -0.12833276643183975
0.99974182128906253 -0.12856206499275252
0.99974212646484373 -0.12879190473445604
0.99974243164062493 -0.12902228758056819
0.99974273681640624 -0.12925321546388444
0.99974304199218744 -0.12948469032621376
0.99974334716796864 -0.12971671411879168
0.99974365234374996 -0.12994928880220616
0.99974395751953127 -0.13018241634608924
0.99974426269531247 -0.13041609872954427
0.99974456787109367 -0.13065033794144373
0.99974487304687498 -0.13088513597988108
0.99974517822265629 -0.131120494852622
0.9997454833984375 -0.1313564165769199
0.9997457885742187 -0.13159290318000719
0.99974609375000001 -0.13182995669865138
0.99974639892578132 -0.1320675791794732
0.99974670410156252 -0.13230577267883062
0.99974700927734372 -0.13254453926316709
0.99974731445312504 -0.13278388100903421
0.99974761962890635 -0.13302380000271047
0.99974792480468755 -0.13326429834067149
0.99974822998046875 -0.13350537812965879
0.99974853515625006 -0.13374704148669808
0.99974884033203137 -0.13398929053893927
0.99974914550781258 -0.13423212742382332
0.99974945068359378 -0.13447555428939792
0.99974975585937509 -0.13471957329424225
0.99975006103515629 -0.13496418660716519
0.99975036621093749 -0.13520939640787
0.9997506713867188 -0.13545520488665949
0.9997509765625 -0.13570161424439359
0.99975128173828121 -0.13594862669303012
0.99975158691406252 -0.13619624445526743
0.99975189208984372 -0.1364444697645307
0.99975219726562492 -0.13669330486555811
0.99975250244140623 -0.13694275201414652
0.99975280761718743 -0.13719281347699741
0.99975311279296863 -0.13744349153209137
0.99975341796874995 -0.13769478846891492
0.99975372314453126 -0.13794670658811539
0.99975402832031246 -0.13819924820152305
0.99975433349609366 -0.13845241563290564
0.99975463867187497 -0.13870621121747148
0.99975494384765629 -0.13896063730182523
0.99975524902343749 -0.1392156962444672
0.99975555419921869 -0.13947139041555326
0.999755859375 -0.13972772219743609
0.99975616455078131 -0.13998469398394864
0.99975646972656251 -0.14024230818101749
0.99975677490234371 -0.14050056720687976
0.99975708007812503 -0.14075947349188492
0.99975738525390634 -0.14101902947833347
0.99975769042968754 -0.14127923762092057
0.99975799560546874 -0.14154010038692527
0.99975830078125005 -0.14180162025613058
0.99975860595703137 -0.14206379972050556
0.99975891113281257 -0.14232664128479727
0.99975921630859377 -0.14259014746650223
0.99975952148437508 -0.14285432079602484
0.99975982666015628 -0.14311916381631079
0.99976013183593748 -0.14338467908343672
0.99976043701171879 -0.14365086916669836
0.9997607421875 -0.14391773664794208
0.9997610473632812 -0.14418528412276368
0.99976135253906251 -0.14445351419986824
0.99976165771484371 -0.14472242950110642
0.99976196289062491 -0.14499203266201074
0.99976226806640622 -0.14526232633168357
0.99976257324218742 -0.14553331317257628
0.99976287841796863 -0.14580499586105494
0.99976318359374994 -0.14607737708739177
0.99976348876953125 -0.14635045955541232
0.99976379394531245 -0.14662424598306525
0.99976409912109365 -0.14689873910246373
0.99976440429687496 -0.14717394165994993
0.99976470947265628 -0.14744985641581707
0.99976501464843748 -0.14772648614476247
0.99976531982421868 -0.14800383363609609
0.99976562499999999 -0.14828190169367392
0.9997659301757813 -0.14856069313575684
0.9997662353515625 -0.14884021079532722
0.99976654052734371 -0.1491204575204429
0.99976684570312502 -0.14940143617390614
0.99976715087890633 -0.14968314963352394
0.99976745605468753 -0.14996560079203197
0.99976776123046873 -0.15024879255776838
0.99976806640625004 -0.15053272785412924
0.99976837158203136 -0.15081740961999041
0.99976867675781256 -0.15110284080955749
0.99976898193359376 -0.15138902439287949
0.99976928710937507 -0.15167596335568667
0.99976959228515627 -0.15196366069936207
0.99976989746093747 -0.15225211944134986
0.99977020263671879 -0.15254134261525878
0.99977050781249999 -0.15283133327039913
0.99977081298828119 -0.15312209447272024
0.9997711181640625 -0.15341362930456756
0.9997714233398437 -0.15370594086426517
0.9997717285156249 -0.1539990322671575
0.99977203369140621 -0.15429290664528469
0.99977233886718742 -0.15458756714702987
0.99977264404296862 -0.1548830169381705
0.99977294921874993 -0.1551792592012867
0.99977325439453124 -0.15547629713619096
0.99977355957031244 -0.15577413395963352
0.99977386474609364 -0.1560727729061262
0.99977416992187496 -0.1563722172275793
0.99977447509765627 -0.15667247019330935
0.99977478027343747 -0.15697353509039386
0.99977508544921867 -0.15727541522392416
0.99977539062499998 -0.15757811391702845
0.99977569580078129 -0.15788163451059639
0.9997760009765625 -0.15818598036375492
0.9997763061523437 -0.1584911548541911
0.99977661132812501 -0.15879716137810118
0.99977691650390632 -0.15910400334997177
0.99977722167968752 -0.15941168420296345
0.99977752685546872 -0.15972020738946599
0.99977783203125004 -0.16002957638072415
0.99977813720703135 -0.16033979466672091
0.99977844238281255 -0.16065086575698057
0.99977874755859375 -0.16096279318038889
0.99977905273437506 -0.16127558048534027
0.99977935791015626 -0.16158923123960492
0.99977966308593746 -0.16190374903102223
0.99977996826171878 -0.16221913746731045
0.99978027343749998 -0.16253540017598286
0.99978057861328118 -0.16285254080492106
0.99978088378906249 -0.16317056302243133
0.99978118896484369 -0.16348947051699333
0.99978149414062489 -0.16380926699786111
0.99978179931640621 -0.16412995619520906
0.99978210449218741 -0.16445154185972016
0.99978240966796861 -0.16477402776337643
0.99978271484374992 -0.16509741769953803
0.99978302001953123 -0.16542171548245801
0.99978332519531243 -0.16574692494794874
0.99978363037109363 -0.16607304995385119
0.99978393554687495 -0.16640009437956599
0.99978424072265626 -0.16672806212633806
0.99978454589843746 -0.16705695711752108
0.99978485107421866 -0.1673867832989224
0.99978515624999997 -0.16771754463883604
0.99978546142578129 -0.16804924512774994
0.99978576660156249 -0.1683818887791014
0.99978607177734369 -0.16871547962921624
0.999786376953125 -0.16905002173773398
0.99978668212890631 -0.16938551918709183
0.99978698730468751 -0.16972197608329159
0.99978729248046871 -0.1700593965559829
0.99978759765625003 -0.17039778475864922
0.99978790283203134 -0.17073714486841363
0.99978820800781254 -0.17107748108640436
0.99978851318359374 -0.17141879763836107
0.99978881835937505 -0.17176109877437731
0.99978912353515625 -0.17210438876879258
0.99978942871093746 -0.17244867192116117
0.99978973388671877 -0.17279395255581972
0.99979003906249997 -0.17314023502207118
0.99979034423828117 -0.1734875236948549
0.99979064941406248 -0.17383582297453498
0.99979095458984368 -0.17418513728685839
0.99979125976562488 -0.17453547108389716
0.9997915649414062 -0.17488682884363344
0.9997918701171874 -0.17523921507018431
0.9997921752929686 -0.17559263429422195
0.99979248046874991 -0.17594709107320444
0.99979278564453122 -0.17630258999126058
0.99979309082031242 -0.17665913565941382
0.99979339599609363 -0.17701673271627327
0.99979370117187494 -0.17737538582784665
0.99979400634765625 -0.17773509968765536
0.99979431152343745 -0.17809587901687671
0.99979461669921865 -0.17845772856522213
0.99979492187499996 -0.17882065311046952
0.99979522705078128 -0.1791846574587718
0.99979553222656248 -0.17954974644490246
0.99979583740234368 -0.17991592493284078
0.99979614257812499 -0.1802831978156792
0.9997964477539063 -0.18065157001555418
0.9997967529296875 -0.18102104648420458
0.99979705810546871 -0.18139163220341911
0.99979736328125002 -0.18176333218501953
0.99979766845703133 -0.18213615147073228
0.99979797363281253 -0.18251009513274924
0.99979827880859373 -0.18288516827430626
0.99979858398437504 -0.18326137602952883
0.99979888916015625 -0.18363872356321501
0.99979919433593745 -0.18401721607213944
0.99979949951171876 -0.1843968587845817
0.99979980468749996 -0.18477765696029647
0.99980010986328116 -0.18515961589163188
0.99980041503906247 -0.18554274090327211
0.99980072021484367 -0.1859270373520967
0.99980102539062488 -0.18631251062828086
0.99980133056640619 -0.18669916615516124
0.99980163574218739 -0.18708700938892986
0.99980194091796859 -0.18747604581985794
0.9998022460937499 -0.18786628097222807
0.99980255126953121 -0.18825772040398453
0.99980285644531242 -0.18865036970765409
0.99980316162109362 -0.1890442345106807
0.99980346679687493 -0.18943932047542195
0.99980377197265624 -0.18983563329921394
0.99980407714843744 -0.19023317871491691
0.99980438232421864 -0.19063196249139069
0.99980468749999996 -0.19103199043356095
0.99980499267578127 -0.19143326838246655
0.99980529785156247 -0.19183580221563434
0.99980560302734367 -0.19223959784799222
0.99980590820312498 -0.19264466123150548
0.99980621337890629 -0.19305099835534723
0.9998065185546875 -0.19345861524653102
0.9998068237304687 -0.19386751797042473
0.99980712890625001 -0.19427771263084115
0.99980743408203132 -0.19468920536994461
0.99980773925781252 -0.19510200236883307
0.99980804443359372 -0.19551610984832823
0.99980834960937504 -0.19593153406878494
0.99980865478515624 -0.19634828133016652
0.99980895996093744 -0.19676635797290892
0.99980926513671875 -0.19718577037825508
0.99980957031249995 -0.19760652496783054
0.99980987548828115 -0.19802862820498807
0.99981018066406246 -0.19845208659449992
0.99981048583984367 -0.19887690668266228
0.99981079101562487 -0.19930309505857002
0.99981109619140618 -0.19973065835374121
0.99981140136718738 -0.20015960324225357
0.99981170654296858 -0.20058993644179285
0.99981201171874989 -0.20102166471380645
0.99981231689453121 -0.20145479486334467
0.99981262207031241 -0.20188933373985546
0.99981292724609361 -0.20232528823768847
0.99981323242187492 -0.20276266529625248
0.99981353759765623 -0.20320147190022619
0.99981384277343743 -0.2036417150799345
0.99981414794921863 -0.20408340191217766
0.99981445312499995 -0.20452653952048239
0.99981475830078126 -0.2049711350748839
0.99981506347656246 -0.20541719579272394
0.99981536865234366 -0.2058647289394116
0.99981567382812497 -0.20631374182852291
0.99981597900390629 -0.20676424182173209
0.99981628417968749 -0.2072162363297359
0.99981658935546869 -0.20766973281273871
0.99981689453125 -0.20812473878084375
0.99981719970703131 -0.20858126179385889
0.99981750488281251 -0.20903930946217669
0.99981781005859371 -0.20949888944756323
0.99981811523437503 -0.20996000946310012
0.99981842041015623 -0.2104226772733982
0.99981872558593743 -0.2108869006956659
0.99981903076171874 -0.21135268759998233
0.99981933593749994 -0.21182004590901871
0.99981964111328114 -0.21228898359959447
0.99981994628906246 -0.21275950870260002
0.99982025146484366 -0.21323162930303208
0.99982055664062486 -0.21370535354129844
0.99982086181640617 -0.21418068961325298
0.99982116699218737 -0.21465764577033219
0.99982147216796857 -0.21513623032080503
0.99982177734374988 -0.21561645162986076
0.9998220825195312 -0.21609831811967251
0.9998223876953124 -0.21658183827037458
0.9998226928710936 -0.21706702062093974
0.99982299804687491 -0.21755387376897861
0.99982330322265622 -0.21804240637128375
0.99982360839843742 -0.21853262714460209
0.99982391357421863 -0.21902454486639267
0.99982421874999994 -0.21951816837511845
0.99982452392578125 -0.22001350657030827
0.99982482910156245 -0.22051056841353683
0.99982513427734365 -0.22100936292927797
0.99982543945312496 -0.22150989920520825
0.99982574462890628 -0.22201218639211945
0.99982604980468748 -0.22251623370524948
0.99982635498046868 -0.22302205042483431
0.99982666015624999 -0.22352964589639429
0.9998269653320313 -0.2240390295312763
0.9998272705078125 -0.22455021080707094
0.99982757568359371 -0.22506319926891283
0.99982788085937502 -0.22557800452974675
0.99982818603515622 -0.22609463627008991
0.99982849121093742 -0.22661310424007874
0.99982879638671873 -0.22713341825927191
0.99982910156249993 -0.2276555882167558
0.99982940673828113 -0.22817962407307824
0.99982971191406245 -0.22870553586010933
0.99983001708984365 -0.22923333368118431
0.99983032226562485 -0.22976302771295554
0.99983062744140616 -0.23029462820532975
0.99983093261718736 -0.23082814548174357
0.99983108520507802 -0.23109562616074858
0.99983123779296856 -0.23136358994081568
0.99983139038085922 -0.23163203813407984
0.99983154296874988 -0.2319009720565528
0.99983169555664053 -0.23217039302941922
0.99983184814453119 -0.23244030237860891
0.99983200073242173 -0.23271070143451167
0.99983215332031239 -0.23298159153326259
0.99983230590820305 -0.23325297401496314
0.99983245849609359 -0.23352485022479863
0.99983261108398425 -0.23379722151331489
0.9998327636718749 -0.2340700892354764
0.99983291625976556 -0.23434345475140123
0.99983306884765621 -0.23461731942610747
0.99983322143554676 -0.23489168462945137
0.99983337402343742 -0.23516655173693574
0.99983352661132807 -0.23544192212845777
0.99983367919921862 -0.23571779718906161
0.99983383178710927 -0.23599417830932662
0.99983398437499993 -0.23627106688453164
0.99983413696289059 -0.23654846431504828
0.99983428955078124 -0.23682637200672624
0.99983444213867179 -0.2371047913701288
0.99983459472656244 -0.23738372382174189
0.9998347473144531 -0.23766317078260019
0.99983489990234364 -0.23794313367910452
0.9998350524902343 -0.23822361394352148
0.99983520507812496 -0.23850461301273485
0.99983535766601561 -0.2387861323292198
0.99983551025390627 -0.23906817334076874
0.99983566284179681 -0.23935073750032576
0.99983581542968747 -0.23963382626694324
0.99983596801757812 -0.23991744110446356
0.99983612060546867 -0.24020158348205961
0.99983627319335933 -0.2404862548751418
0.99983642578124998 -0.24077145676402589
0.99983657836914064 -0.24105719063456715
0.99983673095703129 -0.24134345797832113
0.99983688354492184 -0.241630260292236
0.9998370361328125 -0.24191759907943466
0.99983718872070315 -0.24220547584810759
0.9998373413085937 -0.24249389211200978
0.99983749389648435 -0.24278284939130085
0.99983764648437501 -0.24307234921112131
0.99983779907226566 -0.24336239310266405
0.99983795166015632 -0.24365298260292706
0.99983810424804687 -0.24394411925428322
0.99983825683593752 -0.24423580460580274
0.99983840942382818 -0.24452804021160834
0.99983856201171872 -0.24482082763177271
0.99983871459960938 -0.24511416843286332
0.99983886718750004 -0.24540806418678418
0.99983901977539069 -0.24570251647159236
0.99983917236328135 -0.24599752687137183
0.99983932495117189 -0.24629309697595292
0.99983947753906255 -0.24658922838188246
0.9998396301269532 -0.24688592269113113
0.99983978271484375 -0.24718318151172303
0.99983993530273441 -0.24748100645864946
0.99984008789062506 -0.24777939915213454
0.99984024047851572 -0.24807836121903287
0.99984039306640637 -0.24837789429234852
0.99984054565429692 -0.24867800001111273
0.99984069824218758 -0.24897868002128942
0.99984085083007823 -0.24927993597443887
0.99984100341796878 -0.24958176952859923
0.99984115600585943 -0.24988418234873272
0.99984130859375009 -0.25018717610559293
0.99984146118164074 -0.25049075247653835
0.9998416137695314 -0.25079491314546543
0.99984176635742195 -0.25109965980250859
0.9998419189453126 -0.25140499414489198
0.99984207153320326 -0.2517109178759373
0.9998422241210938 -0.25201743270540333
0.99984237670898446 -0.25232454035034851
0.99984252929687512 -0.25263224253387279
0.99984268188476566 -0.25294054098574409
0.99984283447265632 -0.25324943744308326
0.99984298706054697 -0.25355893364918569
0.99984313964843752 -0.25386903135400274
0.99984329223632817 -0.25417973231503382
0.99984344482421883 -0.25449103829597025
0.99984359741210938 -0.254802951067431
0.99984375000000003 -0.25511547240744953
0.99984390258789069 -0.25542860410058832
0.99984405517578123 -0.25574234793816841
0.99984420776367189 -0.25605670571933214
0.99984436035156254 -0.25637167924956666
0.99984451293945309 -0.25668727034149325
0.99984466552734375 -0.25700348081540808
0.9998448181152344 -0.25732031249819048
0.99984497070312495 -0.25763776722389709
0.9998451232910156 -0.25795584683452499
0.99984527587890626 -0.25827455317855813
0.9998454284667968 -0.25859388811184197
0.99984558105468746 -0.25891385349830376
0.99984573364257812 -0.25923445120841915
0.99984588623046866 -0.25955568312018645
0.99984603881835932 -0.25987755111963484
0.99984619140624997 -0.26020005709972993
0.99984634399414063 -0.26052320296107856
0.99984649658203129 -0.26084699061183808
0.99984664916992183 -0.26117142196765569
0.99984680175781249 -0.26149649895227239
0.99984695434570314 -0.26182222349667944
0.99984710693359369 -0.26214859753936326
0.99984725952148434 -0.26247562302732957
0.999847412109375 -0.262803301914738
0.99984756469726566 -0.26313163616369117
0.99984771728515631 -0.26346062774431761
0.99984786987304686 -0.26379027863412624
0.99984802246093751 -0.26412059081964095
0.99984817504882817 -0.26445156629433925
0.99984832763671871 -0.26478320705993891
0.99984848022460937 -0.26511551512680709
0.99984863281250003 -0.26544849251278613
0.99984878540039068 -0.26578214124409877
0.99984893798828134 -0.26611646335509309
0.99984909057617188 -0.26645146088804372
0.99984924316406254 -0.26678713589440417
0.9998493957519532 -0.26712349043311839
0.99984954833984374 -0.2674605265714346
0.9998497009277344 -0.26779824638583305
0.99984985351562505 -0.26813665196042336
0.99985000610351571 -0.26847574538800995
0.99985015869140637 -0.26881552877005355
0.99985031127929691 -0.26915600421621222
0.99985046386718757 -0.2694971738455586
0.99985061645507822 -0.26983903978504364
0.99985076904296877 -0.27018160417035103
0.99985092163085942 -0.27052486914665119
0.99985107421875008 -0.27086883686711022
0.99985122680664074 -0.27121350949405987
0.99985137939453139 -0.2715588891986756
0.99985153198242194 -0.27190497816072956
0.99985168457031259 -0.27225177856980642
0.99985183715820325 -0.27259929262379295
0.99985198974609379 -0.27294752252953952
0.99985214233398445 -0.27329647050383876
0.99985229492187511 -0.27364613877183841
0.99985244750976576 -0.27399652956814236
0.99985260009765642 -0.27434764513660631
0.99985275268554696 -0.27469948773019698
0.99985290527343762 -0.27505205961193624
0.99985305786132828 -0.27540536305350005
0.99985321044921882 -0.27575940033599172
0.99985336303710948 -0.27611417375077124
0.99985351562500013 -0.27646968559801099
0.99985366821289079 -0.27682593818769607
0.99985382080078145 -0.27718293383950227
0.99985397338867199 -0.27754067488248185
0.99985412597656265 -0.27789916365628459
0.9998542785644533 -0.27825840250952105
0.99985443115234385 -0.27861839380069281
0.9998545837402345 -0.27897913989893541
0.99985473632812516 -0.27934064318252572
0.99985488891601582 -0.27970290604014425
0.99985504150390647 -0.2800659308704021
0.99985519409179702 -0.28042972008183542
0.99985534667968767 -0.28079427609382068
0.99985549926757833 -0.28115960133534679
0.99985565185546887 -0.28152569824542284
0.99985580444335953 -0.2818925692744475
0.99985595703125019 -0.2822602168822233
0.99985610961914084 -0.28262864353926109
0.9998562622070315 -0.28299785172668573
0.99985641479492204 -0.28336784393578029
0.9998565673828127 -0.283738622669297
0.99985671997070336 -0.2841101904398049
0.9998568725585939 -0.28448254977057158
0.99985702514648456 -0.28485570319654113
0.99985717773437521 -0.28522965326254895
0.99985733032226576 -0.28560440252446806
0.99985748291015641 -0.28597995354980349
0.99985763549804707 -0.28635630891631986
0.99985778808593762 -0.28673347121272497
0.99985794067382827 -0.28711144303990904
0.99985809326171893 -0.2874902270088982
0.99985824584960947 -0.2878698257420903
0.99985839843750013 -0.28825024187391912
0.99985855102539078 -0.28863147804943023
0.99985870361328133 -0.28901353692511539
0.99985885620117199 -0.28939642116966918
0.99985900878906264 -0.28978013346269094
0.99985916137695319 -0.2901646764951043
0.99985931396484384 -0.29055005297069042
0.9998594665527345 -0.29093626560387509
0.99985961914062504 -0.29132331712099874
0.9998597717285157 -0.29171121026112151
0.99985992431640636 -0.29209994777429177
0.9998600769042969 -0.29248953242268305
0.99986022949218756 -0.2928799669813027
0.99986038208007821 -0.29327125423644151
0.99986053466796876 -0.29366339698658855
0.99986068725585941 -0.29405639804337691
0.99986083984375007 -0.2944502602298652
0.99986099243164073 -0.29484498638191392
0.99986114501953138 -0.29524057934764886
0.99986129760742193 -0.29563704198758489
0.99986145019531258 -0.29603437717570064
0.99986160278320324 -0.29643258779772452
0.99986175537109379 -0.29683167675213851
0.99986190795898444 -0.29723164695110627
0.9998620605468751 -0.297632501318918
0.99986221313476575 -0.29803424279288732
0.99986236572265641 -0.29843687432354676
0.99986251831054695 -0.29884039887416042
0.99986267089843761 -0.29924481942202447
0.99986282348632827 -0.29965013895675147
0.99986297607421881 -0.30005636048147621
0.99986312866210947 -0.30046348701342135
0.99986328125000012 -0.3008715215824006
0.99986343383789078 -0.30128046723216834
0.99986358642578144 -0.30169032702004517
0.99986373901367198 -0.3021011040166533
0.99986389160156264 -0.30251280130746699
0.99986404418945329 -0.30292542199079608
0.99986419677734384 -0.30333896917885206
0.99986434936523449 -0.3037534459988333
0.99986450195312515 -0.30416885559109397
0.99986465454101581 -0.30458520111043136
0.99986480712890646 -0.30500248572585975
0.99986495971679701 -0.30542071262048415
0.99986511230468766 -0.30583988499273179
0.99986526489257832 -0.30626000605442316
0.99986541748046887 -0.30668107903223374
0.99986557006835952 -0.30710310716820438
0.99986572265625018 -0.30752609371823358
0.99986587524414083 -0.30795004195332965
0.99986602783203149 -0.30837495515954205
0.99986618041992203 -0.30880083663735269
0.99986633300781269 -0.30922768970345615
0.99986648559570335 -0.30965551768865041
0.99986663818359389 -0.31008432393907859
0.99986679077148455 -0.31051411181705707
0.9998669433593752 -0.310944884699416
0.99986709594726575 -0.31137664597855352
0.99986724853515641 -0.31180939906333233
0.99986740112304706 -0.31224314737741099
0.99986755371093761 -0.31267789436016963
0.99986770629882826 -0.3131136434678517
0.99986785888671892 -0.31355039817167879
0.99986801147460946 -0.31398816195900703
0.99986816406250012 -0.31442693833425489
0.99986831665039078 -0.31486673081695354
0.99986846923828132 -0.31530754294322649
0.99986862182617198 -0.31574937826651078
0.99986877441406263 -0.31619224035568477
0.99986892700195318 -0.31663613279636754
0.99986907958984383 -0.31708105919186652
0.99986923217773449 -0.31752702316128634
0.99986938476562504 -0.31797402834054855
0.99986953735351569 -0.31842207838382469
0.99986968994140635 -0.31887117696118111
0.99986984252929689 -0.31932132776004585
0.99986999511718755 -0.31977253448597887
0.9998701477050782 -0.32022480086113247
0.99987030029296875 -0.32067813062511807
0.99987045288085941 -0.32113252753614591
0.99987060546875006 -0.32158799536916588
0.99987075805664072 -0.32204453791723164
0.99987091064453137 -0.32250215899147827
0.99987106323242192 -0.32296086242058214
0.99987121582031258 -0.3234206520524735
0.99987136840820323 -0.32388153175229445
0.99987152099609378 -0.32434350540357459
0.99987167358398443 -0.32480657690931408
0.99987182617187509 -0.32527075019003332
0.99987197875976574 -0.32573602918536892
0.9998721313476564 -0.32620241785370302
0.99987228393554695 -0.32666992017207236
0.9998724365234376 -0.32713854013741001
0.99987258911132826 -0.32760828176494411
0.9998727416992188 -0.32807914908906871
0.99987289428710946 -0.32855114616458347
0.99987304687500012 -0.32902427706478254
0.99987319946289077 -0.3294985458828627
0.99987335205078143 -0.32997395673179969
0.99987350463867197 -0.33045051374405177
0.99987365722656263 -0.33092822107300252
0.99987380981445328 -0.33140708289131787
0.99987396240234383 -0.33188710339150856
0.99987411499023449 -0.33236828678780467
0.99987426757812514 -0.33285063731363501
0.9998744201660158 -0.33333415922342474
0.99987457275390645 -0.33381885679232531
0.999874725341797 -0.33430473431587931
0.99987487792968766 -0.33479179611172866
0.99987503051757831 -0.33528004651748144
0.99987518310546886 -0.33576948989206834
0.99987533569335951 -0.33626013061665266
0.99987548828125017 -0.33675197309292887
0.99987564086914082 -0.33724502174454402
0.99987579345703148 -0.33773928101682188
0.99987594604492203 -0.33823475537662118
0.99987609863281268 -0.33873144931394789
0.99987625122070334 -0.33922936733977976
0.99987640380859388 -0.33972851398746473
0.99987655639648454 -0.34022889381376936
0.9998767089843752 -0.34073051139690164
0.99987686157226574 -0.34123337133792087
0.9998770141601564 -0.34173747826167328
0.99987716674804705 -0.34224283681492712
0.9998773193359376 -0.34274945166758009
0.99987747192382825 -0.34325732751381399
0.99987762451171891 -0.34376646907033948
0.99987777709960945 -0.34427688107712601
0.99987792968750011 -0.34478856829917215
0.99987808227539077 -0.3453015355241254
0.99987823486328131 -0.34581578756369746
0.99987838745117197 -0.34633132925474963
0.99987854003906262 -0.34684816545744263
0.99987869262695317 -0.347366301056375
0.99987884521484383 -0.34788574096176589
0.99987899780273448 -0.34840649010764241
0.99987915039062503 -0.34892855345278861
0.99987930297851568 -0.34945193598236879
0.99987945556640634 -0.3499766427054854
0.99987960815429688 -0.35050267865676193
0.99987976074218754 -0.35103004889750633
0.9998799133300782 -0.35155875851339075
0.99988006591796874 -0.35208881261641445
0.9998802185058594 -0.35262021634524909
0.99988037109375005 -0.35315297486408859
0.99988052368164071 -0.35368709336356241
0.99988067626953137 -0.35422257706106575
0.99988082885742191 -0.35475943120023845
0.99988098144531257 -0.35529766105272009
0.99988113403320322 -0.35583727191619613
0.99988128662109377 -0.356378269115454
0.99988143920898442 -0.35692065800391443
0.99988159179687508 -0.35746444396148302
0.99988174438476574 -0.35800963239609224
0.99988189697265639 -0.35855622874378817
0.99988204956054694 -0.35910423846812423
0.99988220214843759 -0.35965366706243673
0.99988235473632825 -0.36020452004712922
0.99988250732421879 -0.36075680297136387
0.99988265991210945 -0.3613105214144281
0.99988281250000011 -0.36186568098335659
0.99988296508789076 -0.36242228731493131
0.99988311767578142 -0.36298034607527041
0.99988327026367196 -0.36353986295986068
0.99988342285156262 -0.36410084369503964
0.99988357543945328 -0.36466329403604136
0.99988372802734382 -0.3652272197682932
0.99988388061523448 -0.36579262670896739
0.99988403320312513 -0.36635952070441957
0.99988418579101579 -0.36692790763234118
0.99988433837890645 -0.36749779340156108
0.99988449096679699 -0.36806918395140831
0.99988464355468765 -0.36864208525414477
0.9998847961425783 -0.36921650331235512
0.99988494873046885 -0.36979244416043738
0.9998851013183595 -0.37036991386604967
0.99988525390625016 -0.37094891852809359
0.99988540649414082 -0.37152946427809347
0.99988555908203147 -0.37211155728043754
0.99988571166992202 -0.37269520373195175
0.99988586425781267 -0.37328040986389083
0.99988601684570333 -0.373867181939602
0.99988616943359387 -0.37445552625607037
0.99988632202148453 -0.37504544914524757
0.99988647460937519 -0.37563695697196581
0.99988662719726573 -0.37623005613521787
0.99988677978515639 -0.3768247530698895
0.99988693237304704 -0.37742105424418709
0.99988708496093759 -0.37801896616142255
0.99988723754882824 -0.3786184953613283
0.9998873901367189 -0.37921964841767675
0.99988754272460945 -0.37982243194018045
0.9998876953125001 -0.38042685257557118
0.99988784790039076 -0.38103291700550207
0.9998880004882813 -0.38164063194795855
0.99988815307617196 -0.38225000415913457
0.99988830566406262 -0.38286104043052671
0.99988845825195316 -0.38347374759103442
0.99988861083984382 -0.38408813250814644
0.99988876342773447 -0.38470420208580314
0.99988891601562502 -0.38532196326580803
0.99988906860351567 -0.38594142302960388
0.99988922119140633 -0.38656258839555879
0.99988937377929688 -0.3871854664209799
0.99988952636718753 -0.3878100642033695
0.99988967895507819 -0.38843638887819426
0.99988983154296873 -0.38906444762048542
0.99988998413085939 -0.38969424764637917
0.99989013671875004 -0.39032579621075103
0.9998902893066407 -0.3909591006094032
0.99989044189453136 -0.39159416817858256
0.9998905944824219 -0.39223100629508778
0.99989074707031256 -0.39286962237843287
0.99989089965820321 -0.39351002388807266
0.99989105224609376 -0.39415221832535957
0.99989120483398441 -0.39479621323509873
0.99989135742187507 -0.39544201620311142
0.99989151000976573 -0.3960896348582606
0.99989166259765638 -0.39673907687248366
0.99989181518554693 -0.39739034996055145
0.99989196777343758 -0.39804346188216239
0.99989212036132824 -0.39869842043951326
0.99989227294921879 -0.3993552334790163
0.99989242553710944 -0.40001390889307958
0.9998925781250001 -0.40067445461741569
0.99989273071289075 -0.40133687863347639
0.99989288330078141 -0.40200118896811005
0.99989303588867195 -0.40266739369352361
0.99989318847656261 -0.40333550092954679
0.99989334106445327 -0.4040055188409416
0.99989349365234381 -0.40467745563929247
0.99989364624023447 -0.40535131958470411
0.99989379882812512 -0.40602711898349086
0.99989395141601578 -0.4067048621899903
0.99989410400390644 -0.40738455760688119
0.99989425659179698 -0.40806621368483259
0.99989440917968764 -0.40874983892472244
0.99989456176757829 -0.40943544187528602
0.99989471435546884 -0.41012303113473147
0.99989486694335949 -0.4108126153527859
0.99989501953125015 -0.41150420322780518
0.99989517211914081 -0.4121978035094313
0.99989532470703146 -0.41289342499824583
0.99989547729492201 -0.41359107654574767
0.99989562988281266 -0.41429076705673834
0.99989578247070332 -0.41499250548660266
0.99989593505859387 -0.41569630084322928
0.99989608764648452 -0.41640216218904874
0.99989624023437518 -0.41711009863816501
0.99989639282226572 -0.41782011935842017
0.99989654541015638 -0.4185322335732683
0.99989669799804703 -0.41924645055920201
0.99989685058593758 -0.41996277964738488
0.99989700317382824 -0.42068123022609011
0.99989715576171889 -0.42140181173757862
0.99989730834960944 -0.42212453368026082
0.99989746093750009 -0.42284940561072892
0.99989761352539075 -0.42357643714086574
0.99989776611328129 -0.42430563793999243
0.99989791870117195 -0.42503701773689928
0.99989807128906261 -0.42577058631694226
0.99989822387695315 -0.42650635352408856
0.99989837646484381 -0.42724432926327149
0.99989852905273446 -0.42798452349714178
0.99989868164062501 -0.42872694624850111
0.99989883422851566 -0.42947160760226499
0.99989898681640632 -0.43021851770258984
0.99989913940429687 -0.4309676867550371
0.99989929199218752 -0.43171912502859855
0.99989944458007818 -0.43247284285309556
0.99989959716796872 -0.43322885062102368
0.99989974975585938 -0.43398715878988192
0.99989990234375004 -0.43474777787918378
0.99990005493164069 -0.43551071847335104
0.99990020751953135 -0.43627599122141736
0.99990036010742189 -0.43704360683722926
0.99990051269531255 -0.43781357610195881
0.9999006652832032 -0.43858590986130225
0.99990081787109375 -0.43936061902774404
0.99990097045898441 -0.44013771458274764
0.99990112304687506 -0.44091720757385722
0.99990127563476572 -0.44169910911742882
0.99990142822265637 -0.44248343039868288
0.99990158081054692 -0.44327018267167784
0.99990173339843758 -0.44405937726197525
0.99990188598632823 -0.44485102556408823
0.99990203857421878 -0.44564513904323538
0.99990219116210943 -0.44644172923810121
0.99990234375000009 -0.44724080775766872
0.99990249633789074 -0.44804238628434634
0.9999026489257814 -0.44884647657352533
0.99990280151367195 -0.44965309045393648
0.9999029541015626 -0.45046223983060835
0.99990310668945326 -0.45127393668153121
0.9999032592773438 -0.45208819306051345
0.99990341186523446 -0.45290502109911179
0.99990356445312512 -0.45372443300400761
0.99990371704101577 -0.45454644105988173
0.99990386962890643 -0.45537105762928531
0.99990402221679697 -0.45619829515288124
0.99990417480468763 -0.45702816615228431
0.99990432739257828 -0.45786068322734719
0.99990447998046883 -0.45869585905826943
0.99990463256835949 -0.45953370640829733
0.99990478515625014 -0.46037423812070005
0.9999049377441408 -0.46121746712175604
0.99990509033203145 -0.46206340642090227
0.999905242919922 -0.46291206911067995
0.99990539550781266 -0.46376346837007876
0.99990554809570331 -0.46461761746133645
0.99990570068359386 -0.46547452973251102
0.99990585327148451 -0.4663342186200557
0.99990600585937517 -0.46719669764585375
0.99990615844726571 -0.4680619804197112
0.99990631103515637 -0.46893008064191022
0.99990646362304703 -0.46980101210039721
0.99990661621093757 -0.47067478867308726
0.99990676879882823 -0.47155142433072184
0.99990692138671888 -0.47243093313374723
0.99990707397460943 -0.47331332923491898
0.99990722656250008 -0.47419862688209918
0.99990737915039074 -0.47508684041500054
0.99990753173828129 -0.47597798426810795
0.99990768432617194 -0.47687207297317247
0.9999078369140626 -0.47776912115632358
0.99990798950195314 -0.4786691435406964
0.9999081420898438 -0.47957215494913308
0.99990829467773445 -0.48047817030126122
0.999908447265625 -0.4813872046161487
0.99990859985351566 -0.48229927301514686
0.99990875244140631 -0.48321439071867645
0.99990890502929686 -0.48413257304924084
0.99990905761718751 -0.48505383543413233
0.99990921020507817 -0.48597819340242293
0.99990936279296871 -0.48690566258760243
0.99990951538085937 -0.48783625873080788
0.99990966796875003 -0.48876999767739032
0.99990982055664068 -0.48970689538061224
0.99990997314453134 -0.49064696790211643
0.99991012573242188 -0.49159023141159225
0.99991027832031254 -0.49253670219099271
0.9999104309082032 -0.49348639663112542
0.99991058349609374 -0.49443933123475836
0.9999107360839844 -0.495395522619411
0.99991088867187505 -0.49635498751442181
0.99991104125976571 -0.49731774276471935
0.99991119384765637 -0.49828380533072542
0.99991134643554691 -0.49925319228922854
0.99991149902343757 -0.50022592083669015
0.99991165161132822 -0.50120200828632833
0.99991180419921877 -0.50218147207124542
0.99991195678710942 -0.50316432974737313
0.99991210937500008 -0.50415059899063319
0.99991226196289074 -0.50514029760038093
0.99991241455078139 -0.50613344350016398
0.99991256713867194 -0.50713005473793393
0.99991271972656259 -0.50813014948994595
0.99991287231445325 -0.50913374605770811
0.99991302490234379 -0.51014086287095362
0.99991317749023445 -0.51115151849144302
0.99991333007812511 -0.5121657316092707
0.99991348266601576 -0.51318352104718579
0.99991363525390642 -0.51420490576090905
0.99991378784179696 -0.51522990483968301
0.99991394042968762 -0.51625853751039152
0.99991409301757828 -0.5172908231340988
0.99991424560546882 -0.5183267812099448
0.99991439819335948 -0.51936643137806993
0.99991455078125013 -0.52040979341686189
0.99991470336914079 -0.52145688724690165
0.99991485595703145 -0.52250773293156771
0.99991500854492199 -0.52356235067756951
0.99991516113281265 -0.52462076083930387
0.9999153137207033 -0.52568298391553703
0.99991546630859385 -0.52674904055295257
0.9999156188964845 -0.52781895155014613
0.99991577148437516 -0.52889273785383195
0.9999159240722657 -0.52997042056292099
0.99991607666015636 -0.5310520209321179
0.99991622924804702 -0.53213756036862025
0.99991638183593756 -0.5332270604357815
0.99991653442382822 -0.53432054285719399
0.99991668701171887 -0.53541802951317108
0.99991683959960942 -0.53651954244444444
0.99991699218750008 -0.53762510385635265
0.99991714477539073 -0.53873473611544553
0.99991729736328128 -0.53984846175325463
0.99991744995117193 -0.54096630347030983
0.99991760253906259 -0.5420882841329564
0.99991775512695313 -0.54321442677718057
0.99991790771484379 -0.54434475461262588
0.99991806030273445 -0.54547929101950843
0.99991821289062499 -0.54661805955234677
0.99991836547851565 -0.54776108394441514
0.9999185180664063 -0.54890838810414566
0.99991867065429685 -0.55005999611945855
0.9999188232421875 -0.55121593226187704
0.99991897583007816 -0.55237622098330952
0.99991912841796871 -0.55354088692011083
0.99991928100585936 -0.55470995489748409
0.99991943359375002 -0.55588344992613015
0.99991958618164067 -0.5570613972075471
0.99991973876953133 -0.5582438221347954
0.99991989135742188 -0.55943075029353362
0.99992004394531253 -0.56062220746733904
0.99992019653320319 -0.56181821963441148
0.99992027282714846 -0.56241794201280149
0.99992034912109373 -0.56301881297201128
0.99992042541503912 -0.56362083581648204
0.99992050170898439 -0.56422401386092469
0.99992057800292966 -0.56482835043526114
0.99992065429687504 -0.56543384888234671
0.99992073059082043 -0.56604051255603138
0.9999208068847657 -0.56664834482312609
0.99992088317871097 -0.56725734906529657
0.99992095947265636 -0.56786752867707291
0.99992103576660163 -0.56847888706362493
0.9999211120605469 -0.56909142764582521
0.99992118835449229 -0.56970515385787501
0.99992126464843756 -0.57032006914461264
0.99992134094238283 -0.57093617696686338
0.99992141723632821 -0.57155348079893864
0.99992149353027349 -0.57217198412597192
0.99992156982421876 -0.57279169044926603
0.99992164611816414 -0.57341260328389776
0.99992172241210941 -0.57403472615590845
0.99992179870605469 -0.57465806260767027
0.99992187500000007 -0.57528261619552157
0.99992195129394545 -0.57590839048792009
0.99992202758789073 -0.57653538906721369
0.999922103881836 -0.57716361553159024
0.99992218017578138 -0.57779307349344466
0.99992225646972666 -0.57842376657652084
0.99992233276367193 -0.57905569842164906
0.99992240905761731 -0.57968887268381208
0.99992248535156258 -0.58032329302974395
0.99992256164550786 -0.58095896314341278
0.99992263793945324 -0.5815958867232579
0.99992271423339851 -0.58223406747958417
0.99992279052734379 -0.58287350914014147
0.99992286682128917 -0.58351421544731852
0.99992294311523444 -0.58415619015574061
0.99992301940917971 -0.58479943703750847
0.9999230957031251 -0.58544395987988951
0.99992317199707048 -0.58608976248314626
0.99992324829101575 -0.58673684866272779
0.99992332458496103 -0.58738522225118373
0.99992340087890641 -0.58803488709625151
0.99992347717285168 -0.58868584705824345
0.99992355346679695 -0.58933810601570213
0.99992362976074234 -0.58999166786270041
0.99992370605468761 -0.59064653650595889
0.99992378234863288 -0.59130271587073602
0.99992385864257827 -0.59196020989808662
0.99992393493652354 -0.5926190225419159
0.99992401123046881 -0.59327915777485174
0.9999240875244142 -0.59394061958568389
0.99992416381835947 -0.59460341197616584
0.99992424011230474 -0.59526753896717954
0.99992431640625012 -0.59593300459572984
0.99992439270019551 -0.59659981291329411
0.99992446899414078 -0.59726796798759274
0.99992454528808605 -0.59793747390486962
0.99992462158203144 -0.59860833476779685
0.99992469787597671 -0.59928055469283448
0.99992477416992198 -0.5999541378159754
0.99992485046386737 -0.60062908829014439
0.99992492675781264 -0.60130541028209183
0.99992500305175791 -0.6019831079785587
0.99992507934570329 -0.60266218558321638
0.99992515563964857 -0.60334264731400755
0.99992523193359384 -0.60402449740910902
0.99992530822753922 -0.60470774012391204
0.99992538452148449 -0.60539237972821835
0.99992546081542977 -0.60607842051241778
0.99992553710937515 -0.6067658667843463
0.99992561340332042 -0.60745472286665259
0.9999256896972657 -0.60814499310259706
0.99992576599121108 -0.60883668185340234
0.99992584228515635 -0.60952979349523639
0.99992591857910162 -0.61022433242518392
0.99992599487304701 -0.61092030305858958
0.99992607116699228 -0.61161770982596853
0.99992614746093755 -0.61231655717912692
0.99992622375488294 -0.61301684958830516
0.99992630004882821 -0.61371859153928077
0.99992637634277348 -0.61442178753936871
0.99992645263671887 -0.61512644211465672
0.99992652893066414 -0.61583255980694718
0.99992660522460941 -0.61654014517997791
0.99992668151855479 -0.61724920281656304
0.99992675781250007 -0.61795973731540155
0.99992683410644534 -0.61867175329757784
0.99992691040039072 -0.6193852554033934
0.999926986694336 -0.62010024828946353
0.99992706298828127 -0.62081673663500359
0.99992713928222665 -0.62153472513893804
0.99992721557617192 -0.62225421851653251
0.9999272918701172 -0.62297522150609508
0.99992736816406258 -0.6236977388659769
0.99992744445800785 -0.62442177537119825
0.99992752075195312 -0.6251473358200722
0.99992759704589851 -0.62587442503120672
0.99992767333984378 -0.62660304784037257
0.99992774963378905 -0.62733320910692647
0.99992782592773444 -0.62806491371070172
0.99992790222167971 -0.62879816654905318
0.99992797851562498 -0.62953297254331564
0.99992805480957037 -0.63026933663568341
0.99992813110351564 -0.63100726378601268
0.99992820739746091 -0.63174675897873855
0.99992828369140629 -0.63248782721916452
0.99992835998535157 -0.63323047353087958
0.99992843627929684 -0.63397470296214431
0.99992851257324222 -0.63472052058266337
0.9999285888671875 -0.63546793148068226
0.99992866516113277 -0.63621694076938151
0.99992874145507815 -0.63696755358385171
0.99992881774902342 -0.63771977507795774
0.9999288940429687 -0.63847361043094608
0.99992897033691408 -0.63922906484430753
0.99992904663085935 -0.63998614353860661
0.99992912292480463 -0.64074485176021556
0.99992919921875001 -0.64150519477809687
0.99992927551269539 -0.64226717788179633
0.99992935180664066 -0.64303080638363141
0.99992942810058594 -0.64379608562109025
0.99992950439453132 -0.64456302095486173
0.99992958068847659 -0.64533161776545778
0.99992965698242187 -0.64610188146009251
0.99992973327636725 -0.64687381746950778
0.99992980957031252 -0.64764743124465141
0.99992988586425779 -0.64842272826360781
0.99992996215820318 -0.64919971402818899
0.99993003845214845 -0.64997839406103597
0.99993011474609372 -0.650758773912121
0.99993019104003911 -0.65154085915581772
0.99993026733398438 -0.65232465538739992
0.99993034362792965 -0.65311016823010504
0.99993041992187504 -0.65389740333176649
0.99993049621582042 -0.65468636636280919
0.99993057250976569 -0.65547706301856223
0.99993064880371096 -0.65626949902172305
0.99993072509765635 -0.65706368012020144
0.99993080139160162 -0.65785961208366939
0.99993087768554689 -0.65865730071103368
0.99993095397949228 -0.65945675182647823
0.99993103027343755 -0.66025797127668018
0.99993110656738282 -0.66106096493773581
0.9999311828613282 -0.6618657387117074
0.99993125915527348 -0.66267229852336018
0.99993133544921875 -0.66348065032730941
0.99993141174316413 -0.66429080010473651
0.99993148803710941 -0.66510275385982331
0.99993156433105468 -0.66591651762712412
0.99993164062500006 -0.66673209746815887
0.99993171691894545 -0.66754949946913178
0.99993179321289072 -0.66836872974351436
0.99993186950683599 -0.6691897944344174
0.99993194580078137 -0.67001269971270294
0.99993202209472665 -0.67083745177321452
0.99993209838867192 -0.67166405684215147
0.9999321746826173 -0.67249252117399139
0.99993225097656258 -0.67332285104753553
0.99993232727050785 -0.67415505277364085
0.99993240356445323 -0.67498913269155636
0.9999324798583985 -0.67582509716568073
0.99993255615234378 -0.67666295259271192
0.99993263244628916 -0.67750270539848967
0.99993270874023443 -0.67834436203409854
0.99993278503417971 -0.67918792898388802
0.99993286132812509 -0.68003341276143281
0.99993293762207047 -0.68088081990752358
0.99993301391601574 -0.68173015699287376
0.99993309020996102 -0.68258143062060461
0.9999331665039064 -0.68343464742383975
0.99993324279785167 -0.68428981406243761
0.99993331909179695 -0.68514693723052744
0.99993339538574233 -0.68600602365272456
0.9999334716796876 -0.68686708008092134
0.99993354797363287 -0.68773011330161649
0.99993362426757826 -0.68859513013265716
0.99993370056152353 -0.6894621374193779
0.9999337768554688 -0.69033114204253421
0.99993385314941419 -0.6912021509145877
0.99993392944335946 -0.69207517097611093
0.99993400573730473 -0.69295020920357531
0.99993408203125012 -0.6938272726057827
0.9999341583251955 -0.6947063682215876
0.99993423461914077 -0.69558750312216666
0.99993431091308604 -0.69647068441443394
0.99993438720703143 -0.69735591923830054
0.9999344635009767 -0.69824321476293483
0.99993453979492197 -0.69913257819486951
0.99993461608886736 -0.7000240167743137
0.99993469238281263 -0.70091753777138843
0.9999347686767579 -0.70181314849408416
0.99993484497070328 -0.70271085628469443
0.99993492126464856 -0.70361066851599241
0.99993499755859383 -0.70451259259928078
0.99993507385253921 -0.70541663598067705
0.99993515014648449 -0.70632280613747223
0.99993522644042976 -0.70723111058605181
0.99993530273437514 -0.70814155687838154
0.99993537902832041 -0.7090541525978602
0.99993545532226569 -0.70996890536810509
0.99993553161621107 -0.71088582284848312
0.99993560791015634 -0.71180491273078272
0.99993568420410162 -0.71272618274739696
0.999935760498047 -0.71364964066731695
0.99993583679199227 -0.71457529429251698
0.99993591308593754 -0.71550315146608656
0.99993598937988293 -0.71643322006871002
0.9999360656738282 -0.71736550801433707
0.99993614196777347 -0.71830002325899378
0.99993621826171886 -0.71923677379684237
0.99993629455566413 -0.72017576765602798
0.9999363708496094 -0.72111701290746644
0.99993644714355479 -0.72206051766078283
0.99993652343750006 -0.72300629006044559
0.99993659973144533 -0.72395433829434341
0.99993667602539071 -0.72490467058974373
0.99993675231933599 -0.72585729520937092
0.99993682861328126 -0.7268122204602947
0.99993690490722664 -0.72776945468951149
0.99993698120117191 -0.72872900628033799
0.99993705749511719 -0.72969088366103785
0.99993713378906257 -0.73065509530061634
0.99993721008300784 -0.73162164970507249
0.99993728637695312 -0.7325905554261144
0.9999373626708985 -0.73356182105705914
0.99993743896484377 -0.73453545522884078
0.99993751525878904 -0.73551146661888167
0.99993759155273443 -0.73648986394703098
0.9999376678466797 -0.73747065597147321
0.99993774414062497 -0.73845385149770892
0.99993782043457036 -0.73943945937439381
0.99993789672851563 -0.74042748848942797
0.9999379730224609 -0.74141794777864933
0.99993804931640629 -0.7424108462219885
0.99993812561035156 -0.74340619283936227
0.99993820190429683 -0.74440399669943891
0.99993827819824221 -0.7454042669159382
0.99993835449218749 -0.74640701264309972
0.99993843078613276 -0.74741224308512599
0.99993850708007814 -0.74841996749171147
0.99993858337402342 -0.74943019515423792
0.99993865966796869 -0.75044293541466267
0.99993873596191407 -0.75145819766152255
0.99993881225585934 -0.75247599132576481
0.99993888854980462 -0.7534963258897267
0.99993896484375 -0.75451921088337492
0.99993904113769538 -0.75554465588123509
0.99993911743164066 -0.7565726705058804
0.99993919372558593 -0.75760326443123982
0.99993927001953131 -0.75863644737976732
0.99993934631347658 -0.75967222911829901
0.99993942260742186 -0.76071061946754148
0.99993949890136724 -0.76175162829757992
0.99993957519531251 -0.76279526552392596
0.99993965148925779 -0.76384154111664238
0.99993972778320317 -0.76489046509643943
0.99993980407714844 -0.76594204753016115
0.99993988037109371 -0.76699629854035312
0.9999399566650391 -0.76805322830095224
0.99994003295898437 -0.769112847033255
0.99994010925292964 -0.77017516501499061
0.99994018554687503 -0.77124019257655108
0.99994026184082041 -0.77230794009789649
0.99994033813476568 -0.77337841801205776
0.99994041442871096 -0.774451636808698
0.99994049072265634 -0.77552760703124479
0.99994056701660161 -0.77660633927254275
0.99994064331054688 -0.77768784418457093
0.99994071960449227 -0.7787721324742769
0.99994079589843754 -0.77985921489894361
0.99994087219238281 -0.78094910227616554
0.9999409484863282 -0.78204180547941249
0.99994102478027347 -0.78313733543371455
0.99994110107421874 -0.78423570312545865
0.99994117736816412 -0.78533691959794705
0.9999412536621094 -0.78644099594716654
0.99994132995605467 -0.78754794333161371
0.99994140625000005 -0.78865777296784501
0.99994148254394544 -0.78977049612773587
0.99994155883789071 -0.79088612414198733
0.99994163513183598 -0.79200466840385508
0.99994171142578137 -0.79312614036614515
0.99994178771972664 -0.79425055153686164
0.99994186401367191 -0.79537791348936027
0.99994194030761729 -0.79650823785782587
0.99994201660156257 -0.79764153633266632
0.99994209289550784 -0.79877782067085201
0.99994216918945322 -0.79991710269153415
0.9999422454833985 -0.80105939427114403
0.99994232177734377 -0.80220470735413807
0.99994239807128915 -0.8033530539481013
0.99994247436523442 -0.80450444611937155
0.9999425506591797 -0.80565889600339535
0.99994262695312508 -0.8068164158001615
0.99994270324707046 -0.80797701777136499
0.99994277954101574 -0.80914071424388956
0.99994285583496101 -0.81030751761398867
0.99994293212890639 -0.81147744034424163
0.99994300842285166 -0.81265049495881403
0.99994308471679694 -0.81382669405401176
0.99994316101074232 -0.81500605029393303
0.99994323730468759 -0.81618857640558917
0.99994331359863287 -0.81737428518959299
0.99994338989257825 -0.81856318951567963
0.99994346618652352 -0.81975530231776816
0.99994354248046879 -0.82095063660494727
0.99994361877441418 -0.82214920545669401
0.99994369506835945 -0.8233510220181206
0.99994377136230472 -0.82455609951102349
0.99994384765625011 -0.82576445122893771
0.99994392395019549 -0.82697609053434395
0.99994400024414076 -0.8281910308624002
0.99994407653808604 -0.82940928572533112
0.99994415283203142 -0.83063086870893943
0.99994422912597669 -0.83185579346822347
0.99994430541992196 -0.83308407373829307
0.99994438171386735 -0.83431572332956794
0.99994445800781262 -0.83555075612315588
0.99994453430175789 -0.836789186081632
0.99994461059570328 -0.83803102724477996
0.99994468688964855 -0.83927629372428592
0.99994476318359382 -0.8405249997152292
0.9999448394775392 -0.84177715949132448
0.99994491577148448 -0.84303278739976739
0.99994499206542975 -0.84429189787293102
0.99994506835937513 -0.84555450542332444
0.99994514465332041 -0.84682062463873087
0.99994522094726568 -0.84809027019359107
0.99994529724121106 -0.84936345684438819
0.99994537353515633 -0.85064019942438795
0.99994544982910161 -0.85192051285544879
0.99994552612304699 -0.85320441214299492
0.99994560241699226 -0.85449191237099975
0.99994567871093754 -0.85578302871393408
0.99994575500488292 -0.85707777643144356
0.99994583129882819 -0.8583761708636457
0.99994590759277346 -0.85967822744280642
0.99994598388671885 -0.86098396168843139
0.99994606018066412 -0.86229338920203447
0.99994613647460939 -0.86360652567930063
0.99994621276855478 -0.86492338690502713
0.99994628906250005 -0.86624398874777075
0.99994636535644532 -0.86756834717240716
0.9999464416503907 -0.86889647823450011
0.99994651794433598 -0.870228398075649
0.99994659423828125 -0.87156412293535213
0.99994667053222663 -0.87290366914612583
0.99994674682617191 -0.87424705312824891
0.99994682312011718 -0.87559429140202605
0.99994689941406256 -0.87694540058272219
0.99994697570800783 -0.87830039737539267
0.99994705200195311 -0.87965929858727221
0.99994712829589849 -0.88102212112256106
0.99994720458984376 -0.88238888197718301
0.99994728088378904 -0.88375959825152184
0.99994735717773442 -0.885134287145115
0.99994743347167969 -0.88651296595118967
0.99994750976562496 -0.88789565206967969
0.99994758605957035 -0.88928236300176022
0.99994766235351562 -0.89067311634462731
0.99994773864746089 -0.89206792980425309
0.99994781494140628 -0.89346682119027032
0.99994789123535155 -0.89486980841032349
0.99994796752929682 -0.89627690948345751
0.99994804382324221 -0.89768814253430107
0.99994812011718748 -0.89910352578814434
0.99994819641113275 -0.90052307758365668
0.99994827270507813 -0.90194681636787333
0.99994834899902341 -0.90337476069041189
0.99994842529296868 -0.90480692921706329
0.99994850158691406 -0.9062433407240742
0.99994857788085934 -0.90768401409299904
0.99994865417480461 -0.90912896832378842
0.99994873046874999 -0.91057822252952891
0.99994880676269537 -0.91203179593312855
0.99994888305664065 -0.91348970787201911
0.99994895935058592 -0.9149519778037789
0.9999490356445313 -0.91641862530223916
0.99994911193847658 -0.91788967005240141
0.99994918823242185 -0.91936513186384605
0.99994926452636723 -0.92084503066530654
0.9999493408203125 -0.92232938649905261
0.99994941711425778 -0.92381821953484999
0.99994949340820316 -0.9253115500643625
0.99994956970214843 -0.92680939849537691
0.99994964599609371 -0.92831178536608849
0.99994972229003909 -0.92981873133916149
0.99994979858398436 -0.93133025719640816
0.99994987487792963 -0.93284638385279584
0.99994995117187502 -0.93436713235070412
0.9999500274658204 -0.93589252385670663
0.99995010375976567 -0.93742257966677367
0.99995018005371095 -0.93895732121174436
0.99995025634765633 -0.94049677005406118
0.9999503326416016 -0.94204094788176218
0.99995040893554688 -0.94358987652327653
0.99995048522949226 -0.94514357794139325
0.99995056152343753 -0.94670207422783725
0.9999506378173828 -0.94826538761760837
0.99995071411132819 -0.94983354048344193
0.99995079040527346 -0.95140655532999763
0.99995086669921873 -0.95298445480845517
0.99995094299316412 -0.95456726171109763
0.99995101928710939 -0.95615499896513301
0.99995109558105466 -0.95774768964787371
0.99995117187500004 -0.95934535698083256
0.99995124816894543 -0.96094802432620408
0.9999513244628907 -0.96255571519276317
0.99995140075683597 -0.96416845324140033
0.99995147705078136 -0.9657862622819946
0.99995155334472663 -0.96740916626724593
0.9999516296386719 -0.96903718930815552
0.99995170593261729 -0.97067035566791238
0.99995178222656256 -0.9723086897562967
0.99995185852050783 -0.97395221614496807
0.99995193481445321 -0.97560095956144255
0.99995201110839849 -0.97725494488350684
0.99995208740234376 -0.9789141971545372
0.99995216369628914 -0.98057874157756308
0.99995223999023441 -0.98224860350957677
0.99995231628417969 -0.98392380847700656
0.99995239257812507 -0.98560438216994628
0.99995246887207045 -0.98729035043857727
0.99995254516601573 -0.98898173929932387
0.999952621459961 -0.99067857494105449
0.99995269775390638 -0.99238088372162181
0.99995277404785166 -0.99408869216181805
0.99995285034179693 -0.99580202696143783
0.99995292663574231 -0.99752091499354334
0.99995300292968758 -0.99924538329799228
0.99995307922363286 -1.0009754590981697
0.99995315551757824 -1.0027111697948135
0.99995323181152351 -1.004452542959803
0.99995330810546879 -1.0061996063529028
0.99995338439941417 -1.0079523879155503
0.99995346069335944 -1.0097109157648239
0.99995353698730471 -1.0114752182100997
0.9999536132812501 -1.013245323747022
0.99995368957519548 -1.0150212610538176
0.99995376586914075 -1.0168030589981427
0.99995384216308603 -1.0185907466435271
0.99995391845703141 -1.0203843532460237
0.99995399475097668 -1.0221839082480253
0.99995407104492195 -1.0239894412953214
0.99995414733886734 -1.0258009822310274
0.99995422363281261 -1.0276185610892836
0.99995429992675788 -1.0294422081127923
0.99995437622070327 -1.0312719537464814
0.99995445251464854 -1.0331078286312905
0.99995452880859381 -1.0349498636218768
0.9999546051025392 -1.0367980897802425
0.99995468139648447 -1.0386525383695271
0.99995475769042974 -1.0405132408718529
0.99995483398437512 -1.0423802289820441
0.9999549102783204 -1.0442535346013313
0.99995498657226567 -1.0461331898552995
0.99995506286621105 -1.0480192270878277
0.99995513916015633 -1.0499116788545966
0.9999552154541016 -1.0518105779412064
0.99995529174804698 -1.0537159573572497
0.99995536804199225 -1.0556278503296534
0.99995544433593753 -1.0575462903211987
0.99995552062988291 -1.0594713110243312
0.99995559692382818 -1.0614029463546564
0.99995567321777346 -1.063341230469663
0.99995574951171884 -1.0652861977624699
0.99995582580566411 -1.0672378828552274
0.99995590209960938 -1.0691963206182813
0.99995597839355477 -1.0711615461636737
0.99995605468750004 -1.0731335948387291
0.99995613098144531 -1.0751125022452184
0.9999562072753907 -1.077098304233123
0.99995628356933597 -1.079091036893904
0.99995635986328124 -1.081090736580079
0.99995643615722662 -1.0830974398990241
0.9999565124511719 -1.0851111837060041
0.99995658874511717 -1.0871320051243256
0.99995666503906255 -1.0891599415386775
0.99995674133300783 -1.091195030588668
0.9999568176269531 -1.0932373101886514
0.99995689392089848 -1.095286818521622
0.99995697021484375 -1.097343594032266
0.99995704650878903 -1.0994076754474742
0.99995712280273441 -1.1014791017697005
0.99995719909667968 -1.1035579122704613
0.99995727539062496 -1.1056441465109703
0.99995735168457034 -1.1077378443353982
0.99995742797851561 -1.1098390458643859
0.99995750427246088 -1.1119477915159883
0.99995758056640627 -1.1140641219989926
0.99995765686035154 -1.1161880783062565
0.99995773315429681 -1.1183197017359972
0.9999578094482422 -1.1204590338850791
0.99995788574218747 -1.1226061166424537
0.99995796203613274 -1.1247609922106383
0.99995803833007812 -1.1269237030989774
0.9999581146240234 -1.1290942921171316
0.99995819091796867 -1.1312728023967276
0.99995826721191405 -1.1334592773847465
0.99995834350585933 -1.1356537608369597
0.9999584197998046 -1.137856296839856
0.99995849609374998 -1.1400669298041195
0.99995857238769537 -1.1422857044610673
0.99995864868164064 -1.1445126658722333
0.99995872497558591 -1.1467478594387641
0.99995880126953129 -1.1489913308980537
0.99995887756347657 -1.1512431263172525
0.99995895385742184 -1.15350329211568
0.99995903015136722 -1.1557718750586232
0.9999591064453125 -1.1580489222503065
0.99995918273925777 -1.1603344811570997
0.99995925903320315 -1.1626285996010077
0.99995933532714842 -1.1649313257527973
0.9999594116210937 -1.1672427081555246
0.99995948791503908 -1.1695627957180144
0.99995956420898435 -1.1718916377079445
0.99995964050292963 -1.1742292837756716
0.99995971679687501 -1.1765757839479045
0.99995979309082039 -1.1789311886239964
0.99995986938476566 -1.1812955485866861
0.99995994567871094 -1.1836689150125137
0.99996002197265632 -1.1860513394685834
0.99996009826660159 -1.1884428739061481
0.99996017456054687 -1.1908435706848104
0.99996025085449225 -1.1932534825663619
0.99996032714843752 -1.1956726627077869
0.99996040344238279 -1.1981011646863788
0.99996047973632818 -1.2005390424931184
0.99996055603027345 -1.202986350526102
0.99996063232421872 -1.205443143615863
0.99996070861816411 -1.2079094770185943
0.99996078491210938 -1.210385406409983
0.99996086120605465 -1.2128709879105548
0.99996093750000004 -1.215366278079113
0.99996101379394542 -1.2178713339102292
0.99996105194091811 -1.2191275418832126
0.99996109008789069 -1.2203862128452361
0.99996112823486327 -1.2216473540511195
0.99996116638183596 -1.2229109727842649
0.99996120452880866 -1.2241770763493656
0.99996124267578135 -1.2254456720834817
0.99996128082275404 -1.2267167673525956
0.99996131896972662 -1.2279903695481602
0.9999613571166992 -1.2292664860981166
0.99996139526367189 -1.2305451244597501
0.99996143341064458 -1.2318262921125167
0.99996147155761728 -1.2331099965691272
0.99996150970458997 -1.2343962453721613
0.99996154785156255 -1.2356850460902651
0.99996158599853513 -1.2369764063297841
0.99996162414550782 -1.2382703337271752
0.99996166229248051 -1.2395668359419147
0.9999617004394532 -1.2408659206676329
0.9999617385864259 -1.2421675956286671
0.99996177673339848 -1.2434718685764308
0.99996181488037106 -1.2447787473009382
0.99996185302734375 -1.2460882396232742
0.99996189117431644 -1.2474003533882949
0.99996192932128913 -1.2487150964760938
0.99996196746826183 -1.2500324767983748
0.99996200561523441 -1.2513525022947489
0.99996204376220699 -1.2526751809444669
0.99996208190917968 -1.2540005207588802
0.99996212005615237 -1.2553285297739842
0.99996215820312506 -1.2566592160618519
0.99996219635009775 -1.2579925877272868
0.99996223449707045 -1.2593286529078331
0.99996227264404314 -1.2606674197738217
0.99996231079101572 -1.2620088965249163
0.9999623489379883 -1.2633530914017757
0.99996238708496099 -1.2647000126784105
0.99996242523193368 -1.2660496686546483
0.99996246337890637 -1.2674020676680937
0.99996250152587907 -1.2687572180900939
0.99996253967285165 -1.2701151283221888
0.99996257781982423 -1.2714758068081564
0.99996261596679692 -1.2728392620262552
0.99996265411376961 -1.2742055024813455
0.9999626922607423 -1.275574536717115
0.99996273040771499 -1.2769463733122064
0.99996276855468758 -1.2783210208764377
0.99996280670166016 -1.2796984880629418
0.99996284484863285 -1.2810787835603987
0.99996288299560554 -1.282461916085174
0.99996292114257823 -1.2838478943935154
0.99996295928955092 -1.2852367272777847
0.9999629974365235 -1.2866284235625232
0.99996303558349608 -1.2880229921167246
0.99996307373046878 -1.2894204418461788
0.99996311187744147 -1.2908207816852957
0.99996315002441416 -1.2922240206095785
0.99996318817138685 -1.2936301676317492
0.99996322631835943 -1.2950392317977739
0.99996326446533201 -1.2964512221994096
0.99996330261230471 -1.2978661479662792
0.9999633407592774 -1.2992840182577412
0.99996337890625009 -1.3007048422754086
0.99996341705322278 -1.3021286292593373
0.99996345520019547 -1.3035553884880784
0.99996349334716816 -1.3049851292790611
0.99996353149414074 -1.3064178609844861
0.99996356964111333 -1.3078535930039712
0.99996360778808602 -1.3092923347767931
0.99996364593505871 -1.3107340957731857
0.9999636840820314 -1.3121788855076955
0.99996372222900409 -1.3136267135344886
0.99996376037597667 -1.3150775894440656
0.99996379852294925 -1.3165315228756986
0.99996383666992195 -1.3179885235092765
0.99996387481689464 -1.3194486010571806
0.99996391296386733 -1.3209117652770166
0.99996395111084002 -1.3223780259678359
0.9999639892578126 -1.3238473929657135
0.99996402740478518 -1.3253198761572864
0.99996406555175787 -1.3267954854708925
0.99996410369873057 -1.3282742308686935
0.99996414184570326 -1.3297561223594569
0.99996417999267595 -1.3312411699945865
0.99996421813964853 -1.3327293838640213
0.99996425628662111 -1.3342207741095036
0.9999642944335938 -1.3357153509159916
0.9999643325805665 -1.3372131245034657
0.99996437072753919 -1.3387141051399558
0.99996440887451188 -1.3402183031374433
0.99996444702148446 -1.341725728847933
0.99996448516845704 -1.3432363926765514
0.99996452331542973 -1.3447503050732903
0.99996456146240242 -1.3462674765242355
0.99996459960937512 -1.3477879175652017
0.99996463775634781 -1.3493116387772806
0.99996467590332039 -1.3508386507829608
0.99996471405029297 -1.3523689642595782
0.99996475219726566 -1.353902589930603
0.99996479034423835 -1.3554395385571496
0.99996482849121104 -1.3569798209513835
0.99996486663818374 -1.358523447972547
0.99996490478515632 -1.3600704305224942
0.9999649429321289 -1.3616207795595887
0.99996498107910159 -1.363174506089865
0.99996501922607428 -1.3647316211585405
0.99996505737304697 -1.3662921358633238
0.99996509552001966 -1.3678560613506083
0.99996513366699225 -1.3694234088109745
0.99996517181396483 -1.3709941894931545
0.99996520996093752 -1.3725684146951787
0.99996524810791021 -1.3741460957555667
0.9999652862548829 -1.3757272440672699
0.99996532440185559 -1.3773118710734131
0.99996536254882817 -1.3788999882627935
0.99996540069580075 -1.3804916071841937
0.99996543884277345 -1.3820867394374403
0.99996547698974614 -1.3836853966642053
0.99996551513671883 -1.3852875905625035
0.99996555328369152 -1.3868933328820563
0.9999655914306641 -1.3885026354199317
0.99996562957763668 -1.3901155100351974
0.99996566772460938 -1.3917319686393326
0.99996570587158207 -1.3933520231876257
0.99996574401855476 -1.3949756856932747
0.99996578216552745 -1.3966029682229686
0.99996582031250003 -1.3982338828925689
0.99996585845947261 -1.399868441881712
0.9999658966064453 -1.4015066574242196
0.999965934753418 -1.4031485417995753
0.99996597290039069 -1.4047941073467962
0.99996601104736338 -1.406443366460429
0.99996604919433596 -1.4080963315858848
0.99996608734130854 -1.4097530152341768
0.99996612548828123 -1.4114134299727614
0.99996616363525392 -1.4130775884160578
0.99996620178222662 -1.4147455032401943
0.99996623992919931 -1.4164171871787241
0.99996627807617189 -1.4180926530179065
0.99996631622314447 -1.4197719136115823
0.99996635437011716 -1.4214549818719868
0.99996639251708985 -1.4231418707602301
0.99996643066406254 -1.4248325933011263
0.99996646881103524 -1.4265271625788241
0.99996650695800782 -1.4282255917321307
0.9999665451049804 -1.4299278939696956
0.99996658325195309 -1.4316340825604914
0.99996662139892578 -1.4333441708240886
0.99996665954589847 -1.4350581721461459
0.99996669769287116 -1.4367760999736903
0.99996673583984375 -1.4384979678101668
0.99996677398681633 -1.4402237892313274
0.99996681213378902 -1.4419535778752794
0.99996685028076171 -1.4436873474327003
0.9999668884277344 -1.4454251116625956
0.99996692657470709 -1.4471668843873737
0.99996696472167967 -1.4489126794881428
0.99996700286865225 -1.4506625109204019
0.99996704101562495 -1.4524163927043365
0.99996707916259764 -1.4541743389148212
0.99996711730957033 -1.4559363636972968
0.99996715545654302 -1.4577024812627273
0.9999671936035156 -1.4594727058831101
0.99996723175048818 -1.4612470519072402
0.99996726989746088 -1.463025533750727
0.99996730804443357 -1.4648081658862866
0.99996734619140626 -1.4665949628592805
0.99996738433837895 -1.4683859392831196
0.99996742248535153 -1.4701811098345887
0.99996746063232411 -1.4719804892695825
0.9999674987792968 -1.4737840924133752
0.9999675369262695 -1.4755919341504695
0.99996757507324219 -1.4774040294405375
0.99996761322021488 -1.4792203933137904
0.99996765136718746 -1.481041040866141
0.99996768951416004 -1.4828659872752024
0.99996772766113273 -1.4846952477904942
0.99996776580810542 -1.4865288377230863
0.99996780395507812 -1.4883667724618619
0.99996784210205081 -1.4902090674688229
0.99996788024902339 -1.492055738273923
0.99996791839599597 -1.4939068004918121
0.99996795654296866 -1.4957622698115938
0.99996799468994135 -1.4976221619861176
0.99996803283691404 -1.4994864928491889
0.99996807098388674 -1.5013552783099151
0.99996810913085932 -1.5032285343483367
0.9999681472778319 -1.5051062770318062
0.99996818542480459 -1.5069885225048756
0.99996822357177728 -1.5088752869785549
0.99996826171874997 -1.510766586747285
0.99996829986572267 -1.5126624381840861
0.99996833801269536 -1.5145628577406303
0.99996837615966805 -1.5164678619481946
0.99996841430664063 -1.5183774674122636
0.99996845245361321 -1.5202916908297777
0.9999684906005859 -1.5222105489785138
0.99996852874755859 -1.5241340587064454
0.99996856689453129 -1.5260622369490149
0.99996860504150398 -1.5279951007238552
0.99996864318847656 -1.5299326671257691
0.99996868133544914 -1.5318749533442098
0.99996871948242183 -1.5338219766524541
0.99996875762939452 -1.5357737543968166
0.99996879577636721 -1.5377303040141046
0.99996883392333991 -1.5396916430265171
0.99996887207031249 -1.5416577890363672
0.99996891021728507 -1.5436287597438778
0.99996894836425776 -1.5456045729361891
0.99996898651123045 -1.5475852464765398
0.99996902465820314 -1.5495707983218703
0.99996906280517583 -1.5515612465177
0.99996910095214842 -1.5535566091928177
0.999969139099121 -1.5555569045774147
0.99996917724609369 -1.5575621509917161
0.99996921539306638 -1.5595723668352424
0.99996925354003907 -1.5615875706046394
0.99996929168701176 -1.5636077808884794
0.99996932983398434 -1.5656330163618475
0.99996936798095692 -1.5676632958046972
0.99996940612792962 -1.5696986380906928
0.99996944427490231 -1.5717390621758311
0.999969482421875 -1.5737845871169429
0.99996952056884769 -1.5758352320660525
0.99996955871582038 -1.5778910162713964
0.99996959686279308 -1.5799519590777398
0.99996963500976566 -1.582018079921
0.99996967315673824 -1.5840893983469166
0.99996971130371093 -1.5861659339997902
0.99996974945068362 -1.5882477066109029
0.99996978759765631 -1.5903347360172115
0.999969825744629 -1.5924270421559581
0.99996986389160158 -1.5945246450592494
0.99996990203857417 -1.5966275648730868
0.99996994018554686 -1.5987358218455017
0.99996997833251955 -1.6008494363153956
0.99997001647949224 -1.6029684287312611
0.99997005462646493 -1.6050928196456531
0.99997009277343751 -1.6072226297099896
0.99997013092041009 -1.6093578796934134
0.99997016906738279 -1.6114985904714889
0.99997020721435548 -1.6136447830141436
0.99997024536132817 -1.6157964784050223
0.99997028350830086 -1.617953697836132
0.99997032165527344 -1.6201164626021474
0.99997035980224602 -1.6222847941198206
0.99997039794921871 -1.624458713916505
0.99997043609619141 -1.6266382436179174
0.9999704742431641 -1.628823404967835
0.99997051239013679 -1.6310142198226012
0.99997055053710937 -1.6332107101454478
0.99997058868408195 -1.6354128980262266
0.99997062683105464 -1.6376208056697197
0.99997066497802733 -1.6398344553832114
0.99997070312500003 -1.6420538695966564
0.99997074127197272 -1.6442790708570638
0.99997077941894541 -1.6465100818290495
0.9999708175659181 -1.6487469252957725
0.99997085571289068 -1.65098962415325
0.99997089385986326 -1.6532382014304612
0.99997093200683596 -1.6554926802773355
0.99997097015380865 -1.6577530839524297
0.99997100830078134 -1.6600194358431484
0.99997104644775403 -1.6622917594602939
0.99997108459472661 -1.664570078432017
0.99997112274169919 -1.6668544165245502
0.99997116088867188 -1.6691447976300315
0.99997119903564458 -1.6714412457537715
0.99997123718261727 -1.6737437850350494
0.99997127532958996 -1.6760524397414573
0.99997131347656254 -1.6783672342628757
0.99997135162353512 -1.6806881931326385
0.99997138977050781 -1.6830153410149098
0.9999714279174805 -1.685348702691926
0.9999714660644532 -1.6876883030854268
0.99997150421142589 -1.6900341672505215
0.99997154235839847 -1.6923863203696838
0.99997158050537105 -1.6947447877744621
0.99997161865234374 -1.6971095949325594
0.99997165679931643 -1.699480767435082
0.99997169494628912 -1.7018583310178126
0.99997173309326182 -1.704242311555644
0.9999717712402344 -1.7066327350562831
0.99997180938720698 -1.7090296276821901
0.99997184753417967 -1.7114330157375215
0.99997188568115236 -1.7138429256553522
0.99997192382812505 -1.7162593840194091
0.99997196197509775 -1.7186824175579711
0.99997200012207044 -1.7211120531450639
0.99997203826904313 -1.723548317801415
0.99997207641601571 -1.7259912386881042
0.99997211456298829 -1.7284408431293086
0.99997215270996098 -1.7308971585987234
0.99997219085693367 -1.7333602127067445
0.99997222900390637 -1.7358300332224028
0.99997226715087906 -1.7383066480675688
0.99997230529785164 -1.7407900853107892
0.99997234344482422 -1.7432803731899791
0.99997238159179691 -1.7457775400988895
0.9999724197387696 -1.7482816145740174
0.99997245788574229 -1.750792625317144
0.99997249603271499 -1.753310601189368
0.99997253417968757 -1.755835571204571
0.99997257232666015 -1.7583675645529753
0.99997261047363284 -1.7609066105874334
0.99997264862060553 -1.7634527388095738
0.99997268676757822 -1.7660059788935234
0.99997272491455091 -1.768566360679106
0.9999727630615235 -1.7711339141660789
0.99997280120849608 -1.773708669537335
0.99997283935546877 -1.7762906571454617
0.99997287750244146 -1.7788799074987067
0.99997291564941415 -1.7814764512846482
0.99997295379638684 -1.7840803193641435
0.99997299194335942 -1.7866915427647503
0.999973030090332 -1.7893101527046946
0.9999730682373047 -1.7919361805792411
0.99997310638427739 -1.794569657946419
0.99997314453125008 -1.7972106165511936
0.99997318267822277 -1.7998590883192225
0.99997322082519546 -1.8025151053580217
0.99997325897216816 -1.8051786999582988
0.99997329711914074 -1.8078499045876193
0.99997333526611332 -1.8105287519147661
0.99997337341308601 -1.8132152747958457
0.9999734115600587 -1.815909506259874
0.99997344970703139 -1.8186114795334869
0.99997348785400408 -1.8213212280345696
0.99997352600097666 -1.824038785365758
0.99997356414794925 -1.8267641853393191
0.99997360229492194 -1.8294974619631161
0.99997364044189463 -1.8322386494260177
0.99997367858886732 -1.8349877821229315
0.99997371673584001 -1.837744894648488
0.99997375488281259 -1.8405100217904182
0.99997379302978517 -1.8432831985550422
0.99997383117675787 -1.8460644601529492
0.99997386932373056 -1.8488538419840159
0.99997390747070325 -1.8516513796633944
0.99997394561767594 -1.854457109014658
0.99997398376464852 -1.8572710660633704
0.9999740219116211 -1.8600932870630262
0.99997406005859379 -1.8629238084806126
0.99997409820556649 -1.8657626669811394
0.99997413635253918 -1.8686098994544758
0.99997417449951187 -1.8714655430083498
0.99997421264648445 -1.8743296349615743
0.99997425079345703 -1.8772022128710057
0.99997428894042972 -1.8800833145163844
0.99997432708740241 -1.8829729778851154
0.99997436523437511 -1.8858712411992371
0.9999744033813478 -1.8887781429084871
0.99997444152832038 -1.8916937216838761
0.99997447967529296 -1.8946180164444173
0.99997451782226565 -1.8975510663422912
0.99997455596923834 -1.9004929107474302
0.99997459411621104 -1.9034435892747548
0.99997463226318373 -1.9064031417773561
0.99997467041015631 -1.9093716083399259
0.99997470855712889 -1.9123490293061587
0.99997474670410158 -1.915335445263683
0.99997478485107427 -1.9183308970282731
0.99997482299804696 -1.9213354256717556
0.99997486114501966 -1.9243490725152284
0.99997489929199224 -1.927371879122324
0.99997493743896482 -1.9304038873271891
0.99997497558593751 -1.9334451392191794
0.9999750137329102 -1.9364956771269075
0.99997505187988289 -1.9395555436468108
0.99997509002685558 -1.942624781636205
0.99997512817382816 -1.9457034342063908
0.99997516632080075 -1.9487915447513935
0.99997520446777344 -1.9518891569326562
0.99997524261474613 -1.9549963146622229
0.99997528076171882 -1.9581130621325036
0.99997531890869151 -1.9612394438091711
0.99997535705566409 -1.9643755044238647
0.99997539520263667 -1.967521289004061
0.99997543334960937 -1.9706768428569357
0.99997547149658206 -1.9738422115531042
0.99997550964355475 -1.9770174409563268
0.99997554779052744 -1.9802025772165752
0.99997558593750002 -1.9833976667629225
0.9999756240844726 -1.9866027563336865
0.99997566223144529 -1.9898178929602925
0.99997570037841799 -1.9930431239507982
0.99997573852539068 -1.9962784969201208
0.99997577667236337 -1.9995240597830788
0.99997581481933595 -2.0027798607473652
0.99997585296630853 -2.0060459483443327
0.99997589111328122 -2.009322371412348
0.99997592926025392 -2.0126091790804939
0.99997596740722661 -2.0159064207992605
0.9999760055541993 -2.019214146333534
0.99997604370117188 -2.0225324057556242
0.99997608184814446 -2.025861249476506
0.99997611999511715 -2.029200728229454
0.99997615814208984 -2.0325508930528366
0.99997619628906254 -2.0359117953220269
0.99997623443603523 -2.039283486742248
0.99997627258300781 -2.0426660193412953
0.99997631072998039 -2.046059445501867
0.99997634887695308 -2.0494638179446771
0.99997638702392577 -2.0528791897113292
0.99997642517089846 -2.0563056141964617
0.99997646331787116 -2.0597431451410966
0.99997650146484374 -2.0631918366251116
0.99997653961181632 -2.0666517431001235
0.99997657775878901 -2.0701229193726673
0.9999766159057617 -2.0736054205865857
0.99997665405273439 -2.0770993022563369
0.99997669219970708 -2.0806046202597908
0.99997673034667967 -2.0841214308308955
0.99997676849365225 -2.0876497905935243
0.99997680664062494 -2.0911897565442596
0.99997684478759763 -2.0947413860343267
0.99997688293457032 -2.0983047368041432
0.99997692108154301 -2.101879866975747
0.99997695922851559 -2.1054668350456329
0.99997699737548817 -2.1090656999192516
0.99997703552246087 -2.1126765208935638
0.99997707366943356 -2.1162993576389941
0.99997711181640625 -2.1199342702344888
0.99997714996337894 -2.1235813191600532
0.99997718811035152 -2.1272405652896342
0.9999772262573241 -2.1309120699264139
0.9999772644042968 -2.1345958947849599
0.99997730255126949 -2.1382921019732914
0.99997734069824218 -2.1420007540285373
0.99997737884521487 -2.1457219139094357
0.99997741699218745 -2.1494556449894144
0.99997745513916003 -2.1532020110925361
0.99997749328613272 -2.1569610764756435
0.99997753143310542 -2.1607329058099718
0.99997756958007811 -2.1645175642177965
0.9999776077270508 -2.1683151172650237
0.99997764587402338 -2.1721256309540951
0.99997768402099596 -2.1759491717609394
0.99997772216796865 -2.1797858066168212
0.99997776031494134 -2.1836356028899448
0.99997779846191404 -2.1874986284226376
0.99997783660888673 -2.1913749515243586
0.99997787475585931 -2.1952646409642895
0.99997791290283189 -2.1991677660093454
0.99997795104980458 -2.2030843964059201
0.99997798919677727 -2.2070146023611872
0.99997802734374996 -2.2109584545810899
0.99997806549072266 -2.2149160242634793
0.99997810363769535 -2.2188873831025737
0.99997814178466804 -2.2228726032927399
0.99997817993164062 -2.2268717575217845
0.9999782180786132 -2.2308849190100117
0.99997825622558589 -2.2349121614914575
0.99997829437255858 -2.2389535591952949
0.99997833251953128 -2.2430091868848696
0.99997837066650397 -2.2470791198511684
0.99997840881347655 -2.2511634339053543
0.99997844696044913 -2.2552622054189695
0.99997848510742182 -2.2593755113054845
0.99997852325439451 -2.2635034290007283
0.99997856140136721 -2.2676460365036117
0.9999785995483399 -2.2718034123692989
0.99997863769531248 -2.2759756357018337
0.99997867584228506 -2.2801627861957581
0.99997871398925775 -2.2843649441167173
0.99997875213623044 -2.2885821902825141
0.99997879028320313 -2.2928146061045243
0.99997882843017583 -2.2970622735809085
0.99997886657714841 -2.301325275289388
0.99997890472412099 -2.3056036944299056
0.99997894287109368 -2.3098976148054238
0.99997898101806637 -2.3142071208020951
0.99997901916503906 -2.3185322974324154
0.99997905731201175 -2.3228732303282911
0.99997909545898434 -2.3272300057339397
0.99997913360595692 -2.331602710549685
0.99997917175292961 -2.3359914323125031
0.9999792098999023 -2.3403962591763294
0.99997924804687499 -2.3448172799560885
0.99997928619384768 -2.3492545841208816
0.99997932434082037 -2.3537082618001666
0.99997936248779307 -2.358178403789764
0.99997940063476565 -2.3626651015449798
0.99997943878173823 -2.3671684472260432
0.99997947692871092 -2.3716885336783471
0.99997951507568361 -2.3762254544126393
0.9999795532226563 -2.3807793036506615
0.999979591369629 -2.3853501763185809
0.99997962951660158 -2.3899381680402634
0.99997966766357416 -2.3945433751839516
0.99997970581054685 -2.3991658948426151
0.99997974395751954 -2.4038058248136482
0.99997978210449223 -2.4084632636458445
0.99997982025146492 -2.4131383106334243
0.9999798583984375 -2.4178310658090219
0.99997989654541009 -2.4225416299919593
0.99997993469238278 -2.4272701047682133
0.99997997283935547 -2.4320165924703394
0.99998001098632816 -2.4367811962257835
0.99998004913330085 -2.4415640199506541
0.99998008728027343 -2.4463651683434744
0.99998012542724601 -2.451184746934536
0.99998016357421871 -2.456022862066007
0.9999802017211914 -2.4608796208714243
0.99998023986816409 -2.4657551313257438
0.99998027801513678 -2.4706495022392989
0.99998031616210936 -2.4755628432516068
0.99998035430908194 -2.4804952648823955
0.99998039245605463 -2.4854468785115631
0.99998043060302733 -2.4904177963586713
0.99998046875000002 -2.4954081315342584
0.99998050689697271 -2.5004179980344667
0.9999805450439454 -2.5054475107494238
0.99998058319091809 -2.5104967854721734
0.99998062133789067 -2.5155659388926219
0.99998065948486325 -2.5206550886510057
0.99998069763183595 -2.5257643533175931
0.99998073577880864 -2.5308938523720039
0.99998075485229498 -2.5334662273957189
0.99998077392578133 -2.5360437062570038
0.99998079299926768 -2.5386263041609944
0.99998081207275402 -2.5412140363732152
0.99998083114624037 -2.5438069182198868
0.9999808502197266 -2.5464049650733935
0.99998086929321284 -2.5490081923973853
0.99998088836669918 -2.5516166157174553
0.99998090744018553 -2.5542302505908818
0.99998092651367188 -2.5568491126523005
0.99998094558715822 -2.5594732175990296
0.99998096466064457 -2.562102581191164
0.99998098373413091 -2.5647372192521845
0.99998100280761726 -2.5673771476689859
0.9999810218811036 -2.5700223823924087
0.99998104095458995 -2.5726729394374472
0.9999810600280763 -2.5753288348836647
0.99998107910156253 -2.5779900848599313
0.99998109817504877 -2.5806567055911196
0.99998111724853511 -2.5833287133678873
0.99998113632202146 -2.5860061245155146
0.9999811553955078 -2.5886889554410697
0.99998117446899415 -2.5913772226179894
0.9999811935424805 -2.5940709425866322
0.99998121261596684 -2.5967701319544148
0.99998123168945319 -2.5994748073964198
0.99998125076293953 -2.6021849856553843
0.99998126983642588 -2.6049006835424917
0.99998128890991222 -2.6076219179372471
0.99998130798339846 -2.6103487057723029
0.99998132705688469 -2.6130810640812516
0.99998134613037104 -2.6158190099672276
0.99998136520385739 -2.6185625605718648
0.99998138427734373 -2.6213117331226479
0.99998140335083008 -2.6240665449179184
0.99998142242431642 -2.6268270133269609
0.99998144149780277 -2.6295931557905621
0.99998146057128912 -2.6323649898212076
0.99998147964477546 -2.6351425330036067
0.99998149871826181 -2.6379258029948907
0.99998151779174815 -2.6407148175251365
0.99998153686523439 -2.6435095943813169
0.99998155593872062 -2.6463101514566971
0.99998157501220697 -2.64911650671861
0.99998159408569331 -2.6519286781761147
0.99998161315917966 -2.6547466839294769
0.99998163223266601 -2.6575705421539881
0.99998165130615235 -2.6604002711007171
0.9999816703796387 -2.6632358890964594
0.99998168945312504 -2.6660774145445663
0.99998170852661139 -2.6689248659250699
0.99998172760009774 -2.6717782617951413
0.99998174667358408 -2.6746376207895155
0.99998176574707043 -2.6775029616210069
0.99998178482055677 -2.680374303080665
0.99998180389404312 -2.6832516640384316
0.99998182296752947 -2.6861350634433991
0.9999818420410157 -2.689024520307413
0.99998186111450194 -2.6919200537560433
0.99998188018798828 -2.6948216829954044
0.99998189926147463 -2.6977294272787105
0.99998191833496097 -2.700643305957434
0.99998193740844732 -2.7035633384646616
0.99998195648193366 -2.7064895443157102
0.99998197555542001 -2.7094219431085707
0.99998199462890636 -2.7123605545240528
0.9999820137023927 -2.7153053983267781
0.99998203277587905 -2.7182564943650251
0.99998205184936539 -2.7212138625715157
0.99998207092285163 -2.7241775229465226
0.99998208999633786 -2.7271474956101125
0.99998210906982421 -2.7301238007682067
0.99998212814331056 -2.733106458678245
0.9999821472167969 -2.7360954897016101
0.99998216629028325 -2.7390909142867716
0.99998218536376959 -2.7420927529698447
0.99998220443725594 -2.7451010263748854
0.99998222351074229 -2.7481157552145814
0.99998224258422863 -2.7511369602905162
0.99998226165771498 -2.7541646624937539
0.99998228073120132 -2.7571988828053406
0.99998229980468756 -2.7602396422790845
0.99998231887817379 -2.7632869620949125
0.99998233795166014 -2.7663408635245128
0.99998235702514648 -2.769401367895866
0.99998237609863283 -2.7724684966470416
0.99998239517211918 -2.7755422713091882
0.99998241424560552 -2.7786227135066217
0.99998243331909187 -2.7817098449577751
0.99998245239257821 -2.7848036874754021
0.99998247146606456 -2.7879042629672335
0.99998249053955091 -2.791011593436421
0.99998250961303725 -2.7941257009821943
0.99998252868652349 -2.7972466077819509
0.99998254776000972 -2.8003743361465872
0.99998256683349607 -2.803508908484579
0.99998258590698241 -2.8066503472660242
0.99998260498046876 -2.8097986750780284
0.9999826240539551 -2.8129539146066782
0.99998264312744145 -2.8161160886378718
0.9999826622009278 -2.8192852200577954
0.99998268127441414 -2.8224613318533218
0.99998270034790049 -2.8256444471127939
0.99998271942138683 -2.8288345890266378
0.99998273849487318 -2.832031780887494
0.99998275756835941 -2.8352360460725938
0.99998277664184565 -2.8384474080999915
0.999982795715332 -2.8416658905920951
0.99998281478881834 -2.8448915172387608
0.99998283386230469 -2.8481243118537551
0.99998285293579103 -2.8513642983570477
0.99998287200927738 -2.8546115007747996
0.99998289108276373 -2.8578659432406446
0.99998291015625007 -2.8611276499957015
0.99998292922973642 -2.8643966453896552
0.99998294830322276 -2.8676729538809345
0.99998296737670911 -2.8709566000376885
0.99998298645019545 -2.8742476085381323
0.9999830055236818 -2.8775460041712981
0.99998302459716815 -2.8808518118376085
0.99998304367065449 -2.8841650565495747
0.99998306274414073 -2.8874857634130024
0.99998308181762696 -2.8908139576856673
0.99998310089111331 -2.8941496647392926
0.99998311996459965 -2.8974929100215703
0.999983139038086 -2.9008437191147549
0.99998315811157235 -2.9042021177169222
0.99998317718505869 -2.9075681316427207
0.99998319625854504 -2.9109417868241017
0.99998321533203138 -2.9143231093106841
0.99998323440551773 -2.9177121252707896
0.99998325347900408 -2.921108860991898
0.99998327255249042 -2.9245133428814718
0.99998329162597666 -2.9279255974474809
0.99998331069946289 -2.9313456513591105
0.99998332977294924 -2.934773531407378
0.99998334884643558 -2.938209264466372
0.99998336791992193 -2.941652877553353
0.99998338699340827 -2.9451043978095832
0.99998340606689462 -2.9485638525011999
0.99998342514038097 -2.9520312690197672
0.99998344421386731 -2.9555066748831598
0.99998346328735366 -2.9589900977361352
0.99998348236084 -2.9624815653511742
0.99998350143432635 -2.9659811056291976
0.99998352050781258 -2.9694887465798621
0.99998353958129882 -2.9730045163834973
0.99998355865478517 -2.9765284433513433
0.99998357772827151 -2.980060555885006
0.99998359680175786 -2.9836008825388065
0.9999836158752442 -2.9871494520000024
0.99998363494873055 -2.9907062930896546
0.99998365402221689 -2.9942714347631818
0.99998367309570324 -2.9978449061115189
0.99998369216918959 -3.0014267363615317
0.99998371124267593 -3.0050169548770604
0.99998373031616228 -3.0086155911596824
0.99998374938964851 -3.0122226748283341
0.99998376846313475 -3.0158382356832369
0.99998378753662109 -3.0194623036650965
0.99998380661010744 -3.0230949088132499
0.99998382568359379 -3.0267360813300401
0.99998384475708013 -3.0303858515602293
0.99998386383056648 -3.0340442499922178
0.99998388290405282 -3.0377113072586432
0.99998390197753917 -3.0413870541374601
0.99998392105102551 -3.0450715215523609
0.99998394012451186 -3.0487647405743092
0.99998395919799821 -3.0524667424218372
0.99998397827148444 -3.0561775584405102
0.99998399734497068 -3.0598972201686552
0.99998401641845702 -3.0636257592952192
0.99998403549194337 -3.0673632076171176
0.99998405456542971 -3.071109597105214
0.99998407363891606 -3.0748649598833668
0.99998409271240241 -3.0786293282296531
0.99998411178588875 -3.0824027345770757
0.9999841308593751 -3.0861852115145334
0.99998414993286144 -3.0899767917879384
0.99998416900634779 -3.0937775083008474
0.99998418807983414 -3.0975873941156369
0.99998420715332037 -3.1014064824322354
0.99998422622680661 -3.1052348066554991
0.99998424530029295 -3.1090724003522703
0.9999842643737793 -3.1129192972074393
0.99998428344726564 -3.1167755310916605
0.99998430252075199 -3.120641136040347
0.99998432159423833 -3.1245161462544111
0.99998434066772468 -3.1284005961014181
0.99998435974121103 -3.1322945201166936
0.99998437881469737 -3.1361979530041397
0.99998439788818372 -3.1401109296373186
0.99998441696167006 -3.1440334850605658
0.9999844360351563 -3.1479656544671739
0.99998445510864253 -3.1519074732688788
0.99998447418212888 -3.1558589770516594
0.99998449325561523 -3.1598202015303603
0.99998451232910157 -3.1637911826189562
0.99998453140258792 -3.1677719564084428
0.99998455047607426 -3.1717625591680534
0.99998456954956061 -3.1757630273464859
0.99998458862304695 -3.1797733975726952
0.9999846076965333 -3.1837937066572528
0.99998462677001965 -3.1878239915934223
0.99998464584350599 -3.1918642895583815
0.99998466491699223 -3.1959146378904317
0.99998468399047846 -3.1999750741613702
0.99998470306396481 -3.204045636130243
0.99998472213745115 -3.2081263616973712
0.9999847412109375 -3.2122172889762353
0.99998476028442385 -3.2163184562711251
0.99998477935791019 -3.2204299020783314
0.99998479843139654 -3.2245516650874508
0.99998481750488288 -3.2286837841822678
0.99998483657836923 -3.2328262984424088
0.99998485565185558 -3.2369792471444008
0.99998487472534192 -3.2411426697626622
0.99998489379882816 -3.2453166059469019
0.99998491287231439 -3.2495010955958539
0.99998493194580074 -3.2536961788103351
0.99998495101928708 -3.2579018958457362
0.99998497009277343 -3.2621182871861336
0.99998498916625977 -3.2663453935213469
0.99998500823974612 -3.2705832557483205
0.99998502731323247 -3.2748319149724194
0.99998504638671881 -3.2790914125085386
0.99998506546020516 -3.2833617898829508
0.9999850845336915 -3.2876430888340509
0.99998510360717785 -3.2919353513141827
0.99998512268066408 -3.2962386194656581
0.99998514175415032 -3.3005529356973469
0.99998516082763667 -3.3048783426363832
0.99998517990112301 -3.3092148830787536
0.99998519897460936 -3.3135626000664704
0.9999852180480957 -3.3179215368634418
0.99998523712158205 -3.3222917369574216
0.99998525619506839 -3.3266732440609719
0.99998527526855474 -3.3310661021133683
0.99998529434204109 -3.3354703552816036
0.99998531341552743 -3.3398860479623624
0.99998533248901378 -3.3443132247830225
0.99998535156250001 -3.348751930577667
0.99998537063598625 -3.3532022104659331
0.99998538970947259 -3.357664109803113
0.99998540878295894 -3.3621376741297286
0.99998542785644529 -3.3666229492507598
0.99998544692993163 -3.3711199812112485
0.99998546600341798 -3.3756288162978887
0.99998548507690432 -3.3801495010408904
0.99998550415039067 -3.3846820822150461
0.99998552322387702 -3.3892266068419366
0.99998554229736336 -3.3937831221911452
0.99998556137084971 -3.3983516757820045
0.99998558044433594 -3.4029323153586675
0.99998559951782218 -3.4075250889715178
0.99998561859130852 -3.4121300449261591
0.99998563766479487 -3.4167472317309171
0.99998565673828121 -3.4213766981791114
0.99998567581176756 -3.4260184933238529
0.99998569488525391 -3.4306726664800538
0.99998571395874025 -3.435339267225753
0.9999857330322266 -3.4400183454042983
0.99998575210571294 -3.444709951125779
0.99998577117919929 -3.4494141347691532
0.99998579025268564 -3.4541309469836881
0.99998580932617187 -3.4588604386635167
0.99998582839965811 -3.46360266103185
0.99998584747314445 -3.4683576655881989
0.9999858665466308 -3.4731255040546118
0.99998588562011714 -3.4779062284604145
0.99998590469360349 -3.4826998911167206
0.99998592376708983 -3.4875065446179008
0.99998594284057618 -3.4923262418440406
0.99998596191406253 -3.4971590359624192
0.99998598098754887 -3.5020049804297493
0.99998600006103522 -3.5068641289940596
0.99998601913452156 -3.5117365356966741
0.9999860382080078 -3.5166222548457631
0.99998605728149403 -3.5215213411036057
0.99998607635498038 -3.5264338494321827
0.99998609542846673 -3.5313598350376467
0.99998611450195307 -3.5362993534583591
0.99998613357543942 -3.5412524605380167
0.99998615264892576 -3.5462192124282597
0.99998617172241211 -3.5511996655902025
0.99998619079589846 -3.5561938767971455
0.9999862098693848 -3.5612019031363937
0.99998622894287115 -3.5662238020116028
0.99998624801635749 -3.5712596311447338
0.99998626708984373 -3.5763094485491562
0.99998628616332996 -3.5813733126198488
0.99998630523681631 -3.586451282077066
0.99998632431030265 -3.5915434159097628
0.999986343383789 -3.5966497734657201
0.99998636245727535 -3.6017704144250415
0.99998638153076169 -3.6069053988019757
0.99998640060424804 -3.6120547869474939
0.99998641967773438 -3.6172186395516217
0.99998643875122073 -3.6223970176458282
0.99998645782470708 -3.627589982605496
0.99998647689819342 -3.6327975961520944
0.99998649597167966 -3.638019920325549
0.99998651504516589 -3.643257017577529
0.99998653411865224 -3.648508950713873
0.99998655319213858 -3.65377578283525
0.99998657226562493 -3.6590575774317848
0.99998659133911127 -3.6643543983547673
0.99998661041259762 -3.6696663098191564
0.99998662948608397 -3.6749933764064502
0.99998664855957031 -3.6803356630672948
0.99998666763305666 -3.685693235123721
0.999986686706543 -3.6910661582724074
0.99998670578002935 -3.6964544985868635
0.99998672485351559 -3.7018583224888917
0.99998674392700182 -3.7072776968455816
0.99998676300048817 -3.7127126889095994
0.99998678207397451 -3.7181633662584543
0.99998680114746086 -3.7236297968919136
0.9999868202209472 -3.7291120492034002
0.99998683929443355 -3.7346101919828012
0.9999868583679199 -3.7401242944194122
0.99998687744140624 -3.7456544261047542
0.99998689651489259 -3.7512006570355365
0.99998691558837893 -3.7567630576166673
0.99998693466186528 -3.7623416986640703
0.99998695373535151 -3.7679366513752433
0.99998697280883775 -3.7735479874299123
0.99998699188232409 -3.7791757789284111
0.99998701095581044 -3.7848200983288844
0.99998703002929679 -3.7904810185485469
0.99998704910278313 -3.7961586129341169
0.99998706817626948 -3.8018529552652129
0.99998708724975582 -3.8075641197571586
0.99998710632324217 -3.8132921810645759
0.99998712539672852 -3.819037214284374
0.99998714447021486 -3.8247992949591914
0.99998716354370121 -3.8305784990806222
0.99998718261718744 -3.8363749030589425
0.99998720169067368 -3.8421885838273075
0.99998722076416002 -3.8480196187785012
0.99998723983764637 -3.8538680857000669
0.99998725891113271 -3.859734062879201
0.99998727798461906 -3.8656176290727826
0.99998729705810541 -3.8715188635105093
0.99998731613159175 -3.8774378458988337
0.9999873352050781 -3.8833746564242726
0.99998735427856444 -3.8893293757570953
0.99998737335205079 -3.8953020850550173
0.99998739242553714 -3.9012928659669326
0.99998741149902337 -3.9073018006015485
0.99998743057250961 -3.9133289716359063
0.99998744964599595 -3.9193744622499795
0.9999874687194823 -3.92543835605955
0.99998748779296864 -3.9315207372256995
0.99998750686645499 -3.937621690423204
0.99998752593994134 -3.9437413008449673
0.99998754501342768 -3.949879654205652
0.99998756408691403 -3.9560368367457275
0.99998758316040037 -3.962212935235597
0.99998760223388672 -3.9684080369796506
0.99998762130737306 -3.9746222298204406
0.9999876403808593 -3.9808556021061809
0.99998765945434553 -3.9871082428042985
0.99998767852783188 -3.9933802414329609
0.99998769760131823 -3.9996716879927305
0.99998771667480457 -4.0059826730794175
0.99998773574829092 -4.0123132878526162
0.99998775482177726 -4.0186636240398741
0.99998777389526361 -4.0250337739410114
0.99998779296874996 -4.0314238304328605
0.9999878120422363 -4.0378338869736146
0.99998783111572265 -4.0442640376073449
0.99998785018920899 -4.0507143769687133
0.99998786926269534 -4.0571850002875927
0.99998788833618169 -4.0636760033937467
0.99998790740966803 -4.0701874827213906
0.99998792648315438 -4.076719535314326
0.99998794555664061 -4.0832722587922268
0.99998796463012685 -4.0898457514699711
0.99998798370361319 -4.0964401122870253
0.99998800277709954 -4.1030554407350577
0.99998802185058588 -4.1096918369779081
0.99998804092407223 -4.116349401818443
0.99998805999755858 -4.1230282367035542
0.99998807907104492 -4.1297284437295181
0.99998809814453127 -4.1364501256470074
0.99998811721801761 -4.1431933858663514
0.99998813629150396 -4.1499583284630628
0.99998815536499031 -4.156745058182862
0.99998817443847654 -4.163553680407591
0.99998819351196278 -4.17038430127959
0.99998821258544912 -4.1772370276282578
0.99998823165893547 -4.1841119668958129
0.99998825073242181 -4.1910092272620014
0.99998826980590816 -4.1979289176103203
0.9999882888793945 -4.2048711475334626
0.99998830795288085 -4.2118360273393316
0.9999883270263672 -4.2188236680566638
0.99998834609985354 -4.2258341814413232
0.99998836517333989 -4.232867679981716
0.99998838424682623 -4.2399242769052394
0.99998840332031247 -4.2470040861429181
0.9999884223937987 -4.254107222459087
0.99998844146728505 -4.2612338013758988
0.9999884605407714 -4.2683839390961325
0.99998847961425774 -4.2755577526337047
0.99998849868774409 -4.2827553597788475
0.99998851776123043 -4.2899768791042794
0.99998853683471678 -4.2972224299719493
0.99998855590820312 -4.3044921325395897
0.99998857498168947 -4.3117861077673325
0.99998859405517582 -4.3191044774243084
0.99998861312866216 -4.3264473640956727
0.9999886322021484 -4.3338148911462184
0.99998865127563463 -4.3412071828560039
0.99998867034912098 -4.3486243643423705
0.99998868942260732 -4.3560665614800191
0.99998870849609367 -4.3635339010374796
0.99998872756958002 -4.371026510641248
0.99998874664306636 -4.3785445187830838
0.99998876571655271 -4.3860880548273373
0.99998878479003905 -4.3936572490184336
0.9999888038635254 -4.4012522324882566
0.99998882293701175 -4.4088731372638943
0.99998884201049809 -4.4165200962751197
0.99998886108398433 -4.4241932433174203
0.99998888015747056 -4.4318927131937063
0.99998889923095691 -4.4396186416338228
0.99998891830444325 -4.4473711652118277
0.9999889373779296 -4.4551504214888311
0.99998895645141594 -4.4629565489762566
0.99998897552490229 -4.4707896871439319
0.99998899459838864 -4.478649976428775
0.99998901367187498 -4.4865375582427482
0.99998903274536133 -4.4944525749818061
0.99998905181884767 -4.5023951700339859
0.99998907089233402 -4.5103654877883121
0.99998908996582037 -4.5183636736436306
0.99998910903930671 -4.5263898740172506
0.99998912811279306 -4.5344442363540471
0.9999891471862794 -4.5425269091353551
0.99998916625976564 -4.5506380418408554
0.99998918533325187 -4.5587777850994069
0.99998920440673822 -4.5669462906046343
0.99998922348022456 -4.5751437110288995
0.99998924255371091 -4.5833702001749952
0.99998926162719726 -4.5916259129383832
0.9999892807006836 -4.5999110053170824
0.99998929977416995 -4.6082256344212018
0.99998931884765629 -4.6165699584833284
0.99998933792114264 -4.6249441368681179
0.99998935699462899 -4.6333483300826996
0.99998937606811533 -4.6417826997868206
0.99998939514160157 -4.6502474087539305
0.9999894142150878 -4.6587426210293374
0.99998943328857415 -4.6672685018430267
0.99998945236206049 -4.6758252175208908
0.99998947143554684 -4.6844129356437385
0.99998949050903319 -4.6930318250088305
0.99998950958251953 -4.7016820556411387
0.99998952865600588 -4.7103637988044866
0.99998954772949222 -4.7190772270126518
0.99998956680297857 -4.7278225140410672
0.99998958587646491 -4.7365998349381764
0.99998960494995126 -4.7454093660371992
0.9999896240234375 -4.7542512849163545
0.99998964309692373 -4.7631257705651207
0.99998966217041008 -4.7720330032943687
0.99998968124389642 -4.780973164644136
0.99998970031738277 -4.789946437551249
0.99998971939086911 -4.7989530063099828
0.99998973846435546 -4.8079930565850821
0.99998975753784181 -4.8170667754240046
0.99998977661132815 -4.8261743512703115
0.9999897956848145 -4.8353159739762885
0.99998981475830084 -4.844491834816508
0.99998983383178719 -4.8537021265008224
0.99998985290527342 -4.8629470431343051
0.99998987197875966 -4.8722267803918733
0.999989891052246 -4.8815415354258107
0.99998991012573235 -4.8908915067703473
0.9999899291992187 -4.9002768945181687
0.99998994827270504 -4.9096979002807135
0.99998996734619139 -4.919154727202482
0.99998998641967773 -4.9286475799759115
0.99999000549316408 -4.9381766648557877
0.99999002456665043 -4.9477421896745799
0.99999004364013677 -4.9573443638570494
0.99999006271362312 -4.9669833984361054
0.99999008178710935 -4.97665950601146
0.99999010086059559 -4.9863729009341959
0.99999011993408193 -4.9961237992110989
0.99999013900756828 -5.0059124184063251
0.99999015808105463 -5.015738977827664
0.99999017715454097 -5.0256036984860097
0.99999019622802732 -5.0355068031124084
0.99999021530151366 -5.0454485161745177
0.99999023437500001 -5.0554290638936115
0.99999025344848635 -5.0654486742617717
0.9999902725219727 -5.0755075770593372
0.99999029159545905 -5.0856060038722948
0.99999031066894539 -5.095744188110249
0.99999032974243174 -5.1059223650241758
0.99999034881591808 -5.1161407717248277
0.99999036788940443 -5.1263996472010191
0.99999038696289066 -5.1366992322782998
0.9999904060363769 -5.1470397698172947
0.99999041557312007 -5.1522254721940763
0.99999042510986325 -5.157421504614546
0.99999043464660642 -5.1626278979761739
0.99999044418334959 -5.1678446832996876
0.99999045372009276 -5.173071891729883
0.99999046325683594 -5.1783095545360691
0.99999047279357911 -5.1835577031127835
0.99999048233032228 -5.1888163689803335
0.99999049186706546 -5.1940855837855953
0.99999050140380863 -5.1993653793023764
0.9999905109405518 -5.2046557874324035
0.99999052047729498 -5.2099568402056819
0.99999053001403815 -5.2152685697812853
0.99999053955078132 -5.2205910084478697
0.99999054908752449 -5.2259241886244796
0.99999055862426767 -5.2312681428612136
0.99999056816101084 -5.2366229038396925
0.99999057769775401 -5.2419885043738601
0.99999058723449719 -5.2473649774108218
0.99999059677124036 -5.2527523560311726
0.99999060630798353 -5.2581506734498333
0.99999061584472659 -5.2635599629537619
0.99999062538146966 -5.268980258091533
0.99999063491821283 -5.2744115925484438
0.999990644454956 -5.2798540000206913
0.99999065399169917 -5.2853075144052726
0.99999066352844235 -5.2907721697376227
0.99999067306518552 -5.2962480001924783
0.99999068260192869 -5.3017350400843863
0.99999069213867187 -5.3072333238686751
0.99999070167541504 -5.3127428861418737
0.99999071121215821 -5.3182637616426307
0.99999072074890138 -5.3237959852524739
0.99999073028564456 -5.3293395919964039
0.99999073982238773 -5.3348946170438039
0.9999907493591309 -5.3404610957089051
0.99999075889587408 -5.3460390634519044
0.99999076843261725 -5.3516285558793815
0.99999077796936042 -5.3572296087453299
0.9999907875061036 -5.3628422579516997
0.99999079704284677 -5.3684665395493552
0.99999080657958994 -5.3741024897385614
0.99999081611633311 -5.3797501448702132
0.99999082565307629 -5.3854095414460481
0.99999083518981946 -5.3910807161200385
0.99999084472656252 -5.3967637056324698
0.99999085426330558 -5.4024585470093811
0.99999086380004876 -5.4081652774315963
0.99999087333679193 -5.4138839341025333
0.9999908828735351 -5.4196145544475263
0.99999089241027828 -5.4253571760489461
0.99999090194702145 -5.431111836646501
0.99999091148376462 -5.4368785741383956
0.99999092102050779 -5.4426574265820387
0.99999093055725097 -5.4484484321950468
0.99999094009399414 -5.4542516293558165
0.99999094963073731 -5.4600670566045082
0.99999095916748049 -5.4658947526439219
0.99999096870422366 -5.4717347563403766
0.99999097824096683 -5.477587106724453
0.99999098777771001 -5.4834518429920669
0.99999099731445318 -5.4893290045050254
0.99999100685119635 -5.495218630792305
0.99999101638793952 -5.501120761550621
0.9999910259246827 -5.5070354366454408
0.99999103546142587 -5.5129626961118126
0.99999104499816904 -5.5189025801554887
0.99999105453491222 -5.5248551291535524
0.99999106407165539 -5.5308203836555139
0.99999107360839845 -5.5367983843144311
0.99999108314514151 -5.542789172096648
0.99999109268188469 -5.5487927881442793
0.99999110221862786 -5.5548092736358736
0.99999111175537103 -5.5608386699967056
0.9999911212921142 -5.5668810188299878
0.99999113082885738 -5.5729363619178374
0.99999114036560055 -5.5790047412224366
0.99999114990234372 -5.5850861988866525
0.9999911594390869 -5.5911807772352837
0.99999116897583007 -5.5972885187759402
0.99999117851257324 -5.6034094662000644
0.99999118804931642 -5.6095436623838975
0.99999119758605959 -5.6156911503895222
0.99999120712280276 -5.6218519734657475
0.99999121665954593 -5.6280261750493743
0.99999122619628911 -5.6342137987659653
0.99999123573303228 -5.6404148884308691
0.99999124526977545 -5.6466294880505261
0.99999125480651863 -5.6528576418232612
0.9999912643432618 -5.6590993941404184
0.99999127388000497 -5.6653547895873801
0.99999128341674814 -5.6716238729446182
0.99999129295349132 -5.6779066891888785
0.99999130249023438 -5.6842032834207616
0.99999131202697744 -5.6905137010855675
0.99999132156372061 -5.6968379878288395
0.99999133110046379 -5.7031761893494801
0.99999134063720696 -5.7095283516213815
0.99999135017395013 -5.7158945208212719
0.99999135971069331 -5.7222747433297219
0.99999136924743648 -5.7286690657322339
0.99999137878417965 -5.7350775348204772
0.99999138832092282 -5.7415001975934814
0.999991397857666 -5.7479371012585494
0.99999140739440917 -5.7543882932327328
0.99999141693115234 -5.7608538211435736
0.99999142646789552 -5.7673337328308216
0.99999143600463869 -5.7738280763471463
0.99999144554138186 -5.7803368999595381
0.99999145507812504 -5.7868602521503814
0.99999146461486821 -5.7933981816189313
0.99999147415161138 -5.799950737282221
0.99999148368835455 -5.8065179682763199
0.99999149322509773 -5.8130999239577914
0.9999915027618409 -5.8196966539046908
0.99999151229858407 -5.8263082079178945
0.99999152183532725 -5.8329346360223724
0.99999153137207042 -5.8395759884684404
0.99999154090881359 -5.8462323157330349
0.99999155044555676 -5.8529036685209483
0.99999155998229994 -5.8595900977661621
0.99999156951904311 -5.8662916546330655
0.99999157905578628 -5.8730083905179757
0.99999158859252946 -5.8797403570501343
0.99999159812927263 -5.8864876060933637
0.99999160766601569 -5.8932501896682012
0.99999161720275875 -5.9000281601896782
0.99999162673950193 -5.9068215703119984
0.9999916362762451 -5.9136304727711249
0.99999164581298827 -5.9204549206230235
0.99999165534973145 -5.9272949671661381
0.99999166488647462 -5.9341506659428731
0.99999167442321779 -5.9410220707410479
0.99999168395996096 -5.9479092355950902
0.99999169349670414 -5.9548122147876281
0.99999170303344731 -5.9617310628508573
0.99999171257019048 -5.9686658345680828
0.99999172210693366 -5.9756165849748193
0.99999173164367683 -5.9825833693607455
0.99999174118042 -5.9895662432707955
0.99999175071716317 -5.9965652625067927
0.99999176025390635 -6.0035804831289168
0.99999176979064952 -6.0106119614571645
0.99999177932739269 -6.017659754072838
0.99999178886413587 -6.0247239178201433
0.99999179840087904 -6.031804509807758
0.99999180793762221 -6.0389015874101641
0.99999181747436539 -6.0460152082693641
0.99999182701110856 -6.0531454302964001
0.99999183654785162 -6.060292311589639
0.99999184608459468 -6.0674559106858634
0.99999185562133786 -6.0746362863964123
0.99999186515808103 -6.0818334976410382
0.9999918746948242 -6.0890476036997478
0.99999188423156737 -6.0962786641312139
0.99999189376831055 -6.1035267387744421
0.99999190330505372 -6.1107918877503522
0.99999191284179689 -6.1180741714633875
0.99999192237854007 -6.1253736506032741
0.99999193191528324 -6.1326903861467139
0.99999194145202641 -6.1400244393590784
0.99999195098876958 -6.1473758717959912
0.99999196052551276 -6.1547447453052637
0.99999197006225593 -6.1621311220284838
0.9999919795989991 -6.1695350644028251
0.99999198913574228 -6.1769566351627141
0.99999199867248545 -6.1843958973417479
0.99999200820922862 -6.1918529142743388
0.9999920177459718 -6.19932774959761
0.99999202728271497 -6.2068204672531264
0.99999203681945814 -6.2143311314888585
0.99999204635620131 -6.2218598068607776
0.99999205589294449 -6.2294065582349418
0.99999206542968755 -6.236971450701045
0.99999207496643061 -6.2445545498385302
0.99999208450317378 -6.2521559215431877
0.99999209403991696 -6.2597756318515874
0.99999210357666013 -6.267413747208062
0.9999921131134033 -6.2750703343780856
0.99999212265014648 -6.2827454604506219
0.99999213218688965 -6.290439192839874
0.99999214172363282 -6.2981515992872401
0.99999215126037599 -6.3058827478634392
0.99999216079711917 -6.3136327069703828
0.99999217033386234 -6.321401545343285
0.99999217987060551 -6.3291893320526347
0.99999218940734869 -6.3369961365062597
0.99999219894409186 -6.3448220284513459
0.99999220848083503 -6.3526670779765757
0.9999922180175782 -6.3605313555143139
0.99999222755432138 -6.3684149318425138
0.99999223709106455 -6.3763178780869021
0.99999224662780772 -6.3842402657232107
0.9999922561645509 -6.392182166579194
0.99999226570129407 -6.4001436528369782
0.99999227523803724 -6.4081247970350637
0.99999228477478042 -6.4161256720705877
0.99999229431152348 -6.4241463511082335
0.99999230384826654 -6.4321869078620759
0.99999231338500971 -6.4402474164126726
0.99999232292175289 -6.4483279510207145
0.99999233245849606 -6.4564285864102882
0.99999234199523923 -6.4645493976777324
0.9999923515319824 -6.4726904602938733
0.99999236106872558 -6.4808518501064425
0.99999237060546875 -6.4890336433424007
0.99999238014221192 -6.4972359166104976
0.9999923896789551 -6.5054587469031864
0.99999239921569827 -6.5137022115995427
0.99999240875244144 -6.5219663884674333
0.99999241828918461 -6.5302513556659267
0.99999242782592779 -6.5385571917479757
0.99999243736267096 -6.5468839756627011
0.99999244689941413 -6.5552317867579166
0.99999245643615731 -6.563600704782762
0.99999246597290048 -6.5719908098901083
0.99999247550964365 -6.580402182639153
0.99999248504638683 -6.5888349039982019
0.99999249458313 -6.5972890553468071
0.99999250411987317 -6.6057647184789863
0.99999251365661634 -6.6142619756052694
0.99999252319335941 -6.6227809092564431
0.99999253273010247 -6.6313216025835473
0.99999254226684564 -6.6398841391633692
0.99999255180358881 -6.6484686028011968
0.99999256134033199 -6.657075077831859
0.99999257087707516 -6.6657036490232304
0.99999258041381833 -6.6743544015789666
0.99999258995056151 -6.6830274211414622
0.99999259948730468 -6.6917227937945247
0.99999260902404785 -6.7004406060662127
0.99999261856079102 -6.7091809449317719
0.9999926280975342 -6.7179438978165331
0.99999263763427737 -6.7267295525988811
0.99999264717102054 -6.7355379976129859
0.99999265670776372 -6.7443693216519591
0.99999266624450689 -6.7532236139708095
0.99999267578125006 -6.762100964289381
0.99999268531799324 -6.7710014627953212
0.99999269485473641 -6.7799252001474795
0.99999270439147958 -6.788872267478407
0.99999271392822275 -6.7978427563981487
0.99999272346496593 -6.8068367589967629
0.9999927330017091 -6.8158543678477175
0.99999274253845227 -6.8248956760111934
0.99999275207519545 -6.8339607770371424
0.99999276161193862 -6.8430497649684972
0.99999277114868179 -6.8521627343444003
0.99999278068542496 -6.861299780203665
0.99999279022216814 -6.870460998087867
0.99999279975891131 -6.87964648404472
0.99999280929565448 -6.8888563346316865
0.99999281883239766 -6.898090646918841
0.99999282836914072 -6.9073495183849518
0.99999283790588378 -6.9166330472436774
0.99999284744262695 -6.9259413322330508
0.99999285697937013 -6.935274472401515
0.9999928665161133 -6.9446325674355736
0.99999287605285647 -6.9540157175555599
0.99999288558959964 -6.9634240235192202
0.99999289512634282 -6.9728575866252553
0.99999290466308599 -6.9823165087169228
0.99999291419982916 -6.9918008921858741
0.99999292373657234 -7.0013108399757034
0.99999293327331551 -7.0108464555856127
0.99999294281005868 -7.0204078430743966
0.99999295234680186 -7.0299951070640194
0.99999296188354503 -7.0396083527434659
0.9999929714202882 -7.0492476858727215
0.99999298095703137 -7.0589132127864564
0.99999299049377455 -7.0686050403981362
0.99999300003051772 -7.0783232762037329
0.99999300956726089 -7.0880680282859334
0.99999301910400407 -7.0978394053179406
0.99999302864074724 -7.1076375165677526
0.99999303817749041 -7.1174624719020239
0.99999304771423358 -7.1273143817902103
0.99999305725097665 -7.137193357193536
0.99999306678771971 -7.14709950991426
0.99999307632446288 -7.1570329523710887
0.99999308586120605 -7.1669937973713651
0.99999309539794923 -7.1769821584616631
0.9999931049346924 -7.1869981498165991
0.99999311447143557 -7.1970418862433059
0.99999312400817875 -7.2071134831858918
0.99999313354492192 -7.2172130567299435
0.99999314308166509 -7.2273407236067166
0.99999315261840827 -7.237496601197785
0.99999316215515144 -7.2476808075396271
0.99999317169189461 -7.2578934613281705
0.99999318122863778 -7.2681346819233159
0.99999319076538096 -7.2784045893536229
0.99999320030212413 -7.2887033043210989
0.9999932098388673 -7.2990309482058002
0.99999321937561048 -7.3093876430706857
0.99999322891235365 -7.3197735116663356
0.99999323844909682 -7.330188677435908
0.99999324798583999 -7.3406332645200241
0.99999325752258317 -7.3511073977615791
0.99999326705932634 -7.3616112027107885
0.99999327659606951 -7.372144805630259
0.99999328613281258 -7.3827083333767929
0.99999329566955564 -7.3933019137754172
0.99999330520629881 -7.4039256753800373
0.99999331474304198 -7.4145797472305146
0.99999332427978516 -7.4252642592278946
0.99999333381652833 -7.4359793420165641
0.9999933433532715 -7.4467251269896506
0.99999335289001468 -7.4575017462942874
0.99999336242675785 -7.4683093328370589
0.99999337196350102 -7.4791480202894434
0.99999338150024419 -7.4900179430935117
0.99999339103698737 -7.5009192364672019
0.99999340057373054 -7.5118520364101009
0.99999341011047371 -7.5228164797090002
0.99999341964721689 -7.5338127039437559
0.99999342918396006 -7.5448408474928845
0.99999343872070323 -7.5559010495394237
0.9999934482574464 -7.5669934500768097
0.99999345779418958 -7.578118189914834
0.99999346733093275 -7.5892754106854348
0.99999347686767592 -7.6004652548488112
0.9999934864044191 -7.6116878656995386
0.99999349594116227 -7.6229433873726045
0.99999350547790544 -7.6342319648496364
0.9999935150146485 -7.6455537438330099
0.99999352455139157 -7.6569088711475395
0.99999353408813474 -7.6682974944849489
0.99999354362487791 -7.6797197621440407
0.99999355316162108 -7.6911758234340342
0.99999356269836426 -7.7026658285487688
0.99999357223510743 -7.7141899285735356
0.9999935817718506 -7.7257482754916094
0.99999359130859378 -7.7373410221908374
0.99999360084533695 -7.74896832247064
0.99999361038208012 -7.7606303310484943
0.9999936199188233 -7.7723272035669719
0.99999362945556647 -7.7840590966006946
0.99999363899230964 -7.7958261676631935
0.99999364852905281 -7.8076285752141015
0.99999365806579599 -7.8194664786660555
0.99999366760253916 -7.8313400383922049
0.99999367713928233 -7.8432494157331076
0.99999368667602551 -7.8551947730042642
0.99999369621276868 -7.8671762735033584
0.99999370574951185 -7.879194081517797
0.99999371528625502 -7.8912483623322052
0.9999937248229982 -7.9033392822359216
0.99999373435974137 -7.9154670085306726
0.99999374389648443 -7.927631709396679
0.99999375343322749 -7.9398335543245846
0.99999376296997067 -7.9520727138427318
0.99999377250671384 -7.9643493592386925
0.99999378204345701 -7.9766636629933698
0.99999379158020019 -7.989015798647741
0.99999380111694336 -8.0014059408104075
0.99999381065368653 -8.0138342651664143
0.99999382019042971 -8.0263009484851597
0.99999382972717288 -8.038806168628911
0.99999383926391605 -8.0513501045612212
0.99999384880065922 -8.0639329363555738
0.9999938583374024 -8.076554845203832
0.99999386787414557 -8.0892160134250286
0.99999387741088874 -8.1019166244742777
0.99999388694763192 -8.114656862951378
0.99999389648437509 -8.1274369146098593
0.99999390602111826 -8.14025696636606
0.99999391555786143 -8.1531172063081847
0.99999392509460461 -8.1660178237056851
0.99999393463134778 -8.1789590090181381
0.99999394416809095 -8.1919409539050001
0.99999395370483413 -8.2049638512349716
0.9999939632415773 -8.2180278950953962
0.99999397277832036 -8.2311332806493187
0.99999398231506342 -8.2442802046025161
0.9999939918518066 -8.2574688649106651
0.99999400138854977 -8.2706994604807456
0.99999401092529294 -8.2839721916404159
0.99999402046203612 -8.2972872599954055
0.99999402999877929 -8.3106448684396295
0.99999403953552246 -8.3240452211654787
0.99999404907226563 -8.337488523674331
0.99999405860900881 -8.3509749827869548
0.99999406814575198 -8.3645048066541499
0.99999407768249515 -8.3780782047675295
0.99999408721923833 -8.3916953879702483
0.9999940967559815 -8.4053565684678553
0.99999410629272467 -8.4190619598394321
0.99999411582946784 -8.4328117770487374
0.99999412536621102 -8.4466062364553895
0.99999413490295419 -8.4604455558261975
0.99999414443969736 -8.4743299543466577
0.99999415397644054 -8.4882596526324754
0.99999416351318371 -8.5022348727413917
0.99999417304992688 -8.5162558381847369
0.99999418258667006 -8.5303227739396075
0.99999419212341323 -8.5444359064607109
0.99999420166015629 -8.5585954635275652
0.99999421119689935 -8.57280167475081
0.99999422073364252 -8.5870547712578063
0.9999942302703857 -8.6013549853717102
0.99999423980712887 -8.6157025511203074
0.99999424934387204 -8.6300977040839033
0.99999425888061522 -8.644540681408083
0.99999426841735839 -8.6590317218167474
0.99999427795410156 -8.6735710656253389
0.99999428749084474 -8.6881589547540727
0.99999429702758791 -8.7027956327412639
0.99999430656433108 -8.717481344757223
0.99999431610107425 -8.7322163376173627
0.99999432563781743 -8.7470008597966231
0.9999943351745606 -8.7618351614430363
0.99999434471130377 -8.7767194943920579
0.99999435424804695 -8.7916541121806357
0.99999436378479012 -8.8066392700618188
0.99999437332153329 -8.8216752250191188
0.99999438285827646 -8.836762235781217
0.99999439239501964 -8.8519005628370078
0.99999440193176281 -8.8670904684503302
0.99999441146850598 -8.882332216675124
0.99999442100524916 -8.8976260733710362
0.99999443054199222 -8.9129723060396184
0.99999444007873528 -8.9283711843755835
0.99999444961547845 -8.9438229799286546
0.99999445915222163 -8.959327965757538
0.9999944686889648 -8.9748864169843383
0.99999447822570797 -8.9904986106318354
0.99999448776245115 -9.0061648256399831
0.99999449729919432 -9.0218853428823245
0.99999450683593749 -9.0376604451830733
0.99999451637268066 -9.0534904173338226
0.99999452590942384 -9.0693755461107699
0.99999453544616701 -9.0853161202920312
0.99999454498291018 -9.1013124306752378
0.99999455451965336 -9.1173647700951062
0.99999456405639653 -9.1334734334412229
0.9999945735931397 -9.1496387176763321
0.99999458312988287 -9.1658609218544491
0.99999459266662605 -9.1821403471392617
0.99999460220336922 -9.1984772968228015
0.99999461174011239 -9.2148720763444665
0.99999462127685557 -9.2313249933096646
0.99999463081359874 -9.2478363575095219
0.99999464035034191 -9.2644064809398543
0.99999464988708509 -9.2810356778211514
0.99999465942382815 -9.297724264423735
0.99999466896057121 -9.3144725596702624
0.99999467849731438 -9.3312808847709636
0.99999468803405756 -9.348149562850752
0.99999469757080073 -9.3650789195551472
0.9999947071075439 -9.3820692828767775
0.99999471664428707 -9.3991209831763296
0.99999472618103025 -9.4162343532041781
0.99999473571777342 -9.43340972812193
0.99999474525451659 -9.4506474455242007
0.99999475479125977 -9.4679478454608432
0.99999476432800294 -9.4853112704594817
0.99999477386474611 -9.5027380655478542
0.99999478340148928 -9.5202285782766403
0.99999479293823246 -9.5377831587427782
0.99999480247497563 -9.5554021596127328
0.9999948120117188 -9.5730859361460752
0.99999482154846198 -9.5908348462194173
0.99999483108520515 -9.608649250350453
0.99999484062194832 -9.6265295117225751
0.9999948501586915 -9.6444759962092981
0.99999485969543467 -9.6624890723993975
0.99999486923217784 -9.6805691116220167
0.99999487876892101 -9.6987164879724315
0.99999488830566408 -9.7169315781250525
0.99999489784240714 -9.7352147619954668
0.99999490737915031 -9.7535664223466636
0.99999491691589348 -9.771986944386132
0.99999492645263666 -9.7904767164316908
0.99999493598937983 -9.8090361297262465
0.999994945526123 -9.8276655784656057
0.99999495506286618 -9.8463654598261794
0.99999496459960935 -9.8651361739933368
0.99999497413635252 -9.8839781241898574
0.99999498367309569 -9.90289171670487
0.99999499320983887 -9.9218773609231086
0.99999500274658204 -9.9409354693542706
0.99999501228332521 -9.9600664576630962
0.99999502182006839 -9.9792707446994555
0.99999503135681156 -9.9985487525289081
0.99999504089355473 -10.01790090646376
0.9999950504302979 -10.037327635094233
0.99999505996704108 -10.056829370320063
0.99999506950378425 -10.076406547382659
0.99999507904052742 -10.096059604897309
0.9999950885772706 -10.115788984886137
0.99999509811401377 -10.135595132810971
0.99999510765075694 -10.155478497607177
0.9999951171875 -10.175439531484503
0.99999512672424307 -10.195478690658149
0.99999513626098624 -10.215596434923414
0.99999514579772941 -10.235793227219432
0.99999515533447259 -10.256069534365375
0.99999516487121576 -10.276425826863258
0.99999517440795893 -10.296862578934521
0.9999951839447021 -10.317380268556887
0.99999519348144528 -10.337979377501473
0.99999520301818845 -10.358660391370547
0.99999521255493162 -10.379423799635861
0.9999952220916748 -10.40027009567692
0.99999522686004638 -10.410724481872728
0.99999523162841797 -10.421199776820508
0.99999523639678956 -10.431696043309289
0.99999524116516114 -10.442213344379764
0.99999524593353273 -10.452751743325583
0.99999525070190431 -10.463311303694583
0.9999952554702759 -10.473892089290004
0.99999526023864749 -10.48449416417191
0.99999526500701907 -10.495117592658431
0.99999526977539066 -10.505762439326929
0.99999527454376225 -10.51642876901551
0.99999527931213383 -10.52711664682427
0.99999528408050542 -10.537826138116499
0.99999528884887701 -10.548557308520239
0.99999529361724859 -10.559310223929453
0.99999529838562018 -10.570084950505416
0.99999530315399177 -10.58088155467801
0.99999530792236335 -10.591700103147303
0.99999531269073494 -10.602540662884673
0.99999531745910653 -10.613403301134284
0.99999532222747811 -10.624288085414575
0.9999953269958497 -10.635195083519516
0.99999533176422128 -10.646124363520009
0.99999533653259287 -10.657075993765462
0.99999534130096435 -10.668050042629377
0.99999534606933593 -10.679046579533134
0.99999535083770752 -10.690065673414709
0.99999535560607899 -10.701107393494096
0.99999536037445058 -10.712171810048513
0.99999536514282217 -10.723258992871095
0.99999536991119375 -10.734369012300473
0.99999537467956534 -10.74550193896539
0.99999537944793693 -10.756657843785998
0.99999538421630851 -10.767836797975631
0.9999953889846801 -10.779038873042193
0.99999539375305169 -10.790264140789581
0.99999539852142327 -10.801512673319463
0.99999540328979486 -10.812784543032524
0.99999540805816645 -10.824079822630361
0.99999541282653803 -10.835398585116749
0.99999541759490962 -10.846740903799299
0.99999542236328121 -10.858106852291213
0.99999542713165279 -10.869496504512551
0.99999543190002438 -10.880909934692141
0.99999543666839597 -10.892347217369107
0.99999544143676755 -10.903808427394273
0.99999544620513914 -10.915293639932178
0.99999545097351072 -10.926802930462358
0.99999545574188231 -10.938336374781208
0.9999954605102539 -10.949894049003694
0.99999546527862548 -10.961476029564801
0.99999547004699707 -10.973082393221361
0.99999547481536866 -10.984713217053789
0.99999547958374024 -10.996368578467695
0.99999548435211183 -11.008048555195657
0.99999548912048342 -11.019753225298899
0.999995493888855 -11.031482667169119
0.99999549865722659 -11.043236959530136
0.99999550342559818 -11.055016181439695
0.99999550819396976 -11.066820412291319
0.99999551296234135 -11.078649731815942
0.99999551773071294 -11.090504220083751
0.99999552249908452 -11.102383957506127
0.99999552726745611 -11.114289024837262
0.99999553203582769 -11.126219503176152
0.99999553680419928 -11.13817547396825
0.99999554157257087 -11.150157019007622
0.99999554634094245 -11.162164220438502
0.99999555110931404 -11.174197160757272
0.99999555587768563 -11.186255922814491
0.99999556064605721 -11.198340589816608
0.9999955654144288 -11.210451245327924
0.99999557018280028 -11.222587972989734
0.99999557495117186 -11.234750857653054
0.99999557971954345 -11.246939983685262
0.99999558448791492 -11.259155435816787
0.99999558925628651 -11.271397299999316
0.9999955940246581 -11.283665661701276
0.99999559879302968 -11.295960607046785
0.99999560356140127 -11.308282222533593
0.99999560832977286 -11.320630595035089
0.99999561309814444 -11.333005811802442
0.99999561786651603 -11.345407960466584
0.99999562263488762 -11.357837129040131
0.9999956274032592 -11.370293405919876
0.99999563217163079 -11.382776879888393
0.99999563694000237 -11.395287640116498
0.99999564170837396 -11.407825776165222
0.99999564647674555 -11.420391377987938
0.99999565124511713 -11.43298453593262
0.99999565601348872 -11.445605340743892
0.99999566078186031 -11.4582538835653
0.99999566555023189 -11.47093025594134
0.99999567031860348 -11.483634549819975
0.99999567508697507 -11.49636685755458
0.99999567985534665 -11.509127271906193
0.99999568462371824 -11.521915886045983
0.99999568939208983 -11.534732793557312
0.99999569416046141 -11.547578088438081
0.999995698928833 -11.56045186510303
0.99999570369720459 -11.57335421838607
0.99999570846557617 -11.586285243542614
0.99999571323394776 -11.599245036251869
0.99999571800231934 -11.612233692619245
0.99999572277069093 -11.625251309178726
0.99999572753906252 -11.638297982895235
0.9999957323074341 -11.651373811167078
0.99999573707580569 -11.664478891828324
0.99999574184417728 -11.67761332315127
0.99999574661254886 -11.690777203848922
0.99999575138092045 -11.703970633077372
0.99999575614929204 -11.71719371043849
0.99999576091766362 -11.730446535982159
0.99999576568603521 -11.74372921020897
0.9999957704544068 -11.757041834072876
0.99999577522277838 -11.770384508983344
0.99999577999114997 -11.783757336808414
0.99999578475952156 -11.797160419876921
0.99999578952789314 -11.810593860981399
0.99999579429626473 -11.824057763380429
0.9999957990646362 -11.837552230486878
0.99999580383300779 -11.85107736712807
0.99999580860137938 -11.864633277663371
0.99999581336975085 -11.87822006692592
0.99999581813812244 -11.891837841178052
0.99999582290649403 -11.905486706215708
0.99999582767486561 -11.91916676863582
0.9999958324432372 -11.932878135523199
0.99999583721160878 -11.946620914453401
0.99999584197998037 -11.960395213495341
0.99999584674835196 -11.974201141214253
0.99999585151672354 -11.988038806674581
0.99999585628509513 -12.001908319442739
0.99999586105346672 -12.015809789590081
0.9999958658218383 -12.029743327695758
0.99999587059020989 -12.043709044849658
0.99999587535858148 -12.057707052655452
0.99999588012695306 -12.071737463233477
0.99999588489532465 -12.085800389223712
0.99999588966369624 -12.099895943788809
0.99999589443206782 -12.114024240617242
0.99999589920043941 -12.128185393926213
0.999995903968811 -12.142379518464715
0.99999590873718258 -12.156606729516843
0.99999591350555417 -12.170867142904658
0.99999591827392575 -12.185160874991457
0.99999592304229734 -12.19948804268496
0.99999592781066893 -12.213848763440527
0.99999593257904051 -12.228243155264181
0.9999959373474121 -12.242671336716068
0.99999594211578369 -12.257133426913528
0.99999594688415527 -12.271629545534473
0.99999595165252686 -12.286159812820717
0.99999595642089845 -12.300724349581186
0.99999596118927003 -12.315323277195375
0.99999596595764162 -12.329956717616684
0.99999597072601321 -12.344624793375747
0.99999597549438479 -12.359327627584015
0.99999598026275638 -12.374065343936961
0.99999598503112797 -12.388838066717859
0.99999598979949955 -12.403645920800907
0.99999599456787114 -12.418489031655069
0.99999599933624272 -12.433367525347506
0.99999600410461431 -12.448281528547067
0.9999960088729859 -12.463231168528008
0.99999601364135748 -12.478216573173409
0.99999601840972907 -12.493237870979167
0.99999602317810066 -12.508295191057343
0.99999602794647213 -12.523388662788152
0.99999603271484372 -12.538518417230238
0.99999603748321531 -12.553684585015858
0.99999604225158678 -12.568887297405119
0.99999604701995837 -12.584126687355464
0.99999605178832995 -12.599402887401803
0.99999605655670154 -12.61471603107532
0.99999606132507313 -12.630066252553807
0.99999606609344471 -12.64545368666573
0.9999960708618163 -12.660878468893863
0.99999607563018789 -12.676340735379702
0.99999608039855947 -12.691840622927016
0.99999608516693106 -12.707378269006201
0.99999608993530265 -12.722953811758227
0.99999609470367423 -12.738567389998762
0.99999609947204582 -12.754219143222279
0.9999961042404174 -12.769909211606192
0.99999610900878899 -12.78563773601504
0.99999611377716058 -12.801404858004727
0.99999611854553216 -12.817210719826834
0.99999612331390375 -12.833055464432729
0.99999612808227534 -12.848939235477983
0.99999613285064692 -12.86486217732682
0.99999613761901851 -12.88082443505624
0.9999961423873901 -12.896826154460667
0.99999614715576168 -12.912867482056123
0.99999615192413327 -12.928948565085028
0.99999615669250486 -12.945069551520401
0.99999616146087644 -12.961230590070645
0.99999616622924803 -12.977431830183958
0.99999617099761962 -12.993673422052938
0.9999961757659912 -13.009955516619305
0.99999618053436279 -13.026278265578638
0.99999618530273438 -13.042641821384789
0.99999619007110596 -13.059046337255038
0.99999619483947755 -13.075491967174585
0.99999619960784913 -13.091978865901433
0.99999620437622072 -13.108507188971265
0.99999620914459231 -13.125077092702378
0.99999621391296389 -13.141688734200592
0.99999621868133548 -13.158342271364097
0.99999622344970707 -13.175037862888596
0.99999622821807865 -13.191775668272323
0.99999623298645024 -13.208555847821049
0.99999623775482183 -13.225378562653274
0.99999624252319341 -13.24224397470538
0.999996247291565 -13.259152246736694
0.99999625205993659 -13.276103542335049
0.99999625682830806 -13.293098025525463
0.99999626159667965 -13.310135862359498
0.99999626636505123 -13.327217218546343
0.99999627113342271 -13.344342260640794
0.9999962759017943 -13.361511157249456
0.99999628067016588 -13.37872407664371
0.99999628543853747 -13.395981188359393
0.99999629020690906 -13.413282662803891
0.99999629497528064 -13.43062867126187
0.99999629974365223 -13.448019385900887
0.99999630451202381 -13.465454979777167
0.9999963092803954 -13.482935626841236
0.99999631404876699 -13.500461501943736
0.99999631881713857 -13.518032780841315
0.99999632358551016 -13.535649640202355
0.99999632835388175 -13.55331225761322
0.99999633312225333 -13.571020811583777
0.99999633789062492 -13.588775481553695
0.99999634265899651 -13.606576447898487
0.99999634742736809 -13.624423891935555
0.99999635219573968 -13.642317995930352
0.99999635696411127 -13.660258943102605
0.99999636173248285 -13.678246917632604
0.99999636650085444 -13.696282104667315
0.99999637126922603 -13.71436469032715
0.99999637603759761 -13.732494861711814
0.9999963808059692 -13.750672806907245
0.99999638557434078 -13.768898714991805
0.99999639034271237 -13.787172776043034
0.99999639511108396 -13.805495181144138
0.99999639987945554 -13.823866122390612
0.99999640464782713 -13.842285792897231
0.99999640941619872 -13.860754386804301
0.9999964141845703 -13.879272099285037
0.99999641895294189 -13.897839126552155
0.99999642372131348 -13.916455665864785
0.99999642848968506 -13.935121915535467
0.99999643325805665 -13.953838074937405
0.99999643802642824 -13.9726043445112
0.99999644279479982 -13.991420925772303
0.99999644756317141 -14.010288021318118
0.999996452331543 -14.029205834835249
0.99999645709991458 -14.048174571106973
0.99999646186828617 -14.067194436020342
0.99999646663665775 -14.086265636573991
0.99999647140502934 -14.105388380885325
0.99999647617340093 -14.124562878198306
0.99999648094177251 -14.143789338890986
0.99999648571014399 -14.163067974033746
0.99999649047851558 -14.182398997193735
0.99999649524688716 -14.201782621749551
0.99999650001525864 -14.221219062240085
0.99999650478363022 -14.240708535735678
0.99999650955200181 -14.260251259130971
0.9999965143203734 -14.279847450961864
0.99999651908874498 -14.299497330961522
0.99999652385711657 -14.319201120069033
0.99999652862548816 -14.338959040437244
0.99999653339385974 -14.358771315441379
0.99999653816223133 -14.378638169687427
0.99999654293060292 -14.398559829020471
0.9999965476989745 -14.41853652053341
0.99999655246734609 -14.438568472575559
0.99999655723571768 -14.458655914761291
0.99999656200408926 -14.478799077978913
0.99999656677246085 -14.498998194399304
0.99999657154083244 -14.51925349748514
0.99999657630920402 -14.539565221999629
0.99999658107757561 -14.559933604015647
0.99999658584594719 -14.58035888092502
0.99999659061431878 -14.600841291447502
0.99999659538269037 -14.621381075640391
0.99999660015106195 -14.641978474907608
0.99999660491943354 -14.662633732009215
0.99999660968780513 -14.683347091071173
0.99999661445617671 -14.704118797594711
0.9999966192245483 -14.724949098466126
0.99999662399291989 -14.745838241966524
0.99999662876129147 -14.766786477781761
0.99999663352966306 -14.78779405701235
0.99999663829803465 -14.808861232183419
0.99999664306640623 -14.829988257255005
0.99999664783477782 -14.851175387632033
0.99999665260314941 -14.872422880174792
0.99999665737152099 -14.893730993209214
0.99999666213989258 -14.915099986537511
0.99999666690826416 -14.936530121448403
0.99999667167663575 -14.958021660728054
0.99999667644500734 -14.97957486867076
0.99999668121337892 -15.001190011089777
0.99999668598175051 -15.022867355328122
0.9999966907501221 -15.044607170269703
0.99999669551849368 -15.066409726350514
0.99999670028686527 -15.08827529556973
0.99999670505523686 -15.110204151500975
0.99999670982360844 -15.132196569303908
0.99999671459197992 -15.154252825221334
0.9999967193603515 -15.176373198646376
0.99999672412872309 -15.198557969053157
0.99999672889709457 -15.220807417542296
0.99999673366546615 -15.243121828413816
0.99999673843383774 -15.265501486070955
0.99999674320220933 -15.287946677102765
0.99999674797058091 -15.310457689779254
0.9999967527389525 -15.333034814063602
0.99999675750732409 -15.355678341624611
0.99999676227569567 -15.378388565849439
0.99999676704406726 -15.401165781856056
0.99999677181243884 -15.4240102865061
0.99999677658081043 -15.446922378417833
0.99999678134918202 -15.469902357979063
0.9999967861175536 -15.492950527360378
0.99999679088592519 -15.516067190528235
0.99999679565429678 -15.539252653258458
0.99999680042266836 -15.562507223149806
0.99999680519103995 -15.585831209637183
0.99999680995941154 -15.609224924005817
0.99999681472778312 -15.632688679404934
0.99999681949615471 -15.656222790861595
0.9999968242645263 -15.679827575295018
0.99999682903289788 -15.703503351530648
0.99999683380126947 -15.727250440314528
0.99999683856964106 -15.75106916432795
0.99999684333801264 -15.774959848201824
0.99999684810638423 -15.79892281853159
0.99999685287475581 -15.822958403892061
0.9999968576431274 -15.847066934852387
0.99999686241149899 -15.871248743991366
0.99999686717987057 -15.895504165912428
0.99999687194824216 -15.919833537259541
0.99999687671661375 -15.944237196732265
0.99999688148498533 -15.968715485101811
0.99999688625335692 -15.993268745226898
0.99999689102172851 -16.017897322069548
0.99999689579010009 -16.042601562711369
0.99999690055847168 -16.06738181636997
0.99999690532684327 -16.092238434415165
0.99999691009521485 -16.117171770385838
0.99999691486358644 -16.142182180006476
0.99999691963195803 -16.167270021204278
0.99999692440032961 -16.192435654126136
0.9999969291687012 -16.217679441155788
0.99999693393707278 -16.243001746931416
0.99999693870544437 -16.268402938363064
0.99999694347381585 -16.293883384056162
0.99999694824218743 -16.319443456704384
0.99999695301055902 -16.345083529548031
0.9999969577789305 -16.370803978163824
0.99999696254730208 -16.396605182288095
0.99999696731567367 -16.422487522242331
0.99999697208404525 -16.448451381345375
0.99999697685241684 -16.474497145334546
0.99999698162078843 -16.500625202384654
0.99999698638916001 -16.526835943127363
0.9999969911575316 -16.553129760670501
0.99999699592590319 -16.579507050617924
0.99999700069427477 -16.605968211089174
0.99999700546264636 -16.632513642739646
0.99999701023101795 -16.659143748780718
0.99999701499938953 -16.685858935000201
0.99999701976776112 -16.7126596097829
0.99999702453613271 -16.739546184131612
0.99999702930450429 -16.766519071687863
0.99999703407287588 -16.793578688753335
0.99999703884124747 -16.820725454311098
0.99999704360961905 -16.847959790047458
0.99999704837799064 -16.875282120373544
0.99999705314636222 -16.90269287244768
0.99999705791473381 -16.930192476197224
0.9999970626831054 -16.95778136434145
0.99999706745147698 -16.985459972413949
0.99999707221984857 -17.013228738785696
0.99999707698822016 -17.041088104688235
0.99999708175659174 -17.069038514236844
0.99999708652496333 -17.097080414454354
0.99999709129333492 -17.125214255294825
0.9999970960617065 -17.153440489667872
0.99999710083007809 -17.181759573462511
0.99999710559844968 -17.210171965572158
0.99999711036682126 -17.238678127919133
0.99999711513519285 -17.267278525479853
0.99999711990356444 -17.295973626309976
0.99999712467193602 -17.324763901570009
0.99999712944030761 -17.353649825551248
0.99999713420867919 -17.38263187570147
0.99999713897705078 -17.411710532651565
0.99999714374542237 -17.440886280241873
0.99999714851379395 -17.470159605549249
0.99999715328216554 -17.499530998913929
0.99999715805053713 -17.529000953967071
0.99999716281890871 -17.558569967658421
0.9999971675872803 -17.588238540284085
0.99999717235565178 -17.618007174820665
0.99999717712402336 -17.647876379728352
0.99999718189239495 -17.677846664821189
0.99999718666076642 -17.707918543364844
0.99999719142913801 -17.738092534217134
0.9999971961975096 -17.768369157656725
0.99999720096588118 -17.798748938211261
0.99999720573425277 -17.829232403988886
0.99999721050262436 -17.859820086708673
0.99999721527099594 -17.890512521731587
0.99999722003936753 -17.921310248091846
0.99999722480773912 -17.952213808528239
0.9999972295761107 -17.983223749516252
0.99999723434448229 -18.014340621300118
0.99999723911285388 -18.045564977925348
0.99999724388122546 -18.076897377271852
0.99999724864959705 -18.108338381086799
0.99999725341796863 -18.139888555018459
0.99999725818634022 -18.171548468650059
0.99999726295471181 -18.203318695534101
0.99999726772308339 -18.235199813226789
0.99999727249145498 -18.267192403323335
0.99999727725982657 -18.299297051493141
0.99999728202819815 -18.331514347515437
0.99999728679656974 -18.363844885315711
0.99999729156494133 -18.396289263001908
0.99999729633331291 -18.42884808290151
0.9999973011016845 -18.461521951598591
0.99999730587005609 -18.494311479971852
0.99999731063842767 -18.527217283232261
0.99999731540679926 -18.560239980961839
0.99999732017517085 -18.593380197152403
0.99999732494354243 -18.62663856024492
0.99999732971191402 -18.660015703169211
0.9999973344802856 -18.69351226338414
0.99999733924865719 -18.727128882918169
0.99999734401702878 -18.760866208410302
0.99999734878540036 -18.794724891151745
0.99999735355377195 -18.828705587127587
0.99999735832214354 -18.862808957059343
0.99999736309051512 -18.897035666447621
0.99999736785888671 -18.93138638561566
0.9999973726272583 -18.965861789752712
0.99999737739562988 -19.000462558958674
0.99999738216400147 -19.035189378288567
0.99999738693237306 -19.07004293779779
0.99999739170074464 -19.105023932587905
0.99999739646911623 -19.140133062852712
0.9999974012374877 -19.175371033103215
0.99999740600585929 -19.21073855549939
0.99999741077423088 -19.246236344975511
0.99999741554260235 -19.281865121736033
0.99999742031097394 -19.317625613806598
0.99999742507934553 -19.353518552106355
0.99999742984771711 -19.389544673812846
0.9999974346160887 -19.425704721584413
0.99999743938446028 -19.461999443611408
0.99999744415283187 -19.498429593667638
0.99999744892120346 -19.534995931162616
0.99999745368957504 -19.571699221194322
0.99999745845794663 -19.608540234602572
0.99999746322631822 -19.645519748022849
0.9999974679946898 -19.682638543941188
0.99999747276306139 -19.719897410749105
0.99999747753143298 -19.757297142799374
0.99999748229980456 -19.794838540462798
0.99999748706817615 -19.832522410184946
0.99999749183654774 -19.870349564544068
0.99999749660491932 -19.908320822309562
0.99999750137329091 -19.94643700850094
0.9999975061416625 -19.984698954447577
0.99999751091003408 -20.023107497849185
0.99999751567840567 -20.061663482837059
0.99999752044677725 -20.100367760035716
0.99999752521514884 -20.139221186625505
0.99999752998352043 -20.178224626406074
0.99999753475189201 -20.217378949860112
0.9999975395202636 -20.25668503421824
0.99999754428863519 -20.29614376352469
0.99999754905700677 -20.335756028703162
0.99999755382537836 -20.375522727624251
0.99999755859374995 -20.415444765173241
0.99999756336212153 -20.455523053318572
0.99999756813049312 -20.495758511181347
0.99999757289886471 -20.536152065105746
0.99999757766723629 -20.576704648729915
0.99999758243560788 -20.617417203057958
0.99999758720397947 -20.658290676532797
0.99999759197235105 -20.699326025109826
0.99999759674072264 -20.740524212331231
0.99999760150909422 -20.781886209401712
0.99999760627746581 -20.823412995264544
0.9999976110458374 -20.865105556679001
0.99999761343002325 -20.886014314224038
0.99999761581420898 -20.906964888298383
0.99999761819839472 -20.927957405452794
0.99999762058258057 -20.948991992749178
0.99999762296676642 -20.970068775798136
0.99999762535095216 -20.991187880711028
0.9999976277351379 -21.012349436074803
0.99999763011932374 -21.033553570997977
0.99999763250350959 -21.054800413132231
0.99999763488769533 -21.076090090640179
0.99999763727188107 -21.097422734186274
0.99999763965606692 -21.118798474967058
0.99999764204025277 -21.140217442716907
0.9999976444244385 -21.161679767691307
0.99999764680862424 -21.183185582674607
0.99999764919281009 -21.204735020993791
0.99999765157699594 -21.226328214508406
0.99999765396118168 -21.247965295609823
0.99999765634536741 -21.26964639924531
0.99999765872955326 -21.291371660915981
0.99999766111373911 -21.31314121465001
0.99999766349792485 -21.334955195018551
0.99999766588211059 -21.356813739176239
0.99999766826629644 -21.378716984842725
0.99999767065048228 -21.400665068259652
0.99999767303466802 -21.42265812622276
0.99999767541885376 -21.444696298139455
0.99999767780303961 -21.466779723993788
0.99999768018722546 -21.488908542286495
0.99999768257141119 -21.511082892084119
0.99999768495559693 -21.53330291509323
0.99999768733978278 -21.555568753609116
0.99999768972396863 -21.577880548438586
0.99999769210815437 -21.600238440966116
0.99999769449234011 -21.622642575245234
0.99999769687652595 -21.645093095930481
0.9999976992607118 -21.667590146182764
0.99999770164489754 -21.690133869752827
0.99999770402908328 -21.712724413090232
0.99999770641326902 -21.735361922202515
0.99999770879745475 -21.758046543704999
0.9999977111816406 -21.780778425883518
0.99999771356582645 -21.803557715523223
0.99999771595001219 -21.826384560017594
0.99999771833419793 -21.849259109504359
0.99999772071838366 -21.872181513685398
0.9999977231025694 -21.895151922889635
0.99999772548675525 -21.918170489149166
0.9999977278709411 -21.941237362988396
0.99999773025512684 -21.964352695559494
0.99999773263931258 -21.987516640805588
0.99999773502349842 -22.010729353322368
0.99999773740768427 -22.033990986193132
0.99999773979187001 -22.05730169314257
0.99999774217605575 -22.080661630717731
0.9999977445602416 -22.104070956132425
0.99999774694442745 -22.127529825083371
0.99999774932861318 -22.151038393922359
0.99999775171279892 -22.174596821856174
0.99999775409698477 -22.198205268772156
0.99999775648117062 -22.221863893036513
0.99999775886535636 -22.245572853684465
0.99999776124954209 -22.269332312639087
0.99999776363372794 -22.29314243251882
0.99999776601791379 -22.317003374416338
0.99999776840209953 -22.340915300108083
0.99999777078628527 -22.364878374291905
0.99999777317047112 -22.388892762375765
0.99999777555465696 -22.412958628237917
0.9999977779388427 -22.437076136455012
0.99999778032302844 -22.461245454559482
0.99999778270721429 -22.485466750809071
0.99999778509140014 -22.509740191927825
0.99999778747558588 -22.534065945353575
0.99999778985977161 -22.558444181514432
0.99999779224395746 -22.582875071579949
0.99999779462814331 -22.607358785181777
0.99999779701232905 -22.631895492681
0.99999779939651479 -22.656485367464875
0.99999780178070063 -22.681128583677602
0.99999780416488648 -22.705825313922247
0.99999780654907222 -22.730575731547354
0.99999780893325796 -22.755380012963439
0.99999781131744381 -22.780238335354746
0.99999781370162966 -22.805150874360848
0.99999781608581539 -22.830117806383228
0.99999781847000113 -22.855139310922219
0.99999782085418698 -22.880215568268799
0.99999782323837283 -22.905346757166001
0.99999782562255857 -22.930533057135587
0.9999978280067443 -22.955774650835764
0.99999783039093015 -22.981071721732835
0.999997832775116 -23.006424451741946
0.99999783515930174 -23.031833023574308
0.99999783754348748 -23.057297623115886
0.99999783992767333 -23.082818437078664
0.99999784231185918 -23.108395650620405
0.99999784469604491 -23.134029449712852
0.99999784708023065 -23.159720023541531
0.9999978494644165 -23.185467562136211
0.99999785184860235 -23.211272253969746
0.99999785423278809 -23.237134288347328
0.99999785661697382 -23.263053857827661
0.99999785900115967 -23.289031155832561
0.99999786138534552 -23.315066374224337
0.99999786376953126 -23.341159705716489
0.999997866153717 -23.367311346316569
0.99999786853790285 -23.393521492914562
0.99999787092208869 -23.41979034083872
0.99999787330627443 -23.446118086287626
0.99999787569046017 -23.472504928795516
0.99999787807464602 -23.498951068798668
0.99999788045883187 -23.52545670516978
0.9999978828430176 -23.552022037671627
0.99999788522720334 -23.578647269444684
0.99999788761138919 -23.605332604552228
0.99999788999557504 -23.632078245491741
0.99999789237976078 -23.658884395671329
0.99999789476394652 -23.685751261919936
0.99999789714813236 -23.712679052010127
0.99999789953231821 -23.739667972147181
0.99999790191650395 -23.766718229467934
0.99999790430068969 -23.793830034573801
0.99999790668487554 -23.821003599031751
0.99999790906906139 -23.848239132839705
0.99999791145324712 -23.875536846948975
0.99999791383743286 -23.902896955820214
0.99999791622161871 -23.930319674901668
0.99999791860580456 -23.95780521807157
0.9999979209899903 -23.985353800183599
0.99999792337417603 -24.01296563964673
0.99999792575836188 -24.040640955879894
0.99999792814254773 -24.068379966731683
0.99999793052673347 -24.09618289104866
0.99999793291091921 -24.124049951279307
0.99999793529510494 -24.15198136960344
0.99999793767929068 -24.179977369228386
0.99999794006347653 -24.208038175702946
0.99999794244766238 -24.236164013004927
0.99999794483184812 -24.264355106145484
0.99999794721603386 -24.292611683809572
0.99999794960021959 -24.32093397443165
0.99999795198440533 -24.34932220750979
0.99999795436859118 -24.377776614938572
0.99999795675277703 -24.406297427041757
0.99999795913696277 -24.434884875213349
0.9999979615211485 -24.46353919459527
0.99999796390533435 -24.492260621437104
0.9999979662895202 -24.52104939041828
0.99999796867370594 -24.54990573731369
0.99999797105789168 -24.578829901697098
0.99999797344207753 -24.607822124275938
0.99999797582626337 -24.636882644188493
0.99999797821044911 -24.666011701694732
0.99999798059463485 -24.695209540905182
0.9999979829788207 -24.724476407091071
0.99999798536300655 -24.753812543955721
0.99999798774719229 -24.783218196351026
0.99999799013137802 -24.812693613032486
0.99999799251556387 -24.842239043943938
0.99999799489974972 -24.871854737463
0.99999799728393546 -24.90154094314364
0.9999979996681212 -24.931297914497382
0.99999800205230704 -24.961125906252754
0.99999800443649289 -24.991025171574076
0.99999800682067863 -25.020995964830483
0.99999800920486437 -25.051038544404204
0.99999801158905022 -25.081153169923354
0.99999801397323607 -25.111340099454868
0.9999980163574218 -25.141599592299535
0.99999801874160754 -25.171931911827873
0.99999802112579339 -25.202337322686368
0.99999802350997924 -25.232816087963407
0.99999802589416498 -25.26336847201144
0.99999802827835071 -25.293994743310403
0.99999803066253656 -25.324695171647203
0.99999803304672241 -25.355470025254252
0.99999803543090815 -25.386319573659001
0.99999803781509389 -25.417244090575586
0.99999804019927974 -25.448243851056947
0.99999804258346559 -25.479319128605582
0.99999804496765132 -25.510470198051134
0.99999804735183706 -25.541697338470069
0.99999804973602291 -25.573000830310917
0.99999805212020876 -25.604380952476124
0.9999980545043945 -25.635837985228047
0.99999805688858023 -25.667372213138194
0.99999805927276608 -25.698983922183313
0.99999806165695193 -25.730673396799656
0.99999806404113767 -25.762440922817319
0.99999806642532341 -25.794286790438449
0.99999806880950926 -25.826211291305544
0.9999980711936951 -25.858214715526195
0.99999807357788084 -25.890297354636918
0.99999807596206658 -25.922459504610771
0.99999807834625243 -25.954701462897145
0.99999808073043828 -25.987023525416955
0.99999808311462401 -26.019425989555863
0.99999808549880975 -26.051909157202388
0.9999980878829956 -26.084473331758232
0.99999809026718145 -26.117118815103655
0.99999809265136719 -26.14984591062078
0.99999809503555293 -26.182654926262238
0.99999809741973877 -26.215546171531987
0.99999809980392462 -26.248519954420157
0.99999810218811036 -26.281576584456985
0.9999981045722961 -26.314716375812505
0.99999810695648195 -26.347939644247248
0.9999981093406678 -26.38124670401654
0.99999811172485353 -26.414637870954884
0.99999811410903927 -26.448113465607726
0.99999811649322512 -26.481673810151374
0.99999811887741097 -26.515319225265984
0.99999812126159671 -26.549050033251568
0.99999812364578244 -26.582866561191715
0.99999812602996829 -26.61676913784256
0.99999812841415414 -26.650758090473943
0.99999813079833988 -26.684833748017422
0.99999813318252562 -26.718996444262469
0.99999813556671147 -26.753246514714103
0.99999813795089731 -26.787584293401736
0.99999814033508305 -26.822010116059676
0.99999814271926879 -26.856524323356297
0.99999814510345464 -26.891127257719845
0.99999814748764049 -26.925819260114512
0.99999814987182623 -26.960600673253779
0.99999815225601196 -26.995471844863335
0.99999815464019781 -27.030433124474385
0.99999815702438366 -27.065484860166521
0.9999981594085694 -27.100627401814513
0.99999816179275514 -27.135861104385267
0.99999816417694087 -27.171186323051327
0.99999816656112661 -27.206603414832507
0.99999816894531246 -27.242112740263817
0.99999817132949831 -27.277714658449188
0.99999817371368405 -27.313409530359117
0.99999817609786978 -27.349197722180083
0.99999817848205552 -27.385079600351649
0.99999818086624126 -27.421055533234245
0.99999818325042711 -27.457125892803816
0.99999818563461296 -27.493291049627846
0.99999818801879869 -27.529551376215373
0.99999819040298443 -27.565907250419922
0.99999819278717028 -27.602359052097924
0.99999819517135613 -27.638907159713735
0.99999819755554187 -27.675551953725048
0.99999819993972761 -27.712293820022659
0.99999820232391345 -27.749133146553596
0.9999982047080993 -27.786070319890097
0.99999820709228504 -27.823105728651633
0.99999820947647078 -27.860239766981223
0.99999821186065663 -27.897472831133367
0.99999821424484248 -27.934805316006258
0.99999821662902821 -27.97223761860074
0.99999821901321395 -28.009770141534336
0.9999982213973998 -28.04740328959263
0.99999822378158565 -28.085137466224989
0.99999822616577139 -28.122973077040552
0.99999822854995712 -28.160910533360475
0.99999823093414297 -28.198950248732704
0.99999823331832882 -28.237092635390166
0.99999823570251456 -28.275338107784471
0.9999982380867003 -28.313687086177218
0.99999824047088615 -28.352139993117525
0.99999824285507199 -28.390697249861784
0.99999824523925773 -28.429359279946116
0.99999824762344347 -28.468126512817111
0.99999825000762932 -28.506999380271555
0.99999825239181517 -28.545978312837278
0.99999825477600091 -28.585063743384843
0.99999825716018664 -28.624256110798459
0.99999825954437249 -28.663555856377272
0.99999826192855834 -28.702963420176779
0.99999826431274408 -28.742479244660149
0.99999826669692982 -28.782103778410296
0.99999826908111566 -28.821837472491882
0.99999827146530151 -28.861680776752607
0.99999827384948725 -28.901634143515256
0.99999827623367299 -28.941698031331153
0.99999827861785884 -28.981872901302442
0.99999828100204469 -29.022159213342619
0.99999828338623042 -29.062557429909852
0.99999828577041616 -29.103068019802667
0.99999828815460201 -29.143691454441804
0.99999829053878786 -29.184428204089311
0.9999982929229736 -29.225278741623935
0.99999829530715934 -29.266243546379542
0.99999829769134518 -29.307323100386096
0.99999830007553103 -29.348517884546609
0.99999830245971677 -29.389828382455079
0.99999830484390251 -29.431255084278803
0.99999830722808836 -29.472798482957423
0.99999830961227421 -29.514459070337224
0.99999831199645994 -29.556237341032386
0.99999831438064568 -29.598133796351714
0.99999831676483153 -29.640148940455386
0.99999831914901738 -29.682283276445627
0.99999832153320312 -29.724537310272023
0.99999832391738885 -29.766911554703711
0.9999983263015747 -29.809406525442906
0.99999832868576055 -29.852022737171115
0.99999833106994629 -29.894760707499643
0.99999833345413203 -29.937620960987687
0.99999833583831788 -29.980604025212042
0.99999833822250372 -30.023710426768258
0.99999834060668946 -30.066940695266815
0.9999983429908752 -30.110295367398233
0.99999834537506105 -30.153774982957984
0.9999983477592469 -30.197380080801981
0.99999835014343263 -30.241111202889289
0.99999835252761837 -30.284968898394837
0.99999835491180422 -30.328953719689004
0.99999835729599007 -30.373066218246546
0.99999835968017581 -30.417306948736673
0.99999836206436155 -30.461676473184276
0.99999836444854739 -30.506175356903402
0.99999836683273324 -30.550804164358812
0.99999836921691898 -30.595563463304181
0.99999837160110472 -30.640453828992801
0.99999837398529057 -30.685475840064235
0.99999837636947642 -30.730630074357592
0.99999837875366215 -30.775917113098593
0.99999838113784789 -30.821337545161047
0.99999838352203374 -30.866891962905207
0.99999838590621959 -30.912580957942556
0.99999838829040533 -30.958405125372622
0.99999839067459106 -31.004365068095357
0.9999983930587768 -31.050461390451925
0.99999839544296254 -31.096694700375188
0.99999839782714839 -31.143065611579367
0.99999840021133424 -31.189574737112068
0.99999840259551998 -31.236222693667969
0.99999840497970571 -31.283010105979884
0.99999840736389145 -31.32993760034622
0.99999840974807719 -31.377005806821039
0.99999841213226304 -31.424215361444389
0.99999841451644889 -31.471566899678741
0.99999841690063462 -31.519061060801352
0.99999841928482036 -31.566698492376279
0.99999842166900621 -31.61447984589373
0.99999842405319206 -31.662405772329677
0.9999984264373778 -31.710476926591863
0.99999842882156353 -31.758693972046999
0.99999843120574938 -31.807057576107947
0.99999843358993523 -31.855568405740073
0.99999843597412097 -31.904227131961722
0.99999843835830671 -31.953034434427703
0.99999844074249256 -32.001990996963592
0.9999984431266784 -32.051097503017431
0.99999844551086414 -32.100354640216167
0.99999844789504988 -32.149763105006194
0.99999845027923573 -32.199323598134001
0.99999845266342158 -32.249036820042143
0.99999845504760732 -32.298903475482618
0.99999845743179305 -32.348924278215875
0.9999984598159789 -32.399099946436273
0.99999846220016475 -32.449431198111917
0.99999846458435049 -32.499918755655827
0.99999846696853623 -32.550563350684321
0.99999846935272207 -32.60136571938682
0.99999847173690792 -32.652326597807935
0.99999847412109366 -32.703446726577816
0.9999984765052794 -32.754726855731136
0.99999847888946525 -32.806167740019909
0.9999984812736511 -32.857770134137382
0.99999848365783683 -32.909534797508023
0.99999848604202257 -32.961462499168732
0.99999848842620842 -33.013554013023629
0.99999849081039427 -33.065810113008006
0.99999849319458001 -33.118231577940357
0.99999849557876574 -33.170819196465878
0.99999849796295159 -33.22357376225257
0.99999850034713744 -33.276496069094783
0.99999850273132318 -33.329586915827086
0.99999850511550892 -33.382847111332737
0.99999850749969477 -33.436277469679261
0.99999850988388062 -33.489878805160281
0.99999851226806635 -33.543651937273204
0.99999851465225209 -33.59759769579324
0.99999851703643794 -33.651716915847651
0.99999851942062379 -33.706010432894871
0.99999852180480953 -33.760479087766953
0.99999852418899526 -33.815123731810367
0.99999852657318111 -33.869945221898476
0.99999852895736696 -33.924944415345784
0.9999985313415527 -33.980122175017136
0.99999853372573844 -34.035479374536656
0.99999853610992429 -34.091016893236677
0.99999853849411013 -34.14673561100664
0.99999854087829587 -34.202636413469925
0.99999854326248161 -34.258720197262512
0.99999854564666746 -34.314987864917036
0.99999854803085331 -34.371440319645167
0.99999855041503904 -34.428078470583422
0.99999855279922478 -34.484903238142969
0.99999855518341063 -34.541915548827632
0.99999855756759648 -34.599116329948579
0.99999855995178222 -34.656506514940311
0.99999856233596796 -34.714087048783085
0.9999985647201538 -34.771858882753889
0.99999856710433965 -34.829822969071699
0.99999856948852539 -34.887980266285517
0.99999857187271113 -34.946331744770767
0.99999857425689698 -35.004878381411842
0.99999857664108283 -35.063621154176722
0.99999857902526856 -35.122561047578579
0.9999985814094543 -35.181699058247503
0.99999858379364015 -35.241036189543614
0.999998586177826 -35.300573446059346
0.99999858856201174 -35.360311839156296
0.99999859094619747 -35.420252392614209
0.99999859333038332 -35.480396137172413
0.99999859571456917 -35.540744104959529
0.99999859809875491 -35.60129733510626
0.99999860048294065 -35.662056879473347
0.9999986028671265 -35.723023797120831
0.99999860525131234 -35.784199148662367
0.99999860763549808 -35.845584001956702
0.99999861001968382 -35.907179437915921
0.99999861240386967 -35.968986544900666
0.99999861478805552 -36.031006412998572
0.99999861717224126 -36.093240139795277
0.99999861955642699 -36.15568883626478
0.99999862194061273 -36.218353618166681
0.99999862432479847 -36.281235608995416
0.99999862670898432 -36.34433594299086
0.99999862909317017 -36.40765575639638
0.9999986314773559 -36.471196193353052
0.99999863386154164 -36.534958411916769
0.99999863624572738 -36.598943575277737
0.99999863862991312 -36.663152854774658
0.99999864101409897 -36.727587432971809
0.99999864339828481 -36.792248494735361
0.99999864578247055 -36.857137233254441
0.99999864816665629 -36.922254856189539
0.99999865055084214 -36.987602579757343
0.99999865293502799 -37.053181622688079
0.99999865531921373 -37.118993212333912
0.99999865770339946 -37.185038590907105
0.99999866008758531 -37.251319009483147
0.99999866247177116 -37.317835721874083
0.9999986648559569 -37.384589990825518
0.99999866724014264 -37.451583094347093
0.99999866962432848 -37.518816319631895
0.99999867200851433 -37.586290956844181
0.99999867439270007 -37.654008305407345
0.99999867677688581 -37.721969680427826
0.99999867916107166 -37.790176406530492
0.99999868154525751 -37.858629811557691
0.99999868392944324 -37.927331232950856
0.99999868631362898 -37.996282024270506
0.99999868869781483 -38.065483548944442
0.99999869108200068 -38.13493717387793
0.99999869346618642 -38.20464427592993
0.99999869585037215 -38.274606248531732
0.999998698234558 -38.344824495346735
0.99999870061874385 -38.415300423788885
0.99999870300292959 -38.486035451596727
0.99999870538711533 -38.557031013552297
0.99999870777130118 -38.628288555050794
0.99999871015548703 -38.699809525525652
0.99999871253967276 -38.771595385122296
0.9999987149238585 -38.843647611519934
0.99999871730804435 -38.915967693409186
0.9999987196922302 -38.988557123821813
0.99999872207641594 -39.061417406906457
0.99999872446060167 -39.134550064855858
0.99999872684478752 -39.2079566312906
0.99999872922897337 -39.28163864449116
0.99999873161315911 -39.355597654278441
0.99999873399734485 -39.42983522904882
0.9999987363815307 -39.504352949061733
0.99999873876571654 -39.57915239957255
0.99999874114990228 -39.65423517781992
0.99999874353408802 -39.729602900171443
0.99999874591827387 -39.805257195313231
0.99999874830245972 -39.881199697281097
0.99999875068664545 -39.957432052557714
0.99999875307083119 -40.033955927331206
0.99999875545501704 -40.110773000584963
0.99999875783920289 -40.187884957024956
0.99999876022338863 -40.265293494288741
0.99999876260757437 -40.343000330321033
0.99999876499176021 -40.421007196360243
0.99999876737594606 -40.499315829760441
0.9999987697601318 -40.577927981315334
0.99999877214431754 -40.656845422752532
0.99999877452850339 -40.736069939615817
0.99999877691268924 -40.815603323978813
0.99999877929687497 -40.89544738188674
0.99999878168106071 -40.975603940972789
0.99999878406524656 -41.056074843233674
0.99999878644943241 -41.136861937632503
0.99999878883361815 -41.217967087661528
0.99999879121780388 -41.299392179083384
0.99999879360198973 -41.381139112598056
0.99999879598617558 -41.463209796332045
0.99999879837036132 -41.545606153525583
0.99999880075454706 -41.628330130401963
0.99999880313873291 -41.711383688722854
0.99999880552291875 -41.794768798162451
0.99999880790710449 -41.878487444121191
0.99999880909919736 -41.920472470762697
0.99999881029129023 -41.962541635727142
0.9999988114833831 -42.004695192189018
0.99999881267547608 -42.046933398277226
0.99999881386756906 -42.089256505283068
0.99999881505966193 -42.131664765493248
0.9999988162517548 -42.174158440117722
0.99999881744384767 -42.216737787466244
0.99999881863594053 -42.259403066891096
0.9999988198280334 -42.3021545387926
0.99999882102012627 -42.344992464624056
0.99999882221221925 -42.387917110899167
0.99999882340431223 -42.43092873720822
0.9999988245964051 -42.474027604178474
0.99999882578849797 -42.517213981531334
0.99999882698059084 -42.560488136066816
0.99999882817268371 -42.603850335670458
0.99999882936477658 -42.647300849319073
0.99999883055686944 -42.690839947086189
0.99999883174896242 -42.734467904214959
0.9999988329410554 -42.778184988938548
0.99999883413314827 -42.821991470570559
0.99999883532524114 -42.865887627695081
0.99999883651733401 -42.909873735954008
0.99999883770942688 -42.953950072120094
0.99999883890151975 -42.998116914102603
0.99999884009361262 -43.042374540953432
0.9999988412857056 -43.08672323700732
0.99999884247779858 -43.131163279501287
0.99999884366989145 -43.175694946798487
0.99999884486198432 -43.220318526714308
0.99999884605407718 -43.265034304101988
0.99999884724617005 -43.309842564992941
0.99999884843826292 -43.354743596603001
0.99999884963035579 -43.399737687338543
0.99999885082244877 -43.444825131006148
0.99999885201454175 -43.490006214225737
0.99999885320663462 -43.535281224791675
0.99999885439872749 -43.580650460138109
0.99999885559082036 -43.626114214717411
0.99999885678291323 -43.671672784210152
0.99999885797500609 -43.717326465531514
0.99999885916709896 -43.763075556837727
0.99999886035919194 -43.808920361806614
0.99999886155128492 -43.854861176839677
0.99999886274337779 -43.900898299563373
0.99999886393547066 -43.947032037437445
0.99999886512756353 -43.99326269492142
0.9999988663196564 -44.039590577755234
0.99999886751174927 -44.086015992966445
0.99999886870384214 -44.132539248876526
0.99999886989593512 -44.179160659454496
0.9999988710880281 -44.225880531302451
0.99999887228012097 -44.272699172300484
0.99999887347221383 -44.319616900361744
0.9999988746643067 -44.366634030381633
0.99999887585639957 -44.413750878591173
0.99999887704849244 -44.460967762564174
0.99999887824058531 -44.508285001224465
0.99999887943267829 -44.555702919273806
0.99999888062477127 -44.603221833955374
0.99999888181686414 -44.650842063846532
0.99999888300895701 -44.698563937763865
0.99999888420104988 -44.746387781489545
0.99999888539314274 -44.794313922199386
0.99999888658523561 -44.842342688470417
0.99999888777732848 -44.89047441028837
0.99999888896942146 -44.938709423552289
0.99999889016151444 -44.987048056610291
0.99999889135360731 -45.035490639203303
0.99999889254570018 -45.084037511524969
0.99999889373779305 -45.132689010718813
0.99999889492988592 -45.181445475383114
0.99999889612197879 -45.230307245578778
0.99999889731407166 -45.279274662837224
0.99999889850616464 -45.328348074743658
0.99999889969825762 -45.377527821239163
0.99999890089035048 -45.426814243719598
0.99999890208244335 -45.476207694253958
0.99999890327453622 -45.525708521846781
0.99999890446662909 -45.575317077021602
0.99999890565872196 -45.625033711829303
0.99999890685081483 -45.674858779856571
0.99999890804290781 -45.724792640889454
0.99999890923500079 -45.774835646975966
0.99999891042709366 -45.824988151684337
0.99999891161918653 -45.875250519483615
0.99999891281127939 -45.925623111765645
0.99999891400337226 -45.976106291508984
0.99999891519546513 -46.0267004232876
0.999998916387558 -46.077405873279851
0.99999891757965098 -46.128223014015063
0.99999891877174396 -46.17915221018977
0.99999891996383683 -46.230193828089526
0.9999989211559297 -46.281348245136748
0.99999892234802257 -46.332615835664804
0.99999892354011544 -46.383996975665376
0.99999892473220831 -46.435492042797406
0.99999892592430117 -46.487101416396555
0.99999892711639404 -46.538825477484366
0.99999892830848691 -46.590664608777637
0.99999892950057978 -46.642619194698071
0.99999893069267265 -46.694689621381457
0.99999893188476563 -46.746876281553206
0.99999893307685861 -46.799179559962532
0.99999893426895148 -46.851599843058331
0.99999893546104435 -46.90413752879553
0.99999893665313722 -46.956793012025997
0.99999893784523008 -47.00956668937431
0.99999893903732295 -47.062458959247586
0.99999894022941582 -47.115470221845584
0.99999894142150869 -47.168600879170739
0.99999894261360156 -47.221851335038281
0.99999894380569443 -47.275221995086731
0.9999989449977873 -47.328713266787751
0.99999894618988028 -47.38232556445567
0.99999894738197326 -47.43605929428422
0.99999894857406613 -47.489914864286561
0.999998949766159 -47.543892694371188
0.99999895095825186 -47.597993201333807
0.99999895215034473 -47.652216803866814
0.9999989533424376 -47.706563922570105
0.99999895453453047 -47.761034979961927
0.99999895572662345 -47.815630405580272
0.99999895691871643 -47.87035062074586
0.9999989581108093 -47.925196048684427
0.99999895930290217 -47.980167124788302
0.99999896049499504 -48.035264281333255
0.99999896168708791 -48.090487952580268
0.99999896287918077 -48.145838574786964
0.99999896407127364 -48.201316586218979
0.99999896526336662 -48.256922432346308
0.9999989664554596 -48.312656550324888
0.99999896764755247 -48.368519379305816
0.99999896883964534 -48.424511370888325
0.99999897003173821 -48.480632973553639
0.99999897122383108 -48.536884637861704
0.99999897241592395 -48.593266816463249
0.99999897360801682 -48.649779964111893
0.9999989748001098 -48.70642454295799
0.99999897599220278 -48.763201006740722
0.99999897718429565 -48.820109811290102
0.99999897837638851 -48.877151425176017
0.99999897956848138 -48.934326313851827
0.99999898076057425 -48.991634944948281
0.99999898195266712 -49.049077788286525
0.99999898314475999 -49.106655315890919
0.99999898433685297 -49.164368007382954
0.99999898552894595 -49.22221633387619
0.99999898672103882 -49.280200768675961
0.99999898791313169 -49.33832179813043
0.99999898910522456 -49.396579905475463
0.99999899029731742 -49.454975576228982
0.99999899148941029 -49.513509298204433
0.99999899268150316 -49.57218156152453
0.99999899387359614 -49.630992864118468
0.99999899506568912 -49.689943695310753
0.99999899625778199 -49.749034546724431
0.99999899744987486 -49.808265923340308
0.99999899864196773 -49.867638327034108
0.9999989998340606 -49.927152262074323
0.99999900102615347 -49.986808235136309
0.99999900221824634 -50.046606755317001
0.99999900341033932 -50.106548339738296
0.9999990046024323 -50.166633496820907
0.99999900579452516 -50.226862737397283
0.99999900698661803 -50.287236585984907
0.9999990081787109 -50.347755564006839
0.99999900937080377 -50.408420195396083
0.99999901056289664 -50.469231006610521
0.99999901175498951 -50.530188526648395
0.99999901294708249 -50.591293292761009
0.99999901413917547 -50.652545833403025
0.99999901533126834 -50.713946679560415
0.99999901652336121 -50.775496376244433
0.99999901771545407 -50.8371954653866
0.99999901890754694 -50.899044491552338
0.99999902009963981 -50.961044001957035
0.99999902129173268 -51.023194546482245
0.99999902248382566 -51.085496683501177
0.99999902367591864 -51.147950962495386
0.99999902486801151 -51.210557935604989
0.99999902606010438 -51.273318169348947
0.99999902725219725 -51.336232227185562
0.99999902844429012 -51.399300675338402
0.99999902963638299 -51.462524082813573
0.99999903082847585 -51.52590302141666
0.99999903202056883 -51.589438071694453
0.99999903321266181 -51.653129805208366
0.99999903440475468 -51.716978796312915
0.99999903559684755 -51.780985634109975
0.99999903678894042 -51.845150904663988
0.99999903798103329 -51.909475196944285
0.99999903917312616 -51.973959102843125
0.99999904036521903 -52.038603217193938
0.99999904155731201 -52.103408143832326
0.99999904274940499 -52.168374477515918
0.99999904394149786 -52.233502815938763
0.99999904513359072 -52.298793771925673
0.99999904632568359 -52.364247955292484
0.99999904751777646 -52.429865978907998
0.99999904870986933 -52.495648458712971
0.9999990499019622 -52.561596013739447
0.99999905109405518 -52.627709272295213
0.99999905228614816 -52.693988853519393
0.99999905347824103 -52.760435379639055
0.9999990546703339 -52.827049488412158
0.99999905586242677 -52.893831814621443
0.99999905705451964 -52.960782996259717
0.9999990582466125 -53.027903674550053
0.99999905943870537 -53.095194493966495
0.99999906063079835 -53.162656108545164
0.99999906182289133 -53.230289163064903
0.9999990630149842 -53.298094305553775
0.99999906420707707 -53.366072199987684
0.99999906539916994 -53.434223507407211
0.99999906659126281 -53.502548892229889
0.99999906778335568 -53.571049022271851
0.99999906897544855 -53.63972456876953
0.99999907016754153 -53.708576212822081
0.99999907135963451 -53.777604626184953
0.99999907255172737 -53.846810484034386
0.99999907374382024 -53.916194477929508
0.99999907493591311 -53.985757296540591
0.99999907612800598 -54.055499632092264
0.99999907732009885 -54.125422180386721
0.99999907851219172 -54.195525640826503
0.9999990797042847 -54.265810722992384
0.99999908089637768 -54.336278127037858
0.99999908208847055 -54.406928556719613
0.99999908328056342 -54.477762732631646
0.99999908447265629 -54.548781372532716
0.99999908566474915 -54.61998519792467
0.99999908685684202 -54.691374934077054
0.99999908804893489 -54.762951310051626
0.99999908924102787 -54.834715065419587
0.99999909043312085 -54.906666930244654
0.99999909162521372 -54.978807638387963
0.99999909281730659 -55.051137941022617
0.99999909400939946 -55.123658586547982
0.99999909520149233 -55.196370327307463
0.9999990963935852 -55.269273919614648
0.99999909758567807 -55.342370123779475
0.99999909877777104 -55.415659710969365
0.99999909996986402 -55.489143442768075
0.99999910116195689 -55.562822084763354
0.99999910235404976 -55.636696420351761
0.99999910354614263 -55.710767230225713
0.9999991047382355 -55.785035299235979
0.99999910593032837 -55.859501416419015
0.99999910712242124 -55.934166375025157
0.99999910831451422 -56.009030979528362
0.9999991095066072 -56.08409602474714
0.99999911069870007 -56.15936230972428
0.99999911189079294 -56.234830651830954
0.9999991130828858 -56.310501865813578
0.99999911427497867 -56.386376770804958
0.99999911546707154 -56.462456190353571
0.99999911665916441 -56.538740952453551
0.99999911785125739 -56.61523189670816
0.99999911904335037 -56.69192985299825
0.99999912023544324 -56.768835655664141
0.99999912142753611 -56.845950157918686
0.99999912261962898 -56.923274210439416
0.99999912381172185 -57.000808668533644
0.99999912500381472 -57.078554392169544
0.99999912619590758 -57.156512246008305
0.99999912738800056 -57.234683106726145
0.99999912858009354 -57.313067841216132
0.99999912977218641 -57.391667321081371
0.99999913096427928 -57.47048243736792
0.99999913215637215 -57.549514078687366
0.99999913334846502 -57.628763138540556
0.99999913454055789 -57.708230515351104
0.99999913573265076 -57.787917112499557
0.99999913692474374 -57.867823845809546
0.99999913811683672 -57.94795162126735
0.99999913930892959 -58.028301349837164
0.99999914050102245 -58.1088739625241
0.99999914169311532 -58.189670388011997
0.99999914288520819 -58.270691560151185
0.99999914407730106 -58.351938417994475
0.99999914526939393 -58.433411905833502
0.99999914646148691 -58.515112980854852
0.99999914765357989 -58.5970425903609
0.99999914884567276 -58.679201686918226
0.99999915003776563 -58.761591243762147
0.9999991512298585 -58.84421223193322
0.99999915242195136 -58.927065627934866
0.99999915361404423 -59.010152413771976
0.9999991548061371 -59.093473576989744
0.99999915599822997 -59.177030110712565
0.99999915719032284 -59.260823013683755
0.99999915838241571 -59.344853290305203
0.99999915957450858 -59.429121950677484
0.99999916076660156 -59.513630018522065
0.99999916195869454 -59.598378507622073
0.99999916315078741 -59.68336843749222
0.99999916434288028 -59.768600849317934
0.99999916553497314 -59.854076782307573
0.99999916672706601 -59.939797281616272
0.99999916791915888 -60.025763398388676
0.99999916911125175 -60.111976189801737
0.99999917030334462 -60.198436719108273
0.99999917149543749 -60.285146055680478
0.99999917268753036 -60.372105275053961
0.99999917387962323 -60.459315458972519
0.99999917507171621 -60.546777703589925
0.99999917626380919 -60.634493095090939
0.99999917745590206 -60.722462725909445
0.99999917864799492 -60.810687711230869
0.99999917984008779 -60.899169164519783
0.99999918103218066 -60.987908205723514
0.99999918222427353 -61.076905961319767
0.9999991834163664 -61.166163564364332
0.99999918460845938 -61.255682162888149
0.99999918580055236 -61.345462894947261
0.99999918699264523 -61.435506905223527
0.9999991881847381 -61.525815361918902
0.99999918937683097 -61.616389431708711
0.99999919056892383 -61.707230288141226
0.9999991917610167 -61.798339111688286
0.99999919295310957 -61.889717089796427
0.99999919414520255 -61.981365425486615
0.99999919533729553 -62.073285311812704
0.9999991965293884 -62.165477948858332
0.99999919772148127 -62.257944561037462
0.99999919891357414 -62.350686371453293
0.99999920010566701 -62.443704610500376
0.99999920129775988 -62.537000515918827
0.99999920248985275 -62.630575332849205
0.99999920368194573 -62.724430322642199
0.99999920487403871 -62.818566736704675
0.99999920606613157 -62.912985833906959
0.99999920725822444 -63.00768889830487
0.99999920845031731 -63.102677212882647
0.99999920964241018 -63.197952068365026
0.99999921083450305 -63.293514763275745
0.99999921202659592 -63.389366603996478
0.9999992132186889 -63.485508913793844
0.99999921441078188 -63.581943006031395
0.99999921560287475 -63.678670202002166
0.99999921679496762 -63.77569184908792
0.99999921798706048 -63.873009293863696
0.99999921917915335 -63.970623891128199
0.99999922037124622 -64.068537003966114
0.99999922156333909 -64.166750003811899
0.99999922275543207 -64.265264279702677
0.99999922394752505 -64.364081210832524
0.99999922513961792 -64.463202184826244
0.99999922633171079 -64.562628616352285
0.99999922752380366 -64.662361919565768
0.99999922871589653 -64.762403517364802
0.9999992299079894 -64.862754841457914
0.99999923110008226 -64.963417332432471
0.99999923229217524 -65.064392449242305
0.99999923348426822 -65.165681641079843
0.99999923467636109 -65.26728636610811
0.99999923586845396 -65.369208110544136
0.99999923706054683 -65.471448360416417
0.9999992382526397 -65.574008611055589
0.99999923944473257 -65.676890367167445
0.99999924063682544 -65.780095142906404
0.99999924182891842 -65.883624471606993
0.9999992430210114 -65.987479876948512
0.99999924421310427 -66.091662892162262
0.99999924540519713 -66.196175079604558
0.99999924659729 -66.301018001801779
0.99999924778938287 -66.40619323118527
0.99999924898147574 -66.511702350170296
0.99999925017356861 -66.617546951234971
0.99999925136566159 -66.723728646905343
0.99999925255775457 -66.830249040185421
0.99999925374984744 -66.93710974425872
0.99999925494194031 -67.044312402569233
0.99999925613403318 -67.151858659127626
0.99999925732612605 -67.259750168500162
0.99999925851821891 -67.367988595893223
0.99999925971031178 -67.476575617239348
0.99999926090240476 -67.585512929445201
0.99999926209449774 -67.694802220059415
0.99999926328659061 -67.804445187487246
0.99999926447868348 -67.914443561600436
0.99999926567077635 -68.024799073275616
0.99999926686286922 -68.135513464647218
0.99999926805496209 -68.246588489199027
0.99999926924705496 -68.35802591185687
0.99999927043914794 -68.469827519511355
0.99999927163124092 -68.581995089892573
0.99999927282333378 -68.69453041231958
0.99999927401542665 -68.807435308859368
0.99999927520751952 -68.920711603068455
0.99999927639961239 -69.034361130520068
0.99999927759170526 -69.148385738903499
0.99999927878379813 -69.262787288124215
0.99999927997589111 -69.37756766111228
0.99999928116798409 -69.492728731873342
0.99999928236007696 -69.608272386793857
0.99999928355216983 -69.724200546372529
0.9999992847442627 -69.840515133132669
0.99999928593635556 -69.957218082435702
0.99999928712844843 -70.074311342588715
0.9999992883205413 -70.191796874952615
0.99999928951263428 -70.309676665048826
0.99999929070472726 -70.427952689753155
0.99999929189682013 -70.54662693917949
0.999999293088913 -70.665701439007904
0.99999929428100587 -70.78517821753438
0.99999929547309874 -70.905059316782669
0.99999929666519161 -71.025346792620823
0.99999929785728447 -71.146042714878604
0.99999929904937745 -71.267149178764356
0.99999930024147043 -71.388668271167745
0.9999993014335633 -71.510602093146218
0.99999930262565617 -71.632952782874128
0.99999930381774904 -71.75572248179526
0.99999930500984191 -71.87891334604619
0.99999930620193478 -72.002527546582115
0.99999930739402765 -72.126567269304601
0.99999930858612063 -72.25103472680243
0.99999930977821361 -72.375932123726045
0.99999931097030648 -72.501261679902683
0.99999931216239935 -72.627025653933202
0.99999931335449221 -72.753226308410476
0.99999931454658508 -72.879865921667232
0.99999931573867795 -73.006946787913037
0.99999931693077082 -73.134471217372976
0.9999993181228638 -73.262441548366397
0.99999931931495678 -73.390860111715455
0.99999932050704965 -73.519729254514999
0.99999932169914252 -73.649051364405437
0.99999932289123539 -73.778828833818622
0.99999932408332826 -73.909064072064112
0.99999932527542112 -74.039759505478372
0.99999932646751399 -74.170917577575594
0.99999932765960697 -74.302540761479861
0.99999932885169995 -74.434631523326203
0.99999933004379282 -74.567192346714762
0.99999933123588569 -74.700225757689381
0.99999933242797856 -74.833734287969165
0.99999933362007143 -74.967720487389343
0.9999993348121643 -75.102186924063545
0.99999933600425717 -75.23713618454785
0.99999933719635015 -75.372570886642606
0.99999933838844313 -75.508493641743328
0.999999339580536 -75.644907080009062
0.99999934077262886 -75.781813876078331
0.99999934196472173 -75.919216711243521
0.9999993431568146 -76.057118286261854
0.99999934434890747 -76.195521321532482
0.99999934554100034 -76.334428557275274
0.99999934673309332 -76.4738427667194
0.9999993479251863 -76.613766717358388
0.99999934911727917 -76.754203196865049
0.99999935030937204 -76.895155039578484
0.99999935150146491 -77.036625087575018
0.99999935269355777 -77.178616203867293
0.99999935388565064 -77.3211312725971
0.99999935507774351 -77.464173199230729
0.99999935626983649 -77.607744924152342
0.99999935746192947 -77.751849382775518
0.99999935865402234 -77.896489532238746
0.99999935984611521 -78.041668378699001
0.99999936103820808 -78.187388937251299
0.99999936223030095 -78.333654245533538
0.99999936342239382 -78.480467363937322
0.99999936461448669 -78.627831375821657
0.99999936580657967 -78.77574940153049
0.99999936699867265 -78.924224557309557
0.99999936819076551 -79.073259982819394
0.99999936938285838 -79.222858869273153
0.99999937057495125 -79.373024418153264
0.99999937176704412 -79.523759855241991
0.99999937295913699 -79.675068430852349
0.99999937415122986 -79.826953420061429
0.99999937534332284 -79.979418137173539
0.99999937653541582 -80.132465893388456
0.99999937772750869 -80.286100025170157
0.99999937891960156 -80.440323923269816
0.99999938011169442 -80.5951409901853
0.99999938130378729 -80.750554654638051
0.99999938249588016 -80.90656837182604
0.99999938368797303 -81.063185623679999
0.9999993848800659 -81.220409919122275
0.99999938607215877 -81.378244794329078
0.99999938726425164 -81.536693812995438
0.99999938845634451 -81.695760566603454
0.99999938964843749 -81.855448689594937
0.99999939084053047 -82.015761815059051
0.99999939203262334 -82.176703604462958
0.9999993932247162 -82.338277778083935
0.99999939441680907 -82.50048807047439
0.99999939560890194 -82.66333824565065
0.99999939680099481 -82.826832097384099
0.99999939799308768 -82.990973449495769
0.99999939918518055 -83.155766156154499
0.99999940037727342 -83.321214102178516
0.99999940156936629 -83.487321203340898
0.99999940276145916 -83.65409140667829
0.99999940395355214 -83.821528706428637
0.99999940454959857 -83.905498755846551
0.99999940514564511 -83.989637097597921
0.99999940574169155 -84.073944206687912
0.99999940633773798 -84.158420607155236
0.99999940693378442 -84.243066809426111
0.99999940752983085 -84.32788332598092
0.99999940812587729 -84.412870671364217
0.99999940872192372 -84.498029362195524
0.99999940931797016 -84.583359917179436
0.99999940991401659 -84.668862857116466
0.99999941051006302 -84.754538704913386
0.99999941110610946 -84.840387985594077
0.99999941170215589 -84.926411226310137
0.99999941229820233 -85.01260895635177
0.99999941289424887 -85.098981723262966
0.99999941349029531 -85.185530028467369
0.99999941408634174 -85.272254423808064
0.99999941468238829 -85.35915546344161
0.99999941527843472 -85.44623365514208
0.99999941587448116 -85.533489557431224
0.99999941647052759 -85.620923714876781
0.99999941706657403 -85.708536674273645
0.99999941766262046 -85.796328984655489
0.99999941825866689 -85.884301197305987
0.99999941885471333 -85.972453865770689
0.99999941945075976 -86.060787545868209
0.9999994200468062 -86.149302795702269
0.99999942064285263 -86.238000175673236
0.99999942123889907 -86.326880248490141
0.9999994218349455 -86.415943579182311
0.99999942243099205 -86.505190751752409
0.99999942302703848 -86.594622302659616
0.99999942362308492 -86.684238820573185
0.99999942421913146 -86.774040896669192
0.9999994248151779 -86.864029074306558
0.99999942541122433 -86.954203949401006
0.99999942600727076 -87.044566103564676
0.9999994266033172 -87.135116120827746
0.99999942719936363 -87.225854587651668
0.99999942779541007 -87.316782092941139
0.9999994283914565 -87.407899228057531
0.99999942898750294 -87.499206586831008
0.99999942958354937 -87.590704765574117
0.99999943017959581 -87.682394363094161
0.99999943077564224 -87.774275980706733
0.99999943137168867 -87.866350222248514
0.99999943196773522 -87.958617711294991
0.99999943256378165 -88.051079022392898
0.99999943315982809 -88.143734784190613
0.99999943375587463 -88.236585628055877
0.99999943435192107 -88.329632136042292
0.9999994349479675 -88.422874944671335
0.99999943554401394 -88.516314675803642
0.99999943614006037 -88.609951953929055
0.99999943673610681 -88.703787406180936
0.99999943733215324 -88.797821662349833
0.99999943792819967 -88.892055354897948
0.99999943852424611 -88.986489118972884
0.99999943912029254 -89.081123592422259
0.99999943971633898 -89.175959415807853
0.99999944031238541 -89.270997232420228
0.99999944090843185 -89.36623768829314
0.99999944150447839 -89.461681450014936
0.99999944210052483 -89.55732913359445
0.99999944269657126 -89.653181411142157
0.99999944329261781 -89.749238957723477
0.99999944388866424 -89.845502397525692
0.99999944448471068 -89.941972411225635
0.99999944508075711 -90.038649664475031
0.99999944567680354 -90.135534825788525
0.99999944627284998 -90.232628566559157
0.99999944686889641 -90.329931561074048
0.99999944746494285 -90.427444486529694
0.99999944806098928 -90.525168023047939
0.99999944865703572 -90.623102853691648
0.99999944925308215 -90.721249664480723
0.99999944984912859 -90.819609144408034
0.99999945044517502 -90.918181985455576
0.99999945104122157 -91.016968901031149
0.999999451637268 -91.11597055234293
0.99999945223331443 -91.215187658818579
0.99999945282936098 -91.314620943101033
0.99999945342540741 -91.414271075321707
0.99999945402145385 -91.514138784242661
0.99999945461750028 -91.6142247832301
0.99999945521354672 -91.714529788772154
0.99999945580959315 -91.815054520496034
0.99999945640563959 -91.915799701185279
0.99999945700168602 -92.016766056796854
0.99999945759773246 -92.117954316478944
0.99999945819377889 -92.219365212588116
0.99999945878982532 -92.320999480707272
0.99999945938587176 -92.422857859663395
0.99999945998191819 -92.524941091545287
0.99999946057796474 -92.62724994079926
0.99999946117401117 -92.729785117979418
0.99999946177005761 -92.832547394104424
0.99999946236610415 -92.935537543696853
0.99999946296215059 -93.038756287061403
0.99999946355819702 -93.142204405403191
0.99999946415424346 -93.245882664155999
0.99999946475028989 -93.349791832163021
0.99999946534633632 -93.45393268169606
0.99999946594238276 -93.558305988474416
0.99999946653842919 -93.662912531684441
0.99999946713447563 -93.767753093998593
0.99999946773052206 -93.87282846159539
0.9999994683265685 -93.978139424178622
0.99999946892261493 -94.083686774997389
0.99999946951866137 -94.189471310865898
0.99999947011470791 -94.29549385195412
0.99999947071075435 -94.401755162770655
0.99999947130680078 -94.508256070672019
0.99999947190284733 -94.614997406839649
0.99999947249889376 -94.721979946452976
0.99999947309494019 -94.829204528002833
0.99999947369098663 -94.936671973828808
0.99999947428703306 -95.044383109999686
0.9999994748830795 -95.152338766335149
0.99999947547912593 -95.260539776426612
0.99999947607517237 -95.368986977658835
0.9999994766712188 -95.477681211231669
0.99999947726726524 -95.58662332218158
0.99999947786331167 -95.695814159403668
0.9999994784593581 -95.805254575673686
0.99999947905540454 -95.914945427670347
0.99999947965145108 -96.024887596499198
0.99999948024749752 -96.135081905755342
0.99999948084354395 -96.245529244415607
0.9999994814395905 -96.356230505638649
0.99999948203563693 -96.467186524716439
0.99999948263168337 -96.578398202815677
0.9999994832277298 -96.689866424569701
0.99999948382377624 -96.801592078697851
0.99999948441982267 -96.913576058029079
0.99999948501586911 -97.025819259525932
0.99999948561191554 -97.13832258430827
0.99999948620796197 -97.251086937677599
0.99999948680400841 -97.364113229141083
0.99999948740005484 -97.477402372436345
0.99999948799610128 -97.59095528555568
0.99999948859214771 -97.704772890771324
0.99999948918819426 -97.81885613593424
0.99999948978424069 -97.933205909452099
0.99999949038028713 -98.047823167811174
0.99999949097633367 -98.162708872078127
0.99999949157238011 -98.277863923503304
0.99999949216842654 -98.393289291941642
0.99999949276447297 -98.508985930331932
0.99999949336051941 -98.62495479609764
0.99999949395656584 -98.741196851172816
0.99999949455261228 -98.857713062029148
0.99999949514865871 -98.974504399702369
0.99999949574470515 -99.091571839819551
0.99999949634075158 -99.208916362625928
0.99999949693679802 -99.326538953012587
0.99999949753284445 -99.444440600543885
0.99999949812889088 -99.562622299485142
0.99999949872493743 -99.681085070922336
0.99999949932098386 -99.799829874476174
0.9999994999170303 -99.918857740722814
0.99999950051307684 -100.03816970526319
0.99999950110912328 -100.15776674184403
0.99999950170516971 -100.27764989572781
0.99999950230121615 -100.39782019488086
0.99999950289726258 -100.51827867219988
0.99999950349330902 -100.63902636554137
0.99999950408935545 -100.76006431775147
0.99999950468540189 -100.88139357669617
0.99999950528144832 -101.00301519529133
0.99999950587749475 -101.12493023153326
0.99999950647354119 -101.24713974852932
0.99999950706958762 -101.36964481452894
0.99999950766563406 -101.49244650295466
0.9999995082616806 -101.61554591539017
0.99999950885772704 -101.73894408984071
0.99999950945377347 -101.86264213833843
0.99999951004982002 -101.98664117843879
0.99999951064586645 -102.11094226371176
0.99999951124191289 -102.23554652235359
0.99999951183795932 -102.36045506488941
0.99999951243400576 -102.48566900727478
0.99999951303005219 -102.61118947092899
0.99999951362609862 -102.73701758276839
0.99999951422214506 -102.86315447524031
0.99999951481819149 -102.98960128635686
0.99999951541423793 -103.11635915972924
0.99999951601028436 -103.24342924460223
0.9999995166063308 -103.37081269588883
0.99999951720237723 -103.49851067420543
0.99999951779842378 -103.62652436978075
0.99999951839447021 -103.75485490705501
0.99999951899051664 -103.88350348778178
0.99999951958656319 -104.01247131979773
0.99999952018260962 -104.14175954472532
0.99999952077865606 -104.2713693821424
0.99999952137470249 -104.40130203359
0.99999952197074893 -104.53155870660184
0.99999952256679536 -104.66214061474186
0.9999995231628418 -104.79304897764177
0.99999952375888823 -104.92428502103903
0.99999952435493467 -105.05584997681517
0.9999995249509811 -105.18774508303432
0.99999952554702753 -105.31997158398207
0.99999952614307397 -105.45253073020451
0.9999995267391204 -105.58542377854778
0.99999952733516695 -105.7186520170446
0.99999952793121338 -105.85221666562937
0.99999952852725982 -105.98611902507213
0.99999952912330636 -106.12036040285511
0.9999995297193528 -106.25494203791767
0.99999953031539923 -106.38986525072333
0.99999953091144567 -106.52513134334741
0.9999995315074921 -106.66074162449139
0.99999953210353854 -106.79669740952541
0.99999953269958497 -106.93300002053068
0.9999995332956314 -107.06965078634227
0.99999953389167784 -107.2066510425924
0.99999953448772427 -107.34400213175395
0.99999953508377071 -107.48170540318421
0.99999953567981714 -107.61976221316918
0.99999953627586358 -107.75817392496799
0.99999953687191012 -107.89694193473872
0.99999953746795656 -108.03606756812715
0.99999953806400299 -108.17555223539679
0.99999953866004954 -108.31539735423372
0.99999953925609597 -108.45560427134704
0.99999953985214241 -108.59617441880417
0.99999954044818884 -108.73710920995278
0.99999954104423527 -108.87841006548247
0.99999954164028171 -109.02007841347282
0.99999954223632814 -109.16211568944117
0.99999954283237458 -109.30452333639128
0.99999954342842101 -109.44730280486223
0.99999954402446745 -109.59045555297767
0.99999954462051388 -109.73398304649523
0.99999954521656031 -109.87788675885689
0.99999954581260675 -110.02216817123913
0.99999954640865329 -110.16682879958444
0.99999954700469973 -110.31187008680135
0.99999954760074616 -110.45729356448656
0.99999954819679271 -110.6031007724617
0.99999954879283914 -110.74929317702947
0.99999954938888558 -110.8958723339783
0.99999954998493201 -111.04283978007268
0.99999955058097845 -111.19019706022942
0.99999955117702488 -111.33794572757245
0.99999955177307132 -111.48608734348657
0.99999955236911775 -111.63462347767333
0.99999955296516418 -111.78355570820558
0.99999955356121062 -111.93288562158408
0.99999955415725705 -112.08261481279348
0.99999955475330349 -112.2327448853592
0.99999955534934992 -112.38327745140455
0.99999955594539647 -112.53421415986051
0.9999995565414429 -112.68555658399198
0.99999955713748934 -112.83730639014091
0.99999955773353588 -112.98946525378437
0.99999955832958232 -113.14203477422728
0.99999955892562875 -113.29501664471279
0.99999955952167519 -113.44841253919243
0.99999956011772162 -113.60222414069044
0.99999956071376805 -113.75645314136568
0.99999956130981449 -113.91110124257342
0.99999956190586092 -114.06617015492805
0.99999956250190736 -114.2216615983661
0.99999956309795379 -114.37757730220986
0.99999956369400023 -114.53391900523137
0.99999956429004666 -114.69068845571729
0.9999995648860931 -114.8478874115339
0.99999956548213964 -115.0055176695939
0.99999956607818608 -115.16358094839904
0.99999956667423251 -115.32207906427159
0.99999956727027906 -115.48101384370362
0.99999956786632549 -115.6403870342485
0.99999956846237192 -115.80020048221253
0.99999956905841836 -115.96045601439
0.99999956965446479 -116.12115546769584
0.99999957025051123 -116.28230068923597
0.99999957084655766 -116.44389353637796
0.9999995714426041 -116.60593587682251
0.99999957203865053 -116.76842958867526
0.99999957263469696 -116.93137656051951
0.9999995732307434 -117.09477869148927
0.99999957382678983 -117.25863789134299
0.99999957442283627 -117.42295608053816
0.99999957501888281 -117.58773522104171
0.99999957561492925 -117.75297719355004
0.99999957621097568 -117.91868398171954
0.99999957680702223 -118.08485758055588
0.99999957740306866 -118.25149990324505
0.9999995779991151 -118.41861296694476
0.99999957859516153 -118.5861987691416
0.99999957919120797 -118.75425931863927
0.9999995797872544 -118.92279663563909
0.99999958038330083 -119.09181275182061
0.99999958097934727 -119.2613097104236
0.9999995815753937 -119.43128956633016
0.99999958217144014 -119.60175438614779
0.99999958276748657 -119.77270624829323
0.99999958336353301 -119.94414724307681
0.99999958395957944 -120.1160794727878
0.99999958455562599 -120.28850508394312
0.99999958515167242 -120.46142613881487
0.99999958574771886 -120.6348448082183
0.9999995863437654 -120.80876327566634
0.99999958693981184 -120.983183639857
0.99999958753585827 -121.15810810913165
0.9999995881319047 -121.33353887207964
0.99999958872795114 -121.50947812997775
0.99999958932399757 -121.68592809688224
0.99999958992004401 -121.86289099972198
0.99999959051609044 -122.04036907839182
0.99999959111213688 -122.21836458584713
0.99999959170818331 -122.39687978819947
0.99999959230422975 -122.57591696481227
0.99999959290027618 -122.75547840839822
0.99999959349632261 -122.93556642511693
0.99999959409236916 -123.1161833683658
0.99999959468841559 -123.29733150421082
0.99999959528446203 -123.47901321334163
0.99999959588050857 -123.66123089069271
0.99999959647655501 -123.8439868432762
0.99999959707260144 -124.02728349392859
0.99999959766864788 -124.21112324575229
0.99999959826469431 -124.39550851611156
0.99999959886074075 -124.58044173673829
0.99999959945678718 -124.76592535383897
0.99999960005283361 -124.95196182820251
0.99999960064888005 -125.13855363530924
0.99999960124492648 -125.32570326544037
0.99999960184097292 -125.51341322378913
0.99999960243701935 -125.70168603057228
0.99999960303306579 -125.89052422114314
0.99999960362911233 -126.07993038143775
0.99999960422515877 -126.26990700686602
0.9999996048212052 -126.46045671410398
0.99999960541725175 -126.65158213585281
0.99999960601329818 -126.84328581367637
0.99999960660934462 -127.03557041171912
0.99999960720539105 -127.22843857453431
0.99999960780143748 -127.42189296275158
0.99999960839748392 -127.61593625319915
0.99999960899353035 -127.81057113902746
0.99999960958957679 -128.00580032983359
0.99999961018562322 -128.20162655178709
0.99999961078166966 -128.39805254775683
0.99999961137771609 -128.5950810774392
0.99999961197376253 -128.79271491748727
0.99999961256980896 -128.990956861641
0.99999961316585539 -129.18980972085919
0.99999961376190183 -129.38927632345235
0.99999961435794826 -129.58935951521661
0.9999996149539947 -129.79006215956903
0.99999961555004113 -129.99138713768443
0.99999961614608757 -130.19333734863298
0.999999616742134 -130.39591570951973
0.99999961733818044 -130.59912515562462
0.99999961793422698 -130.80296867857254
0.99999961853027342 -131.0074491744833
0.99999961912631985 -131.21256967192784
0.9999996197223664 -131.41833321870422
0.99999962031841283 -131.62474276646898
0.99999962091445926 -131.83180140084343
0.9999996215105057 -132.03951218837841
0.99999962210655213 -132.24787821497213
0.99999962270259857 -132.45690258602303
0.999999623298645 -132.66658842658359
0.99999962389469144 -132.87693888151685
0.99999962449073787 -133.08795711565307
0.99999962508678431 -133.29964631394861
0.99999962568283074 -133.51200968164616
0.99999962627887717 -133.72505044443665
0.99999962687492361 -133.93877184862237
0.99999962747097004 -134.15317716128189
0.99999962806701648 -134.36826967043663
0.99999962866306291 -134.58405268521898
0.99999962925910935 -134.80052953604178
0.99999962985515578 -135.01770357476994
0.99999963045120221 -135.23557817489322
0.99999963104724865 -135.45415673170109
0.99999963164329508 -135.67344266245883
0.99999963223934163 -135.89343944762993
0.99999963283538806 -136.11415046701313
0.9999996334314345 -136.33557924578849
0.99999963402748104 -136.55772933236969
0.99999963462352748 -136.78060417385157
0.99999963521957391 -137.00420736446807
0.99999963581562035 -137.22854248040142
0.99999963641166678 -137.45361312128418
0.99999963700771322 -137.67942291039193
0.99999963760375965 -137.90597549483761
0.99999963819980608 -138.13327454576765
0.99999963879585252 -138.3613237585607
0.99999963939189895 -138.59012685302753
0.99999963998794539 -138.81968757361341
0.99999964058399182 -139.05000968960255
0.99999964118003826 -139.28109699532399
0.9999996417760848 -139.51295335361891
0.99999964237213124 -139.74558252316103
0.99999964296817767 -139.97898841778829
0.99999964356422422 -140.21317497780834
0.99999964416027065 -140.4481460387023
0.99999964475631709 -140.68390559306724
0.99999964535236352 -140.92045761650039
0.99999964594840995 -141.15780611137058
0.99999964654445639 -141.39595510704424
0.99999964714050282 -141.6349086601131
0.99999964773654926 -141.87467085462492
0.99999964833259569 -142.1152458023156
0.99999964892864213 -142.35663764284479
0.99999964952468856 -142.59885054403301
0.999999650120735 -142.84188870210156
0.99999965071678143 -143.08575634191484
0.99999965131282798 -143.33045776288256
0.99999965190887441 -143.57599715673459
0.99999965250492084 -143.82237888124533
0.99999965310096739 -144.06960732445424
0.99999965369701382 -144.31768676606549
0.99999965429306026 -144.5666216540034
0.99999965488910669 -144.81641642063244
0.99999965548515313 -145.0670755289905
0.99999965608119956 -145.31860347305545
0.999999656677246 -145.57100477801313
0.99999965727329243 -145.82428400052882
0.99999965786933886 -146.07844572902187
0.9999996584653853 -146.33349458394221
0.99999965906143173 -146.5894352180508
0.99999965965747817 -146.84627231670225
0.9999996602535246 -147.10401059813088
0.99999966084957115 -147.36265486200051
0.99999966144561758 -147.622209796823
0.99999966204166402 -147.88268026930919
0.99999966263771056 -148.14407118090591
0.999999663233757 -148.40638732126661
0.99999966382980343 -148.66963366068114
0.99999966442584987 -148.93381515580509
0.9999996650218963 -149.19893679857284
0.99999966561794273 -149.46500361651172
0.99999966621398917 -149.73202067306005
0.9999996668100356 -149.9999930678882
0.99999966740608204 -150.26892593722343
0.99999966800212847 -150.53882445417784
0.99999966859817491 -150.8096938290802
0.99999966919422134 -151.08153930981121
0.99999966979026778 -151.35436618214226
0.99999967038631432 -151.62817982117244
0.99999967098236076 -151.90298548748368
0.99999967157840719 -152.17878863350023
0.99999967217445374 -152.45559475167323
0.99999967277050017 -152.73340921932501
0.9999996733665466 -153.01223760836422
0.99999967396259304 -153.2920854796026
0.99999967455863947 -153.57295843459073
0.99999967515468591 -153.85486211599121
0.99999967575073234 -154.13780220795692
0.99999967634677878 -154.42178443651304
0.99999967694282521 -154.70681456994305
0.99999967753887165 -154.99289841917968
0.99999967813491808 -155.28004183819942
0.99999967873096451 -155.56825072442209
0.99999967932701095 -155.85753101911448
0.99999967992305749 -156.14788876198276
0.99999968051910393 -156.43932987505116
0.99999968111515036 -156.73186048757827
0.99999968171119691 -157.02548677514196
0.99999968230724334 -157.32021479507682
0.99999968290328978 -157.61605081505701
0.99999968349933621 -157.91300109496964
0.99999968409538265 -158.21107194194624
0.99999968469142908 -158.51026971080927
0.99999968528747551 -158.81060080452406
0.99999968588352195 -159.11207167465486
0.99999968647956838 -159.41468882182758
0.99999968707561482 -159.71845879619659
0.99999968767166125 -160.02338819791748
0.99999968826770769 -160.32948367762486
0.99999968886375412 -160.6367519369164
0.99999968945980067 -160.94519978640434
0.9999996900558471 -161.2548339161799
0.99999969065189354 -161.56566124102869
0.99999969124794008 -161.87768872957849
0.99999969184398652 -162.19092322945255
0.99999969244003295 -162.50537181650333
0.99999969303607938 -162.82104156308316
0.99999969363212582 -163.13793959658202
0.99999969422817225 -163.45607309996427
0.99999969482421869 -163.77544931231114
0.99999969542026512 -164.09607552936967
0.99999969601631156 -164.41795910410877
0.99999969661235799 -164.7411074472806
0.99999969720840443 -165.06552802799013
0.99999969780445086 -165.39122837426976
0.99999969840049729 -165.7182160736624
0.99999969899654384 -166.04649883507847
0.99999969959259027 -166.37608424456207
0.99999970018863671 -166.70698013277624
0.99999970078468325 -167.03919439327024
0.99999970138072969 -167.37273479635894
0.99999970197677612 -167.70760936102508
0.99999970227479928 -167.87554942669405
0.99999970257282256 -168.04382610827992
0.99999970287084583 -168.2124403559813
0.99999970316886899 -168.38139312356068
0.99999970346689215 -168.55068549462069
0.99999970376491543 -168.72031855737819
0.9999997040629387 -168.89029327792002
0.99999970436096186 -169.06061062597362
0.99999970465898502 -169.23127170220437
0.9999997049570083 -169.40227761198167
0.99999970525503157 -169.57362933760766
0.99999970555305473 -169.74532786510315
0.99999970585107789 -169.91737431253972
0.99999970614910116 -170.08976980278467
0.99999970644712444 -170.26251533469016
0.9999997067451476 -170.43561191090757
0.99999970704317076 -170.60906066726614
0.99999970734119403 -170.78286274448456
0.99999970763921731 -170.95701915830858
0.99999970793724047 -171.13153092836512
0.99999970823526374 -171.30639927381134
0.99999970853328701 -171.48162522329321
0.99999970883131017 -171.65720980940137
0.99999970912933345 -171.83315426552414
0.99999970942735672 -172.00945963340968
0.99999970972537988 -172.18612695881467
0.99999971002340315 -172.36315748957423
0.99999971032142643 -172.54055228074358
0.99999971061944959 -172.71831239145234
0.99999971091747286 -172.89643908420106
0.99999971121549613 -173.07493342756146
0.9999997115135193 -173.25379649424627
0.99999971181154246 -173.43302949480633
0.99999971210956573 -173.61263364508142
0.999999712407589 -173.79261003199713
0.99999971270561216 -173.97295974671127
0.99999971300363533 -174.15368401942413
0.9999997133016586 -174.33478408573089
0.99999971359968187 -174.51626105129969
0.99999971389770503 -174.69811602612393
0.9999997141957282 -174.88035026046057
0.99999971449375147 -175.06296501006983
0.99999971479177474 -175.24596139976043
0.9999997150897979 -175.42934055876228
0.99999971538782106 -175.61310375780604
0.99999971568584434 -175.79725227323718
0.99999971598386761 -175.98178724941323
0.99999971628189077 -176.16670983521138
0.99999971657991393 -176.35202132226405
0.99999971687793721 -176.53772300793219
0.99999971717596048 -176.72381605654115
0.99999971747398364 -176.91030163703684
0.99999971777200691 -177.09718113208334
0.99999971807003019 -177.28445572126301
0.99999971836805335 -177.47212658885638
0.99999971866607662 -177.66019513427077
0.99999971896409989 -177.84866255259206
0.99999971926212305 -178.03753004368303
0.99999971956014633 -178.22679902395643
0.9999997198581696 -178.41647070425253
0.99999972015619276 -178.60654630026909
0.99999972045421603 -178.7970272456912
0.99999972075223931 -178.98791476736963
0.99999972105026247 -179.17921009709431
0.99999972134828563 -179.37091461460332
0.9999997216463089 -179.56302970584898
0.99999972194433218 -179.75555661943579
0.99999972224235534 -179.94849660901946
0.9999997225403785 -180.14185107754756
0.99999972283840177 -180.33562143431143
0.99999972313642504 -180.52980895014502
0.99999972343444821 -180.72441490104865
0.99999972373247137 -180.91944071367743
0.99999972403049464 -181.1148878211626
0.99999972432851791 -181.3107575170562
0.99999972462654108 -181.50705110019445
0.99999972492456424 -181.70377002145068
0.99999972522258751 -181.90091573831026
0.99999972552061078 -182.09848956754456
0.99999972581863394 -182.29649283133006
0.99999972611665711 -182.49492700528262
0.99999972641468038 -182.69379357176931
0.99999972671270365 -182.89309387129501
0.99999972701072681 -183.09282924989458
0.99999972730875009 -183.29300128311527
0.99999972760677336 -183.49361132960817
0.99999972790479652 -183.69466075364966
0.99999972820281979 -183.89615115060053
0.99999972850084307 -184.09808389756105
0.99999972879886623 -184.30046037735406
0.9999997290968895 -184.50328220547556
0.99999972939491277 -184.70655077778378
0.99999972969293593 -184.91026749595935
0.99999972999095921 -185.11443399596098
0.99999973028898248 -185.31905169272048
0.99999973058700564 -185.52412200709318
0.9999997308850288 -185.72964651918662
0.99999973118305208 -185.93562681645471
0.99999973148107535 -186.14206433976145
0.99999973177909851 -186.34896053603353
0.99999973207712167 -186.5563170129561
0.99999973237514495 -186.76413538571938
0.99999973267316822 -186.97241712170731
0.99999973297119138 -187.1811636945084
0.99999973326921454 -187.39037673999894
0.99999973356723781 -187.60005790172295
0.99999973386526109 -187.81020867418701
0.99999973416328425 -188.02083055824909
0.99999973446130741 -188.23192521860611
0.99999973475933068 -188.44349432778986
0.99999973505735396 -188.65553940804944
0.99999973535537712 -188.86806198813554
0.99999973565340028 -189.08106376221255
0.99999973595142355 -189.29454643245148
0.99999973624944682 -189.5085115494804
0.99999973654746999 -189.7229606705834
0.99999973684549326 -189.93789560021716
0.99999973714351653 -190.15331791072222
0.99999973744153969 -190.36922918121388
0.99999973773956297 -190.58563123974218
0.99999973803758624 -190.80252568073539
0.9999997383356094 -191.01991410551852
0.99999973863363267 -191.23779836613181
0.99999973893165595 -191.45618007947505
0.99999973922967911 -191.67506086946818
0.99999973952770238 -191.89444261254778
0.99999973982572565 -192.11432694847616
0.99999974012374881 -192.33471552416205
0.99999974042177198 -192.55561015846803
0.99999974071979525 -192.77701267899715
0.99999974101781852 -192.99892475661775
0.99999974131584168 -193.22134806951743
0.99999974161386485 -193.44428446953552
0.99999974191188812 -193.66773581744792
0.99999974220991139 -193.891703815959
0.99999974250793455 -194.11619017527033
0.99999974280595771 -194.34119678095877
0.99999974310398099 -194.56672552773981
0.99999974340200426 -194.79277815090438
0.99999974370002742 -195.01935639342349
0.99999974399805058 -195.24646217539427
0.99999974429607386 -195.47409742625962
0.99999974459409713 -195.70226391466863
0.99999974489212029 -195.93096341713891
0.99999974519014345 -196.16019788909227
0.99999974548816672 -196.38996929550882
0.99999974578619 -196.6202794391902
0.99999974608421316 -196.85113013099925
0.99999974638223643 -197.08252344881151
0.9999997466802597 -197.31446122157701
0.99999974697828287 -197.54694528645592
0.99999974727630614 -197.77997774960622
0.99999974757432941 -198.01356046659527
0.99999974787235257 -198.24769530135313
0.99999974817037585 -198.48238438881492
0.99999974846839912 -198.71762961164498
0.99999974876642228 -198.95343286102505
0.99999974906444555 -199.18979630117363
0.99999974936246883 -199.42672184234081
0.99999974966049199 -199.66421140345355
0.99999974995851515 -199.90226708974131
0.99999975025653842 -200.14089101690519
0.99999975055456169 -200.38008513275651
0.99999975085258486 -200.61985139400065
0.99999975115060802 -200.86019194556934
0.99999975144863129 -201.10110894311097
0.99999975174665456 -201.34260437291297
0.99999975204467773 -201.58468023038029
0.99999975234270089 -201.82733870109971
0.99999975264072416 -202.07058198162619
0.99999975293874743 -202.31441209766481
0.99999975323677059 -202.55883108426838
0.99999975353479376 -202.80384116865889
0.99999975383281703 -203.0494445892852
0.9999997541308403 -203.29564341223934
0.99999975442886346 -203.54243971319832
0.99999975472688662 -203.78983576202776
0.9999997550249099 -204.03783384008699
0.99999975532293317 -204.28643605485274
0.99999975562095633 -204.53564452363099
0.9999997559189796 -204.78546165314751
0.99999975621700288 -205.03588958259024
0.99999975651502604 -205.28693046116445
0.99999975681304931 -205.5385867297436
0.99999975711107258 -205.79086055981779
0.99999975740909575 -206.04375413308665
0.99999975770711902 -206.29726992519358
0.99999975800514229 -206.55141014053476
0.99999975830316545 -206.80617699391249
0.99999975860118873 -207.06157299637613
0.999999758899212 -207.31760038584537
0.99999975919723516 -207.57426141084744
0.99999975949525832 -207.83155852251821
0.9999997597932816 -208.08949418463308
0.99999976009130487 -208.34807068079485
0.99999976038932803 -208.60729030548865
0.99999976068735119 -208.86715555800299
0.99999976098537446 -209.12766895057379
0.99999976128339774 -209.38883281364318
0.9999997615814209 -209.65064948881977
0.99999976187944406 -209.91312152474691
0.99999976217746733 -210.17625148333275
0.99999976247549061 -210.44004174305053
0.99999976277351377 -210.70449469383269
0.99999976307153693 -210.96961293491648
0.9999997633695602 -211.2353990791303
0.99999976366758347 -211.50185555420705
0.99999976396560664 -211.76898479964018
0.9999997642636298 -212.03678946653716
0.99999976456165307 -212.30527221993307
0.99999976485967634 -212.57443553808648
0.99999976515769951 -212.84428191132679
0.99999976545572278 -213.11481414485667
0.99999976575374605 -213.38603475568226
0.99999976605176921 -213.65794627312144
0.99999976634979248 -213.93055154392701
0.99999976664781576 -214.20385312460465
0.99999976694583892 -214.47785358421663
0.99999976724386219 -214.75255581185559
0.99999976754188546 -215.02796240429478
0.99999976783990863 -215.30407597111559
0.9999997681379319 -215.58089944455747
0.99999976843595517 -215.85843546244809
0.99999976873397833 -216.13668667567978
0.9999997690320015 -216.41565595640705
0.99999976933002477 -216.69534619216401
0.99999976962804804 -216.97576007677245
0.9999997699260712 -217.25690031747106
0.99999977022409436 -217.53876984528097
0.99999977052211764 -217.82137160699386
0.99999977082014091 -218.10470835390188
0.99999977111816407 -218.38878285107737
0.99999977141618723 -218.67359808994055
0.99999977171421051 -218.95915707808575
0.99999977201223378 -219.2454626257979
0.99999977231025694 -219.53251755751793
0.9999997726082801 -219.82032492664572
0.99999977290630337 -220.1088878031718
0.99999977320432665 -220.39820905794554
0.99999977350234981 -220.6882915763594
0.99999977380037297 -220.97913847542432
0.99999977409839624 -221.27075288917121
0.99999977439641952 -221.56313775063515
0.99999977469444268 -221.8562960077943
0.99999977499246595 -222.15023095259841
0.99999977529048922 -222.44494556581719
0.99999977558851239 -222.74044284347252
0.99999977588653566 -223.03672612849769
0.99999977618455893 -223.33379845036194
0.99999977648258209 -223.63166285410182
0.99999977678060537 -223.93032273464596
0.99999977707862864 -224.22978117114991
0.9999997773766518 -224.53004125866099
0.99999977767467507 -224.83110644513792
0.99999977797269834 -225.13297986043469
0.99999977827072151 -225.4356646506285
0.99999977856874467 -225.73916420455419
0.99999977886676794 -226.04348192992416
0.99999977916479121 -226.34862102580624
0.99999977946281438 -226.65458470794709
0.99999977976083754 -226.96137643776774
0.99999978005886081 -227.26899969606859
0.99999978035688408 -227.57745775303491
0.99999978065490724 -227.8867538960007
0.99999978095293041 -228.19689166094682
0.99999978125095368 -228.5078746037523
0.99999978154897695 -228.81970606768519
0.99999978184700011 -229.13238941364901
0.99999978214502327 -229.44592825422288
0.99999978244304655 -229.76032622242019
0.99999978274106982 -230.07558673662336
0.99999978303909298 -230.39171323335268
0.99999978333711614 -230.70870940389219
0.99999978363513942 -231.02657896051329
0.99999978393316269 -231.34532539881178
0.99999978423118585 -231.66495223304122
0.99999978452920912 -231.98546335493168
0.9999997848272324 -232.30686231940882
0.99999978512525556 -232.62915270045758
0.99999978542327883 -232.95233845293927
0.9999997857213021 -233.27642319236088
0.99999978601932527 -233.60141055369999
0.99999978631734854 -233.92730455625878
0.99999978661537181 -234.25410887740824
0.99999978691339497 -234.58182721441233
0.99999978721141825 -234.91046365235616
0.99999978750944152 -235.24002193179055
0.99999978780746468 -235.57050581359201
0.99999978810548784 -235.90191932637015
0.99999978840351111 -236.23426652212589
0.99999978870153439 -236.567551227754
0.99999978899955755 -236.90177729106989
0.99999978929758071 -237.2369488310278
0.99999978959560398 -237.5730699906251
0.99999978989362726 -237.91014468558183
0.99999979019165042 -238.24817685315395
0.99999979048967358 -238.58717070521067
0.99999979078769685 -238.92713047833919
0.99999979108572012 -239.26806017965123
0.99999979138374329 -239.6099638384315
0.99999979168176645 -239.95284576212364
0.99999979197978972 -240.29671028358683
0.99999979227781299 -240.64156150398045
0.99999979257583615 -240.98740354729642
0.99999979287385932 -241.33424081930423
0.99999979317188259 -241.68207775191016
0.99999979346990586 -242.03091854307024
0.99999979376792902 -242.38076741425587
0.9999997940659523 -242.73162900330448
0.99999979436397557 -243.0835075826314
0.99999979466199873 -243.43640744869543
0.999999794960022 -243.79033331828617
0.99999979525804528 -244.14528953992078
0.99999979555606844 -244.50128048670254
0.99999979585409171 -244.85831095608944
0.99999979615211498 -245.21638537438702
0.99999979645013815 -245.57550819304367
0.99999979674816142 -245.93568429194724
0.99999979704618469 -246.29691817692296
0.99999979734420785 -246.6592143795105
0.99999979764223101 -247.02257772827306
0.99999979794025429 -247.38701308105831
0.99999979823827756 -247.75252505249088
0.99999979853630072 -248.11911828369631
0.99999979883432388 -248.48679771683967
0.99999979913234716 -248.85556832422841
0.99999979943037043 -249.22543483256032
0.99999979972839359 -249.59640199584939
0.99999980002641675 -249.96847487325232
0.99999980032444002 -250.34165855495615
0.9999998006224633 -250.71595788312439
0.99999980092048646 -251.09137772808205
0.99999980121850962 -251.46792326948926
0.99999980151653289 -251.84559971895618
0.99999980181455617 -252.22441203762861
0.99999980211257933 -252.6043652156898
0.99999980241060249 -252.9854645569425
0.99999980270862576 -253.36771539809328
0.99999980300664904 -253.75112282291494
0.9999998033046722 -254.13569194512652
0.99999980360269547 -254.52142834036221
0.99999980390071874 -254.90833718683785
0.9999998041987419 -255.29642369341937
0.99999980449676518 -255.6856935355558
0.99999980479478845 -256.07615198809066
0.99999980509281161 -256.46780435724122
0.99999980539083488 -256.86065642055024
0.99999980568885816 -257.25471355173454
0.99999980598688132 -257.64998115662826
0.99999980628490459 -258.04646511721035
0.99999980658292786 -258.44417090837868
0.99999980688095103 -258.8431040379138
0.99999980717897419 -259.24327034533383
0.99999980747699746 -259.64467570723639
0.99999980777502073 -260.04732573713068
0.99999980807304389 -260.4512260824622
0.99999980837106706 -260.85638272720411
0.99999980866909033 -261.26280169355192
0.9999998089671136 -261.67048873800434
0.99999980926513676 -262.07944965209083
0.99999980956315992 -262.48969056876899
0.9999998098611832 -262.90121766040488
0.99999981015920647 -263.31403683103161
0.99999981045722963 -263.72815402084939
0.99999981075525279 -264.14357551650238
0.99999981105327607 -264.56030764527316
0.99999981135129934 -264.97835646344845
0.9999998116493225 -265.39772806466215
0.99999981194734566 -265.81842889412587
0.99999981224536894 -266.24046543896719
0.99999981254339221 -266.66384391262716
0.99999981284141537 -267.08857056711963
0.99999981313943864 -267.51465217027413
0.99999981343746192 -267.94209505672745
0.99999981373548508 -268.37090560064024
0.99999981403350835 -268.80109069754604
0.99999981433153162 -269.23265680622404
0.99999981462955478 -269.6656104259564
0.99999981492757806 -270.09995858305047
0.99999981522560133 -270.53570786346052
0.99999981552362449 -270.97286489465239
0.99999981582164776 -271.41143683686602
0.99999981611967104 -271.85143040635313
0.9999998164176942 -272.29285236191475
0.99999981671571736 -272.73570983572989
0.99999981701374063 -273.18001000751411
0.99999981731176391 -273.6257597722651
0.99999981760978707 -274.07296606896233
0.99999981790781023 -274.52163621575056
0.9999998182058335 -274.97177757985673
0.99999981850385677 -275.42339724096621
0.99999981880187994 -275.87650232423653
0.9999998190999031 -276.33110033992227
0.99999981939792637 -276.7871988489668
0.99999981969594964 -277.24480512192326
0.9999998199939728 -277.70392647636743
0.99999982029199597 -278.16457062105337
0.99999982059001924 -278.6267453170949
0.99999982088804251 -279.09045803234221
0.99999982118606567 -279.5557162832813
0.99999982148408884 -280.02252798381335
0.99999982178211211 -280.4909011019364
0.99999982208013538 -280.96084330948776
0.99999982237815854 -281.43236232862057
0.99999982267618182 -281.90546646184043
0.99999982297420509 -282.38016353852936
0.99999982327222825 -282.85646143969069
0.99999982357025152 -283.33436863337954
0.9999998238682748 -283.81389311055977
0.99999982416629796 -284.29504291516179
0.99999982446432123 -284.77782668499162
0.9999998247623445 -285.26225257675588
0.99999982506036766 -285.74832880151587
0.99999982535839094 -286.23606417115775
0.99999982565641421 -286.7254670124218
0.99999982595443737 -287.21654570783375
0.99999982625246053 -287.70930906394034
0.99999982655048381 -288.20376594907367
0.99999982684850708 -288.69992492359074
0.99999982714653024 -289.1977946056129
0.9999998274445534 -289.69738404437987
0.99999982774257667 -290.19870235304126
0.99999982804059995 -290.70175833376715
0.99999982833862311 -291.20656084855398
0.99999982863664627 -291.71311919780641
0.99999982893466954 -292.22144274805265
0.99999982923269282 -292.73154055181811
0.99999982953071598 -293.24342172360559
0.99999982982873914 -293.75709582381432
0.99999983012676241 -294.27257248127478
0.99999983042478569 -294.78986100777394
0.99999983072280885 -295.3089707793203
0.99999983102083201 -295.82991162551372
0.99999983131885528 -296.35269344679034
0.99999983161687855 -296.87732582348809
0.99999983191490172 -297.40381840250694
0.99999983221292499 -297.93218148942805
0.99999983251094826 -298.46242487233911
0.99999983280897142 -298.99455840771162
0.9999998331069947 -299.52859261889557
0.99999983340501797 -300.06453750735471
0.99999983370304113 -300.60240314481973
0.9999998340010644 -301.1422002782586
0.99999983429908768 -301.68393912832249
0.99999983459711084 -302.22762998787317
0.99999983489513411 -302.77328383353756
0.99999983519315738 -303.3209111111554
0.99999983549118054 -303.87052234078465
0.99999983578920371 -304.42212852908756
0.99999983608722698 -304.97574076426582
0.99999983638525025 -305.53136980208842
0.99999983668327341 -306.08902647532483
0.99999983698129657 -306.64872211220444
0.99999983727931985 -307.21046812547149
0.99999983757734312 -307.7742755923357
0.99999983787536628 -308.34015566991451
0.99999983817338944 -308.9081200199019
0.99999983847141272 -309.4781803916145
0.99999983876943599 -310.05034819572961
0.99999983906745915 -310.6246349258721
0.99999983936548231 -311.20105258963127
0.99999983966350559 -311.77961328546508
0.99999983996152886 -312.36032877008955
0.99999984025955202 -312.94321088634615
0.99999984055757518 -313.52827200071061
0.99999984085559845 -314.11552457392116
0.99999984115362173 -314.70498072187468
0.99999984145164489 -315.29665264991741
0.99999984174966805 -315.89055309699467
0.99999984204769132 -316.4866948998619
0.9999998423457146 -317.08509054734174
0.99999984264373776 -317.68575262118372
0.99999984294176092 -318.28869424700866
0.99999984323978419 -318.89392865195703
0.99999984353780746 -319.50146871215679
0.99999984383583063 -320.11132740030291
0.99999984413385379 -320.72351824355331
0.99999984443187706 -321.33805487446688
0.99999984472990033 -321.9549505715259
0.9999998450279235 -322.57421871359065
0.99999984532594666 -323.1958732449101
0.99999984562396993 -323.81992821919613
0.9999998459219932 -324.44639733304012
0.99999984622001636 -325.07529438740289
0.99999984651803964 -325.70663399555752
0.99999984681606291 -326.3404301784629
0.99999984711408607 -326.97669706456549
0.99999984741210934 -327.61544960608717
0.99999984771013262 -328.25670215796373
0.99999984800815578 -328.90046918584864
0.99999984830617905 -329.54676599089419
0.99999984860420232 -330.19560727196546
0.99999984890222549 -330.84700784199208
0.99999984920024876 -331.5009833613945
0.99999984949827203 -332.15754888327746
0.99999984979629519 -332.81671957827751
0.99999985009431835 -333.47851122976533
0.99999985039234163 -334.14293974883623
0.9999998506903649 -334.81002067759829
0.99999985098838806 -335.47976968051216
0.99999985113739964 -335.81564981089156
0.99999985128641122 -336.15220304760339
0.99999985143542292 -336.48943166754918
0.9999998515844345 -336.82733720174946
0.99999985173344608 -337.1659219429111
0.99999985188245777 -337.50518819398121
0.99999985203146935 -337.84513750759288
0.99999985218048093 -338.18577220274153
0.99999985232949251 -338.52709435424458
0.99999985247850409 -338.86910604530277
0.99999985262751578 -339.21180962313417
0.99999985277652736 -339.55520667716672
0.99999985292553895 -339.89929957108143
0.99999985307455064 -340.24409067918771
0.99999985322356222 -340.58958161346538
0.9999998533725738 -340.93577476494181
0.99999985352158538 -341.2826722767004
0.99999985367059696 -341.63027630055433
0.99999985381960865 -341.97858925686836
0.99999985396862023 -342.32761279602306
0.99999985411763181 -342.67734935553688
0.99999985426664351 -343.0278013839623
0.99999985441565509 -343.37897055522006
0.99999985456466667 -343.73085933528409
0.99999985471367825 -344.08346993833493
0.99999985486268983 -344.43680458764624
0.99999985501170152 -344.79086577969855
0.9999998551607131 -345.14565522850165
0.99999985530972468 -345.50117544841527
0.99999985545873638 -345.85742896525886
0.99999985560774796 -346.21441751762103
0.99999985575675954 -346.57214364948163
0.99999985590577112 -346.93060964909125
0.9999998560547827 -347.28981781417519
0.99999985620379439 -347.64977072044661
0.99999985635280597 -348.01047014835916
0.99999985650181755 -348.37191869226734
0.99999985665082924 -348.73411895843208
0.99999985679984082 -349.09707275297836
0.99999985694885241 -349.46078270110405
0.99999985709786399 -349.82525116825286
0.99999985724687557 -350.1904805297446
0.99999985739588726 -350.55647344379838
0.99999985754489884 -350.92323176027219
0.99999985769391042 -351.29075815682808
0.99999985784292211 -351.65905532350206
0.99999985799193369 -352.02812513697376
0.99999985814094527 -352.39797030703318
0.99999985828995686 -352.7685932795996
0.99999985843896844 -353.13999651089097
0.99999985858798013 -353.51218274507039
0.99999985873699171 -353.88515390451738
0.99999985888600329 -354.25891275368093
0.99999985903501498 -354.63346206987541
0.99999985918402656 -355.00880380351208
0.99999985933303814 -355.38494075251862
0.99999985948204972 -355.76187544674173
0.99999985963106131 -356.13961042677079
0.999999859780073 -356.51814852632708
0.99999985992908458 -356.89749174359264
0.99999986007809616 -357.27764293346138
0.99999986022710785 -357.65860496420805
0.99999986037611943 -358.04037986332207
0.99999986052513101 -358.42297052059547
0.9999998606741427 -358.80637983940113
0.99999986082315429 -359.19060987703125
0.99999986097216587 -359.575663558727
0.99999986112117756 -359.96154382351415
0.99999986127018914 -360.34825275899328
0.99999986141920072 -360.73579332641657
0.99999986156821241 -361.12416850102801
0.99999986171722399 -361.51338040125233
0.99999986186623557 -361.90343202492483
0.99999986201524727 -362.29432638408463
0.99999986216425885 -362.68606562850579
0.99999986231327043 -363.07865279319105
0.99999986246228212 -363.47209092756196
0.9999998626112937 -363.86638221327837
0.99999986276030528 -364.26152972310518
0.99999986290931697 -364.65753654444541
0.99999986305832855 -365.0544048913921
0.99999986320734013 -365.45213787507839
0.99999986335635183 -365.85073862149983
0.99999986350536341 -366.25020937774059
0.99999986365437499 -366.65055329392084
0.99999986380338668 -367.05177353525085
0.99999986395239826 -367.45387238237532
0.99999986410140984 -367.85685302503208
0.99999986425042142 -368.26071836704773
0.999999864399433 -368.66547132501285
0.99999986454844469 -369.07111513091314
0.99999986469745628 -369.47765212262408
0.99999986484646786 -369.88508555734757
0.99999986499547955 -370.29341870800505
0.99999986514449113 -370.70265394760833
0.99999986529350271 -371.1127945747196
0.99999986544251429 -371.52384359727017
0.99999986559152587 -371.93580403653021
0.99999986574053756 -372.34867923514025
0.99999986588954914 -372.76247162604108
0.99999986603856073 -373.17718457824077
0.99999986618757242 -373.59282147712872
0.999999866336584 -374.00938479244525
0.99999986648559558 -374.4268779363951
0.99999986663460716 -374.84530402572148
0.99999986678361874 -375.26466619111306
0.99999986693263043 -375.68496789078125
0.99999986708164201 -376.10621165724365
0.99999986723065359 -376.52840097629348
0.99999986737966529 -376.95153935080282
0.99999986752867687 -377.37562935184474
0.99999986767768845 -377.80067451034552
0.99999986782670003 -378.22667805682585
0.99999986797571161 -378.65364323639113
0.9999998681247233 -379.08157362800677
0.99999986827373488 -379.51047186853185
0.99999986842274646 -379.94034156579562
0.99999986857175815 -380.37118634544004
0.99999986872076974 -380.80300888473505
0.99999986886978132 -381.23581283868526
0.9999998690187929 -381.66960155682824
0.99999986916780448 -382.10437840396094
0.99999986931681617 -382.54014708527058
0.99999986946582775 -382.97691034699204
0.99999986961483933 -383.41467192452961
0.99999986976385102 -383.85343557187429
0.9999998699128626 -384.29320407763299
0.99999987006187419 -384.73398122654072
0.99999987021088588 -385.17577082222022
0.99999987035989746 -385.61857569641467
0.99999987050890904 -386.06239968402878
0.99999987065792073 -386.50724663916174
0.99999987080693231 -386.95311943747367
0.99999987095594389 -387.4000219648949
0.99999987110495558 -387.84795812686394
0.99999987125396717 -388.29693084375407
0.99999987140297875 -388.74694405339602
0.99999987155199044 -389.1980017134473
0.99999987170100202 -389.65010678980912
0.9999998718500136 -390.10326327310406
0.99999987199902529 -390.55747517410788
0.99999987214803687 -391.01274550508077
0.99999987229704845 -391.46907831034827
0.99999987244606015 -391.92647765472162
0.99999987259507173 -392.38494659766985
0.99999987274408331 -392.8444892381512
0.999999872893095 -393.30510969594889
0.99999987304210658 -393.76681107860855
0.99999987319111816 -394.22959754067057
0.99999987334012985 -394.69347325784702
0.99999987348914143 -395.15844138664647
0.99999987363815301 -395.62450613816105
0.99999987378716459 -396.09167139653198
0.99999987393617618 -396.55994106426493
0.99999987408518787 -397.0293194124668
0.99999987423419945 -397.49980968127426
0.99999987438321103 -397.97141617824281
0.99999987453222272 -398.44414323305898
0.9999998746812343 -398.91799413728216
0.99999987483024588 -399.39297325770724
0.99999987497925746 -399.86908462847924
0.99999987512826904 -400.34633230299949
0.99999987527728074 -400.82472071089336
0.99999987542629232 -401.30425323156874
0.9999998755753039 -401.78493433289054
0.99999987572431559 -402.26676850586733
0.99999987587332717 -402.7497591839371
0.99999987602233875 -403.23391089704666
0.99999987617135033 -403.7192278366573
0.99999987632036191 -404.20571421443015
0.99999987646937361 -404.69337462612157
0.99999987661838519 -405.18221259749112
0.99999987676739677 -405.67223276443127
0.99999987691640846 -406.16343978705004
0.99999987706542004 -406.65583724790082
0.99999987721443162 -407.14942984796824
0.9999998773634432 -407.6442219437734
0.99999987751245478 -408.14021791303691
0.99999987766146647 -408.63742252570586
0.99999987781047806 -409.13583946139886
0.99999987795948964 -409.63547353220935
0.99999987810850133 -410.13632957557996
0.99999987825751291 -410.63841133085475
0.99999987840652449 -411.1417236784078
0.99999987855553607 -411.64627114802556
0.99999987870454765 -412.15205829175426
0.99999987885355934 -412.65909006226838
0.99999987900257092 -413.16737030101166
0.9999998791515825 -413.67690400493728
0.9999998793005942 -414.18769619754755
0.99999987944960578 -414.69975078312297
0.99999987959861736 -415.21307283027647
0.99999987974762905 -415.72766743463802
0.99999987989664063 -416.2435385645407
0.99999988004565221 -416.76069136157696
0.9999998801946639 -417.27913099483339
0.99999988034367548 -417.7988614979397
0.99999988049268707 -418.31988808681575
0.99999988064169876 -418.84221600536472
0.99999988079071034 -419.36584935378465
0.99999988093972192 -419.89079342370201
0.99999988108873361 -420.41705353522582
0.99999988123774519 -420.94463385642445
0.99999988138675677 -421.47353975604079
0.99999988153576846 -422.00377663181064
0.99999988168478005 -422.53534872100431
0.99999988183379163 -423.06826147092329
0.99999988198280332 -423.60252035838278
0.9999998821318149 -424.13812969121807
0.99999988228082648 -424.67509499676333
0.99999988242983817 -425.21342183239989
0.99999988257884975 -425.75311457792219
0.99999988272786133 -426.29417884220504
0.99999988287687303 -426.8366202647162
0.99999988302588461 -427.38044329863607
0.99999988317489619 -427.9256536359228
0.99999988332390777 -428.4722565919144
0.99999988347291935 -429.02025750913634
0.99999988362193104 -429.56966216733935
0.99999988377094262 -430.12047514527671
0.9999998839199542 -430.67270227690409
0.99999988406896589 -431.22634942828427
0.99999988421797747 -431.78142125552864
0.99999988436698906 -432.33792367996546
0.99999988451600064 -432.89586223938949
0.99999988466501222 -433.45524250021418
0.99999988481402391 -434.01607047604676
0.99999988496303549 -434.57835095540094
0.99999988511204707 -435.14209000897341
0.99999988526105876 -435.70729374117593
0.99999988541007034 -436.27396702210785
0.99999988555908192 -436.84211601439887
0.99999988570809351 -437.41174649006086
0.99999988585710509 -437.98286425124672
0.99999988600611678 -438.55547555763366
0.99999988615512836 -439.12958541899604
0.99999988630413994 -439.70520015516979
0.99999988645315163 -440.28232612141397
0.99999988660216321 -440.86096841359245
0.99999988675117479 -441.44113344832482
0.99999988690018637 -442.02282724435508
0.99999988704919796 -442.60605585218838
0.99999988719820965 -443.19082579056357
0.99999988734722123 -443.77714230276882
0.99999988749623281 -444.36501197097027
0.9999998876452445 -444.95444141457403
0.99999988779425608 -445.54543596775733
0.99999988794326766 -446.13800231463415
0.99999988809227924 -446.73214673400616
0.99999988824129082 -447.32787553816178
0.99999988839030252 -447.92519551873244
0.9999998885393141 -448.5241121655813
0.99999988868832568 -449.12463233725077
0.99999988883733737 -449.726762931454
0.99999988898634895 -450.33050953406376
0.99999988913536053 -450.9358791110696
0.99999988928437222 -451.54287866838786
0.9999998894333838 -452.1515138899079
0.99999988958239538 -452.76179185122095
0.99999988973140708 -453.37371966861906
0.99999988988041866 -453.98730312606534
0.99999989002943024 -454.60254941095957
0.99999989017844193 -455.21946575219505
0.99999989032745351 -455.83805803591662
0.99999989047646509 -456.45833356359373
0.99999989062547678 -457.08029967900023
0.99999989077448836 -457.70396237262463
0.99999989092349995 -458.32932906232162
0.99999989107251164 -458.95640720908216
0.99999989122152322 -459.58520290995267
0.9999998913705348 -460.21572370154701
0.99999989151954649 -460.84797716446627
0.99999989166855807 -461.4819695045868
0.99999989181756965 -462.11770837971306
0.99999989196658134 -462.75520149250912
0.99999989211559293 -463.39445516000961
0.99999989226460451 -464.03547716370218
0.9999998924136162 -464.67827533082777
0.99999989256262778 -465.32285609196686
0.99999989271163936 -465.9692273548452
0.99999989286065094 -466.61739659026097
0.99999989300966252 -467.26737131063288
0.99999989315867421 -467.91915955658686
0.99999989330768579 -468.57276795341943
0.99999989345669738 -469.22820462510407
0.99999989360570907 -469.88547774385864
0.99999989375472065 -470.54459405519634
0.99999989390373223 -471.20556181645844
0.99999989405274381 -471.86838883966817
0.99999989420175539 -472.53308298086034
0.99999989435076708 -473.19965263772497
0.99999989449977866 -473.86810476199236
0.99999989464879024 -474.5384478395377
0.99999989479780194 -475.21069040714059
0.99999989494681352 -475.88483954388727
0.9999998950958251 -476.56090387664295
0.99999989524483668 -477.23889157836192
0.99999989539384826 -477.91881086856768
0.99999989554285995 -478.60067052243545
0.99999989569187153 -479.28447783758293
0.99999989584088311 -479.97024168254779
0.9999998959898948 -480.65797097961479
0.99999989613890639 -481.34767316140403
0.99999989628791797 -482.03935724559773
0.99999989643692955 -482.73303178716861
0.99999989658594113 -483.42870539039728
0.99999989673495282 -484.1263872297921
0.9999998968839644 -484.82608496969914
0.99999989703297598 -485.52780788353533
0.99999989718198767 -486.23156530150248
0.99999989733099925 -486.93736503114673
0.99999989748001084 -487.645216503759
0.99999989762902242 -488.3551286789139
0.999999897778034 -489.06711056842823
0.99999989792704569 -489.78117176953583
0.99999989807605727 -490.49732033565778
0.99999989822506885 -491.21556596888092
0.99999989837408054 -491.93591843132964
0.99999989852309212 -492.65838592841766
0.9999998986721037 -493.38297832946103
0.9999998988211154 -494.10970556509136
0.99999989897012698 -494.83857599617687
0.99999989911913856 -495.56959966294193
0.99999989926815025 -496.30278666823887
0.99999989941716183 -497.03814553194508
0.99999989956617341 -497.77568646897151
0.9999998997151851 -498.51541975820322
0.99999989986419668 -499.25735408217906
0.99999990001320826 -500.00149983437518
0.99999990016221996 -500.74786747362407
0.99999990031123154 -501.49646584887739
0.99999990046024312 -502.2473055361607
0.99999990060925481 -503.00039717827332
0.99999990075826639 -503.75574979443542
0.99999990090727797 -504.51337414731211
0.99999990105628966 -505.27328106779902
0.99999990120530124 -506.035479749346
0.99999990135431283 -506.79998114545998
0.99999990150332452 -507.56679627937388
0.9999999016523361 -508.33593452283856
0.99999990180134768 -509.10740702451949
0.99999990195035937 -509.88122500434434
0.99999990209937095 -510.65739801654883
0.99999990224838253 -511.43593740939269
0.99999990239739411 -512.21685402125797
0.99999990254640569 -513.0001587568172
0.99999990269541739 -513.78586317383099
0.99999990284442897 -514.5739771402956
0.99999990299344055 -515.36451234731635
0.99999990314245224 -516.1574805615636
0.99999990329146382 -516.95289184525893
0.9999999034404754 -517.7507581015376
0.99999990358948698 -518.5510907135772
0.99999990373849856 -519.35390113504013
0.99999990388751026 -520.15920149154454
0.99999990403652184 -520.96700217938144
0.99999990418553342 -521.77731546603047
0.99999990433454511 -522.59015369915983
0.99999990448355669 -523.405527481935
0.99999990463256827 -524.22344930724648
0.99999990478157985 -525.04393113773244
0.99999990493059143 -525.86698501103285
0.99999990507960312 -526.69262365649024
0.9999999052286147 -527.52085803322814
0.99999990537762629 -528.3517010216276
0.99999990552663798 -529.18516558723252
0.99999990567564956 -530.02126290967885
0.99999990582466114 -530.86000610917154
0.99999990597367272 -531.70140776515518
0.9999999061226843 -532.54548053694373
0.99999990627169599 -533.3922377962416
0.99999990642070757 -534.24169110225421
0.99999990656971915 -535.09385398761935
0.99999990671873085 -535.94874007549595
0.99999990686774243 -536.80636116032008
0.99999990701675401 -537.66673103009373
0.99999990716576559 -538.52986292133903
0.99999990731477717 -539.39577015569989
0.99999990746378886 -540.26446678889954
0.99999990761280044 -541.13596502043981
0.99999990776181202 -542.01027907765899
0.99999990791082372 -542.88742328419164
0.9999999080598353 -543.76741009066996
0.99999990820884688 -544.6502539965669
0.99999990835785857 -545.53596959993229
0.99999990850687015 -546.42456960881907
0.99999990865588173 -547.3160688014633
0.99999990880489342 -548.21048205702584
0.999999908953905 -549.10782234745716
0.99999990910291658 -550.00810473658225
0.99999990925192828 -550.91134439156588
0.99999990940093986 -551.81755455492885
0.99999990954995144 -552.72675058311177
0.99999990969896313 -553.63894793838176
0.99999990984797471 -554.5541601407034
0.99999990999698629 -555.47240284636962
0.99999991014599798 -556.3936918200601
0.99999991029500956 -557.31804086626596
0.99999991044402115 -558.24546594858521
0.99999991059303284 -559.17598314164047
0.99999991074204442 -560.10960654174619
0.999999910891056 -561.04635242748509
0.99999991104006769 -561.98623719117813
0.99999991118907927 -562.92927522848515
0.99999991133809085 -563.87548314088406
0.99999991148710254 -564.82487764638597
0.99999991163611412 -565.77747344775003
0.99999991178512571 -566.73328747749929
0.99999991193413729 -567.69233607181502
0.99999991208314887 -568.65463567763254
0.99999991223216056 -569.62020357420556
0.99999991238117214 -570.58905499400964
0.99999991253018372 -571.56120744010559
0.99999991267919541 -572.53667853996376
0.99999991282820699 -573.51548385503088
0.99999991297721857 -574.49764124239243
0.99999991312623016 -575.48316795113044
0.99999991327524174 -576.47208134887683
0.99999991342425343 -577.46439966344178
0.99999991357326501 -578.46013902397169
0.99999991372227659 -579.45931789797771
0.99999991387128828 -580.46195488591684
0.99999991402029986 -581.46806646965672
0.99999991416931144 -582.47767149566243
0.99999991431832302 -583.49078819058548
0.99999991446733461 -584.50743490809248
0.9999999146163463 -585.52763089140444
0.99999991476535788 -586.55139323135631
0.99999991491436946 -587.5787414281366
0.99999991506338115 -588.60969512413976
0.99999991521239273 -589.64427178873882
0.99999991536140431 -590.68249132815197
0.99999991551041589 -591.72437301684465
0.99999991565942747 -592.76993626549825
0.99999991580843917 -593.81920140536124
0.99999991595745075 -594.8721865596608
0.99999991610646233 -595.92891233539001
0.99999991625547402 -596.98939949180442
0.9999999164044856 -598.05366655876685
0.99999991655349718 -599.12173457873973
0.99999991670250876 -600.1936239503932
0.99999991685152034 -601.26935521862447
0.99999991700053203 -602.34894988167468
0.99999991714954362 -603.43242717213957
0.9999999172985552 -604.51980888444871
0.99999991744756689 -605.6111169762313
0.99999991759657847 -606.70637111733345
0.99999991774559005 -607.80559356970423
0.99999991789460174 -608.90880676283916
0.99999991804361332 -610.01603081601706
0.9999999181926249 -611.12728847145354
0.9999999183416366 -612.24260264339773
0.99999991849064818 -613.36199391315176
0.99999991863965976 -614.48548551636441
0.99999991878867145 -615.61310086535389
0.99999991893768303 -616.74486101645584
0.99999991908669461 -617.88078971235791
0.9999999192357063 -619.02091087720453
0.99999991938471788 -620.1652460558156
0.99999991953372946 -621.31381951197579
0.99999991968274116 -622.46665569587424
0.99999991983175274 -623.62377665472093
0.99999991998076432 -624.78520718792913
0.99999992012977601 -625.95097228642874
0.99999992027878759 -627.12109451419917
0.99999992042779917 -628.29559922130522
0.99999992057681086 -629.47451195461031
0.99999992072582244 -630.65785580973716
0.99999992087483403 -631.84565670293352
0.99999992102384572 -633.03794075270764
0.9999999211728573 -634.23473160171068
0.99999992132186888 -635.43605574843616
0.99999992147088046 -636.64193899912755
0.99999992161989204 -637.85240735627394
0.99999992176890373 -639.06748792750693
0.99999992191791531 -640.28720530284056
0.99999992206692689 -641.51158698838299
0.99999992221593859 -642.74066070799415
0.99999992236495017 -643.97445164241128
0.99999992251396175 -645.21298792558218
0.99999992266297333 -646.45629698726282
0.99999992281198491 -647.70440646902171
0.9999999229609966 -648.95734516160587
0.99999992311000818 -650.2151392693728
0.99999992325901976 -651.4778180134258
0.99999992340803145 -652.74541084957593
0.99999992355704304 -654.01794462082262
0.99999992370605462 -655.29544922607045
0.9999999238550662 -656.57795384829183
0.99999992400407778 -657.86548789934488
0.99999992415308947 -659.15808198717161
0.99999992430210105 -660.45576406207852
0.99999992445111263 -661.75856519734782
0.99999992460012432 -663.06651671955899
0.9999999247491359 -664.37964727028293
0.99999992489814749 -665.69798865543055
0.99999992504715907 -667.02157195353061
0.99999992519617065 -668.35042849074966
0.99999992534518234 -669.68459083937478
0.99999992549419392 -671.0240888402559
0.99999992556869977 -671.69584959953409
0.9999999256432055 -672.3689555694682
0.99999992571771135 -673.04341280686526
0.99999992579221719 -673.7192243767895
0.99999992586672293 -674.39639335258209
0.99999992594122877 -675.07492585221007
0.99999992601573462 -675.75482498398878
0.99999992609024035 -676.436093864687
0.99999992616474609 -677.11873765603889
0.99999992623925194 -677.80276154474086
0.99999992631375778 -678.48816869786015
0.99999992638826352 -679.17496229115591
0.99999992646276936 -679.86314858864887
0.99999992653727521 -680.55273080229892
0.99999992661178094 -681.24371215294104
0.99999992668628679 -681.93609896866292
0.99999992676079263 -682.62989450704208
0.99999992683529837 -683.32510203471838
0.99999992690980422 -684.021727944752
0.99999992698431006 -684.71977554107696
0.9999999270588158 -685.41924813688058
0.99999992713332164 -686.12015219111754
0.99999992720782749 -686.82249105483106
0.99999992728233322 -687.52626808851335
0.99999992735683907 -688.23148981795111
0.99999992743134491 -688.93815964206419
0.99999992750585065 -689.64628096942113
0.9999999275803565 -690.35586039359509
0.99999992765486234 -691.06690136216457
0.99999992772936808 -691.77940733256014
0.99999992780387392 -692.49338496711391
0.99999992787837977 -693.20883776285962
0.9999999279528855 -693.92576922689125
0.99999992802739135 -694.64418609128825
0.9999999281018972 -695.36409190335189
0.99999992817640293 -696.08549022065597
0.99999992825090878 -696.80838784603498
0.99999992832541462 -697.53278837788514
0.99999992839992036 -698.25869542509224
0.9999999284744262 -698.98611586227071
0.99999992854893205 -699.71505333975585
0.99999992862343778 -700.44551151859332
0.99999992869794363 -701.17749734622157
0.99999992877244948 -701.91101452577425
0.99999992884695521 -702.64606677132269
0.99999992892146106 -703.38266110419124
0.9999999289959669 -704.12080128118953
0.99999992907047264 -704.86049107029498
0.99999992914497848 -705.60173756780068
0.99999992921948433 -706.34454458508526
0.99999992929399006 -707.08891594493173
0.99999992936849591 -707.8348588197033
0.99999992944300176 -708.58237707625926
0.99999992951750749 -709.33147459310408
0.99999992959201334 -710.08215861979306
0.99999992966651918 -710.83443307959521
0.99999992974102492 -711.58830190767128
0.99999992981553076 -712.34377243191113
0.99999992989003661 -713.10084863294105
0.99999992996454234 -713.85953450353009
0.99999993003904819 -714.61983745106681
0.99999993011355404 -715.38176151450045
0.99999993018805977 -716.14531074518061
0.99999993026256562 -716.91049263117941
0.99999993033707146 -717.67731127075433
0.9999999304115772 -718.44577077482541
0.99999993048608304 -719.21587871335691
0.99999993056058889 -719.98763924491846
0.99999993063509462 -720.76105654101173
0.99999993070960047 -721.53613825472166
0.99999993078410632 -722.31288860595589
0.99999993085861205 -723.09131182782767
0.99999993093311779 -723.87141449409751
0.99999993100762363 -724.65320321193792
0.99999993108212948 -725.43668228466936
0.99999993115663521 -726.22185602919239
0.99999993123114106 -727.0087322974548
0.99999993130564691 -727.79731545658569
0.99999993138015264 -728.58760988758274
0.99999993145465849 -729.379623529784
0.99999993152916433 -730.1733608152216
0.99999993160367007 -730.96882619009159
0.99999993167817591 -731.76602768245527
0.99999993175268176 -732.56496979036513
0.99999993182718749 -733.36565702633857
0.99999993190169334 -734.16809750851951
0.99999993197619919 -734.97229580211956
0.99999993205070492 -735.7782564871236
0.99999993212521066 -736.58598656820868
0.9999999321997165 -737.39549308612675
0.99999993227422235 -738.20678069744793
0.99999993234872808 -739.0198540739359
0.99999993242323393 -739.83472154935851
0.99999993249773977 -740.65138785019417
0.99999993257224551 -741.46985771843947
0.99999993264675135 -742.29013958266466
0.9999999327212572 -743.11223824047579
0.99999993279576294 -743.93615850532763
0.99999993287026878 -744.7619089020684
0.99999993294477463 -745.5894943006748
0.99999993301928036 -746.41891958731105
0.99999993309378621 -747.25019338460777
0.99999993316829205 -748.08332063618138
0.99999993324279779 -748.9183063021818
0.99999993331730352 -749.75515785615528
0.99999993339180937 -750.59388281065947
0.99999993346631522 -751.43448620951654
0.99999993354082095 -752.2769731135561
0.9999999336153268 -753.1213523795825
0.99999993368983264 -753.96762912812187
0.99999993376433838 -754.81580849707223
0.99999993383884422 -755.66589944624889
0.99999993391335007 -756.51790717424103
0.9999999339878558 -757.37183689738174
0.99999993406236165 -758.22769768013382
0.9999999341368675 -759.08549480053625
0.99999993421137323 -759.94523355475292
0.99999993428587908 -760.80692311356256
0.99999993436038492 -761.67056883586974
0.99999993443489066 -762.53617609909475
0.99999993450939639 -763.40375288777011
0.99999993458390224 -764.27330722868737
0.99999993465840809 -765.14484459082735
0.99999993473291382 -766.0183704622201
0.99999993480741967 -766.89389426838727
0.99999993488192551 -767.7714215625972
0.99999993495643125 -768.65095791757835
0.99999993503093709 -769.53251287097169
0.99999993510544294 -770.41609206185126
0.99999993517994867 -771.30170114917166
0.99999993525445452 -772.18934978451
0.99999993532896037 -773.07904369429673
0.9999999354034661 -773.97078862527258
0.99999993547797195 -774.86459434480469
0.99999993555247779 -775.76046666826335
0.99999993562698353 -776.65841143176851
0.99999993570148926 -777.55843717767107
0.99999993577599511 -778.46055249417725
0.99999993585050095 -779.36476331776521
0.99999993592500669 -780.27107560626541
0.99999993599951253 -781.17949940464371
0.99999993607401838 -782.0900407421459
0.99999993614852412 -783.0027056698334
0.99999993622302996 -783.91750435491781
0.99999993629753581 -784.83444292111187
0.99999993637204154 -785.75352751441858
0.99999993644654739 -786.674768426318
0.99999993652105323 -787.59817187672616
0.99999993659555897 -788.52374410833534
0.99999993667006482 -789.45149553895806
0.99999993674457066 -790.38143248648794
0.9999999368190764 -791.31356129209144
0.99999993689358224 -792.24789250202093
0.99999993696808809 -793.18443253396003
0.99999993704259382 -794.12318782937314
0.99999993711709967 -795.06416906510401
0.99999993719160551 -796.00738276047809
0.99999993726611125 -796.95283545912218
0.9999999373406171 -797.90053797066582
0.99999993741512294 -798.85049691796917
0.99999993748962868 -799.80271894872681
0.99999993756413452 -800.75721500759528
0.99999993763864037 -801.71399182290395
0.9999999377131461 -802.67305614836152
0.99999993778765195 -803.63441906593971
0.9999999378621578 -804.5980874114141
0.99999993793666353 -805.56406804649805
0.99999993801116938 -806.53237219281425
0.99999993808567522 -807.50300679560519
0.99999993816018096 -808.47597882662274
0.9999999382346868 -809.45129964952639
0.99999993830919265 -810.42897632109145
0.99999993838369838 -811.40901592518708
0.99999993845820423 -812.39142996994565
0.99999993853271008 -813.3762256257869
0.99999993860721581 -814.36341009082355
0.99999993868172166 -815.35299502014823
0.9999999387562275 -816.34498769998436
0.99999993883073324 -817.33939544486111
0.99999993890523908 -818.33623005937272
0.99999993897974493 -819.33549894775354
0.99999993905425066 -820.33720954317153
0.99999993912875651 -821.341373802318
0.99999993920326236 -822.34799924969502
0.99999993927776809 -823.3570934393822
0.99999993935227394 -824.36866848281829
0.99999993942677978 -825.3827320270824
0.99999993950128552 -826.39929174948895
0.99999993957579136 -827.41835991893333
0.99999993965029721 -828.43994430743101
0.99999993972480294 -829.46405271790866
0.99999993979930879 -830.49069757948484
0.99999993987381464 -831.51988679152714
0.99999993994832037 -832.5516282850042
0.99999994002282622 -833.58593465208594
0.99999994009733206 -834.62281392196064
0.9999999401718378 -835.66227415612616
0.99999994024634364 -836.70432811269234
0.99999994032084949 -837.74898395319519
0.99999994039535522 -838.79624987220484
0.99999994046986096 -839.84613723031043
0.99999994054436681 -840.89865745287864
0.99999994061887265 -841.95381888193924
0.99999994069337839 -843.01162989355021
0.99999994076788423 -844.07210364461071
0.99999994084239008 -845.13524861562087
0.99999994091689581 -846.20107332187729
0.99999994099140166 -847.26959109631707
0.9999999410659075 -848.34081056063792
0.99999994114041324 -849.41474037211981
0.99999994121491909 -850.49139404291373
0.99999994128942493 -851.57078033870459
0.99999994136393067 -852.65290806156554
0.99999994143843651 -853.73779090610856
0.99999994151294236 -854.82543778486092
0.99999994158744809 -855.9158576475636
0.99999994166195383 -857.00906274352519
0.99999994173645967 -858.10506539303196
0.99999994181096552 -859.20387470895866
0.99999994188547126 -860.30549984252639
0.9999999419599771 -861.40995492712966
0.99999994203448295 -862.51724922941082
0.99999994210898868 -863.62739205523417
0.99999994218349453 -864.74039773181494
0.99999994225800037 -865.85627568264988
0.99999994233250611 -866.9750353713539
0.99999994240701195 -868.09669132253998
0.9999999424815178 -869.22125311971786
0.99999994255602354 -870.34873038743478
0.99999994263052938 -871.47913785136063
0.99999994270503523 -872.61248525825249
0.99999994277954096 -873.7487823968479
0.9999999428540467 -874.88804249777013
0.99999994292855254 -876.030278869585
0.99999994300305839 -877.17550148187979
0.99999994307756412 -878.32372034751518
0.99999994315206997 -879.47495067599357
0.99999994322657582 -880.62920260800274
0.99999994330108155 -881.78648632850309
0.9999999433755874 -882.94681726086606
0.99999994345009324 -884.1102057203808
0.99999994352459898 -885.27666206763467
0.99999994359910482 -886.44620194390598
0.99999994367361067 -887.61883584267241
0.9999999437481164 -888.79457430376067
0.99999994382262225 -889.97343319048889
0.9999999438971281 -891.15542317819643
0.99999994397163383 -892.34055498965074
0.99999994404613957 -893.52884294139199
0.99999994412064541 -894.7203014357475
0.99999994419515126 -895.91494139640963
0.99999994426965699 -897.11277379597936
0.99999994434416284 -898.3138150324877
0.99999994441866868 -899.51807622041508
0.99999994449317442 -900.725568524295
0.99999994456768027 -901.93630857868777
0.99999994464218611 -903.15030769284499
0.99999994471669185 -904.36757722724633
0.99999994479119769 -905.58813405755268
0.99999994486570354 -906.81198969186971
0.99999994494020927 -908.03915569073513
0.99999994501471512 -909.26964917559235
0.99999994508922097 -910.50348185758401
0.9999999451637267 -911.74066550152088
0.99999994523823243 -912.98121562834217
0.99999994531273828 -914.22514785362887
0.99999994538724413 -915.47247416592847
0.99999994546174986 -916.72320660915648
0.99999994553625571 -917.97736289708837
0.99999994561076155 -919.2349552314821
0.99999994568526729 -920.49599587077739
0.99999994575977313 -921.76050279096387
0.99999994583427898 -923.02848841155333
0.99999994590878472 -924.29996521008877
0.99999994598329056 -925.57495142996436
0.99999994605779641 -926.85345971310517
0.99999994613230214 -928.13550276085209
0.99999994620680799 -929.42109908932105
0.99999994628131383 -930.71026156762753
0.99999994635581957 -932.00300312572506
0.99999994643032541 -933.29934255789897
0.99999994650483126 -934.59929296535438
0.999999946579337 -935.90286751159454
0.99999994665384284 -937.21008527465608
0.99999994672834869 -938.52095959285919
0.99999994680285442 -939.83550386831996
0.99999994687736027 -941.15373746854743
0.99999994695186611 -942.47567397413002
0.99999994702637185 -943.80132703099173
0.9999999471008777 -945.13071630197555
0.99999994717538354 -946.4638556152255
0.99999994724988928 -947.80075886580266
0.99999994732439512 -949.14144601789269
0.99999994739890097 -950.48593115261883
0.9999999474734067 -951.83422841964739
0.99999994754791255 -953.18635809066518
0.99999994762241839 -954.5423345053415
0.99999994769692413 -955.90217207355613
0.99999994777142998 -957.26589138081249
0.99999994784593582 -958.63350703103629
0.99999994792044156 -960.00503370007891
0.9999999479949474 -961.38049229373348
0.99999994806945325 -962.75989768604381
0.99999994814395898 -964.14326482474098
0.99999994821846483 -965.53061494254655
0.99999994829297068 -966.92196318963852
0.99999994836747641 -968.31732479169182
0.99999994844198226 -969.71672131516459
0.9999999485164881 -971.12016819254404
0.99999994859099384 -972.52768093367479
0.99999994866549968 -973.93928144573431
0.99999994874000553 -975.35498544985808
0.99999994881451126 -976.77480874645198
0.99999994888901711 -978.19877359057443
0.99999994896352296 -979.62689599851922
0.99999994903802869 -981.05919206781516
0.99999994911253454 -982.49568440875044
0.99999994918704038 -983.93638933945977
0.99999994926154612 -985.38132326133382
0.99999994933605196 -986.83050914742944
0.99999994941055781 -988.28396362458568
0.99999994948506354 -989.74170340497653
0.99999994955956939 -991.20375183216242
0.99999994963407524 -992.67012584873714
0.99999994970858097 -994.14084248476524
0.99999994978308682 -995.6159254622504
0.99999994985759266 -997.0953920467814
0.9999999499320984 -998.57925959361569
0.99999995000660413 -1000.0675499903151
0.99999995008110998 -1001.5602852683336
0.99999995015561582 -1003.0574831355275
0.99999995023012156 -1004.5591613924485
0.99999995030462741 -1006.0653446761944
0.99999995037913325 -1007.5760510352928
0.99999995045363899 -1009.0912986133135
0.99999995052814483 -1010.6111124538081
0.99999995060265068 -1012.1355109539005
0.99999995067715641 -1013.6645126081715
0.99999995075166226 -1015.1981428755203
0.9999999508261681 -1016.7364205098124
0.99999995090067384 -1018.279364364853
0.99999995097517969 -1019.8270003240234
0.99999995104968553 -1021.3793475063017
0.99999995112419127 -1022.9364251331615
0.999999951198697 -1024.4982571909798
0.99999995127320285 -1026.064867827052
0.99999995134770869 -1027.6362766606007
0.99999995142221443 -1029.2125034168675
0.99999995149672027 -1030.7935750066129
0.99999995157122612 -1032.3795114346281
0.99999995164573185 -1033.9703328144578
0.9999999517202377 -1035.5660665136174
0.99999995179474355 -1037.1667329316497
0.99999995186924928 -1038.7723525796644
0.99999995194375513 -1040.3829532921939
0.99999995201826097 -1041.9985558729745
0.99999995209276671 -1043.6191812402071
0.99999995216727255 -1045.2448577059865
0.9999999522417784 -1046.8756064879549
0.99999995231628414 -1048.5114489212012
0.99999995239078987 -1050.1524113571677
0.99999995246529572 -1051.7985203278158
0.99999995253980156 -1053.4497976182513
0.9999999526143073 -1055.1062651351419
0.99999995268881314 -1056.7679523475676
0.99999995276331899 -1058.4348814782982
0.99999995283782472 -1060.1070748748609
0.99999995291233057 -1061.7845625212176
0.99999995298683642 -1063.467367088479
0.99999995306134215 -1065.1555113758036
0.999999953135848 -1066.8490258939198
0.99999995321035384 -1068.5479337732656
0.99999995328485958 -1070.2522582757169
0.99999995335936542 -1071.9620304509908
0.99999995343387127 -1073.6772739001599
0.999999953508377 -1075.3980123592285
0.99999995358288274 -1077.1242748530083
0.99999995365738858 -1078.8560906094824
0.99999995373189443 -1080.5934838754024
0.99999995380640017 -1082.3364790372752
0.99999995388090601 -1084.0851084519627
0.99999995395541186 -1085.8393968645482
0.99999995402991759 -1087.5993691636179
0.99999995410442344 -1089.3650582883406
0.99999995417892928 -1091.1364894945923
0.99999995425343502 -1092.9136881856125
0.99999995432794087 -1094.6966878966959
0.99999995440244671 -1096.4855144073417
0.99999995447695245 -1098.2801936483952
0.99999995455145829 -1100.0807597654962
0.99999995462596414 -1101.8872390749843
0.99999995470046987 -1103.6996580486514
0.99999995477497561 -1105.5180487430378
0.99999995484948145 -1107.3424434441333
0.9999999549239873 -1109.1728692053152
0.99999995499849303 -1111.0093532410874
0.99999995507299888 -1112.85193117889
0.99999995514750473 -1114.7006306413534
0.99999995522201046 -1116.5554794166476
0.99999995529651631 -1118.4165137930424
0.99999995537102215 -1120.2837619770221
0.99999995544552789 -1122.1572523451619
0.99999995552003373 -1124.0370218626922
0.99999995559453958 -1125.9230993349986
0.99999995566904532 -1127.8155137422521
0.99999995574355116 -1129.7143027432578
0.99999995581805701 -1131.619495757812
0.99999995589256274 -1133.5311223853439
0.99999995596706859 -1135.4492209953441
0.99999995604157443 -1137.3738216380118
0.99999995611608017 -1139.3049545481779
0.99999995619058601 -1141.2426588236513
0.99999995626509186 -1143.18696516152
0.9999999563395976 -1145.1379044486678
0.99999995641410344 -1147.0955165293856
0.99999995648860929 -1149.0598327646564
0.99999995656311502 -1151.0308847105846
0.99999995663762087 -1153.0087129766666
0.99999995671212671 -1154.9933496053172
0.99999995678663245 -1156.984826839572
0.99999995686113829 -1158.9831860734307
0.99999995693564414 -1160.9884600488299
0.99999995701014988 -1163.0006817140084
0.99999995708465572 -1165.0198932673622
0.99999995715916157 -1167.0461281690168
0.9999999572336673 -1169.079420091264
0.99999995730817315 -1171.119812057409
0.99999995738267899 -1173.1673382650254
0.99999995745718473 -1175.2220331299147
0.99999995753169058 -1177.283940521442
0.99999995760619642 -1179.3530953945099
0.99999995768070216 -1181.4295329285078
0.999999957755208 -1183.5132978606769
0.99999995782971385 -1185.6044259237692
0.99999995790421958 -1187.7029530814887
0.99999995797872543 -1189.8089249614611
0.99999995805323127 -1191.9223780954701
0.99999995812773701 -1194.0433492529376
0.99999995820224286 -1196.1718849750919
0.9999999582767487 -1198.3080226146251
0.99999995835125444 -1200.4517997687744
0.99999995842576028 -1202.6032639163357
0.99999995850026613 -1204.7624532534992
0.99999995857477186 -1206.9294062281433
0.99999995864927771 -1209.1041712813608
0.99999995872378356 -1211.2867874761773
0.99999995879828929 -1213.4772941346896
0.99999995887279514 -1215.6757406858183
0.99999995894730098 -1217.8821670835318
0.99999995902180672 -1220.0966135485044
0.99999995909631256 -1222.3191305238445
0.99999995917081841 -1224.5497588793737
0.99999995924532414 -1226.7885397595167
0.99999995931982999 -1229.0355246487886
0.99999995939433584 -1231.2907553586092
0.99999995946884157 -1233.5542739831685
0.99999995954334731 -1235.8261296849389
0.99999995961785315 -1238.1063720141526
0.999999959692359 -1240.3950440792401
0.99999995976686473 -1242.6921892827368
0.99999995984137058 -1244.9978616500546
0.99999995991587642 -1247.3121052947185
0.99999995999038216 -1249.6349646332058
0.999999960064888 -1251.9664948297259
0.99999996013939385 -1254.3067410316651
0.99999996021389959 -1256.6557486985205
0.99999996028840543 -1259.0135741646513
0.99999996036291128 -1261.3802636410608
0.99999996043741701 -1263.7558636603392
0.99999996051192286 -1266.1404317594083
0.9999999605864287 -1268.5340152436638
0.99999996066093444 -1270.9366617499068
0.99999996073544017 -1273.3484264504943
0.99999996080994602 -1275.7693649646235
0.99999996088445187 -1278.1995261066104
0.9999999609589576 -1280.6389590358094
0.99999996103346345 -1283.0877242274046
0.99999996110796929 -1285.5458716661476
0.99999996118247503 -1288.0134516924818
0.99999996125698087 -1290.4905261003651
0.99999996133148672 -1292.9771460794921
0.99999996140599245 -1295.4733631862855
0.9999999614804983 -1297.9792405709748
0.99999996155500415 -1300.4948306639214
0.99999996162950988 -1303.0201862736562
0.99999996170401573 -1305.5553719454772
0.99999996177852157 -1308.1004413874114
0.99999996185302731 -1310.6554486975078
0.99999996192753304 -1313.2204560266505
0.99999996200203889 -1315.7955260430983
0.99999996207654474 -1318.3807142182723
0.99999996215105047 -1320.9760764301031
0.99999996222555632 -1323.5816806376665
0.99999996230006216 -1326.1975836816093
0.9999999623745679 -1328.8238428219859
0.99999996244907374 -1331.4605275523941
0.99999996252357959 -1334.1076961243291
0.99999996259808532 -1336.7654072220737
0.99999996267259117 -1339.4337319188446
0.99999996274709702 -1342.112729920128
0.99999996278434988 -1343.4562494384447
0.99999996282160275 -1344.8024613780731
0.99999996285885562 -1346.1513738405733
0.9999999628961086 -1347.5029989922366
0.99999996293336157 -1348.8573409838843
0.99999996297061444 -1350.2144039668158
0.99999996300786731 -1351.5742002059164
0.99999996304512018 -1352.936737967073
0.99999996308237304 -1354.3020255495373
0.99999996311962591 -1355.6700712860936
0.99999996315687878 -1357.0408835432272
0.99999996319413176 -1358.4144748190527
0.99999996323138474 -1359.7908494668304
0.9999999632686376 -1361.1700118408592
0.99999996330589047 -1362.5519745419037
0.99999996334314334 -1363.9367461075385
0.99999996338039621 -1365.3243351100784
0.99999996341764918 -1366.7147543047399
0.99999996345490216 -1368.1080082027895
0.99999996349215503 -1369.5041013169773
0.9999999635294079 -1370.9030465083454
0.99999996356666077 -1372.3048525255879
0.99999996360391363 -1373.7095281532183
0.99999996364116661 -1375.1170864108919
0.99999996367841959 -1376.5275319734069
0.99999996371567246 -1377.9408695175143
0.99999996375292532 -1379.3571121719885
0.99999996379017819 -1380.7762689032106
0.99999996382743106 -1382.1983487144994
0.99999996386468404 -1383.6233648975478
0.99999996390193702 -1385.05132229643
0.99999996393918988 -1386.4822257576679
0.99999996397644275 -1387.9160886854909
0.99999996401369562 -1389.3529202707814
0.99999996405094849 -1390.792729742516
0.99999996408820147 -1392.2355306723018
0.99999996412545444 -1393.6813280794588
0.99999996416270731 -1395.1301269862809
0.99999996419996018 -1396.5819410804554
0.99999996423721305 -1398.036779784434
0.99999996427446591 -1399.4946525599689
0.99999996431171878 -1400.9555689083197
0.99999996434897165 -1402.4195383704571
0.99999996438622463 -1403.8865749039473
0.99999996442347761 -1405.3566837714784
0.99999996446073047 -1406.8298702394541
0.99999996449798334 -1408.3061483864606
0.99999996453523621 -1409.7855279551743
0.99999996457248908 -1411.2680187292508
0.99999996460974205 -1412.7536349656727
0.99999996464699503 -1414.2423821172595
0.9999999646842479 -1415.7342656411358
0.99999996472150077 -1417.2292999191761
0.99999996475875363 -1418.7274949431915
0.9999999647960065 -1420.2288607472865
0.99999996483325948 -1421.7334118967356
0.99999996487051246 -1423.2411540413007
0.99999996490776533 -1424.7520928356744
0.99999996494501819 -1426.2662429740421
0.99999996498227106 -1427.7836147053642
0.99999996501952393 -1429.3042183222597
0.99999996505677691 -1430.8280687075007
0.99999996509402989 -1432.3551717148816
0.99999996513128275 -1433.8855332037849
0.99999996516853562 -1435.4191681900686
0.99999996520578849 -1436.9560871881686
0.99999996524304136 -1438.496300757598
0.99999996528029433 -1440.0398241081748
0.99999996531754731 -1441.586663305106
0.99999996535480018 -1443.1368244198802
0.99999996539205305 -1444.6903227997411
0.99999996542930591 -1446.247169233251
0.99999996546655878 -1447.8073745555243
0.99999996550381176 -1449.3709543133334
0.99999996554106474 -1450.9379147909833
0.99999996557831761 -1452.5082622797897
0.99999996561557047 -1454.0820124684619
0.99999996565282334 -1455.6591764286802
0.99999996569007621 -1457.2397652802113
0.99999996572732919 -1458.8237949170657
0.99999996576458217 -1460.4112718506503
0.99999996580183503 -1462.0022026001507
0.9999999658390879 -1463.5966032062031
0.99999996587634077 -1465.1944850329567
0.99999996591359364 -1466.7958594942381
0.99999996595084661 -1468.4007428419741
0.99999996598809959 -1470.0091418230088
0.99999996602535246 -1471.621063192777
0.99999996606260533 -1473.2365233547075
0.9999999660998582 -1474.855533975137
0.99999996613711106 -1476.4781067717388
0.99999996617436404 -1478.1042583654432
0.99999996621161702 -1479.7339957472191
0.99999996624886989 -1481.3673259174805
0.99999996628612275 -1483.0042656537316
0.99999996632337562 -1484.644826934609
0.99999996636062849 -1486.2890217918111
0.99999996639788147 -1487.9368672267888
0.99999996643513445 -1489.5883704836888
0.99999996647238731 -1491.243538817004
0.99999996650964018 -1492.9023893900369
0.99999996654689305 -1494.5649345042443
0.99999996658414592 -1496.2311865159395
0.99999996662139889 -1497.9011628190597
0.99999996665865187 -1499.5748709203685
0.99999996669590474 -1501.2523183379253
0.99999996673315761 -1502.9335226330102
0.99999996677041048 -1504.6184964408496
0.99999996680766334 -1506.3072524533936
0.99999996684491632 -1507.9998084695021
0.9999999668821693 -1509.6961722683977
0.99999996691942217 -1511.3963516415972
0.99999996695667503 -1513.1003645610213
0.9999999669939279 -1514.808224007063
0.99999996703118077 -1516.5199430187834
0.99999996706843375 -1518.2355398128927
0.99999996710568673 -1519.9550224513375
0.99999996714293959 -1521.6783990094116
0.99999996718019246 -1523.405687882841
0.99999996721744533 -1525.1369024090516
0.9999999672546982 -1526.8720559861626
0.99999996729195118 -1528.6111672621819
0.99999996732920415 -1530.3542445924861
0.99999996736645702 -1532.1012963469125
0.99999996740370989 -1533.8523413586834
0.99999996744096276 -1535.6073933346188
0.99999996747821562 -1537.3664660443415
0.9999999675154686 -1539.1295785811385
0.99999996755272158 -1540.8967396049943
0.99999996758997445 -1542.6679577915233
0.99999996762722732 -1544.4432524256881
0.99999996766448018 -1546.2226375965802
0.99999996770173305 -1548.0061274582922
0.99999996773898603 -1549.7937415639399
0.99999996777623901 -1551.5854888897798
0.99999996781349187 -1553.3813784289332
0.99999996785074474 -1555.1814299329235
0.99999996788799761 -1556.985657886534
0.99999996792525048 -1558.7940768418398
0.99999996796250346 -1560.6067068269292
0.99999996799975643 -1562.4235571465101
0.9999999680370093 -1564.2446371234544
0.99999996807426217 -1566.0699669912774
0.99999996811151504 -1567.8995616444429
0.9999999681487679 -1569.7334360470954
0.99999996818602088 -1571.5716107180601
0.99999996822327386 -1573.4140953032154
0.99999996826052673 -1575.2608994679758
0.9999999682977796 -1577.1120439439123
0.99999996833503246 -1578.9675440497558
0.99999996837228533 -1580.8274151764101
0.99999996840953831 -1582.691678349855
0.99999996844679129 -1584.5603435704268
0.99999996848404415 -1586.4334208594441
0.99999996852129702 -1588.310931463267
0.99999996855854989 -1590.192891140108
0.99999996859580276 -1592.0793157229525
0.99999996863305574 -1593.9702267620369
0.99999996867030871 -1595.8656346260402
0.99999996870756158 -1597.7655497061501
0.99999996874481445 -1599.6699937809476
0.99999996878206732 -1601.5789830640019
0.99999996881932018 -1603.4925338463663
0.99999996885657316 -1605.4106682203542
0.99999996889382614 -1607.3333969375024
0.99999996893107901 -1609.2607307734631
0.99999996896833188 -1611.1926920572071
0.99999996900558474 -1613.1292974742271
0.99999996904283761 -1615.0705637903313
0.99999996908009048 -1617.0165078521268
0.99999996911734335 -1618.9671465875074
0.99999996915459632 -1620.9225028405851
0.9999999691918493 -1622.882587897097
0.99999996922910217 -1624.8474130691791
0.99999996926635504 -1626.8170014492573
0.99999996930360791 -1628.7913703790907
0.99999996934086077 -1630.7705372847256
0.99999996937811375 -1632.754525596933
0.99999996941536673 -1634.7433470208043
0.9999999694526196 -1636.7370132896508
0.99999996948987246 -1638.7355480917527
0.99999996952712533 -1640.738969282349
0.9999999695643782 -1642.7472948040984
0.99999996960163118 -1644.7605486949167
0.99999996963888416 -1646.7787430961073
0.99999996967613702 -1648.8018901791147
0.99999996971338989 -1650.8300142489729
0.99999996975064276 -1652.8631336935464
0.99999996978789563 -1654.9012669913923
0.9999999698251486 -1656.9444388089512
0.99999996986240158 -1658.9926617413796
0.99999996989965445 -1661.0459484160046
0.99999996993690732 -1663.1043237764245
0.99999996997416019 -1665.167806763139
0.99999997001141305 -1667.2364164107619
0.99999997004866603 -1669.3101780365726
0.99999997008591901 -1671.3891047080513
0.99999997012317188 -1673.4732095269899
0.99999997016042474 -1675.5625180983227
0.99999997019767761 -1677.6570499361026
0.99999997023493048 -1679.7568246520741
0.99999997027218335 -1681.8618619562872
0.99999997030943621 -1683.9721816577123
0.99999997034668919 -1686.0878099778349
0.99999997038394217 -1688.208760644148
0.99999997042119504 -1690.3350474214969
0.99999997045844791 -1692.4666968337704
0.99999997049570077 -1694.6037291939597
0.99999997053295364 -1696.7461649177783
0.99999997057020662 -1698.8940309335362
0.9999999706074596 -1701.0473414876271
0.99999997064471247 -1703.2061108662265
0.99999997068196533 -1705.3703663117092
0.9999999707192182 -1707.5401287632408
0.99999997075647107 -1709.7154192666853
0.99999997079372405 -1711.8962654829863
0.99999997083097703 -1714.0826821990081
0.99999997086822989 -1716.2746842439617
0.99999997090548276 -1718.4722996050577
0.99999997094273563 -1720.6755498719538
0.9999999709799885 -1722.8844567451642
0.99999997101724147 -1725.0990486452431
0.99999997105449445 -1727.3193409221394
0.99999997109174732 -1729.5453489708602
0.99999997112900019 -1731.7771015510023
0.99999997116625305 -1734.0146209281704
0.99999997120350592 -1736.2579294831846
0.9999999712407589 -1738.507056424419
0.99999997127801188 -1740.7620176886244
0.99999997131526475 -1743.0228292604754
0.99999997135251761 -1745.2895207007693
0.99999997138977048 -1747.5621149777207
0.99999997142702335 -1749.8406351793255
0.99999997146427622 -1752.1251045141437
0.99999997150152908 -1754.4155463120878
0.99999997153878206 -1756.7119908780967
0.99999997157603504 -1759.0144549702427
0.99999997161328791 -1761.3229553985927
0.99999997165054078 -1763.637522839354
0.99999997168779364 -1765.9581812412364
0.99999997172504651 -1768.284954679162
0.99999997176229949 -1770.617874316898
0.99999997179955247 -1772.9569575593043
0.99999997183680533 -1775.3022218664944
0.9999999718740582 -1777.6536987884315
0.99999997191131107 -1780.0114130437171
0.99999997194856394 -1782.3753894822626
0.99999997198581692 -1784.7456601594927
0.99999997202306989 -1787.1222431549218
0.99999997206032276 -1789.5051566067625
0.99999997209757563 -1791.8944329722917
0.9999999721348285 -1794.2900977711918
0.99999997217208136 -1796.692176659797
0.99999997220933434 -1799.1007026195839
0.99999997224658732 -1801.5156944339865
0.99999997228384019 -1803.9371709487843
0.99999997232109306 -1806.3651655637245
0.99999997235834592 -1808.7997046322876
0.99999997239559879 -1811.240814650211
0.99999997243285177 -1813.6885295610552
0.99999997247010475 -1816.1428688829305
0.99999997250735762 -1818.6038522001445
0.99999997254461048 -1821.0715138917649
0.99999997258186335 -1823.5458811793994
0.99999997261911622 -1826.0269814328026
0.99999997265636908 -1828.5148421708805
0.99999997269362195 -1831.0094910627126
0.99999997273087493 -1833.5109633937118
0.99999997276812791 -1836.0192797121247
0.99999997280538078 -1838.534460637884
0.99999997284263364 -1841.0565419162351
0.99999997287988651 -1843.5855519826696
0.99999997291713938 -1846.1215194291326
0.99999997295439236 -1848.6644805941389
0.99999997299164534 -1851.2144568386443
0.9999999730288982 -1853.771469599692
0.99999997306615107 -1856.3355556949464
0.99999997310340394 -1858.9067445149647
0.99999997314065681 -1861.4850656133576
0.99999997317790978 -1864.0705564239734
0.99999997321516276 -1866.6632391568453
0.99999997325241563 -1869.2631361027529
0.9999999732896685 -1871.8702851949936
0.99999997332692137 -1874.4847168196256
0.99999997336417423 -1877.1064615327
0.99999997340142721 -1879.7355579077257
0.99999997343868019 -1882.3720290420913
0.99999997347593306 -1885.0158981188663
0.99999997351318592 -1887.6672042323503
0.99999997355043879 -1890.3259788066116
0.99999997358769166 -1892.9922534430057
0.99999997362494464 -1895.6660679012534
0.99999997366219762 -1898.3474462064019
0.99999997369945048 -1901.0364124744067
0.99999997373670335 -1903.7330070082241
0.99999997377395622 -1906.4372623146378
0.99999997381120909 -1909.149211085391
0.99999997384846195 -1911.8688861985056
0.99999997388571482 -1914.5963207196085
0.9999999739229678 -1917.3315560665385
0.99999997396022078 -1920.0746175676497
0.99999997399747365 -1922.8255306496624
0.99999997403472651 -1925.584337305412
0.99999997407197938 -1928.3510715588893
0.99999997410923225 -1931.1257676299092
0.99999997414648523 -1933.9084682405437
0.99999997418373821 -1936.6991997494379
0.99999997422099107 -1939.4979886195927
0.99999997425824394 -1942.3048781733664
0.99999997429549681 -1945.1199036310888
0.99999997433274967 -1947.9431004175617
0.99999997437000265 -1950.7745126140587
0.99999997440725563 -1953.6141676575203
0.9999999744445085 -1956.4620930955959
0.99999997448176137 -1959.3183336364805
0.99999997451901423 -1962.1829257498891
0.9999999745562671 -1965.0559061191193
0.99999997459352008 -1967.9373202424808
0.99999997463077306 -1970.8271966858465
0.99999997466802593 -1973.7255641325387
0.99999997470527879 -1976.6324687358533
0.99999997474253166 -1979.5479482707833
0.99999997477978453 -1982.4720407355123
0.99999997481703751 -1985.4047931062603
0.99999997485429049 -1988.3462351312717
0.99999997489154335 -1991.2963966833922
0.99999997492879622 -1994.2553254234183
0.99999997496604909 -1997.2230604905442
0.99999997500330196 -2000.1996412572821
0.99999997504055493 -2003.1851162418748
0.99999997507780791 -2006.179516431358
0.99999997511506078 -2009.1828729449603
0.99999997515231365 -2012.1952350167094
0.99999997518956651 -2015.2166432121428
0.99999997522681938 -2018.2471383408026
0.99999997526407236 -2021.2867705305041
0.99999997530132534 -2024.3355720666666
0.99999997533857821 -2027.3935753749688
0.99999997537583107 -2030.4608313319402
0.99999997541308394 -2033.5373819950348
0.99999997545033681 -2036.6232696769866
0.99999997548758979 -2039.7185461863928
0.99999997552484277 -2042.8232451700312
0.99999997556209563 -2045.9374004235115
0.9999999755993485 -2049.0610645389079
0.99999997563660137 -2052.1942811348131
0.99999997567385424 -2055.3370940970053
0.99999997571110721 -2058.489556989965
0.99999997574836019 -2061.651704888412
0.99999997578561306 -2064.8235730250062
0.99999997582286593 -2068.0052157844266
0.99999997586011879 -2071.1966784195124
0.99999997589737166 -2074.3980064628749
0.99999997593462464 -2077.6092553141207
0.99999997597187762 -2080.830461546343
0.99999997600913049 -2084.0616619002626
0.99999997604638335 -2087.3029126344877
0.99999997608363622 -2090.5542607133698
0.99999997612088909 -2093.8157533943254
0.99999997615814207 -2097.0874479957574
0.99999997619539505 -2100.3693826636645
0.99999997623264791 -2103.6615957219801
0.99999997626990078 -2106.9641453891377
0.99999997630715365 -2110.2770804226798
0.99999997634440652 -2113.6004498872817
0.99999997638165949 -2116.9343131085134
0.99999997641891247 -2120.2787098842036
0.99999997645616534 -2123.6336802010833
0.99999997649341821 -2126.9992843281561
0.99999997653067108 -2130.3755729025656
0.99999997656792394 -2133.7625968834705
0.99999997660517692 -2137.1604176970104
0.9999999766424299 -2140.5690768764512
0.99999997667968277 -2143.9886161556369
0.99999997671693563 -2147.41909795008
0.9999999767541885 -2150.860574867977
0.99999997679144137 -2154.313099855297
0.99999997682869435 -2157.7767365375139
0.99999997686594733 -2161.2515282719469
0.99999997690320019 -2164.7375186289391
0.99999997694045306 -2168.2347722719855
0.99999997697770593 -2171.74334387718
0.9999999770149588 -2175.2632884750792
0.99999997705221177 -2178.7946719949887
0.99999997708946475 -2182.3375397122645
0.99999997712671762 -2185.8919371285415
0.99999997716397049 -2189.4579312626956
0.99999997720122336 -2193.0355789613282
0.99999997723847622 -2196.6249374431954
0.9999999772757292 -2200.2260750520577
0.99999997731298218 -2203.8390390810255
0.99999997735023505 -2207.4638770636266
0.99999997738748791 -2211.1006584878419
0.99999997742474078 -2214.7494424795632
0.99999997746199365 -2218.4102885555981
0.99999997749924663 -2222.0832675913343
0.99999997753649961 -2225.7684290035108
0.99999997757375247 -2229.4658224643617
0.99999997761100534 -2233.1755200514708
0.99999997764825821 -2236.8975832854098
0.99999997768551108 -2240.6320740975743
0.99999997772276406 -2244.3790660191712
0.99999997776001703 -2248.1386107030271
0.9999999777972699 -2251.9107600735615
0.99999997783452277 -2255.6955889257124
0.99999997787177564 -2259.4931612972032
0.9999999779090285 -2263.3035416577168
0.99999997794628148 -2267.1268063259813
0.99999997798353446 -2270.9630093104479
0.99999997802078733 -2274.8122049083481
0.9999999780580402 -2278.6744707674925
0.99999997809529306 -2282.5498735728238
0.99999997813254593 -2286.4384804636948
0.99999997816979891 -2290.3403706861095
0.99999997820705189 -2294.2556007312719
0.99999997824430475 -2298.1842273975285
0.99999997828155762 -2302.1263313294135
0.99999997831881049 -2306.0819819973026
0.99999997835606336 -2310.0512493498513
0.99999997839331634 -2314.034215708728
0.99999997843056931 -2318.030940183171
0.99999997846782218 -2322.0414822091948
0.99999997850507505 -2326.0659255808491
0.99999997854232792 -2330.1043427009072
0.99999997857958078 -2334.1568064758126
0.99999997861683365 -2338.2233903200681
0.99999997865408652 -2342.3041681606664
0.9999999786913395 -2346.3992266671107
0.99999997872859248 -2350.5086286650458
0.99999997876584534 -2354.6324373352054
0.99999997880309821 -2358.7707409253612
0.99999997884035108 -2362.923615993117
0.99999997887760395 -2367.0911396361639
0.99999997891485692 -2371.273401983161
0.9999999789521099 -2375.470468828707
0.99999997898936277 -2379.6824063454756
0.99999997902661564 -2383.9093063258447
0.9999999790638685 -2388.1512486405391
0.99999997910112137 -2392.408313729773
0.99999997913837435 -2396.6805953634348
0.99999997917562733 -2400.9681624722725
0.9999999792128802 -2405.2710843897271
0.99999997925013306 -2409.5894566404645
0.99999997928738593 -2413.9233625895126
0.9999999793246388 -2418.2728862027288
0.99999997936189178 -2422.6381250851023
0.99999997939914476 -2427.0191514819471
0.99999997943639762 -2431.4160380676517
0.99999997947365049 -2435.8288842990924
0.99999997951090336 -2440.2577772287977
0.99999997954815623 -2444.7028045435604
0.9999999795854092 -2449.1640678900571
0.99999997962266218 -2453.6416430186846
0.99999997965991505 -2458.1356061372053
0.99999997969716792 -2462.6460608478087
0.99999997973442079 -2467.1730980966877
0.99999997977167365 -2471.7168094999888
0.99999997980892652 -2476.2772873499912
0.99999997984617939 -2480.8546246213559
0.99999997988343237 -2485.4489286948669
0.99999997992068534 -2490.0602803134461
0.99999997995793821 -2494.6887607183507
0.99999997999519108 -2499.3344793950855
0.99999998003244395 -2503.9975328264245
0.99999998006969681 -2508.6780182165048
0.99999998010694979 -2513.3760475249956
0.99999998014420277 -2518.091705497066
0.99999998018145564 -2522.8250774095973
0.99999998021870851 -2527.5762774479149
0.99999998025596137 -2532.3454065258416
0.99999998029321424 -2537.1325663202533
0.99999998033046722 -2541.9378736263311
0.9999999803677202 -2546.7614174297951
0.99999998040497307 -2551.6032872839569
0.99999998044222593 -2556.463602339019
0.9999999804794788 -2561.3424681971774
0.99999998051673167 -2566.239991268289
0.99999998055398465 -2571.1562934573749
0.99999998059123762 -2576.0914682459702
0.99999998062849049 -2581.0456097217798
0.99999998066574336 -2586.0188422833444
0.99999998070299623 -2591.0112764966921
0.99999998074024909 -2596.0230237832925
0.99999998077750207 -2601.0542114514842
0.99999998081475505 -2606.1049377522486
0.99999998085200792 -2611.1753015842542
0.99999998088926079 -2616.265432897746
0.99999998092651365 -2621.3754475176993
0.99999998096376652 -2626.505462175744
0.99999998100101939 -2631.6555945190498
0.99999998103827226 -2636.8259631193223
0.99999998107552523 -2642.0167029819308
0.99999998111277821 -2647.2279191774364
0.99999998115003108 -2652.4597174844644
0.99999998118728395 -2657.7122357649782
0.99999998122453682 -2662.9855973520348
0.99999998126178968 -2668.2799265594713
0.99999998129904266 -2673.595364564434
0.99999998133629564 -2678.9320219258325
0.99999998137354851 -2684.2900099600638
0.99999998139217494 -2686.9770489965777
0.99999998141080138 -2689.6694728757152
0.99999998142942781 -2692.3672978005966
0.99999998144805424 -2695.0705400394163
0.99999998146668068 -2697.7792159257701
0.99999998148530711 -2700.4933418589799
0.99999998150393354 -2703.2129343044285
0.99999998152256009 -2705.9380260529956
0.99999998154118663 -2708.6686175097398
0.99999998155981307 -2711.4047090156619
0.9999999815784395 -2714.1463335628396
0.99999998159706593 -2716.8935079519874
0.99999998161569237 -2719.6462490519111
0.9999999816343188 -2722.4045737998495
0.99999998165294524 -2725.1684992018186
0.99999998167157167 -2727.9380423329681
0.9999999816901981 -2730.7132203379283
0.99999998170882454 -2733.4940504311639
0.99999998172745097 -2736.280549897333
0.99999998174607752 -2739.0727527513668
0.99999998176470406 -2741.8706598277599
0.99999998178333049 -2744.674271896281
0.99999998180195693 -2747.4836231856834
0.99999998182058336 -2750.2987313369972
0.99999998183920979 -2753.1196140636266
0.99999998185783623 -2755.9462891517219
0.99999998187646266 -2758.7787744605507
0.9999999818950891 -2761.6170879228753
0.99999998191371553 -2764.4612475453323
0.99999998193234196 -2767.3112714088124
0.9999999819509684 -2770.1671776688427
0.99999998196959494 -2773.0290016313102
0.99999998198822149 -2775.8967445975072
0.99999998200684792 -2778.7704078034121
0.99999998202547435 -2781.6500267823158
0.99999998204410079 -2784.5356200687661
0.99999998206272722 -2787.4272062742934
0.99999998208135366 -2790.3248040878175
0.99999998209998009 -2793.228432276047
0.99999998211860652 -2796.1381096838845
0.99999998213723296 -2799.0538552348344
0.99999998215585939 -2801.9756879314159
0.99999998217448582 -2804.903626855571
0.99999998219311226 -2807.8376911690834
0.99999998221173869 -2810.7779001139957
0.99999998223036513 -2813.7242730130288
0.99999998224899156 -2816.6768292700081
0.9999999822676181 -2819.6356060244061
0.99999998228624465 -2822.6006052637072
0.99999998230487108 -2825.5718289094289
0.99999998232349752 -2828.5493143482163
0.99999998234212395 -2831.5330813958499
0.99999998236075038 -2834.5231499518109
0.99999998237937682 -2837.5195399997219
0.99999998239800325 -2840.5222716077915
0.99999998241662968 -2843.5313649292643
0.99999998243525612 -2846.5468402028696
0.99999998245388255 -2849.5687177532759
0.99999998247250899 -2852.5970179915485
0.99999998249113553 -2855.6317795233481
0.99999998250976208 -2858.6730049033495
0.99999998252838851 -2861.7206966199019
0.99999998254701494 -2864.7748935420232
0.99999998256564138 -2867.8356165197097
0.99999998258426781 -2870.9028864921574
0.99999998260289424 -2873.9767244882373
0.99999998262152068 -2877.0571516269765
0.99999998264014711 -2880.1441891180411
0.99999998265877355 -2883.2378582622241
0.99999998267739998 -2886.3381804519336
0.99999998269602641 -2889.4451771716886
0.99999998271465296 -2892.5588885776842
0.9999999827332795 -2895.6793178412895
0.99999998275190594 -2898.8064680673169
0.99999998277053237 -2901.9403796927895
0.9999999827891588 -2905.0810746702828
0.99999998280778524 -2908.2285750475066
0.99999998282641167 -2911.3829029678241
0.9999999828450381 -2914.5440806707657
0.99999998286366454 -2917.7121304925595
0.99999998288229097 -2920.8870748666513
0.99999998290091741 -2924.0689363242354
0.99999998291954384 -2927.2577374947891
0.99999998293817038 -2930.4535201756571
0.99999998295679693 -2933.6562882088529
0.99999998297542336 -2936.8660453697489
0.9999999829940498 -2940.0828337554017
0.99999998301267623 -2943.3066764948189
0.99999998303130266 -2946.5375968185604
0.9999999830499291 -2949.7756180592992
0.99999998306855553 -2953.0207636523828
0.99999998308718197 -2956.2730571363986
0.9999999831058084 -2959.5325221537405
0.99999998312443483 -2962.7991824511851
0.99999998314306127 -2966.0730618804664
0.99999998316168781 -2969.3542039775248
0.99999998318031436 -2972.6426133138639
0.99999998319894079 -2975.9382943944379
0.99999998321756722 -2979.2412910753251
0.99999998323619366 -2982.5516277418351
0.99999998325482009 -2985.8693288877812
0.99999998327344652 -2989.1944191160765
0.99999998329207296 -2992.5269231393472
0.99999998331069939 -2995.8668657805438
0.99999998332932583 -2999.2142719735584
0.99999998334795226 -3002.5691667638416
0.99999998336657869 -3005.9315753090304
0.99999998338520513 -3009.301522879578
0.99999998340383156 -3012.6790348593827
0.99999998342245799 -3016.0641367464295
0.99999998344108443 -3019.4568541534286
0.99999998345971097 -3022.8572330990228
0.99999998347833752 -3026.2652792283125
0.99999998349696395 -3029.6809981202764
0.99999998351559038 -3033.1044361435966
0.99999998353421682 -3036.5356194943947
0.99999998355284325 -3039.9745744874631
0.99999998357146969 -3043.4213275569323
0.99999998359009612 -3046.875905256953
0.99999998360872255 -3050.338334262377
0.99999998362734899 -3053.8086413694427
0.99999998364597542 -3057.2868534964668
0.99999998366460185 -3060.7729976845403
0.9999999836832284 -3064.2671219485028
0.99999998370185494 -3067.7692328221988
0.99999998372048138 -3071.27933677395
0.99999998373910781 -3074.7974821932762
0.99999998375773425 -3078.3236967457501
0.99999998377636068 -3081.8580082239969
0.99999998379498711 -3085.4004445484243
0.99999998381361355 -3088.9510337679553
0.99999998383223998 -3092.5098040607727
0.99999998385086641 -3096.0767837350595
0.99999998386949285 -3099.6520012297565
0.99999998388811928 -3103.2354851153104
0.99999998390674583 -3106.8272855279097
0.99999998392537237 -3110.4274099692407
0.9999999839439988 -3114.0358658763421
0.99999998396262524 -3117.6527037868345
0.99999998398125167 -3121.2779529402364
0.99999998399987811 -3124.9116427122217
0.99999998401850454 -3128.5538026154163
0.99999998403713097 -3132.2044623001921
0.99999998405575741 -3135.8636515554736
0.99999998407438384 -3139.5314003095505
0.99999998409301027 -3143.2077386308906
0.99999998411163671 -3146.8926967289631
0.99999998413026325 -3150.5863269965462
0.9999999841488898 -3154.2886379897818
0.99999998416751623 -3157.9996382013483
0.99999998418614267 -3161.7193804545368
0.9999999842047691 -3165.4478956763514
0.99999998422339553 -3169.1852149398505
0.99999998424202197 -3172.9313694650095
0.9999999842606484 -3176.6863906195927
0.99999998427927483 -3180.4503099200242
0.99999998429790127 -3184.2231590322731
0.9999999843165277 -3188.0049697727395
0.99999998433515414 -3191.7957741091527
0.99999998435378068 -3195.5956268372024
0.99999998437240722 -3199.4045376624144
0.99999998439103366 -3203.2225162284026
0.99999998440966009 -3207.0496177930122
0.99999998442828653 -3210.8858750942436
0.99999998444691296 -3214.7313210269281
0.99999998446553939 -3218.5859886436656
0.99999998448416583 -3222.4499111557707
0.99999998450279226 -3226.3231219342292
0.99999998452141869 -3230.2056545106552
0.99999998454004513 -3234.0975425782626
0.99999998455867156 -3237.9988199928375
0.99999998457729811 -3241.9095441114869
0.99999998459592465 -3245.8297258932757
0.99999998461455109 -3249.7593762373203
0.99999998463317752 -3253.6985529973563
0.99999998465180395 -3257.6472908569035
0.99999998467043039 -3261.6056246680537
0.99999998468905682 -3265.5735894524946
0.99999998470768325 -3269.5512204025422
0.99999998472630969 -3273.5385528821844
0.99999998474493612 -3277.535622428125
0.99999998476356255 -3281.5424647508412
0.99999998478218899 -3285.5591157356471
0.99999998480081553 -3289.5856354729872
0.99999998481944208 -3293.6220362898584
0.99999998483806851 -3297.6683304557537
0.99999998485669495 -3301.7245785953496
0.99999998487532138 -3305.7908174843765
0.99999998489394781 -3309.8670840799482
0.99999998491257425 -3313.9534155216834
0.99999998493120068 -3318.0498491328322
0.99999998494982711 -3322.156422421413
0.99999998496845355 -3326.2731730813584
0.99999998498707998 -3330.4001389936666
0.99999998500570642 -3334.5373582275643
0.99999998502433296 -3338.6848937935397
0.9999999850429595 -3342.842759512308
0.99999998506158594 -3347.0109691500661
0.99999998508021237 -3351.1895862926121
0.99999998509883881 -3355.3786499680514
0.99999998511746524 -3359.5781993998748
0.99999998513609167 -3363.7882740081814
0.99999998515471811 -3368.0089134109116
0.99999998517334454 -3372.240157425093
0.99999998519197097 -3376.4820460680885
0.99999998521059741 -3380.7346195588602
0.99999998522922384 -3384.9979183192395
0.99999998524785039 -3389.2720084828079
0.99999998526647693 -3393.5569055024607
0.99999998528510337 -3397.8526247801801
0.9999999853037298 -3402.1592330697836
0.99999998532235623 -3406.4767718268622
0.99999998534098267 -3410.8052827177071
0.9999999853596091 -3415.1448076206511
0.99999998537823553 -3419.4953886274202
0.99999998539686197 -3423.8570680444923
0.9999999854154884 -3428.2298883944732
0.99999998543411484 -3432.6138924174725
0.99999998545274127 -3437.0091230725002
0.99999998547136781 -3441.4156498373573
0.99999998548999436 -3445.833489949709
0.99999998550862079 -3450.2626606006334
0.99999998552724723 -3454.7032319373698
0.99999998554587366 -3459.1552480346909
0.99999998556450009 -3463.6187531948563
0.99999998558312653 -3468.0937919490725
0.99999998560175296 -3472.5804090589813
0.99999998562037939 -3477.078649518151
0.99999998563900583 -3481.5885585535771
0.99999998565763226 -3486.1101816272021
0.9999999856762587 -3490.6435644374401
0.99999998569488524 -3495.1887800474547
0.99999998571351179 -3499.745847648061
0.99999998573213822 -3504.3147863886361
0.99999998575076465 -3508.8956700557405
0.99999998576939109 -3513.4885455534918
0.99999998578801752 -3518.0934600318992
0.99999998580664395 -3522.7104608884797
0.99999998582527039 -3527.3395957698817
0.99999998584389682 -3531.9809125735269
0.99999998586252326 -3536.634459449258
0.99999998588114969 -3541.3002848010096
0.99999998589977612 -3545.9784372884797
0.99999998591840267 -3550.6689938235641
0.99999998593702921 -3555.3719757362619
0.99999998595565565 -3560.0874043212175
0.99999998597428208 -3564.8153572729875
0.99999998599290851 -3569.5558845557534
0.99999998601153495 -3574.3090363998194
0.99999998603016138 -3579.0748633033813
0.99999998604878781 -3583.8534160343197
0.99999998606741425 -3588.6447456319997
0.99999998608604068 -3593.4489034090902
0.99999998610466712 -3598.2659409533958
0.99999998612329355 -3603.0959101296999
0.99999998614192009 -3607.938891986706
0.99999998616054664 -3612.7949101994018
0.99999998617917307 -3617.6639884145807
0.99999998619779951 -3622.5462085287986
0.99999998621642594 -3627.4416238199728
0.99999998623505237 -3632.3502878543995
0.99999998625367881 -3637.2722544887079
0.99999998627230524 -3642.2075778718286
0.99999998629093168 -3647.1563124469776
0.99999998630955811 -3652.1185129536639
0.99999998632818454 -3657.0942344296996
0.99999998634681098 -3662.0835322132448
0.99999998636543752 -3667.0864918053994
0.99999998638406407 -3672.1031394541337
0.9999999864026905 -3677.1335013876228
0.99999998642131693 -3682.1776640266335
0.99999998643994337 -3687.2356842421495
0.9999999864585698 -3692.3076192180656
0.99999998647719623 -3697.3935264533347
0.99999998649582267 -3702.4934637641495
0.9999999865144491 -3707.6074892861257
0.99999998653307554 -3712.7356614765145
0.99999998655170197 -3717.878039116431
0.9999999865703284 -3723.0346813130973
0.99999998658895495 -3728.2056783663083
0.99999998660758149 -3733.3910593499436
0.99999998662620793 -3738.5908533279112
0.99999998664483436 -3743.805151598905
0.99999998666346079 -3749.0340149350463
0.99999998668208723 -3754.2775044484374
0.99999998670071366 -3759.5356815935461
0.99999998671934009 -3764.8086081696056
0.99999998673796653 -3770.0963463230364
0.99999998675659296 -3775.3989585498844
0.9999999867752194 -3780.7165076982874
0.99999998679384583 -3786.049056970955
0.99999998681247237 -3791.3967018469848
0.99999998683109892 -3796.7594745071756
0.99999998684972535 -3802.1374071338087
0.99999998686835179 -3807.5305962924526
0.99999998688697822 -3812.9391069966787
0.99999998690560465 -3818.3630046299745
0.99999998692423109 -3823.802354948386
0.99999998694285752 -3829.2572240831687
0.99999998696148396 -3834.7276785434733
0.99999998698011039 -3840.2137852190449
0.99999998699873682 -3845.7156113829506
0.99999998701736326 -3851.2332246943292
0.9999999870359898 -3856.7667262306268
0.99999998705461635 -3862.3161515922434
0.99999998707324278 -3867.8815363943963
0.99999998709186921 -3873.4629828979528
0.99999998711049565 -3879.060560734501
0.99999998712912208 -3884.6743399387065
0.99999998714774851 -3890.3043909512307
0.99999998716637495 -3895.9507846216784
0.99999998718500138 -3901.6135922115723
0.99999998720362782 -3907.2928853973485
0.99999998722225425 -3912.9887362733803
0.99999998724088068 -3918.7012173550297
0.99999998725950723 -3924.430435780283
0.99999998727813377 -3930.1764309176128
0.99999998729676021 -3935.9392421658135
0.99999998731538664 -3941.7189779538116
0.99999998733401307 -3947.515712948622
0.99999998735263951 -3953.3295222571273
0.99999998737126594 -3959.160481429315
0.99999998738989238 -3965.0086664615555
0.99999998740851881 -3970.8741537998999
0.99999998742714524 -3976.7570203434129
0.99999998744577168 -3982.6573434475345
0.99999998746439811 -3988.5752009274674
0.99999998748302465 -3994.5107064924377
0.9999999875016512 -4000.4639036680028
0.99999998752027763 -4006.4348360280442
0.99999998753890407 -4012.4236186921844
0.9999999875575305 -4018.4303318263833
0.99999998757615693 -4024.4550560773573
0.99999998759478337 -4030.4978725761857
0.9999999876134098 -4036.5588629419544
0.99999998763203624 -4042.638109285429
0.99999998765066267 -4048.7356942127653
0.9999999876692891 -4054.8517008292501
0.99999998768791554 -4060.9862127430733
0.99999998770654208 -4067.1393508000892
0.99999998772516863 -4073.3111631179372
0.99999998774379506 -4079.5016978834792
0.99999998776242149 -4085.7110774859307
0.99999998778104793 -4091.9393881058672
0.99999998779967436 -4098.1867164501546
0.9999999878183008 -4104.453149755981
0.99999998783692723 -4110.7387757949064
0.99999998785555366 -4117.0436828769689
0.9999999878741801 -4123.3679598548188
0.99999998789280653 -4129.711696127888
0.99999998791143296 -4136.0749816466077
0.99999998793005951 -4142.4579450206083
0.99999998794868605 -4148.8606394469152
0.99999998796731249 -4155.2831182160144
0.99999998798593892 -4161.7255116291908
0.99999998800456535 -4168.1879124564384
0.99999998802319179 -4174.6704140448601
0.99999998804181822 -4181.1731103231541
0.99999998806044466 -4187.6960958061627
0.99999998807907109 -4194.2394655994412
0.99999998809769752 -4200.8033154038858
0.99999998811632396 -4207.3877415203979
0.99999998813495039 -4213.9928408545929
0.99999998815357682 -4220.6187109215571
0.99999998817220326 -4227.2654498506408
0.99999998819082969 -4233.9331563903088
0.99999998820945613 -4240.6219299130271
0.99999998822808267 -4247.3319104778848
0.99999998824670921 -4254.0631589166605
0.99999998826533565 -4260.8157361930316
0.99999998828396208 -4267.5897842830036
0.99999998830258852 -4274.3854057540584
0.99999998832121495 -4281.2027038280221
0.99999998833984138 -4288.0417823862726
0.99999998835846782 -4294.9027459750405
0.99999998837709425 -4301.7856998107136
0.99999998839572068 -4308.6907497852344
0.99999998841434712 -4315.6180024715159
0.99999998843297355 -4322.5675651289312
0.9999999884516001 -4329.5395873321586
0.99999998847022664 -4336.5341363760363
0.99999998848885308 -4343.5512797215515
0.99999998850747951 -4350.5911690531375
0.99999998852610594 -4357.6539151465913
0.99999998854473238 -4364.73962949821
0.99999998856335881 -4371.8484243306448
0.99999998858198524 -4378.980412598833
0.99999998860061168 -4386.1357079959789
0.99999998861923811 -4393.3144249595935
0.99999998863786455 -4400.5166786776008
0.99999998865649098 -4407.742585094491
0.99999998867511752 -4414.9923042000964
0.99999998869374407 -4422.265910473684
0.9999999887123705 -4429.5634786004439
0.99999998873099694 -4436.8851708965403
0.99999998874962337 -4444.2311071838967
0.9999999887682498 -4451.6014080792656
0.99999998878687624 -4458.9961950008483
0.99999998880550267 -4466.4155901749455
0.9999999888241291 -4473.8597166427053
0.99999998884275554 -4481.3286982669133
0.99999998886138197 -4488.822659738873
0.99999998888000841 -4496.3417265853341
0.99999998889863495 -4503.8860702185293
0.9999999889172615 -4511.4557731172608
0.99999998893588793 -4519.05091801242
0.99999998895451436 -4526.6716788863969
0.9999999889731408 -4534.3181855497696
0.99999998899176723 -4541.9905686917018
0.99999998901039366 -4549.6889598873822
0.9999999890290201 -4557.4134916055518
0.99999998904764653 -4565.1642972160944
0.99999998906627297 -4572.9415109977172
0.9999999890848994 -4580.745268145708
0.99999998910352583 -4588.5757047797642
0.99999998912215238 -4596.4330048650236
0.99999998914077892 -4604.3172598028677
0.99999998915940536 -4612.2285613004306
0.99999998917803179 -4620.167096168153
0.99999998919665822 -4628.1330052681569
0.99999998921528466 -4636.126430435711
0.99999998923391109 -4644.1475144876385
0.99999998925253752 -4652.1964012308281
0.99999998927116396 -4660.2732354708241
0.99999998928979039 -4668.3781630205149
0.99999998930841683 -4676.5113307089059
0.99999998932704326 -4684.6728863899825
0.99999998934566969 -4692.862978951679
0.99999998936429613 -4701.08175832492
0.99999998938292256 -4709.3293754927799
0.99999998940154899 -4717.6059824997237
0.99999998942017554 -4725.9117820542851
0.99999998943880208 -4734.2468791086803
0.99999998945742852 -4742.6113790063519
0.99999998947605495 -4751.005487725105
0.99999998949468138 -4759.429362758523
0.99999998951330782 -4767.8831627191403
0.99999998953193425 -4776.3670473484108
0.99999998955056069 -4784.8811775267586
0.99999998956918712 -4793.4257152837581
0.99999998958781355 -4802.0008238084056
0.99999998960643999 -4810.6066674595049
0.99999998962506642 -4819.2434117761823
0.99999998964369297 -4827.9112752456385
0.99999998966231951 -4836.6103744157872
0.99999998968094594 -4845.3408263023421
0.99999998969957238 -4854.1028530301483
0.99999998971819881 -4862.8966262014374
0.99999998973682525 -4871.7223186641995
0.99999998975545168 -4880.5801045234894
0.99999998977407811 -4889.4701591528947
0.99999998979270455 -4898.3926592060971
0.99999998981133098 -4907.3477826285762
0.99999998982995741 -4916.3357086694432
0.99999998984858385 -4925.3566178933934
0.99999998986721039 -4934.4107462585516
0.99999998988583694 -4943.4982233300989
0.99999998990446337 -4952.619179230408
0.9999999899230898 -4961.7738539745542
0.99999998994171624 -4970.9624348892721
0.99999998996034267 -4980.1851106914692
0.99999998997896911 -4989.4420715011584
0.99999998999759554 -4998.7335088545078
0.9999999899999239 -4999.8974000057315
0.99999998999999673 -4999.9338150319127
0.99999999000006945 -4999.9354248547634
0.999999990000215 -4999.9354248547634
0.99999999000050599 -4999.9354248547634
0.99999999000108808 -4999.9354248547634
0.99999999000225215 -4999.9354248547634
0.99999999000690876 -4999.9354248547634
0.99999999001622197 -4999.9354248547634
0.99999999016523367 -4999.9354248547634
0.99999999046325683 -4999.9354248547634
1 -4999.9354248547634
