# NMC conductivity; sampled from pre-migration BESFEM model.
# concentration value; solver units (see ../README.md)
0 0.019285789400000003
0.0050000000000000001 0.019007256807485683
0.0074999999999999997 0.018868024082300601
0.01 0.018728831628807615
0.012500000000000001 0.018589692848257493
0.014999999999999999 0.018450621122511123
0.017500000000000002 0.018311629809218806
0.02 0.018172732237017479
0.022499999999999999 0.018033941700749116
0.025000000000000001 0.017895271456704144
0.0275 0.01775673471789297
0.028749999999999998 0.017687520529024919
0.029999999999999999 0.01761834464934936
0.03125 0.017549208716234388
0.032500000000000001 0.017480114363468892
0.033750000000000002 0.017411063221119079
0.035000000000000003 0.017342056915385713
0.036250000000000004 0.017273097068461737
0.037500000000000006 0.017204185298391197
0.038750000000000007 0.017135323218928286
0.040000000000000001 0.017066512439397649
0.041249999999999995 0.016997754564555198
0.042499999999999996 0.016929051194449901
0.043749999999999997 0.016860403924286435
0.044999999999999998 0.016791814344288516
0.046249999999999999 0.016723284039563455
0.047500000000000001 0.016654814589967218
0.048750000000000002 0.016586407569970901
0.050000000000000003 0.016518064548527708
0.051250000000000004 0.01644978708894132
0.052500000000000005 0.016381576748734944
0.053750000000000006 0.016313435079521613
0.055 0.016245363626875481
0.056249999999999994 0.016177363930204053
0.057499999999999996 0.016109437522621811
0.058749999999999997 0.016041585930824609
0.059999999999999998 0.01597381067496545
0.061249999999999999 0.015906113268531419
0.0625 0.015838495218221477
0.063750000000000001 0.015770958023825915
0.065000000000000002 0.01570350317810662
0.066250000000000003 0.015636132166678807
0.067500000000000004 0.0155688464678939
0.068750000000000006 0.015501647552723831
0.070000000000000007 0.015434536884646312
0.071250000000000008 0.015367515919531642
0.072500000000000009 0.015300586105530809
0.07375000000000001 0.015233748882964913
0.075000000000000011 0.015167005684215916
0.076250000000000012 0.015100357933618828
0.077500000000000013 0.015033807047354989
0.078750000000000014 0.01496735443334715
0.080000000000000002 0.014901001491155723
0.081249999999999989 0.014834749611876667
0.08249999999999999 0.014768600178040213
0.083749999999999991 0.014702554563511964
0.084999999999999992 0.01463661413339473
0.086249999999999993 0.014570780243931906
0.087499999999999994 0.014505054242412939
0.088749999999999996 0.014439437467079456
0.089999999999999997 0.014373931247033482
0.091249999999999998 0.014308536902146977
0.092499999999999999 0.014243255742972942
0.093124999999999999 0.014210658015006176
0.09375 0.014178089070657899
0.094375000000000001 0.014145549071087475
0.095000000000000001 0.014113038176856078
0.095625000000000002 0.014080556547923393
0.096250000000000002 0.014048104343645588
0.096875000000000003 0.014015681722772398
0.097500000000000003 0.013983288843444906
0.098125000000000004 0.013950925863192907
0.098750000000000004 0.013918592938932521
0.099375000000000005 0.013886290226963414
0.10000000000000001 0.013854017882966805
0.10062500000000001 0.013821776062002992
0.10125000000000001 0.013789564918508605
0.10187500000000001 0.013757384606294719
0.10250000000000001 0.013725235278544244
0.10312500000000001 0.013693117087809818
0.10375000000000001 0.013661030186011279
0.10437500000000001 0.013628974724433833
0.10500000000000001 0.013596950853725169
0.10562500000000001 0.01356495872389407
0.10625000000000001 0.013532998484307611
0.10687500000000001 0.013501070283689296
0.10750000000000001 0.013469174270116789
0.10812500000000001 0.013437310591020211
0.10875000000000001 0.013405479393179208
0.109375 0.013373680822721943
0.11 0.013341915025122523
0.110625 0.013310182145198883
0.11124999999999999 0.01327848232711115
0.11187499999999999 0.013246815714359482
0.11249999999999999 0.013215182449782368
0.11312499999999999 0.013183582675554526
0.11374999999999999 0.013152016533184928
0.11437499999999999 0.013120484163515521
0.11499999999999999 0.013088985706718707
0.11562499999999999 0.013057521302296036
0.11624999999999999 0.013026091089076401
0.11687499999999999 0.012994695205213845
0.11749999999999999 0.012963333788186452
0.11812499999999999 0.012932006974794434
0.11874999999999999 0.012900714901158348
0.119375 0.012869457702717605
0.12 0.012838235514228717
0.120625 0.012807048469763908
0.12125 0.012775896702709564
0.121875 0.012744780345764288
0.1225 0.012713699530938037
0.123125 0.012682654389550128
0.12375 0.012651645052228154
0.124375 0.012620671648906149
0.125 0.012589734308823567
0.12562499999999999 0.012558833160523584
0.12625 0.012527968331852267
0.12687500000000002 0.012497139949956491
0.1275 0.01246634814128336
0.12812499999999999 0.012435593031578483
0.12875 0.012404874745884862
0.12937500000000002 0.01237419340854176
0.13 0.012343549143183306
0.13062499999999999 0.012312942072737613
0.13125000000000001 0.012282372319425331
0.13187500000000002 0.012251840004758733
0.13250000000000001 0.012221345249540548
0.13312499999999999 0.012190888173862739
0.13375000000000001 0.012160468897105923
0.13437500000000002 0.012130087537937954
0.13500000000000001 0.012099744214312811
0.135625 0.012069439043470074
0.13625000000000001 0.012039172141933783
0.13687500000000002 0.012008943625511385
0.13750000000000001 0.01197875360929304
0.138125 0.011948602207650564
0.13875000000000001 0.011918489534236935
0.13937500000000003 0.011888415701985093
0.14000000000000001 0.011858380823107304
0.140625 0.011828385009094498
0.14125000000000001 0.011798428370715373
0.14187500000000003 0.011768511018015624
0.14250000000000002 0.011738633060317831
0.143125 0.011708794606219817
0.14375000000000002 0.011678995763594905
0.14437500000000003 0.011649236639590691
0.14500000000000002 0.011619517340628769
0.145625 0.011589837972404314
0.14625000000000002 0.011560198639885303
0.14687500000000003 0.011530599447311439
0.14750000000000002 0.01150104049819514
0.14812500000000001 0.011471521895319496
0.14874999999999999 0.011442043740738981
0.14937499999999998 0.011412606135778268
0.14999999999999999 0.011383209181032248
0.15062500000000001 0.011353852976365595
0.15125 0.01132453762091251
0.15187499999999998 0.011295263213076055
0.1525 0.011266029850528101
0.15312500000000001 0.011236837630209327
0.15375 0.011207686648328328
0.15437499999999998 0.011178577000361843
0.155 0.011149508781054638
0.15562500000000001 0.011120482084419068
0.15625 0.011091497003734961
0.15687499999999999 0.011062553631549342
0.1575 0.011033652059677377
0.15812500000000002 0.011004792379200266
0.15875 0.010975974680467125
0.15937499999999999 0.010947199053094046
0.16 0.010918465585964153
0.16062500000000002 0.010889774367227821
0.16125 0.010861125484302457
0.16187499999999999 0.010832519023872554
0.16250000000000001 0.010803955071890302
0.16312500000000002 0.010775433713575143
0.16375000000000001 0.010746955033413606
0.16437499999999999 0.010718519115160583
0.16500000000000001 0.010690126041838608
0.16562500000000002 0.010661775895737689
0.16625000000000001 0.010633468758417084
0.166875 0.010605204710703696
0.16750000000000001 0.010576983832693619
0.16812500000000002 0.010548806203751924
0.16875000000000001 0.010520671902512933
0.169375 0.010492581006880884
0.17000000000000001 0.010464533594029655
0.17062500000000003 0.010436529740403875
0.17125000000000001 0.010408569521718867
0.171875 0.010380653012960981
0.17249999999999999 0.010352780288388595
0.17312499999999997 0.010324951421531723
0.17374999999999999 0.010297166485193297
0.174375 0.010269425551449272
0.17499999999999999 0.010241728691648742
0.17562499999999998 0.010214075976415547
0.17624999999999999 0.010186467475648274
0.176875 0.010158903258520145
0.17749999999999999 0.010131383393480851
0.17812499999999998 0.010103907948256217
0.17874999999999999 0.010076476989849368
0.17937500000000001 0.010049090584541507
0.17999999999999999 0.010021748797891859
0.18062499999999998 0.0099944516947391131
0.18124999999999999 0.0099671993392019247
0.18187500000000001 0.0099399917946797461
0.1825 0.0099128291238530491
0.18312499999999998 0.0098857113886846575
0.18375 0.0098586386504209682
0.18437500000000001 0.0098316109695914516
0.185 0.0098046284060108162
0.18562499999999998 0.0097776910187790094
0.18625 0.0097507988662829375
0.18687500000000001 0.0097239520061959111
0.1875 0.009697150495480476
0.18812499999999999 0.009670394390387858
0.18875 0.0096436837464596286
0.18937500000000002 0.0096170186185282596
0.19 0.0095903990607185113
0.19062499999999999 0.0095638251264482093
0.19125 0.0095372968684296327
0.19187500000000002 0.0095108143386699578
0.1925 0.0094843775884724795
0.19312499999999999 0.0094579866684383323
0.19375000000000001 0.0094316416284668785
0.19437500000000002 0.0094053425177569299
0.19500000000000001 0.0093790893848084127
0.19562499999999999 0.00935288227742259
0.19625000000000001 0.0093267212427042261
0.19687500000000002 0.0093006063270622535
0.19750000000000001 0.0092745375762106601
0.198125 0.0092485150351705996
0.19875000000000001 0.0092225387482708348
0.19937500000000002 0.0091966087591494033
0.20000000000000001 0.0091707251107547277
0.200625 0.0091448878453469478
0.20125000000000001 0.009119097004499253
0.20187500000000003 0.0090933526290993254
0.20250000000000001 0.0090676547593502837
0.203125 0.0090420034347721261
0.20375000000000001 0.0090163986942038404
0.20437500000000003 0.0089908405758036807
0.20500000000000002 0.0089653291170516663
0.205625 0.0089398643547492478
0.20625000000000002 0.0089144463250236377
0.20687500000000003 0.0088890750633260334
0.20750000000000002 0.0088637506044352259
0.208125 0.0088384729824583213
0.20874999999999999 0.008813242230832739
0.20937499999999998 0.008788058382326323
0.20999999999999999 0.0087629214690410056
0.21062500000000001 0.0087378315224123076
0.21124999999999999 0.0087127885732122805
0.21187499999999998 0.008687792651550506
0.21249999999999999 0.0086628437868752611
0.21312500000000001 0.0086379420079761276
0.21375 0.0086130873429849358
0.21437499999999998 0.0085882798193771519
0.215 0.0085635194639743211
0.21562500000000001 0.0085388063029446775
0.21625 0.0085141403618059202
0.21687499999999998 0.0084895216654260457
0.2175 0.008464950238025291
0.21812500000000001 0.0084404261031779653
0.21875 0.0084159492838138377
0.21937499999999999 0.0083915198022203579
0.22 0.0083671376800439328
0.22062500000000002 0.0083428029382919249
0.22125 0.0083185155973339291
0.22187499999999999 0.0082942756769046038
0.2225 0.0082700831961045034
0.22312500000000002 0.0082459381734018549
0.22375 0.0082218406266350557
0.22437499999999999 0.008197790573014228
0.22500000000000001 0.0081737880291223846
0.22562500000000002 0.0081498330109182043
0.22625000000000001 0.0081259255337375307
0.22687499999999999 0.0081020656122949824
0.22750000000000001 0.0080782532606863394
0.22812500000000002 0.0080544884923898757
0.22875000000000001 0.0080307713202684133
0.229375 0.0080071017565717089
0.23000000000000001 0.0079834798129377309
0.23062500000000002 0.0079599055003951018
0.23125000000000001 0.0079363788293643194
0.231875 0.0079128998096604768
0.23249999999999998 0.007889468450494928
0.23312499999999997 0.0078660847604773414
0.23374999999999999 0.0078427487476173102
0.234375 0.0078194604193266831
0.23499999999999999 0.0077962197824215079
0.23562499999999997 0.007773026843123974
0.23624999999999999 0.007749881607064522
0.236875 0.0077267840792840086
0.23749999999999999 0.0077037342642347611
0.23812499999999998 0.0076807321657845189
0.23874999999999999 0.0076577777872163782
0.239375 0.0076348711312322886
0.23999999999999999 0.0076120121999546635
0.24062499999999998 0.0075892009949285449
0.24124999999999999 0.0075664375171229908
0.24187500000000001 0.0075437217669343509
0.24249999999999999 0.0075210537441881536
0.24312499999999998 0.0074984334481397168
0.24374999999999999 0.0074758608774780338
0.24437500000000001 0.0074533360303276047
0.245 0.007430858904249436
0.24562499999999998 0.0074084294962444269
0.24625 0.0073860478027548675
0.24687500000000001 0.0073637138196669377
0.2475 0.007341427542312871
0.24812499999999998 0.0073191889654721214
0.24875 0.0072969980833750264
0.24937500000000001 0.0072748548897044168
0.25 0.0072527593775971715
0.25062499999999999 0.0072307115396470483
0.25124999999999997 0.0072087113679072373
0.25187499999999996 0.0071867588538915821
0.2525 0.0071648539885772449
0.25312500000000004 0.0071429967624075923
0.25375000000000003 0.007121187165292862
0.25437500000000002 0.0070994251866142704
0.255 0.0070777108152249007
0.25562499999999999 0.0070560440394519235
0.25624999999999998 0.007034424847099539
0.25687499999999996 0.0070128532254513636
0.25750000000000001 0.006991329161271707
0.25812500000000005 0.0069698526408089028
0.25875000000000004 0.006948423649796252
0.25937500000000002 0.0069270421734554648
0.26000000000000001 0.0069057081964991034
0.260625 0.0068844217031311921
0.26124999999999998 0.0068631826770515474
0.26187499999999997 0.0068419911014568329
0.26250000000000001 0.0068208469590431125
0.26312500000000005 0.0067997502320078489
0.26375000000000004 0.006778700902053179
0.26437500000000003 0.0067576989503870793
0.26500000000000001 0.0067367443577260305
0.265625 0.0067158371042979042
0.26624999999999999 0.0066949771698434062
0.26687499999999997 0.006674164533618963
0.26750000000000002 0.0066533991743989978
0.26812500000000006 0.0066326810704778732
0.26875000000000004 0.006612010199672334
0.26937500000000003 0.0065913865393245601
0.27000000000000002 0.0065708100663033325
0.270625 0.0065502807570070858
0.27124999999999999 0.0065297985873662961
0.27187499999999998 0.0065093635328452564
0.27250000000000002 0.0064889755684450195
0.27312500000000006 0.0064686346687052847
0.27375000000000005 0.006448340807707174
0.27437500000000004 0.0064280939590751745
0.27500000000000002 0.006407894095979914
0.27562500000000001 0.0063877411911397713
0.27625 0.0063676352168244837
0.27687499999999998 0.0063475761448558692
0.27750000000000002 0.0063275639466116567
0.27812500000000007 0.0063075985930267624
0.27875000000000005 0.0062876800545965655
0.27937500000000004 0.0062678083013784618
0.28000000000000003 0.0062479833029948622
0.28062500000000001 0.0062282050286349682
0.28125 0.0062084734470578256
0.28187499999999999 0.006188788526593712
0.28250000000000003 0.006169150235147745
0.28312500000000007 0.0061495585402011037
0.28375000000000006 0.0061300134088140817
0.28437500000000004 0.0061105148076282517
0.28500000000000003 0.0060910627028688529
0.28562500000000002 0.0060716570603469005
0.28625 0.0060522978454619052
0.28687499999999999 0.0060329850232040388
0.28749999999999998 0.0060137185581570201
0.28812499999999996 0.0059944984144995033
0.28874999999999995 0.0059753245560082418
0.28937499999999994 0.00595619694605992
0.28999999999999998 0.0059371155476341513
0.29062500000000002 0.0059180803233154205
0.29125000000000001 0.0058990912352949714
0.291875 0.0058801482453747483
0.29249999999999998 0.0058612513149677286
0.29312499999999997 0.005842400405101698
0.29374999999999996 0.0058235954764213598
0.29437499999999994 0.00580483648919
0.29499999999999998 0.0057861234032929292
0.29562500000000003 0.0057674561782389815
0.29625000000000001 0.0057488347731632899
0.296875 0.0057302591468293401
0.29749999999999999 0.0057117292576316907
0.29812499999999997 0.0056932450635982495
0.29843749999999997 0.0056840200890519981
0.29874999999999996 0.0056748065223922711
0.29906249999999995 0.0056656043582702913
0.29937499999999995 0.0056564135913151885
0.2996875 0.0056472342161331662
0.29999999999999999 0.0056380662273085008
0.30031249999999998 0.0056289096194029869
0.30062500000000003 0.0056197643869564922
0.30093750000000002 0.0056106305244864579
0.30125000000000002 0.0056015080264883981
0.30156250000000001 0.0055923968874359003
0.301875 0.0055832971017806803
0.3021875 0.0055742086639527493
0.30249999999999999 0.0055651315683601359
0.30281249999999998 0.005556065809389053
0.30312499999999998 0.005547011381404619
0.30343749999999997 0.0055379682787496925
0.30374999999999996 0.0055289364957465375
0.30406249999999996 0.0055199160266954355
0.30437499999999995 0.0055109068658757959
0.3046875 0.0055019090075449899
0.30499999999999999 0.0054929224459399611
0.30531249999999999 0.0054839471752766138
0.30562500000000004 0.005474983189749481
0.30593750000000003 0.0054660304835321121
0.30625000000000002 0.0054570890507772956
0.30656250000000002 0.0054481588856169477
0.30687500000000001 0.0054392399821625564
0.3071875 0.0054303323345048487
0.3075 0.0054214359367134018
0.30781249999999999 0.0054125507828379198
0.30812499999999998 0.0054036768669076234
0.30843749999999998 0.005394814182931194
0.30874999999999997 0.0053859627248969404
0.30906249999999996 0.005377122486773021
0.30937499999999996 0.005368293462507388
0.3096875 0.0053594756460283426
0.31 0.0053506690312435361
0.31031249999999999 0.0053418736120410797
0.31062500000000004 0.0053330893822889896
0.31093750000000003 0.005324316335835964
0.31125000000000003 0.0053155544665102177
0.31156250000000002 0.0053068037681210916
0.31187500000000001 0.0052980642344576095
0.31218750000000001 0.0052893358592902544
0.3125 0.005280618636368915
0.31281249999999999 0.0052719125594251053
0.31312499999999999 0.0052632176221703558
0.31343749999999998 0.0052545338182976558
0.31374999999999997 0.0052458611414800665
0.31406249999999997 0.0052371995853724412
0.31437499999999996 0.0052285491436097602
0.31468750000000001 0.0052199098098086299
0.315 0.005211281577566838
0.3153125 0.0052026644404629657
0.31562500000000004 0.0051940583920570532
0.31593750000000004 0.0051854634258907111
0.31625000000000003 0.0051768795354867874
0.31656250000000002 0.0051683067143495336
0.31687500000000002 0.0051597449559651603
0.31718750000000001 0.005151194253800671
0.3175 0.0051426546013059165
0.3178125 0.0051341259919118736
0.31812499999999999 0.0051256084190311451
0.31843749999999998 0.0051171018760588476
0.31874999999999998 0.0051086063563717237
0.31906249999999997 0.0051001218533285302
0.31937499999999996 0.0050916483602707046
0.31968750000000001 0.0050831858705205884
0.32000000000000001 0.0050747343773844805
0.3203125 0.0050662938741499724
0.32062500000000005 0.0050578643540869477
0.32093750000000004 0.0050494458104488587
0.32125000000000004 0.0050410382364701727
0.32156250000000003 0.0050326416253695366
0.32187500000000002 0.0050242559703468342
0.32218750000000002 0.0050158812645859623
0.32250000000000001 0.0050075175012528877
0.3228125 0.0049991646734964795
0.323125 0.0049908227744493421
0.32343749999999999 0.0049824917972260945
0.32374999999999998 0.0049741717349252017
0.32406249999999998 0.0049658625806279205
0.32437499999999997 0.004957564327398965
0.32468750000000002 0.0049492769682863962
0.32500000000000001 0.0049410004963213999
0.3253125 0.0049327349045189522
0.32562500000000005 0.0049244801858769321
0.32593750000000005 0.0049162363333779529
0.32625000000000004 0.0049080033399873085
0.32656250000000003 0.0048997811986540834
0.32687500000000003 0.0048915699023115971
0.32718750000000002 0.0048833694438771818
0.32750000000000001 0.0048751798162514053
0.32781250000000001 0.0048670010123192924
0.328125 0.0048588330249497696
0.32843749999999999 0.0048506758469962757
0.32874999999999999 0.0048425294712960958
0.32906249999999998 0.0048343938906708055
0.32937499999999997 0.0048262690979263261
0.32968750000000002 0.0048181550858535909
0.33000000000000002 0.0048100518472271019
0.33031250000000001 0.0048019593748062622
0.33062500000000006 0.0047938776613355421
0.33093750000000005 0.0047858066995434805
0.33125000000000004 0.0047777464821437948
0.33156250000000004 0.00476969700183477
0.33187500000000003 0.0047616582512998145
0.33218750000000002 0.0047536302232069044
0.33250000000000002 0.0047456129102095828
0.33281250000000001 0.004737606304946183
0.333125 0.0047296104000399391
0.3334375 0.0047216251880999299
0.33374999999999999 0.0047136506617199685
0.33406249999999998 0.0047056868134797685
0.33437499999999998 0.0046977336359438886
0.33468750000000003 0.004689791121662899
0.33500000000000002 0.0046818592631724925
0.33531250000000001 0.004673938052994318
0.33562500000000006 0.0046660274836358689
0.33593750000000006 0.0046581275475898725
0.33625000000000005 0.0046502382373351785
0.33656250000000004 0.0046423595453365368
0.33687500000000004 0.0046344914640445972
0.33718750000000003 0.0046266339858963539
0.33750000000000002 0.0046187871033143684
0.33781250000000002 0.0046109508087078793
0.33812500000000001 0.0046031250944718032
0.3384375 0.004595309952988123
0.33875 0.0045875053766242773
0.33906249999999999 0.0045797113577347153
0.33937499999999998 0.0045719278886602304
0.33968750000000003 0.0045641549617284043
0.34000000000000002 0.0045563925692526635
0.34031250000000002 0.0045486407035341108
0.34062500000000007 0.0045408993568601935
0.34093750000000006 0.0045331685215050915
0.34125000000000005 0.0045254481897297177
0.34156250000000005 0.0045177383537823839
0.34187500000000004 0.0045100390058979683
0.34218750000000003 0.0045023501382988589
0.34250000000000003 0.0044946717431941768
0.34281250000000002 0.0044870038127804972
0.34312500000000001 0.0044793463392414617
0.34343750000000001 0.004471699314748721
0.34375 0.0044640627314599928
0.34406249999999999 0.0044564365815217815
0.34437499999999999 0.0044488208570676573
0.34468749999999998 0.004441215550218534
0.34499999999999997 0.0044336206530832239
0.34531249999999997 0.0044260361577580492
0.34562499999999996 0.0044184620563275084
0.34593749999999995 0.0044108983408637763
0.34624999999999995 0.0044033450034267046
0.34656249999999994 0.0043958020360641541
0.34687499999999993 0.0043882694308126618
0.34718749999999998 0.0043807471796959967
0.34749999999999998 0.0043732352747265484
0.34781249999999997 0.0043657337079049934
0.34812500000000002 0.0043582424712199069
0.34843750000000001 0.0043507615566489282
0.34875 0.0043432909561572624
0.3490625 0.0043358306616989011
0.34937499999999999 0.0043283806652169004
0.34968749999999998 0.0043209409586422703
0.34999999999999998 0.0043135115338949741
0.35031249999999997 0.0043060923828836511
0.35062499999999996 0.0042986834975055604
0.35093749999999996 0.0042912848696472477
0.35124999999999995 0.0042838964911839899
0.35156249999999994 0.004276518353979462
0.35187499999999994 0.0042691504498872362
0.35218749999999999 0.0042617927707498376
0.35249999999999998 0.0042544453083985783
0.35281249999999997 0.0042471080546538902
0.35312500000000002 0.0042397810013259356
0.35343750000000002 0.0042324641402142742
0.35375000000000001 0.0042251574631078075
0.3540625 0.0042178609617840018
0.354375 0.0042105746280115524
0.35468749999999999 0.0042032984535470535
0.35499999999999998 0.0041960324301379952
0.35531249999999998 0.0041887765495208767
0.35562499999999997 0.0041815308034224268
0.35593749999999996 0.0041742951835586056
0.35624999999999996 0.0041670696816361579
0.35656249999999995 0.0041598542893509487
0.35687499999999994 0.0041526489983891839
0.35718749999999999 0.0041454538004271884
0.35749999999999998 0.0041382686871312951
0.35781249999999998 0.0041310936501581779
0.35812500000000003 0.0041239286811548519
0.35843750000000002 0.0041167737717585622
0.35875000000000001 0.0041096289135966729
0.35906250000000001 0.004102494098287
0.359375 0.004095369317438589
0.35968749999999999 0.0040882545626500493
0.35999999999999999 0.0040811498255114414
0.36031249999999998 0.0040740550976026118
0.36062499999999997 0.0040669703704949694
0.36093749999999997 0.0040598956357503751
0.36124999999999996 0.0040528308849211419
0.36156249999999995 0.0040457761095515892
0.36187499999999995 0.0040387313011758224
0.3621875 0.0040316964513196201
0.36249999999999999 0.0040246715514996572
0.36281249999999998 0.0040176565932238378
0.36312500000000003 0.00401065156799074
0.36343750000000002 0.0040036564672911706
0.36375000000000002 0.0039966712826067213
0.36406250000000001 0.0039896960054104352
0.364375 0.0039827306271665846
0.3646875 0.0039757751393308931
0.36499999999999999 0.0039688295333510908
0.36531249999999998 0.0039618938006662479
0.36562499999999998 0.0039549679327066638
0.36593749999999997 0.0039480519208955327
0.36624999999999996 0.0039411457566463897
0.36656249999999996 0.0039342494313658865
0.36687499999999995 0.00392736293645146
0.3671875 0.0039204862632929976
0.36749999999999999 0.0039136194032727261
0.36781249999999999 0.0039067623477644347
0.36812500000000004 0.0038999150881342524
0.36843750000000003 0.0038930776157404244
0.36875000000000002 0.0038862499219332034
0.36906250000000002 0.0038794319980557366
0.36937500000000001 0.0038726238354426222
0.3696875 0.003865825425422019
0.37 0.0038590367593132045
0.37031249999999999 0.0038522578284290163
0.37062499999999998 0.003845488624074299
0.37093749999999998 0.0038387291375467912
0.37124999999999997 0.0038319793601367933
0.37156249999999996 0.0038252392831272784
0.37187499999999996 0.0038185088977943358
0.3721875 0.0038117881954059505
0.3725 0.0038050771672245563
0.37281249999999999 0.0037983758045042602
0.37312500000000004 0.003791684098492508
0.37343750000000003 0.0037850020404300842
0.37375000000000003 0.0037783296215503346
0.37406250000000002 0.003771666833080388
0.37437500000000001 0.0037650136662402676
0.37468750000000001 0.0037583701122434463
0.375 0.0037517361622965138
0.37531249999999999 0.0037451118075992871
0.37562499999999999 0.0037384970393456994
0.37593749999999998 0.0037318918487224671
0.37624999999999997 0.0037252962269102006
0.37656249999999997 0.003718710165083182
0.37687499999999996 0.003712133654409143
0.37718750000000001 0.0037055666860494872
0.3775 0.0036990092511591786
0.3778125 0.0036924613408881855
0.37812500000000004 0.0036859229463785934
0.37843750000000004 0.0036793940587674921
0.37875000000000003 0.0036728746691858647
0.37906250000000002 0.0036663647687583665
0.37937500000000002 0.0036598643486041014
0.37968750000000001 0.0036533733998359561
0.38 0.0036468919135611553
0.3803125 0.0036404198808813724
0.38062499999999999 0.0036339572928921746
0.38093749999999998 0.0036275041406832451
0.38124999999999998 0.003621060415339715
0.38156249999999997 0.0036146261079404982
0.38187499999999996 0.0036082012095584024
0.38218750000000001 0.0036017857112615724
0.38250000000000001 0.0035953796041130457
0.3828125 0.0035889828791690879
0.38312500000000005 0.0035825955274824115
0.38343750000000004 0.0035762175400989569
0.38375000000000004 0.0035698489080606675
0.38406250000000003 0.0035634896224032695
0.38437500000000002 0.0035571396741583814
0.38468750000000002 0.0035507990543519594
0.38500000000000001 0.0035444677540051859
0.3853125 0.003538145764133914
0.385625 0.0035318330757496672
0.38593749999999999 0.0035255296798585288
0.38624999999999998 0.0035192355674628071
0.38656249999999998 0.0035129507295584826
0.38687499999999997 0.0035066751571384267
0.38718750000000002 0.0035004088411896271
0.38750000000000001 0.0034941517726951852
0.3878125 0.0034879039426334289
0.38812500000000005 0.0034816653419781339
0.38843750000000005 0.0034754359616987461
0.38875000000000004 0.0034692157927606036
0.38906250000000003 0.0034630048261236044
0.38937500000000003 0.003456803052744649
0.38968750000000002 0.0034506104635756416
0.39000000000000001 0.003444427049564379
0.39031250000000001 0.0034382528016545497
0.390625 0.0034320877107857349
0.39093749999999999 0.0034259317678934074
0.39124999999999999 0.0034197849639092657
0.39156249999999998 0.0034136472897607893
0.39187499999999997 0.0034075187363714608
0.39218750000000002 0.0034013992946609881
0.39250000000000002 0.0033952889555451935
0.39281250000000001 0.0033891877099366794
0.39312500000000006 0.0033830955487432744
0.39343750000000005 0.0033770124628700313
0.39375000000000004 0.0033709384432182286
0.39406250000000004 0.0033648734806849255
0.39437500000000003 0.0033588175661639617
0.39468750000000002 0.0033527706905464015
0.39500000000000002 0.003346732844718535
0.39531250000000001 0.0033407040195649871
0.395625 0.0033346842059650537
0.3959375 0.0033286733947959211
0.39624999999999999 0.003322671576931445
0.39656249999999998 0.0033166787432420395
0.39687499999999998 0.00331069488459501
0.39718750000000003 0.0033047199918543311
0.39750000000000002 0.0032987540558813131
0.39781250000000001 0.0032927970675340466
0.39812500000000006 0.0032868490176674024
0.39843750000000006 0.0032809098971335869
0.39875000000000005 0.0032749796967819198
0.39906250000000004 0.0032690584074587235
0.39937500000000004 0.0032631460200076554
0.39968750000000003 0.0032572425252691537
0.40000000000000002 0.003251347914081991
0.40031250000000002 0.0032454621772808321
0.40062500000000001 0.0032395853056991207
0.4009375 0.0032337172901668585
0.40125 0.0032278581215114941
0.40156249999999999 0.0032220077905586995
0.40187499999999998 0.003216166288130705
0.40218750000000003 0.0032103336050481866
0.40250000000000002 0.0032045097321288228
0.40281250000000002 0.0031986946601887376
0.40312500000000007 0.0031928883800407246
0.40343750000000006 0.003187090882496356
0.40375000000000005 0.0031813021583645394
0.40406250000000005 0.0031755221984516289
0.40437500000000004 0.0031697509935633126
0.40468750000000003 0.0031639885345012817
0.40500000000000003 0.0031582348120666724
0.40531250000000002 0.0031524898170580671
0.40562500000000001 0.0031467535402722722
0.40593750000000001 0.0031410259725043175
0.40625 0.0031353071045466794
0.40656249999999999 0.0031295969271911681
0.40687499999999999 0.0031238954312271514
0.40718749999999998 0.0031182026074421097
0.40749999999999997 0.0031125184466220799
0.40781249999999997 0.003106842939551989
0.40812499999999996 0.0031011760770143213
0.40843749999999995 0.003095517849790562
0.40874999999999995 0.0030898682486600868
0.40906249999999994 0.0030842272644020494
0.40937499999999993 0.003078594887792606
0.40968749999999998 0.0030729711096076904
0.40999999999999998 0.0030673559206215715
0.41031249999999997 0.0030617493116065196
0.41062500000000002 0.0030561512733349159
0.41093750000000001 0.0030505617965769214
0.41125 0.0030449808721015868
0.4115625 0.0030394084906772965
0.41187499999999999 0.0030338446430709918
0.41218749999999998 0.0030282893200487258
0.41249999999999998 0.0030227425123753302
0.41281249999999997 0.0030172042108145268
0.41312499999999996 0.0030116744061297039
0.41343749999999996 0.0030061530890830288
0.41374999999999995 0.0030006402504355587
0.41406249999999994 0.0029951358809475735
0.41437499999999994 0.0029896399713794639
0.41468749999999999 0.0029841525124898447
0.41499999999999998 0.0029786734950366643
0.41531249999999997 0.002973202909777871
0.41562500000000002 0.0029677407474705251
0.41593750000000002 0.0029622869988707987
0.41625000000000001 0.0029568416547346419
0.4165625 0.0029514047058172275
0.416875 0.0029459761428740614
0.41718749999999999 0.0029405559566592064
0.41749999999999998 0.0029351441379267249
0.41781249999999998 0.0029297406774304578
0.41812499999999997 0.0029243455659239124
0.41843749999999996 0.0029189587941600413
0.41874999999999996 0.0029135803528922409
0.41906249999999995 0.0029082102328729085
0.41937499999999994 0.0029028484248545526
0.41968749999999999 0.0028974949195899034
0.41999999999999998 0.0028921497078312473
0.42031249999999998 0.0028868127803308706
0.42062500000000003 0.0028814841278412815
0.42093750000000002 0.0028761637411147665
0.42125000000000001 0.0028708516109036118
0.42156250000000001 0.0028655477279605477
0.421875 0.0028602520830383047
0.42218749999999999 0.0028549646668897242
0.42249999999999999 0.0028496854702676475
0.42281249999999998 0.0028444144839258043
0.42312499999999997 0.0028391516986175911
0.42343749999999997 0.0028338971050970705
0.42374999999999996 0.0028286506941181942
0.42406249999999995 0.002823412456436246
0.42437499999999995 0.0028181823828059547
0.4246875 0.0028129604639829373
0.42499999999999999 0.002807746690723588
0.42531249999999998 0.0028025410537844118
0.42562500000000003 0.00279734354392258
0.42593750000000002 0.0027921541518960411
0.42625000000000002 0.0027869728684630766
0.42656250000000001 0.0027817996843833002
0.426875 0.0027766345904163257
0.4271875 0.002771477577322655
0.42749999999999999 0.0027663286358640114
0.42781249999999998 0.00276118775680234
0.42812499999999998 0.0027560549309010294
0.42843749999999997 0.0027509301489241343
0.42874999999999996 0.0027458134016363754
0.42906249999999996 0.0027407046798036947
0.42937499999999995 0.0027356039741929226
0.4296875 0.0027305112755722214
0.42999999999999999 0.0027254265747105309
0.43031249999999999 0.0027203498623775677
0.43062500000000004 0.0027152811293449362
0.43093750000000003 0.0027102203663849065
0.43125000000000002 0.0027051675642708593
0.43156250000000002 0.0027001227137778403
0.43187500000000001 0.0026950858056820058
0.4321875 0.0026900568307603998
0.4325 0.0026850357797919542
0.43281249999999999 0.0026800226435565997
0.43312499999999998 0.0026750174128360436
0.43343749999999998 0.0026700200784128812
0.43374999999999997 0.0026650306310717063
0.43406249999999996 0.0026600490615980008
0.43437499999999996 0.0026550753607796893
0.4346875 0.0026501095194053624
0.435 0.0026451515282654979
0.43531249999999999 0.0026402013781527942
0.43562500000000004 0.002635259059860283
0.43593750000000003 0.0026303245641839932
0.43625000000000003 0.0026253978819211752
0.43656250000000002 0.0026204790038706336
0.43687500000000001 0.0026155679208330605
0.43718750000000001 0.0026106646236112572
0.4375 0.0026057691030095796
0.43781249999999999 0.0026008813498344927
0.43812499999999999 0.0025960013548940162
0.43843749999999998 0.0025911291089981679
0.43874999999999997 0.0025862646029594081
0.43906249999999997 0.0025814078275917516
0.43937499999999996 0.0025765587737116556
0.43968750000000001 0.0025717174321367984
0.44 0.0025668837936879672
0.4403125 0.0025620578491875033
0.44062500000000004 0.0025572395894598574
0.44093750000000004 0.0025524290053322561
0.44125000000000003 0.0025476260876333688
0.44156250000000002 0.0025428308271946407
0.44187500000000002 0.0025380432148495156
0.44218750000000001 0.0025332632414338794
0.4425 0.0025284908977862828
0.4428125 0.0025237261747467197
0.44312499999999999 0.0025189690631584037
0.44343749999999998 0.0025142195538668797
0.44374999999999998 0.0025094776377198023
0.44406249999999997 0.0025047433055676014
0.44437499999999996 0.0025000165482630386
0.44468750000000001 0.0024952973566615398
0.44500000000000001 0.0024905857216209735
0.4453125 0.0024858816340019838
0.44562500000000005 0.0024811850846678794
0.44593750000000004 0.0024764960644844112
0.44625000000000004 0.002471814564320106
0.44656250000000003 0.0024671405750460438
0.44687500000000002 0.0024624740875364135
0.44718750000000002 0.0024578150926679574
0.44750000000000001 0.0024531635813203044
0.4478125 0.0024485195443755257
0.448125 0.0024438829727193565
0.44843749999999999 0.0024392538572394194
0.44874999999999998 0.0024346321888273335
0.44906249999999998 0.0024300179583764945
0.44937499999999997 0.0024254111567840729
0.44968750000000002 0.0024208117749501255
0.45000000000000001 0.0024162198037774849
0.4503125 0.0024116352341720924
0.45062500000000005 0.0024070580570432197
0.45093750000000005 0.0024024882633031362
0.45125000000000004 0.0023979258438666649
0.45156250000000003 0.0023933707896527366
0.45187500000000003 0.0023888230915827245
0.45218750000000002 0.0023842827405818876
0.45250000000000001 0.0023797497275780386
0.45281250000000001 0.0023752240435024317
0.453125 0.0023707056792897628
0.45343749999999999 0.0023661946258781695
0.45374999999999999 0.002361690874208898
0.45406249999999998 0.0023571944152265254
0.45437499999999997 0.0023527052398792923
0.45468750000000002 0.0023482233391184369
0.45500000000000002 0.0023437487038990832
0.45531250000000001 0.002339281325179575
0.45562500000000006 0.0023348211939218087
0.45593750000000005 0.0023303683010912333
0.45625000000000004 0.0023259226376566287
0.45656250000000004 0.0023214841945907714
0.45687500000000003 0.0023170529628694357
0.45718750000000002 0.0023126289334729475
0.45750000000000002 0.0023082120973840757
0.45781250000000001 0.0023038024455903625
0.458125 0.0022993999690822373
0.4584375 0.0022950046588544591
0.45874999999999999 0.0022906165059050063
0.45906249999999998 0.0022862355012359657
0.45937499999999998 0.0022818616358533093
0.45968750000000003 0.0022774949007663401
0.46000000000000002 0.002273135286988802
0.46031250000000001 0.0022687827855377694
0.46062500000000006 0.0022644373874346467
0.46093750000000006 0.0022600990837045019
0.46125000000000005 0.0022557678653764
0.46156250000000004 0.0022514437234830696
0.46187500000000004 0.0022471266490620132
0.46218750000000003 0.0022428166331540642
0.46250000000000002 0.0022385136668040526
0.46281250000000002 0.0022342177410612494
0.46312500000000001 0.0022299288469788113
0.4634375 0.0022256469756143358
0.46375 0.0022213721180285293
0.46406249999999999 0.0022171042652877602
0.46437499999999998 0.0022128434084611724
0.46468749999999998 0.0022085895386230168
0.46499999999999997 0.0022043426468512082
0.46531249999999996 0.0022001027242279912
0.46562499999999996 0.0021958697618406063
0.46593749999999995 0.0021916437507792917
0.46624999999999994 0.0021874246821397257
0.46656249999999994 0.0021832125470211392
0.46687499999999993 0.0021790073365277594
0.46718749999999998 0.0021748090417675879
0.46749999999999997 0.0021706176538535114
0.46781249999999996 0.0021664331639024135
0.46812500000000001 0.0021622555630358407
0.46843750000000001 0.0021580848423800023
0.46875 0.0021539209930651047
0.46906249999999999 0.0021497640062260169
0.46937499999999999 0.002145613873002493
0.46968749999999998 0.0021414705845385061
0.46999999999999997 0.0021373341319824699
0.47031249999999997 0.0021332045064876835
0.47062499999999996 0.0021290816992121085
0.47093749999999995 0.0021249657013177035
0.47124999999999995 0.0021208565039719783
0.47156249999999994 0.0021167540983464393
0.47187499999999993 0.002112658475617478
0.47218749999999998 0.002108569626966371
0.47249999999999998 0.0021044875435789465
0.47281249999999997 0.002100412216645696
0.47312500000000002 0.0020963436373621067
0.47343750000000001 0.002092281796928329
0.47375 0.0020882266865493979
0.4740625 0.0020841782974349008
0.47437499999999999 0.0020801366208000869
0.47468749999999998 0.0020761016478639802
0.47499999999999998 0.002072073369850934
0.47531249999999997 0.0020680517779906303
0.47562499999999996 0.0020640368635171922
0.47593749999999996 0.002060028617670072
0.47624999999999995 0.0020560270316929406
0.47656249999999994 0.0020520320968356862
0.47687499999999994 0.002048043804352083
0.47718749999999999 0.002044062145501012
0.47749999999999998 0.0020400871115474604
0.47781249999999997 0.0020361186937604124
0.47812500000000002 0.002032156883414292
0.47843750000000002 0.0020282016717884086
0.47875000000000001 0.0020242530501677334
0.4790625 0.0020203110098419006
0.479375 0.0020163755421058736
0.47968749999999999 0.0020124466382597226
0.47999999999999998 0.0020085242896087361
0.48031249999999998 0.0020046084874634205
0.48062499999999997 0.0020006992231396113
0.48093749999999996 0.001996796487958362
0.48124999999999996 0.0019929002732457222
0.48156249999999995 0.0019890105703332926
0.48187499999999994 0.0019851273705582249
0.48218749999999999 0.0019812506652621118
0.48249999999999998 0.0019773804457930964
0.48281249999999998 0.0019735167035035404
0.48312500000000003 0.001969659429752134
0.48343750000000002 0.0019658086159020081
0.48375000000000001 0.0019619642533226221
0.48406250000000001 0.0019581263333882091
0.484375 0.0019542948474787756
0.48468749999999999 0.0019504697869797681
0.48499999999999999 0.001946651143281851
0.48531249999999998 0.0019428389077812401
0.48562499999999997 0.0019390330718800351
0.48593749999999997 0.001935233626985665
0.48624999999999996 0.0019314405645108877
0.48656249999999995 0.0019276538758739013
0.48687499999999995 0.0019238735524994542
0.4871875 0.0019200995858165136
0.48749999999999999 0.001916331967260597
0.48781249999999998 0.0019125706882726621
0.48812500000000003 0.0019088157402991066
0.48843750000000002 0.0019050671147922125
0.48875000000000002 0.0019013248032097017
0.48906250000000001 0.0018975887970152914
0.489375 0.0018938590876779169
0.4896875 0.0018901356666727307
0.48999999999999999 0.0018864185254806585
0.49031249999999998 0.0018827076555877329
0.49062499999999998 0.001879003048486315
0.49093749999999997 0.0018753046956744277
0.49124999999999996 0.0018716125886560895
0.49156249999999996 0.0018679267189405367
0.49187499999999995 0.0018642470780433338
0.4921875 0.0018605736574860408
0.49249999999999999 0.0018569064487953244
0.49281249999999999 0.001853245443504735
0.49312500000000004 0.0018495906331525967
0.49343750000000003 0.0018459420092842281
0.49375000000000002 0.0018422995634502768
0.49406250000000002 0.0018386632872070528
0.49437500000000001 0.001835033172117416
0.4946875 0.0018314092097501109
0.495 0.0018277913916793218
0.49531249999999999 0.0018241797094857835
0.49562499999999998 0.0018205741547557817
0.49593749999999998 0.0018169747190824857
0.49624999999999997 0.0018133813940639496
0.49656249999999996 0.0018097941713048891
0.49687499999999996 0.0018062130424161258
0.4971875 0.0018026379990144768
0.4975 0.0017990690327226431
0.49781249999999999 0.0017955061351696542
0.49812500000000004 0.0017919492979907568
0.49843750000000003 0.0017883985128268596
0.49875000000000003 0.0017848537713254218
0.49906250000000002 0.0017813150651400087
0.49937500000000001 0.001777782385930514
0.49968750000000001 0.0017742557253622713
0.5 0.0017707350751079418
0.50031249999999994 0.0017672204268454048
0.50062499999999999 0.0017637117722589788
0.50093750000000004 0.0017602091030399767
0.50124999999999997 0.0017567124108850405
0.50156249999999991 0.0017532216874973625
0.50187499999999996 0.0017497369245864634
0.50218750000000001 0.0017462581138681919
0.50249999999999995 0.0017427852470646142
0.50281249999999988 0.0017393183159042356
0.50312499999999993 0.0017358573121216679
0.50343749999999998 0.0017324022274579618
0.50374999999999992 0.0017289530536607188
0.50406249999999997 0.0017255097824835351
0.50437500000000002 0.0017220724056863355
0.50468749999999996 0.0017186409150361502
0.505 0.0017152153023056714
0.50531250000000005 0.0017117955592740306
0.50562499999999999 0.001708381677727576
0.50593750000000004 0.0017049736494577626
0.50625000000000009 0.0017015714662637058
0.50656250000000003 0.0016981751199502946
0.50687500000000008 0.0016947846023290789
0.50718750000000012 0.0016913999052182702
0.50750000000000006 0.0016880210204422972
0.5078125 0.0016846479398321388
0.50812500000000005 0.0016812806552253244
0.5084375000000001 0.0016779191584661555
0.50875000000000004 0.0016745634414048181
0.50906249999999997 0.0016712134958989364
0.50937500000000002 0.001667869313811686
0.50968750000000007 0.0016645308870139029
0.51000000000000001 0.001661198207381974
0.51031249999999995 0.0016578712667996141
0.510625 0.0016545500571567549
0.51093750000000004 0.0016512345703501006
0.51124999999999998 0.0016479247982830168
0.51156249999999992 0.0016446207328651972
0.51187499999999997 0.0016413223660133301
0.51218750000000002 0.0016380296896505429
0.51249999999999996 0.0016347426957067355
0.51281249999999989 0.0016314613761185801
0.51312499999999994 0.0016281857228291883
0.51343749999999999 0.0016249157277884439
0.51374999999999993 0.001621651382952892
0.51406249999999998 0.0016183926802861835
0.51437500000000003 0.001615139611758186
0.51468749999999996 0.001611892169345762
0.51500000000000001 0.001608650345032435
0.51531250000000006 0.00160541413080839
0.515625 0.0016021835186709175
0.51593750000000005 0.001598958500623636
0.5162500000000001 0.0015957390686773807
0.51656250000000004 0.001592525214849426
0.51687500000000008 0.0015893169311637077
0.51718750000000013 0.001586114209651822
0.51750000000000007 0.0015829170423514714
0.51781250000000001 0.0015797254213069088
0.51812500000000006 0.0015765393385699365
0.51843750000000011 0.0015733587861991292
0.51875000000000004 0.0015701837562591679
0.51906249999999998 0.001567014240822505
0.51937500000000003 0.0015638502319682544
0.51968750000000008 0.0015606917217817471
0.52000000000000002 0.0015575387023561969
0.52031249999999996 0.0015543911657909235
0.520625 0.0015512491041926855
0.52093750000000005 0.0015481125096746804
0.52124999999999999 0.0015449813743575445
0.52156249999999993 0.0015418556903684642
0.52187499999999998 0.0015387354498417314
0.52218750000000003 0.0015356206449187435
0.52249999999999996 0.0015325112677473372
0.5228124999999999 0.0015294073104826764
0.52312499999999995 0.0015263087652872529
0.5234375 0.0015232156243296644
0.52374999999999994 0.0015201278797866134
0.52406249999999999 0.0015170455238405754
0.52437500000000004 0.0015139685486821306
0.52468749999999997 0.0015108969465081877
0.52500000000000002 0.0015078307095227604
0.52531250000000007 0.0015047698299371901
0.52562500000000001 0.0015017142999697018
0.52593750000000006 0.0014986641118455144
0.52625000000000011 0.0014956192577968417
0.52656250000000004 0.0014925797300632247
0.52687500000000009 0.0014895455208910877
0.52718750000000014 0.0014865166225338498
0.52750000000000008 0.0014834930272520351
0.52781250000000002 0.0014804747273137174
0.52812500000000007 0.0014774617149931877
0.52843750000000012 0.0014744539825727308
0.52875000000000005 0.0014714515223410705
0.52906249999999999 0.0014684543265947024
0.52937500000000004 0.0014654623876364501
0.52968750000000009 0.0014624756977770202
0.53000000000000003 0.0014594942493338912
0.53031249999999996 0.0014565180346315363
0.53062500000000001 0.0014535470460018672
0.53093750000000006 0.0014505812757841228
0.53125 0.0014476207163238706
0.53156249999999994 0.0014446653599752266
0.53187499999999999 0.0014417151990979691
0.53218750000000004 0.0014387702260603139
0.53249999999999997 0.0014358304332368053
0.53281249999999991 0.0014328958130097589
0.53312499999999996 0.0014299663577682629
0.53343750000000001 0.0014270420599089549
0.53374999999999995 0.0014241229118353558
0.5340625 0.0014212089059586473
0.53437500000000004 0.0014183000346967831
0.53468749999999998 0.0014153962904753779
0.53500000000000003 0.0014124976657268183
0.53531250000000008 0.0014096041528911516
0.53562500000000002 0.0014067157444156418
0.53593750000000007 0.0014038324327544358
0.53625000000000012 0.0014009542103693416
0.53656250000000005 0.0013980810697291611
0.5368750000000001 0.0013952130033101349
0.53718750000000015 0.0013923500035960532
0.53750000000000009 0.0013894920630771455
0.53781250000000003 0.0013866391742518567
0.53812500000000008 0.0013837913296255154
0.53843750000000012 0.0013809485217107773
0.53875000000000006 0.001378110743027404
0.5390625 0.0013752779861029283
0.53937500000000005 0.0013724502434718775
0.5396875000000001 0.0013696275076762175
0.54000000000000004 0.0013668097712650194
0.54031249999999997 0.0013639970267951261
0.54062500000000002 0.0013611892668302637
0.54093750000000007 0.001358386483941819
0.54125000000000001 0.001355588670708173
0.54156249999999995 0.0013527958197158117
0.541875 0.0013500079235575489
0.54218750000000004 0.0013472249748341923
0.54249999999999998 0.0013444469661537659
0.54281249999999992 0.0013416738901318435
0.54312499999999997 0.001338905739391326
0.54343750000000002 0.0013361425065619979
0.54374999999999996 0.0013333841842816372
0.5440625 0.0013306307651953495
0.54437500000000005 0.0013278822419552348
0.54468749999999999 0.0013251386072211644
0.54500000000000004 0.0013223998536601154
0.54531250000000009 0.0013196659739468362
0.54562500000000003 0.0013169369607631807
0.54593750000000008 0.0013142128067986634
0.54625000000000012 0.0013114935047499041
0.54656250000000006 0.0013087790473210723
0.54687500000000011 0.0013060694272238869
0.54718750000000016 0.0013033646371775052
0.5475000000000001 0.0013006646699083011
0.54781250000000004 0.0012979695181503091
0.54812500000000008 0.0012952791746447798
0.54843750000000013 0.0012925936321407359
0.54875000000000007 0.001289912883394194
0.54906250000000001 0.0012872369211690536
0.54937500000000006 0.0012845657382365414
0.54968750000000011 0.001281899327375101
0.55000000000000004 0.001279237681370836
0.55031249999999998 0.0012765807930175108
0.55062500000000003 0.0012739286551161065
0.55093750000000008 0.0012712812604749311
0.55125000000000002 0.0012686386019100646
0.55156249999999996 0.0012660006722450255
0.551875 0.0012633674643108815
0.55218750000000005 0.0012607389709456949
0.55249999999999999 0.0012581151849957437
0.55281249999999993 0.0012554960993141893
0.55312499999999998 0.0012528817067621865
0.55343750000000003 0.0012502720002077737
0.55374999999999996 0.0012476669725269827
0.55406250000000001 0.001245066616603284
0.55437500000000006 0.0012424709253276976
0.5546875 0.0012398798915984597
0.55500000000000005 0.0012372935083214674
0.5553125000000001 0.001234711768410167
0.55562500000000004 0.0012321346647856655
0.55593750000000008 0.0012295621903761753
0.55625000000000013 0.0012269943381179025
0.55656250000000007 0.0012244311009542695
0.55687500000000012 0.0012218724718362482
0.55718750000000017 0.0012193184437224711
0.55750000000000011 0.0012167690095790094
0.55781250000000004 0.0012142241623795944
0.55812500000000009 0.0012116838951052853
0.55843750000000014 0.0012091482007448016
0.55875000000000008 0.0012066170722944123
0.55906250000000002 0.0012040905027578251
0.55937500000000007 0.001201568485146519
0.55968750000000012 0.0011990510124791896
0.56000000000000005 0.0011965380777824151
0.56031249999999999 0.0011940296740898791
0.56062500000000004 0.0011915257944434808
0.56093750000000009 0.0011890264318920028
0.56125000000000003 0.0011865315794922214
0.56156249999999996 0.0011840412303081292
0.56187500000000001 0.0011815553774117125
0.56218750000000006 0.0011790740138822851
0.5625 0.0011765971328064882
0.56281249999999994 0.0011741247272789566
0.56312499999999999 0.0011716567904013196
0.56343750000000004 0.001169193315283644
0.56374999999999997 0.0011667342950427693
0.56406249999999991 0.0011642797228031952
0.56437499999999996 0.0011618295916976371
0.56468750000000001 0.0011593838948655831
0.56499999999999995 0.0011569426254547364
0.56531249999999988 0.0011545057766197951
0.56562499999999993 0.0011520733415233395
0.56593749999999998 0.0011496453133359439
0.56624999999999992 0.0011472216852347326
0.56656249999999986 0.0011448024504053787
0.56687499999999991 0.0011423876020404387
0.56718749999999996 0.0011399771333407958
0.56749999999999989 0.0011375710375141055
0.56781249999999983 0.0011351693077762391
0.56812499999999988 0.001132771937350173
0.56843749999999993 0.0011303789194668777
0.56874999999999987 0.0011279902473647616
0.56906249999999992 0.0011256059142897832
0.56937499999999996 0.0011232259134951171
0.5696874999999999 0.0011208502382425976
0.56999999999999995 0.0011184788818002765
0.5703125 0.0011161118374447541
0.57062499999999994 0.0011137490984600693
0.57093749999999999 0.0011113906581375886
0.57125000000000004 0.0011090365097762276
0.57156249999999997 0.001106686646683118
0.57187500000000002 0.0011043410621720527
0.57218750000000007 0.001101999749565151
0.57250000000000001 0.0010996627021918602
0.57281249999999995 0.0010973299133891765
0.573125 0.0010950013765017572
0.57343750000000004 0.0010926770848818088
0.57374999999999998 0.0010903570318891984
0.57406249999999992 0.0010880412108914537
0.57437499999999997 0.0010857296152633187
0.57468750000000002 0.0010834222383876422
0.57499999999999996 0.0010811190736546004
0.57531249999999989 0.00107882011446203
0.57562499999999994 0.0010765253542152063
0.57593749999999999 0.001074234786327176
0.57624999999999993 0.0010719484042185355
0.57656249999999987 0.0010696662013173195
0.57687499999999992 0.0010673881710596676
0.57718749999999996 0.0010651143068884914
0.5774999999999999 0.0010628446022551406
0.57781249999999984 0.0010605790506179589
0.57812499999999989 0.0010583176454430619
0.57843749999999994 0.0010560603802044475
0.57874999999999988 0.0010538072483833303
0.57906249999999992 0.0010515582434684743
0.57937499999999997 0.001049313358956415
0.57968749999999991 0.0010470725883514596
0.57999999999999996 0.0010448359251652426
0.58031250000000001 0.0010426033629169482
0.58062499999999995 0.0010403748951336431
0.5809375 0.0010381505153496105
0.58125000000000004 0.0010359302171069049
0.58156249999999998 0.0010337139939552418
0.58187500000000003 0.0010315018394518858
0.58218750000000008 0.0010292937471616513
0.58250000000000002 0.0010270897106569019
0.58281249999999996 0.0010248897235176622
0.583125 0.0010226937793315059
0.58343750000000005 0.0010205018716935564
0.58374999999999999 0.0010183139942065975
0.58406249999999993 0.0010161301404808518
0.58437499999999998 0.0010139503041343132
0.58468750000000003 0.0010117744787925252
0.58499999999999996 0.0010096026580883586
0.5853124999999999 0.0010074348356624561
0.58562499999999995 0.0010052710051633427
0.5859375 0.0010031111602463159
0.58624999999999994 0.0010009552945753329
0.58656249999999988 0.00099880340182067909
0.58687499999999992 0.0009966554756614108
0.58718749999999997 0.00099451150978335659
0.58749999999999991 0.00099237149788022764
0.58781249999999985 0.0009902354336531736
0.5881249999999999 0.00098810331081089367
0.58843749999999995 0.00098597512306996963
0.58874999999999988 0.00098385086415397763
0.58906249999999993 0.00098173052779470952
0.58937499999999998 0.00097961410773117355
0.58968749999999992 0.00097750159770981651
0.58999999999999997 0.0009753929914847456
0.59031250000000002 0.00097328828281772887
0.59062499999999996 0.0009711874654781946
0.5909375 0.00096909053324278763
0.59125000000000005 0.00096699747989592436
0.59156249999999999 0.00096490829922945968
0.59187500000000004 0.00096282298504279799
0.59218750000000009 0.00096074153114322628
0.59250000000000003 0.00095866393134502596
0.59281249999999996 0.00095659017947058304
0.59312500000000001 0.00095452026934916693
0.59343750000000006 0.00095245419481804065
0.59375 0.00095039194972223876
0.59406249999999994 0.00094833352791367923
0.59437499999999999 0.0009462789232521626
0.59468750000000004 0.00094422812960526096
0.59499999999999997 0.00094218114084776287
0.59531249999999991 0.00094013795086167332
0.59562499999999996 0.000938098553537324
0.59593750000000001 0.00093606294277192995
0.59624999999999995 0.00093403111247036678
0.59656249999999988 0.00093200305654539265
0.59687499999999993 0.00092997876891664913
0.59718749999999998 0.00092795824351188242
0.59749999999999992 0.00092594147426605514
0.59781249999999986 0.00092392845512156844
0.59812499999999991 0.00092191918002848398
0.59843749999999996 0.00091991364294441295
0.59874999999999989 0.00091791183783440503
0.59906249999999994 0.00091591375867083739
0.59937499999999999 0.00091391939943408077
0.59968749999999993 0.00091192875411127831
0.59999999999999998 0.00090994181669767774
0.60031250000000003 0.00090795858119574328
0.60062499999999996 0.0009059790416153776
0.60093750000000001 0.00090400319197436599
0.60125000000000006 0.00090203102629748814
0.6015625 0.00090006253861707323
0.60187500000000005 0.00089809772297344407
0.6021875000000001 0.00089613657341369583
0.60250000000000004 0.00089417908399291727
0.60281249999999997 0.00089222524877330259
0.60312500000000002 0.00089027506182481756
0.60343750000000007 0.00088832851722464438
0.60375000000000001 0.00088638560905762579
0.60406249999999995 0.00088444633141604304
0.604375 0.00088251067839950484
0.60468750000000004 0.00088057864411516943
0.60499999999999998 0.0008786502226775225
0.60531249999999992 0.00087672540820882131
0.60562499999999997 0.00087480419483831754
0.60593750000000002 0.00087288657670303441
0.60624999999999996 0.00087097254794743365
0.60656249999999989 0.00086906210272308241
0.60687499999999994 0.0008671552351893194
0.60718749999999999 0.00086525193951303284
0.60749999999999993 0.00086335220986810538
0.60781249999999987 0.00086145604043596916
0.60812499999999992 0.00085956342540593892
0.60843749999999996 0.00085767435897410175
0.6087499999999999 0.0008557888353443163
0.60906249999999995 0.00085390684872765769
0.609375 0.00085202839334286155
0.60968749999999994 0.000850153463415991
0.60999999999999999 0.0008482820531803256
0.61031250000000004 0.00084641415687669445
0.61062499999999997 0.00084454976875347613
0.61093750000000002 0.00084268888306604365
0.61125000000000007 0.0008408314940776526
0.61156250000000001 0.00083897759605877501
0.61187500000000006 0.00083712718328665529
0.61218750000000011 0.00083528025004686449
0.61250000000000004 0.00083343679063185708
0.61281249999999998 0.00083159679934152601
0.61312500000000003 0.00082976027048309168
0.61343750000000008 0.00082792719837132404
0.61375000000000002 0.00082609757732809844
0.61406249999999996 0.00082427140168283978
0.614375 0.00082244866577218937
0.61468750000000005 0.00082062936394044909
0.61499999999999999 0.00081881349053869316
0.61531249999999993 0.00081700103992598941
0.61562499999999998 0.00081519200646828908
0.61593750000000003 0.0008133863845392039
0.61624999999999996 0.00081158416851945107
0.6165624999999999 0.00080978535279696421
0.61687499999999995 0.00080798993176744852
0.6171875 0.00080619789983349258
0.61749999999999994 0.00080440925140534551
0.61781249999999988 0.00080262398090025081
0.61812499999999992 0.00080084208274311256
0.61843749999999997 0.00079906355136571819
0.61874999999999991 0.00079728838120762672
0.61906249999999996 0.00079551656671539154
0.61937500000000001 0.00079374810234289354
0.61968749999999995 0.00079198298255134106
0.62 0.00079022120180938097
0.62031250000000004 0.0007884627545926545
0.62062499999999998 0.00078670763538446346
0.62093750000000003 0.00078495583867521505
0.62125000000000008 0.00078320735896219987
0.62156250000000002 0.0007814621907504801
0.62187500000000007 0.00077972032855222332
0.62218750000000012 0.00077798176688692459
0.62250000000000005 0.00077624650028118439
0.62281249999999999 0.00077451452326915274
0.62312500000000004 0.000772785830391752
0.62343750000000009 0.00077106041619756508
0.62375000000000003 0.00076933827524239132
0.62406249999999996 0.00076761940208902449
0.62437500000000001 0.00076590379130736378
0.62468750000000006 0.00076419143747541299
0.625 0.00076248233517728218
0.62531249999999994 0.00076077647900485294
0.62562499999999999 0.00075907386355744536
0.62593750000000004 0.00075737448344092987
0.62624999999999997 0.00075567833326939252
0.62656249999999991 0.00075398540766269254
0.62687499999999996 0.00075229570124945991
0.62718750000000001 0.00075060920866420881
0.62749999999999995 0.00074892592454944699
0.62781249999999988 0.00074724584355456561
0.62812499999999993 0.00074556896033639434
0.62843749999999998 0.00074389526955831312
0.62874999999999992 0.00074222476589169554
0.62906249999999997 0.00074055744401457649
0.62937500000000002 0.00073889329861220735
0.62968749999999996 0.00073723232437705591
0.63 0.00073557451600891747
0.63031250000000005 0.00073391986821435965
0.63062499999999999 0.00073226837570749962
0.63093750000000004 0.00073062003320933792
0.63125000000000009 0.00072897483544798051
0.63156250000000003 0.00072733277715886083
0.63187500000000008 0.00072569385308451776
0.63218750000000012 0.00072405805797437354
0.63250000000000006 0.00072242538658551095
0.6328125 0.00072079583368134107
0.63312500000000005 0.00071916939403293548
0.6334375000000001 0.00071754606241847122
0.63375000000000004 0.00071592583362300869
0.63406249999999997 0.00071430870243860271
0.63437500000000002 0.00071269466366519066
0.63468750000000007 0.0007110837121083721
0.63500000000000001 0.00070947584258229527
0.63531249999999995 0.00070787104990721465
0.635625 0.00070626932891104525
0.63593750000000004 0.00070467067442836343
0.63624999999999998 0.00070307508130073996
0.63656249999999992 0.00070148254437740613
0.63687499999999997 0.00069989305851403253
0.63718750000000002 0.00069830661857383928
0.63749999999999996 0.00069672321942648577
0.63781249999999989 0.00069514285594929196
0.63812499999999994 0.0006935655230261281
0.63843749999999999 0.00069199121554808089
0.63874999999999993 0.00069041992841334247
0.63906249999999998 0.0006888516565272104
0.63937500000000003 0.00068728639480142154
0.63968749999999996 0.00068572413815570635
0.64000000000000001 0.00068416488151590152
0.64031250000000006 0.00068260861981517121
0.640625 0.00068105534799378501
0.64093750000000005 0.00067950506099900691
0.6412500000000001 0.00067795775378465121
0.64156250000000004 0.00067641342131197072
0.64187500000000008 0.0006748720585494347
0.64218750000000013 0.00067333366047161861
0.64250000000000007 0.00067179822206075849
0.64281250000000001 0.00067026573830597372
0.64312500000000006 0.00066873620420304506
0.64343750000000011 0.00066720961475485866
0.64375000000000004 0.0006656859649712951
0.64406249999999998 0.00066416524986934037
0.64437500000000003 0.00066264746447241977
0.64468750000000008 0.00066113260381128606
0.64500000000000002 0.00065962066292357539
0.64531249999999996 0.00065811163685369626
0.645625 0.00065660552065327363
0.64593750000000005 0.00065510230938026074
0.64624999999999999 0.0006536019981000493
0.64656249999999993 0.00065210458188480339
0.64687499999999998 0.00065061005581357049
0.64718750000000003 0.00064911841497217041
0.64749999999999996 0.00064762965445319535
0.6478124999999999 0.000646143769356787
0.64812499999999995 0.00064466075478908228
0.6484375 0.00064318060586343454
0.64874999999999994 0.00064170331770030257
0.64906249999999999 0.00064022888542680648
0.64937500000000004 0.00063875730417683877
0.64968749999999997 0.00063728856909117529
0.65000000000000002 0.00063582267531747531
0.65031250000000007 0.00063435961801028143
0.65062500000000001 0.0006328993923310197
0.65093750000000006 0.00063144199344744437
0.65125000000000011 0.00062998741653485927
0.65156250000000004 0.00062853565677489646
0.65187500000000009 0.00062708670935629344
0.65218750000000014 0.00062564056947411598
0.65250000000000008 0.00062419723233086836
0.65281250000000002 0.00062275669313527208
0.65312500000000007 0.00062131894710326511
0.65343750000000012 0.00061988398945733573
0.65375000000000005 0.00061845181542663356
0.65406249999999999 0.00061702242024752466
0.65437500000000004 0.00061559579916248134
0.65468750000000009 0.00061417194742141438
0.65500000000000003 0.00061275086028056284
0.65531249999999996 0.00061133253300304916
0.65562500000000001 0.00060991696085865713
0.65593750000000006 0.00060850413912405391
0.65625 0.00060709406308234596
0.65656249999999994 0.00060568672802407823
0.65687499999999999 0.00060428212924534678
0.65718750000000004 0.00060288026205013027
0.65749999999999997 0.00060148112174829153
0.65781249999999991 0.00060008470365690984
0.65812499999999996 0.00059869100309961479
0.65843750000000001 0.00059730001540636427
0.65874999999999995 0.00059591173591433259
0.6590625 0.00059452615996713335
0.65937500000000004 0.00059314328291493049
0.65968749999999998 0.00059176310011510439
0.66000000000000003 0.00059038560693080858
0.66031250000000008 0.0005890107987326351
0.66062500000000002 0.00058763867089750425
0.66093750000000007 0.00058626921880899766
0.66125000000000012 0.0005849024378572473
0.66156250000000005 0.00058353832343926851
0.6618750000000001 0.00058217687095862695
0.66218750000000015 0.00058081807582521653
0.66250000000000009 0.00057946193345592559
0.66281250000000003 0.00057810843927397074
0.66312500000000008 0.00057675758870956299
0.66343750000000012 0.00057540937719913058
0.66375000000000006 0.00057406380018576312
0.6640625 0.00057272085311943358
0.66437500000000005 0.00057138053145599913
0.6646875000000001 0.00057004283065897746
0.66500000000000004 0.00056870774619743739
0.66531249999999997 0.00056737527354755316
0.66562500000000002 0.00056604540819182728
0.66593750000000007 0.00056471814561964565
0.66625000000000001 0.00056339348132650039
0.66656249999999995 0.00056207141081465598
0.666875 0.00056075192959303825
0.66718750000000004 0.00055943503317679025
0.66749999999999998 0.00055812071708771641
0.66781249999999992 0.00055680897685439349
0.66812499999999997 0.00055549980801150448
0.66843750000000002 0.00055419320610050474
0.66874999999999996 0.00055288916666928892
0.6690625 0.00055158768527219096
0.66937500000000005 0.00055028875747009513
0.66968749999999999 0.00054899237883032496
0.67000000000000004 0.00054769854492675433
0.67031250000000009 0.00054640725133958538
0.67062500000000003 0.00054511849365568158
0.67093750000000008 0.00054383226746801264
0.67125000000000012 0.0005425485683766537
0.67156250000000006 0.00054126739198745303
0.67187500000000011 0.00053998873391303129
0.67218750000000016 0.00053871258977222639
0.6725000000000001 0.0005374389551907596
0.67281250000000004 0.0005361678258002364
0.67312500000000008 0.00053489919723914562
0.67343750000000013 0.00053363306515197132
0.67375000000000007 0.00053236942518985889
0.67406250000000001 0.000531108273010282
0.67437500000000006 0.00052984960427704256
0.67468750000000011 0.00052859341466060387
0.67500000000000004 0.00052733969983742438
0.67531249999999998 0.00052608845549073494
0.67562500000000003 0.00052483967730976159
0.67593750000000008 0.00052359336099016965
0.67625000000000002 0.00052234950223428581
0.67656249999999996 0.00052110809675032092
0.676875 0.0005198691402533692
0.67718750000000005 0.00051863262846429806
0.67749999999999999 0.00051739855711085828
0.67781249999999993 0.0005161669219265738
0.67812499999999998 0.00051493771865174091
0.67843750000000003 0.00051371094303276214
0.67874999999999996 0.00051248659082259033
0.67906250000000001 0.00051126465777984046
0.67937500000000006 0.00051004513967012192
0.6796875 0.00050882803226503929
0.68000000000000005 0.00050761333134241441
0.6803125000000001 0.00050640103268673046
0.68062500000000004 0.00050519113208824377
0.68093750000000008 0.00050398362534353894
0.68125000000000013 0.00050277850825586193
0.68156250000000007 0.00050157577663445389
0.68187500000000012 0.00050037542629466217
0.68218750000000017 0.00049917745305838449
0.68250000000000011 0.00049798185275329169
0.68281250000000004 0.000496788621213938
0.68312500000000009 0.00049559775428065082
0.68343750000000014 0.00049440924779986376
0.68375000000000008 0.00049322309762456077
0.68406250000000002 0.000492039299613832
0.68437500000000007 0.00049085784963287386
0.68468750000000012 0.00048967874355321098
0.68500000000000005 0.00048850197725236325
0.68531249999999999 0.00048732754661406783
0.68562500000000004 0.00048615544752850102
0.68593750000000009 0.00048498567589161243
0.68625000000000003 0.00048381822760590196
0.68656249999999996 0.00048265309857964265
0.68687500000000001 0.0004814902847274358
0.68718750000000006 0.00048032978197009999
0.6875 0.00047917158623456
0.68781249999999994 0.00047801569345373582
0.68812499999999999 0.00047686209956676471
0.68843750000000004 0.00047571080051900114
0.68874999999999997 0.0004745617922616838
0.68906249999999991 0.00047341507075226861
0.68937499999999996 0.00047227063195442873
0.68968750000000001 0.00047112847183772153
0.68999999999999995 0.0004699885863779216
0.69031249999999988 0.00046885097155668773
0.69062499999999993 0.000467715623362118
0.69093749999999998 0.00046658253778819467
0.69124999999999992 0.00046545171083467316
0.69156249999999986 0.0004643231385078592
0.69187499999999991 0.00046319681681983169
0.69218749999999996 0.00046207274178844269
0.69249999999999989 0.0004609509094383166
0.69281249999999983 0.00045983131579962897
0.69312499999999988 0.00045871395690832848
0.69343749999999993 0.00045759882880669209
0.69374999999999987 0.00045648592754332504
0.69406249999999992 0.00045537524917205061
0.69437499999999996 0.00045426678975357546
0.6946874999999999 0.00045316054535382431
0.69499999999999995 0.00045205651204516115
0.6953125 0.00045095468590583418
0.69562499999999994 0.00044985506301997578
0.69593749999999999 0.00044875763947782452
0.69625000000000004 0.00044766241137539218
0.69656249999999997 0.0004465693748146857
0.69687500000000002 0.00044547852590381829
0.69718750000000007 0.00044438986075689832
0.69750000000000001 0.00044330337549347429
0.69781249999999995 0.00044221906623953397
0.698125 0.00044113692912683831
0.69843750000000004 0.00044005696029314343
0.69874999999999998 0.0004389791558817566
0.69906249999999992 0.00043790351204220232
0.69937499999999997 0.00043683002492988929
0.69968750000000002 0.00043575869070599935
0.69999999999999996 0.00043468950553770955
0.70031249999999989 0.00043362246559797011
0.70062499999999994 0.00043255756706572643
0.70093749999999999 0.0004314948061256971
0.70124999999999993 0.00043043417896837386
0.70156249999999987 0.00042937568179035466
0.70187499999999992 0.00042831931079367755
0.70218749999999996 0.00042726506218670888
0.7024999999999999 0.00042621293218325504
0.70281249999999984 0.0004251629170032287
0.70312499999999989 0.00042411501287209361
0.70343749999999994 0.00042306921602130874
0.70374999999999988 0.00042202552268788416
0.70406249999999992 0.00042098392911549129
0.70437499999999997 0.00041994443155213144
0.70468749999999991 0.00041890702625302232
0.70499999999999996 0.00041787170947793359
0.70531250000000001 0.00041683847749362932
0.70562499999999995 0.00041580732657153649
0.7059375 0.00041477825298963242
0.70625000000000004 0.00041375125303133451
0.70656249999999998 0.00041272632298561127
0.70687500000000003 0.00041170345914764848
0.70718750000000008 0.00041068265781784994
0.70750000000000002 0.00040966391530283672
0.70781249999999996 0.00040864722791455896
0.708125 0.00040763259197073995
0.70843750000000005 0.00040662000379532024
0.70874999999999999 0.00040560945971701432
0.70906249999999993 0.00040460095607119804
0.70937499999999998 0.00040359448919824323
0.70968750000000003 0.00040259005544462798
0.70999999999999996 0.00040158765116215942
0.7103124999999999 0.00040058727270852887
0.71062499999999995 0.00039958891644731185
0.7109375 0.00039859257874696883
0.71124999999999994 0.00039759825598262164
0.71156249999999988 0.00039660594453438811
0.71187499999999992 0.00039561564078815923
0.71218749999999997 0.00039462734113548812
0.71249999999999991 0.00039364104197359004
0.71281249999999985 0.00039265673970523138
0.7131249999999999 0.00039167443073895167
0.71343749999999995 0.00039069411148839748
0.71374999999999988 0.00038971577837365465
0.71406249999999993 0.00038873942781958302
0.71437499999999998 0.00038776505625714861
0.71468749999999992 0.00038679266012264655
0.71499999999999997 0.0003858222358581451
0.71531250000000002 0.00038485377991104161
0.71562499999999996 0.00038388728873450659
0.7159375 0.00038292275878703961
0.71625000000000005 0.00038196018653302441
0.71656249999999999 0.00038099956844217384
0.71687500000000004 0.00038004090098964081
0.71718750000000009 0.00037908418065635139
0.71750000000000003 0.00037812940392844971
0.71781249999999996 0.00037717656729774205
0.71812500000000001 0.00037622566726202986
0.71843750000000006 0.00037527670032344449
0.71875 0.0003743296629912227
0.71906249999999994 0.00037338455177837602
0.71937499999999999 0.00037244136320468832
0.71968750000000004 0.00037150009379482849
0.71999999999999997 0.00037056074007901649
0.72031249999999991 0.00036962329859313445
0.72062499999999996 0.00036868776587828254
0.72093750000000001 0.00036775413848122305
0.72124999999999995 0.00036682241295393634
0.72156249999999988 0.0003658925858540649
0.72187499999999993 0.00036496465374435825
0.72218749999999998 0.0003640386131935611
0.72249999999999992 0.00036311446077519214
0.72281249999999986 0.00036219219306876524
0.72312499999999991 0.00036127180665856826
0.72343749999999996 0.00036035329813488424
0.72374999999999989 0.00035943666409299222
0.72406249999999994 0.00035852190113394442
0.72437499999999999 0.00035760900586378905
0.72468749999999993 0.00035669797489412545
0.72499999999999998 0.00035578880484199302
0.72531250000000003 0.00035488149232953823
0.72562499999999996 0.00035397603398445863
0.72593750000000001 0.00035307242643989187
0.72625000000000006 0.00035217066633419367
0.7265625 0.00035127075031093777
0.72687500000000005 0.00035037267501924905
0.7271875000000001 0.00034947643711347041
0.72750000000000004 0.00034858203325316281
0.72781249999999997 0.00034768946010343835
0.72812500000000002 0.00034679871433451612
0.72843750000000007 0.00034590979262205532
0.72875000000000001 0.0003450226916469332
0.72906249999999995 0.00034413740809513402
0.729375 0.00034325393865819318
0.72968750000000004 0.00034237228003297513
0.72999999999999998 0.00034149242892122931
0.73031249999999992 0.00034061438203036729
0.73062499999999997 0.00033973813607279666
0.73093750000000002 0.00033886368776614304
0.73124999999999996 0.00033799103383347215
0.73156249999999989 0.00033712017100328981
0.73187499999999994 0.00033625109600865375
0.73218749999999999 0.00033538380558839484
0.73249999999999993 0.00033451829648633999
0.73281249999999987 0.00033365456545153413
0.73312499999999992 0.00033279260923835128
0.73343749999999996 0.00033193242460616144
0.7337499999999999 0.00033107400831966369
0.73406249999999995 0.0003302173571488862
0.734375 0.00032936246786863108
0.73468749999999994 0.00032850933725936258
0.73499999999999999 0.00032765796210620788
0.73531250000000004 0.00032680833919962324
0.73562499999999997 0.00032596046533561604
0.73593750000000002 0.00032511433731474557
0.73625000000000007 0.0003242699519430112
0.73656250000000001 0.00032342730603163037
0.73687500000000006 0.00032258639639659445
0.73718750000000011 0.00032174721985955699
0.73750000000000004 0.00032090977324650136
0.73781249999999998 0.00032007405338929515
0.73812500000000003 0.0003192400571245799
0.73843750000000008 0.00031840778129399314
0.73875000000000002 0.00031757722274461251
0.73906249999999996 0.00031674837832806755
0.739375 0.00031592124490120585
0.73968750000000005 0.00031509581932653716
0.73999999999999999 0.00031427209847101209
0.74031249999999993 0.0003134500792066883
0.74062499999999998 0.00031262975841073046
0.74093750000000003 0.00031181113296574334
0.74124999999999996 0.00031099419975866158
0.7415624999999999 0.00031017895568208196
0.74187499999999995 0.00030936539763304214
0.7421875 0.00030855352251413091
0.74249999999999994 0.00030774332723282203
0.74281249999999988 0.0003069348087012522
0.74312499999999992 0.00030612796383699823
0.74343749999999997 0.00030532278956241086
0.74374999999999991 0.0003045192828046148
0.74406249999999996 0.00030371744049628588
0.74437500000000001 0.00030291725957454083
0.74468749999999995 0.00030211873698182543
0.745 0.00030132186966513739
0.74531250000000004 0.0003005266545769145
0.74562499999999998 0.00029973308867403545
0.74593750000000003 0.00029894116891881903
0.74625000000000008 0.00029815089227824696
0.74656250000000002 0.00029736225572407491
0.74687500000000007 0.00029657525623327661
0.74718750000000012 0.00029578989078782178
0.74750000000000005 0.00029500615637423209
0.74781249999999999 0.00029422404998402516
0.74812500000000004 0.00029344356861382568
0.74843750000000009 0.00029266470926492125
0.74875000000000003 0.00029188746894370652
0.74906249999999996 0.00029111184466123905
0.74937500000000001 0.0002903378334334614
0.74968750000000006 0.00028956543228142315
0.75 0.00028879463823061477
0.75031249999999994 0.00028802544831207786
0.75062499999999999 0.00028725785956096181
0.75093750000000004 0.00028649186901741206
0.75124999999999997 0.00028572747372690308
0.75156249999999991 0.00028496467073901719
0.75187499999999996 0.00028420345710877679
0.75218750000000001 0.00028344382989564518
0.75249999999999995 0.00028268578616397064
0.75281249999999988 0.00028192932298320847
0.75312499999999993 0.00028117443742692181
0.75343749999999998 0.00028042112657433591
0.75374999999999992 0.00027966938750856183
0.75406249999999997 0.00027891921731837275
0.75437500000000002 0.00027817061309687172
0.75468749999999996 0.00027742357194149167
0.755 0.00027667809095510563
0.75531250000000005 0.00027593416724536055
0.75562499999999999 0.00027519179792390023
0.75593750000000004 0.00027445098010814159
0.75625000000000009 0.00027371171091916533
0.75656250000000003 0.00027297398748382526
0.75687500000000008 0.00027223780693263897
0.75718750000000012 0.0002715031664020082
0.75750000000000006 0.0002707700630317764
0.7578125 0.00027003849396744914
0.75812500000000005 0.00026930845635919496
0.7584375000000001 0.00026857994736106814
0.75875000000000004 0.0002678529641326741
0.75906249999999997 0.00026712750383772608
0.75937500000000002 0.00026640356364493332
0.75968750000000007 0.00026568114072755697
0.76000000000000001 0.00026496023226363217
0.76031249999999995 0.0002642408354356349
0.760625 0.00026352294743092617
0.76093750000000004 0.00026280656544119683
0.76124999999999998 0.00026209168666302272
0.76156249999999992 0.00026137830829764261
0.76187499999999997 0.00026066642755073619
0.76218750000000002 0.00025995604163264605
0.76249999999999996 0.00025924714775837774
0.76281249999999989 0.00025853974314759973
0.76312499999999994 0.00025783382502464345
0.76343749999999999 0.00025712939061794813
0.76374999999999993 0.00025642643716094902
0.76406249999999998 0.00025572496189185532
0.76437500000000003 0.00025502496205298406
0.76468749999999996 0.00025432643489153726
0.76500000000000001 0.00025362937765893576
0.76531250000000006 0.00025293378761170746
0.765625 0.00025223966201037704
0.76593750000000005 0.00025154699812024315
0.7662500000000001 0.00025085579321126736
0.76656250000000004 0.0002501660445575191
0.76687500000000008 0.00024947774943839682
0.76718750000000013 0.00024879090513696276
0.76750000000000007 0.00024810550894127512
0.76781250000000001 0.00024742155814338893
0.76812500000000006 0.00024673905004068828
0.76843750000000011 0.00024605798193433201
0.76875000000000004 0.00024537835113036397
0.76906249999999998 0.00024470015493915784
0.76937500000000003 0.0002440233906755282
0.76968750000000008 0.00024334805565861956
0.77000000000000002 0.00024267414721246134
0.77031249999999996 0.00024200166266541285
0.770625 0.0002413305993498302
0.77093750000000005 0.00024066095460328757
0.77124999999999999 0.00023999272576702286
0.77156249999999993 0.00023932591018715894
0.77187499999999998 0.00023866050521414856
0.77218750000000003 0.00023799650820277435
0.77249999999999996 0.0002373339165125929
0.7728124999999999 0.00023667272750693553
0.77312499999999995 0.00023601293855412959
0.7734375 0.00023535454702661024
0.77374999999999994 0.00023469755030125356
0.77406249999999999 0.00023404194575926546
0.77437500000000004 0.00023338773078651482
0.77468749999999997 0.0002327349027728673
0.77500000000000002 0.00023208345911274048
0.77531250000000007 0.00023143339720454876
0.77562500000000001 0.00023078471445192456
0.77593750000000006 0.00023013740826205304
0.77625000000000011 0.00022949147604678228
0.77656250000000004 0.00022884691522217921
0.77687500000000009 0.00022820372320864064
0.77718750000000014 0.0002275618974312263
0.77750000000000008 0.00022692143531877069
0.77781250000000002 0.00022628233430477124
0.77812500000000007 0.00022564459182694425
0.77843750000000012 0.00022500820532744687
0.77875000000000005 0.00022437317225232207
0.77906249999999999 0.00022373949005249777
0.77937500000000004 0.00022310715618245464
0.77968750000000009 0.00022247616810178034
0.78000000000000003 0.00022184652327394833
0.78031249999999996 0.0002212182191660958
0.78062500000000001 0.00022059125325080004
0.78093750000000006 0.00021996562300374695
0.78125 0.00021934132590595152
0.78156249999999994 0.00021871835944164836
0.78187499999999999 0.00021809672110017914
0.78218750000000004 0.0002174764083743272
0.78249999999999997 0.00021685741876176085
0.78281249999999991 0.00021623974976381217
0.78312499999999996 0.00021562339888680921
0.78343750000000001 0.00021500836364029969
0.78374999999999995 0.0002143946415387163
0.7840625 0.00021378223010048853
0.78437500000000004 0.00021317112684804269
0.78468749999999998 0.00021256132930835698
0.78500000000000003 0.00021195283501240642
0.78531250000000008 0.0002113456414954959
0.78562500000000002 0.00021073974629637199
0.78593750000000007 0.00021013514695899932
0.78625000000000012 0.00020953184103100625
0.78656250000000005 0.0002089298260637959
0.7868750000000001 0.00020832909961365637
0.78718750000000015 0.00020772965924031745
0.78750000000000009 0.00020713150250828289
0.78781250000000003 0.00020653462698538711
0.78812500000000008 0.00020593903024468258
0.78843750000000012 0.00020534470986210835
0.78875000000000006 0.00020475166341859947
0.7890625 0.00020415988849886574
0.78937500000000005 0.00020356938269161379
0.7896875000000001 0.00020298014358999112
0.79000000000000004 0.00020239216879069794
0.79031249999999997 0.00020180545589509741
0.79062500000000002 0.00020122000250810541
0.79093750000000007 0.00020063580623930072
0.79125000000000001 0.0002000528647013708
0.79156249999999995 0.0001994711755122211
0.791875 0.00019889073629308779
0.79218750000000004 0.00019831154466909279
0.79249999999999998 0.00019773359826990994
0.79281249999999992 0.00019715689472920989
0.79312499999999997 0.00019658143168432702
0.79343750000000002 0.00019600720677670353
0.79374999999999996 0.0001954342176521115
0.7940625 0.00019486246195998675
0.79437500000000005 0.00019429193735387291
0.79468749999999999 0.00019372264149119939
0.79500000000000004 0.00019315457203394754
0.79531250000000009 0.00019258772664709629
0.79562500000000003 0.00019202210300073159
0.79593750000000008 0.00019145769876782598
0.79625000000000012 0.000190894511626237
0.79656250000000006 0.00019033253925715283
0.79687500000000011 0.00018977177934609152
0.79718750000000016 0.00018921222958223489
0.7975000000000001 0.00018865388765898356
0.79781250000000004 0.00018809675127351295
0.79812500000000008 0.00018754081812688423
0.79843750000000013 0.00018698608592437744
0.79875000000000007 0.00018643255237471429
0.79906250000000001 0.00018588021519105741
0.79937500000000006 0.00018532907209012212
0.79968750000000011 0.00018477912079262055
0.80000000000000004 0.00018423035902326163
0.80031249999999998 0.00018368278451052906
0.80062500000000003 0.0001831363949867923
0.80093750000000008 0.00018259118818852866
0.80125000000000002 0.00018204716185576814
0.80156249999999996 0.00018150431373264859
0.801875 0.00018096264156697157
0.80218750000000005 0.00018042214311042443
0.80249999999999999 0.00017988281611902441
0.80281249999999993 0.00017934465835189734
0.80312499999999998 0.00017880766757249895
0.80343750000000003 0.00017827184154817072
0.80374999999999996 0.00017773717804969586
0.80406250000000001 0.00017720367485185435
0.80437500000000006 0.00017667132973331196
0.8046875 0.00017614014047662025
0.80500000000000005 0.00017561010486821655
0.8053125000000001 0.00017508122069775784
0.80562500000000004 0.00017455348575956404
0.80593750000000008 0.00017402689785095266
0.80625000000000013 0.00017350145477368212
0.80656250000000007 0.00017297715433273048
0.80687500000000012 0.00017245399433729464
0.80718750000000017 0.00017193197260023524
0.80750000000000011 0.00017141108693785462
0.80781250000000004 0.00017089133517056294
0.80812500000000009 0.0001703727151225451
0.80843750000000014 0.00016985522462164976
0.80875000000000008 0.0001693388614992783
0.80906250000000002 0.00016882362359082887
0.80937500000000007 0.00016830950873536338
0.80968750000000012 0.0001677965147757185
0.81000000000000005 0.00016728463955817258
0.81031249999999999 0.0001667738809331118
0.81062500000000004 0.00016626423675436403
0.81093750000000009 0.0001657557048795319
0.81125000000000003 0.00016524828317021484
0.81156249999999996 0.00016474196949100989
0.81187500000000001 0.000164236761711066
0.81218750000000006 0.00016373265770230767
0.8125 0.00016322965534110029
0.81281249999999994 0.00016272775250702893
0.81312499999999999 0.00016222694708389746
0.81343750000000004 0.00016172723695828534
0.81374999999999997 0.00016122862002110189
0.81406249999999991 0.00016073109416703119
0.81437499999999996 0.00016023465729353287
0.81468750000000001 0.00015973930730284053
0.81499999999999995 0.00015924504209996332
0.81531249999999988 0.00015875185959357413
0.81562499999999993 0.00015825975769689777
0.81593749999999998 0.00015776873432549049
0.81624999999999992 0.00015727878739957152
0.81656249999999986 0.00015678991484246869
0.81687499999999991 0.00015630211458095151
0.81718749999999996 0.00015581538454578631
0.81749999999999989 0.0001553297226710701
0.81781249999999983 0.00015484512689478564
0.81812499999999988 0.00015436159515824638
0.81843749999999993 0.00015387912540598542
0.81874999999999987 0.00015339771558719879
0.81906249999999992 0.00015291736365341397
0.81937499999999996 0.00015243806756048834
0.8196874999999999 0.00015195982526760993
0.81999999999999995 0.00015148263473763052
0.8203125 0.00015100649393651051
0.82062499999999994 0.00015053140083420708
0.82093749999999999 0.00015005735340411914
0.82125000000000004 0.0001495843496233093
0.82156249999999997 0.00014911238747183781
0.82187500000000002 0.00014864146493398373
0.82218750000000007 0.00014817157999691272
0.82250000000000001 0.0001477027306515652
0.82281249999999995 0.00014723491489265634
0.823125 0.00014676813071800993
0.82343750000000004 0.00014630237612889147
0.82374999999999998 0.0001458376491303412
0.82406249999999992 0.00014537394773073004
0.82437499999999997 0.00014491126994198162
0.82468750000000002 0.00014444961377946126
0.82499999999999996 0.00014398897726186494
0.82531249999999989 0.00014352935841188547
0.82562499999999994 0.0001430707552545471
0.82593749999999999 0.00014261316581953704
0.82624999999999993 0.00014215658813942906
0.82656249999999987 0.0001417010202501276
0.82687499999999992 0.00014124646019131188
0.82718749999999996 0.00014079290600554767
0.8274999999999999 0.00014034035573961962
0.82781249999999984 0.00013988880744308791
0.82812499999999989 0.00013943825916917646
0.82843749999999994 0.00013898870897455091
0.82874999999999988 0.00013854015491887445
0.82906249999999992 0.00013809259506580713
0.82937499999999997 0.00013764602748233962
0.82968749999999991 0.00013720045023812716
0.82999999999999996 0.00013675586140715485
0.83031250000000001 0.00013631225906607231
0.83062499999999995 0.00013586964129530394
0.8309375 0.00013542800617860479
0.83125000000000004 0.00013498735180261651
0.83156249999999998 0.00013454767625819958
0.83187500000000003 0.00013410897763899005
0.83218750000000008 0.00013367125404184361
0.83250000000000002 0.0001332345035673907
0.83281249999999996 0.00013279872431948143
0.833125 0.00013236391440485246
0.83343750000000005 0.00013193007193412626
0.83374999999999999 0.00013149719502114494
0.83406249999999993 0.00013106528178285921
0.83437499999999998 0.00013063433033966149
0.83468750000000003 0.00013020433881505284
0.83499999999999996 0.00012977530533630905
0.8353124999999999 0.00012934722803348148
0.83562499999999995 0.00012892010504017421
0.8359375 0.000128493934493433
0.83624999999999994 0.00012806871453296815
0.83656249999999988 0.00012764444330259778
0.83687499999999992 0.00012722111894880456
0.83718749999999997 0.00012679873962151284
0.83749999999999991 0.00012637730347386661
0.83781249999999985 0.00012595680866245157
0.8381249999999999 0.00012553725334696204
0.83843749999999995 0.00012511863569042298
0.83874999999999988 0.00012470095385874597
0.83906249999999993 0.00012428420602172835
0.83937499999999998 0.00012386839035160996
0.83968749999999992 0.00012345350502462744
0.83999999999999997 0.00012303954821968194
0.84031250000000002 0.00012262651811911635
0.84062499999999996 0.00012221441290860419
0.8409375 0.00012180323077670558
0.84125000000000005 0.00012139296991553334
0.84156249999999999 0.00012098362851997586
0.84187500000000004 0.00012057520478858525
0.84218750000000009 0.00012016769692280022
0.84250000000000003 0.00011976110312727912
0.84281249999999996 0.00011935542161001095
0.84312500000000001 0.0001189506505817603
0.84343750000000006 0.00011854678825695548
0.84375 0.00011814383285302238
0.84406249999999994 0.00011774178259027352
0.84437499999999999 0.00011734063569257409
0.84468750000000004 0.00011694039038656485
0.84499999999999997 0.00011654104490232826
0.84531249999999991 0.00011614259747283335
0.84562499999999996 0.00011574504633449085
0.84593750000000001 0.00011534838972670908
0.84624999999999995 0.00011495262589189398
0.84656249999999988 0.00011455775307544908
0.84687499999999993 0.0001141637695262196
0.84718749999999998 0.00011377067349593734
0.84749999999999992 0.00011337846323988682
0.84781249999999986 0.00011298713701590607
0.84812499999999991 0.00011259669308471971
0.84843749999999996 0.00011220712971104913
0.84874999999999989 0.00011181844516205825
0.84906249999999994 0.00011143063770790857
0.84937499999999999 0.00011104370562231431
0.84968749999999993 0.00011065764718165422
0.84999999999999998 0.00011027246066541569
0.85031250000000003 0.00010988814435652778
0.85062499999999996 0.00010950469654025103
0.85093750000000001 0.00010912211550562074
0.85125000000000006 0.00010874039954433674
0.8515625 0.0001083595469513185
0.85187500000000005 0.00010797955602448312
0.8521875000000001 0.0001076004250644122
0.85250000000000004 0.00010722215237524008
0.85281249999999997 0.00010684473626398767
0.85312500000000002 0.00010646817504045142
0.85343750000000007 0.00010609246701775849
0.85375000000000001 0.00010571761051170054
0.85406249999999995 0.00010534360384151093
0.854375 0.00010497044532886552
0.85468750000000004 0.00010459813329888185
0.85499999999999998 0.00010422666607967507
0.85531249999999992 0.00010385604200202487
0.85562499999999997 0.00010348625940004159
0.85593750000000002 0.00010311731661038909
0.85624999999999996 0.0001027492119729509
0.85656249999999989 0.00010238194383071914
0.85687499999999994 0.00010201551052946151
0.85718749999999999 0.00010164991041783228
0.85749999999999993 0.00010128514184759436
0.85781249999999987 0.00010092120317339721
0.85812499999999992 0.00010055809275299893
0.85843749999999996 0.00010019580894660013
0.8587499999999999 9.9834350117954112e-05
0.85906249999999995 9.9473714633367688e-05
0.859375 9.911390086203426e-05
0.85968749999999994 9.8754907176366874e-05
0.85999999999999999 9.8396731951443111e-05
0.86031250000000004 9.8039373565449178e-05
0.86062499999999997 9.768283039901377e-05
0.86093750000000002 9.7327100836318298e-05
0.86125000000000007 9.6972183264097683e-05
0.86156250000000001 9.6618076071862408e-05
0.86187500000000006 9.6264777652120553e-05
0.86218750000000011 9.591228640059985e-05
0.86250000000000004 9.556060071513745e-05
0.86281249999999998 9.5209718997345266e-05
0.86312500000000003 9.4859639651166677e-05
0.86343750000000008 9.4510361083209598e-05
0.86375000000000002 9.4161881703634659e-05
0.86406249999999996 9.3814199924822933e-05
0.864375 9.3467314162375142e-05
0.86468750000000005 9.3121222834334499e-05
0.86499999999999999 9.2775924362407952e-05
0.86531249999999993 9.2431417169967783e-05
0.86562499999999998 9.2087699684161034e-05
0.86593750000000003 9.174477033479928e-05
0.86624999999999996 9.1402627553914545e-05
0.8665624999999999 9.1061269777202586e-05
0.86687499999999995 9.0720695442468585e-05
0.8671875 9.0380902991070439e-05
0.86749999999999994 9.0041890866253421e-05
0.86781249999999988 8.9703657514704499e-05
0.86812499999999992 8.9366201385886196e-05
0.86843749999999997 8.9029520931925571e-05
0.86874999999999991 8.8693614607392174e-05
0.86906249999999996 8.8358480870297246e-05
0.86937500000000001 8.8024118181205541e-05
0.86968749999999995 8.7690525002902259e-05
0.87 8.7357699801725314e-05
0.87031250000000004 8.702564104645511e-05
0.87062499999999998 8.6694347208425565e-05
0.87093750000000003 8.6363816761968198e-05
0.87125000000000008 8.6034048184412132e-05
0.87156250000000002 8.5705039955417955e-05
0.87187500000000007 8.5376790557310794e-05
0.87218750000000012 8.5049298475524398e-05
0.87250000000000005 8.4722562197935008e-05
0.87281249999999999 8.4396580215527489e-05
0.87312500000000004 8.4071351021618174e-05
0.87343750000000009 8.3746873112298953e-05
0.87359375000000006 8.3584915420263644e-05
0.87375000000000003 8.342314498665932e-05
0.87390625 8.3261561624413399e-05
0.87406249999999996 8.3100165146231258e-05
0.87421875000000004 8.2938955365484407e-05
0.87437500000000001 8.277793209532231e-05
0.87453124999999998 8.2617095149227498e-05
0.87468750000000006 8.245644434090455e-05
0.87484375000000003 8.2295979484280085e-05
0.875 8.2135700392836636e-05
0.87515624999999997 8.1975606881277979e-05
0.87531249999999994 8.1815698763530736e-05
0.87546875000000002 8.1655975854187662e-05
0.87562499999999999 8.1496437967952534e-05
0.87578124999999996 8.1337084919529129e-05
0.87593750000000004 8.1177916524065313e-05
0.87609375 8.1018932596486909e-05
0.87624999999999997 8.0860132952274849e-05
0.87640624999999994 8.0701517406799045e-05
0.87656249999999991 8.0543085775762474e-05
0.87671874999999999 8.0384837874757092e-05
0.87687499999999996 8.0226773520152011e-05
0.87703124999999993 8.0068892527872254e-05
0.87718750000000001 7.9911194714286932e-05
0.87734374999999998 7.9753679895765156e-05
0.87749999999999995 7.9596347889120128e-05
0.87765624999999992 7.9439198511054027e-05
0.87781249999999988 7.9282231578491075e-05
0.87796874999999996 7.9125446908799585e-05
0.87812499999999993 7.8968844319125825e-05
0.8782812499999999 7.8812423626838107e-05
0.87843749999999998 7.8656184649859856e-05
0.87859374999999995 7.8500127205670406e-05
0.87874999999999992 7.8344251112526247e-05
0.87890625 7.8188556188350805e-05
0.87906249999999997 7.8033042251622614e-05
0.87921874999999994 7.7877709120709187e-05
0.87937500000000002 7.7722556614200083e-05
0.87953124999999999 7.7567584550906904e-05
0.87968749999999996 7.7412792749974318e-05
0.87984375000000004 7.7258181030324952e-05
0.88 7.7103749211214495e-05
0.88015624999999997 7.6949497112231707e-05
0.88031250000000005 7.6795424552965347e-05
0.88046875000000002 7.6641531353226216e-05
0.88062499999999999 7.6487817332714097e-05
0.88078125000000007 7.6334282311905926e-05
0.88093750000000004 7.6180926110834551e-05
0.88109375000000001 7.6027748549976909e-05
0.88125000000000009 7.5874749450031981e-05
0.88140625000000006 7.5721928631476704e-05
0.88156250000000003 7.5569285915565171e-05
0.88171875000000011 7.541682112332943e-05
0.88187500000000008 7.5264534075690509e-05
0.88203125000000004 7.5112424594346588e-05
0.88218750000000012 7.4960492500995851e-05
0.88234375000000009 7.4808737617003412e-05
0.88250000000000006 7.4657159764511544e-05
0.88265625000000003 7.4505758765551494e-05
0.8828125 7.4354534442376557e-05
0.88296875000000008 7.4203486617240027e-05
0.88312500000000005 7.4052615112728265e-05
0.88328125000000002 7.3901919751649675e-05
0.8834375000000001 7.3751400356701641e-05
0.88359375000000007 7.3601056751136656e-05
0.88375000000000004 7.345088875787415e-05
0.88390625 7.3300896200499682e-05
0.88406249999999997 7.315107890237677e-05
0.88421875000000005 7.3001436687090976e-05
0.88437500000000002 7.2851969378782971e-05
0.88453124999999999 7.2702676801149341e-05
0.88468750000000007 7.2553558778441779e-05
0.88484375000000004 7.2404615135134026e-05
0.88500000000000001 7.2255845695366755e-05
0.88515624999999998 7.2107250284057794e-05
0.88531249999999995 7.1958828725902929e-05
0.88546875000000003 7.1810580845708965e-05
0.885625 7.1662506468837822e-05
0.88578124999999996 7.151460542031835e-05
0.88593750000000004 7.1366877525956557e-05
0.88609375000000001 7.1219322610892316e-05
0.88624999999999998 7.1071940501042657e-05
0.88640624999999995 7.0924731022324611e-05
0.88656249999999992 7.0777694000766228e-05
0.88671875 7.0630829262728628e-05
0.88687499999999997 7.0484136634461908e-05
0.88703124999999994 7.0337615942549231e-05
0.88718750000000002 7.0191267013684783e-05
0.88734374999999999 7.0045089674673772e-05
0.88749999999999996 6.989908375254345e-05
0.88765624999999992 6.9753249074654139e-05
0.88781249999999989 6.9607585467922067e-05
0.88796874999999997 6.9462092760262667e-05
0.88812499999999994 6.9316770779036257e-05
0.88828124999999991 6.917161935215827e-05
0.88843749999999999 6.902663830776618e-05
0.88859374999999996 6.8881827473442353e-05
0.88874999999999993 6.8737186677879375e-05
0.88890625000000001 6.8592715749658811e-05
0.88906249999999998 6.844841451702916e-05
0.88921874999999995 6.8304282808683009e-05
0.88937500000000003 6.8160320453646012e-05
0.88953125 6.8016527281165867e-05
0.88968749999999996 6.7872903120157207e-05
0.88984375000000004 6.7729447800200798e-05
0.89000000000000001 6.758616115065536e-05
0.89015624999999998 6.7443043001212682e-05
0.89031250000000006 6.7300093181786596e-05
0.89046875000000003 6.7157311522401958e-05
0.890625 6.7014697853083621e-05
0.89078125000000008 6.6872252004078486e-05
0.89093750000000005 6.6729973806188564e-05
0.89109375000000002 6.6587863089549731e-05
0.8912500000000001 6.6445919685186044e-05
0.89140625000000007 6.6304143424121559e-05
0.89156250000000004 6.6162534137158285e-05
0.89171875000000012 6.6021091655653347e-05
0.89187500000000008 6.5879815811074888e-05
0.89203125000000005 6.5738706434891053e-05
0.89218750000000013 6.5597763358569988e-05
0.8923437500000001 6.5456986414356993e-05
0.89250000000000007 6.5316375433942259e-05
0.89265625000000004 6.5175930249682107e-05
0.89281250000000001 6.5035650693710817e-05
0.89296875000000009 6.4895536598606757e-05
0.89312500000000006 6.4755587796837272e-05
0.89328125000000003 6.4615804121313797e-05
0.89343750000000011 6.4476185404836744e-05
0.89359375000000008 6.4336731480650616e-05
0.89375000000000004 6.4197442181888892e-05
0.89390625000000001 6.4058317341907095e-05
0.89406249999999998 6.3919356794171772e-05
0.89421875000000006 6.3780560372482536e-05
0.89437500000000003 6.3641927910416956e-05
0.89453125 6.3503459242440779e-05
0.89468750000000008 6.3365154202242596e-05
0.89484375000000005 6.3227012624399176e-05
0.89500000000000002 6.3089034343154221e-05
0.89515624999999999 6.2951219193084501e-05
0.89531249999999996 6.2813567009099852e-05
0.89546875000000004 6.2676077626221133e-05
0.895625 6.2538750879136134e-05
0.89578124999999997 6.2401586603198783e-05
0.89593750000000005 6.2264584633763004e-05
0.89609375000000002 6.2127744806404766e-05
0.89624999999999999 6.1991066956589019e-05
0.89640624999999996 6.1854550920335821e-05
0.89656249999999993 6.1718196533443187e-05
0.89671875000000001 6.1582003632042198e-05
0.89687499999999998 6.1445972052374958e-05
0.89703124999999995 6.1310101631016639e-05
0.89718750000000003 6.1174392204209343e-05
0.89734375 6.1038843608972332e-05
0.89749999999999996 6.0903455681880775e-05
0.89765624999999993 6.0768228260175977e-05
0.8978124999999999 6.0633161180877199e-05
0.89796874999999998 6.0498254281336766e-05
0.89812499999999995 6.0363507398907007e-05
0.89828124999999992 6.0228920371384337e-05
0.8984375 6.0094493036232105e-05
0.89859374999999997 5.9960225231579794e-05
0.89874999999999994 5.9826116795445866e-05
0.89890625000000002 5.9692167565959803e-05
0.89906249999999999 5.9558377381473132e-05
0.89921874999999996 5.9424746080559426e-05
0.89937500000000004 5.9291273501792258e-05
0.89953125 5.915795948385622e-05
0.89968749999999997 5.9024803865991021e-05
0.89984375000000005 5.8891806486881254e-05
0.90000000000000002 5.8758967186099692e-05
0.90015624999999999 5.8626285802775019e-05
0.90031250000000007 5.8493762176702052e-05
0.90046875000000004 5.8361396147453565e-05
0.90062500000000001 5.8229187554713352e-05
0.90078125000000009 5.8097136238609298e-05
0.90093750000000006 5.7965242039047243e-05
0.90109375000000003 5.7833504796488139e-05
0.90125000000000011 5.7701924351392936e-05
0.90140625000000008 5.7570500544222586e-05
0.90156250000000004 5.7439233215660085e-05
0.90171875000000012 5.7308122206499451e-05
0.90187500000000009 5.717716735786777e-05
0.90203125000000006 5.7046368510892126e-05
0.90218750000000014 5.6915725506921649e-05
0.90234375000000011 5.678523818730547e-05
0.90250000000000008 5.665490639350374e-05
0.90265625000000005 5.6524729967309678e-05
0.90281250000000002 5.6394708750738548e-05
0.9029687500000001 5.6264842585805613e-05
0.90312500000000007 5.613513131463716e-05
0.90328125000000004 5.6005574779248451e-05
0.90343750000000012 5.587617282254293e-05
0.90359375000000008 5.5746925286757903e-05
0.90375000000000005 5.5617832015018859e-05
0.90390625000000002 5.5488892849896171e-05
0.90406249999999999 5.5360107634515326e-05
0.90421875000000007 5.5231476212112834e-05
0.90437500000000004 5.5102998426036226e-05
0.90453125000000001 5.4974674119410988e-05
0.90468750000000009 5.4846503136361807e-05
0.90484375000000006 5.471848532045826e-05
0.90500000000000003 5.4590620515380944e-05
0.90515625 5.446290856536557e-05
0.90531249999999996 5.4335349314647846e-05
0.90546875000000004 5.4207942607463483e-05
0.90562500000000001 5.4080688288270234e-05
0.90578124999999998 5.3953586201858922e-05
0.90593750000000006 5.3826636192798322e-05
0.90609375000000003 5.3699838105990277e-05
0.90625 5.3573191786669699e-05
0.90640624999999997 5.3446697079849453e-05
0.90656249999999994 5.3320353830986494e-05
0.90671875000000002 5.3194161885315733e-05
0.90687499999999999 5.3068121088738213e-05
0.90703124999999996 5.2942231286821911e-05
0.90718750000000004 5.281649232580094e-05
0.90734375 5.2690904051243276e-05
0.90749999999999997 5.2565466309716097e-05
0.90765624999999994 5.2440178947342492e-05
0.90781249999999991 5.2315041810578616e-05
0.90796874999999999 5.2190054746213693e-05
0.90812499999999996 5.20652176008149e-05
0.90828124999999993 5.1940530221504527e-05
0.90843750000000001 5.1815992455071796e-05
0.90859374999999998 5.1691604148861042e-05
0.90874999999999995 5.1567365150216598e-05
0.90890625000000003 5.1443275306260755e-05
0.9090625 5.1319334465115002e-05
0.90921874999999996 5.1195542474123673e-05
0.90937500000000004 5.1071899181408259e-05
0.90953125000000001 5.0948404434868205e-05
0.90968749999999998 5.0825058082625002e-05
0.90984375000000006 5.0701859973133206e-05
0.91000000000000003 5.0578809954736353e-05
0.91015625 5.0455907876111045e-05
0.91031250000000008 5.0333153585822859e-05
0.91046875000000005 5.0210546932881467e-05
0.91062500000000002 5.0088087766185513e-05
0.9107812500000001 4.9965775934966711e-05
0.91093750000000007 4.9843611288456774e-05
0.91109375000000004 4.972159367610946e-05
0.91125000000000012 4.9599722947378527e-05
0.91140625000000008 4.9477998952383867e-05
0.91156250000000005 4.9356421540357193e-05
0.91171875000000013 4.923499056164044e-05
0.9118750000000001 4.911370586624248e-05
0.91203125000000007 4.8992567304505247e-05
0.91218750000000015 4.8871574726770678e-05
0.91234375000000012 4.8750727983602754e-05
0.91250000000000009 4.8630026925565456e-05
0.91265625000000006 4.8509471403666854e-05
0.91281250000000003 4.8389061268581951e-05
0.91296875000000011 4.8268796371651884e-05
0.91312500000000008 4.8148676563995746e-05
0.91328125000000004 4.8028701697065695e-05
0.91343750000000012 4.790887162220287e-05
0.91359375000000009 4.7789186191081473e-05
0.91375000000000006 4.7669645255486731e-05
0.91390625000000003 4.7550248667536937e-05
0.9140625 4.7430996279017318e-05
0.91421875000000008 4.731188794226821e-05
0.91437500000000005 4.719292350951893e-05
0.91453125000000002 4.7074102833220838e-05
0.9146875000000001 4.6955425766047337e-05
0.91484375000000007 4.6836892160782856e-05
0.91500000000000004 4.6718501870100798e-05
0.91515625 4.6600254747118658e-05
0.91531249999999997 4.6482150645064951e-05
0.91546875000000005 4.6364189417057172e-05
0.91562500000000002 4.6246370916656904e-05
0.91578124999999999 4.6128694997314706e-05
0.91593750000000007 4.6011161512703186e-05
0.91609375000000004 4.5893770316828014e-05
0.91625000000000001 4.5776521263361797e-05
0.91640624999999998 4.5659414206643273e-05
0.91656249999999995 4.5542449000900159e-05
0.91671875000000003 4.542562550024915e-05
0.916875 4.5308943559473075e-05
0.91703124999999996 4.5192403032799649e-05
0.91718750000000004 4.5076003775677836e-05
0.91734375000000001 4.495974564222433e-05
0.91749999999999998 4.484362848822116e-05
0.91765624999999995 4.4727652168340132e-05
0.91781249999999992 4.4611816537919185e-05
0.91796875 4.4496121452629328e-05
0.91812499999999997 4.4380566767919521e-05
0.91828124999999994 4.4265152339460773e-05
0.91843750000000002 4.4149878023368177e-05
0.91859374999999999 4.4034743675201721e-05
0.91874999999999996 4.3919749151298543e-05
0.91890625000000004 4.3804894307995784e-05
0.9190625 4.3690179001630586e-05
0.91921874999999997 4.3575603088318043e-05
0.91937500000000005 4.3461166425172454e-05
0.91953125000000002 4.3346868868975047e-05
0.91968749999999999 4.3232710276507052e-05
0.91984375000000007 4.3118690504660723e-05
0.92000000000000004 4.3004809410883421e-05
0.92015625000000001 4.2891066852289444e-05
0.92031250000000009 4.2777462686326156e-05
0.92046875000000006 4.2663996770773987e-05
0.92062500000000003 4.2550668963191324e-05
0.92078125000000011 4.2437479121358595e-05
0.92093750000000008 4.2324427103500323e-05
0.92109375000000004 4.2211512767285913e-05
0.92125000000000012 4.2098735971494999e-05
0.92140625000000009 4.1986096574019033e-05
0.92156250000000006 4.1873594433637645e-05
0.92171875000000014 4.1761229408908423e-05
0.92187500000000011 4.1649001358610998e-05
0.92203125000000008 4.1536910141636024e-05
0.92218750000000016 4.1424955616985176e-05
0.92234375000000013 4.1313137643882175e-05
0.9225000000000001 4.1201456081550741e-05
0.92265625000000007 4.108991078943664e-05
0.92281250000000004 4.0978501626985636e-05
0.92296875000000012 4.0867228454087584e-05
0.92312500000000008 4.0756091130410293e-05
0.92328125000000005 4.0645089515954641e-05
0.92343750000000013 4.0534223470832525e-05
0.9235937500000001 4.0423492855155846e-05
0.92375000000000007 4.0312897529147523e-05
0.92390625000000004 4.020243735358559e-05
0.92406250000000001 4.0092112188803991e-05
0.92421875000000009 3.998192189569178e-05
0.92437500000000006 3.987186633502699e-05
0.92453125000000003 3.9761945367809698e-05
0.92468750000000011 3.9652158855151004e-05
0.92484375000000008 3.9542506658162008e-05
0.92500000000000004 3.943298863850892e-05
0.92515625000000001 3.9323604657524885e-05
0.92531249999999998 3.9214354576765092e-05
0.92546875000000006 3.9105238258006775e-05
0.92562500000000003 3.8996255563360232e-05
0.92578125 3.8887406354602699e-05
0.92593750000000008 3.877869049406652e-05
0.92609375000000005 3.8670107843861995e-05
0.92625000000000002 3.8561658266321469e-05
0.92640624999999999 3.8453341624221376e-05
0.92656249999999996 3.8345157780116107e-05
0.92671875000000004 3.8237106596893117e-05
0.926875 3.8129187937217818e-05
0.92703124999999997 3.8021401664310733e-05
0.92718750000000005 3.7913747641170342e-05
0.92734375000000002 3.7806225731572279e-05
0.92749999999999999 3.7698835798404001e-05
0.92765624999999996 3.759157770533012e-05
0.92781249999999993 3.7484451316348316e-05
0.92796875000000001 3.7377456495012179e-05
0.92812499999999998 3.7270593105208366e-05
0.92828124999999995 3.7163861011156601e-05
0.92843750000000003 3.7057260076965587e-05
0.92859375 3.6950790167077091e-05
0.92874999999999996 3.6844451145599816e-05
0.92890625000000004 3.6738242877530641e-05
0.92906250000000001 3.6632165227311336e-05
0.92921874999999998 3.6526218059827758e-05
0.92937500000000006 3.6420401239965766e-05
0.92953125000000003 3.6314714632944284e-05
0.9296875 3.6209158103871214e-05
0.92984375000000008 3.6103731518076504e-05
0.93000000000000005 3.5998434741112145e-05
0.93015625000000002 3.5893267638419107e-05
0.9303125000000001 3.5788230075771427e-05
0.93046875000000007 3.5683321918943139e-05
0.93062500000000004 3.5578543034041349e-05
0.93078125000000012 3.5473893286951114e-05
0.93093750000000008 3.5369372544112604e-05
0.93109375000000005 3.52649806715219e-05
0.93125000000000013 3.516071753595224e-05
0.9314062500000001 3.5056583003954816e-05
0.93156250000000007 3.4952576942080821e-05
0.93171875000000015 3.4848699217214513e-05
0.93187500000000012 3.4744949696462196e-05
0.93203125000000009 3.4641328246708131e-05
0.93218750000000017 3.4537834735169642e-05
0.93234375000000014 3.4434469029286102e-05
0.93250000000000011 3.4331230996496881e-05
0.93265625000000008 3.4228120504352372e-05
0.93281250000000004 3.412513742051399e-05
0.93296875000000012 3.4022281612754174e-05
0.93312500000000009 3.3919552949400472e-05
0.93328125000000006 3.38169512981143e-05
0.93343750000000014 3.3714476527112186e-05
0.93359375000000011 3.3612128504943722e-05
0.93375000000000008 3.3509907099825437e-05
0.93390625000000005 3.340781218063999e-05
0.93406250000000002 3.3305843615825953e-05
0.9342187500000001 3.3204001274043943e-05
0.93437500000000007 3.3102285024731731e-05
0.93453125000000004 3.3000694736549935e-05
0.93468750000000012 3.2899230278603259e-05
0.93484375000000008 3.279789152055152e-05
0.93500000000000005 3.2696678331610446e-05
0.93515625000000002 3.2595590581439854e-05
0.93531249999999999 3.2494628139477516e-05
0.93546875000000007 3.2393790875938361e-05
0.93562500000000004 3.2293078660371183e-05
0.93578125000000001 3.2192491362768866e-05
0.93593750000000009 3.2092028853568383e-05
0.93609375000000006 3.1991691002984662e-05
0.93625000000000003 3.1891477681343655e-05
0.93640625 3.1791388759193356e-05
0.93656249999999996 3.1691424107303806e-05
0.93671875000000004 3.1591583596111977e-05
0.93687500000000001 3.1491867096943021e-05
0.93703124999999998 3.1392274480455956e-05
0.93718750000000006 3.129280561786491e-05
0.93734375000000003 3.1193460380606058e-05
0.9375 3.1094238639893529e-05
0.93765624999999997 3.0995140267274518e-05
0.93781249999999994 3.0896165134185199e-05
0.93796875000000002 3.0797313112616859e-05
0.93812499999999999 3.0698584074449758e-05
0.93828124999999996 3.0599977891342117e-05
0.93843750000000004 3.0501494435729313e-05
0.93859375 3.0403133579713646e-05
0.93874999999999997 3.030489519550845e-05
0.93890624999999994 3.0206779155771144e-05
0.93906249999999991 3.0108785332937102e-05
0.93921874999999999 3.0010913599663744e-05
0.93937499999999996 2.9913163828941556e-05
0.93953124999999993 2.9815535893538978e-05
0.93968750000000001 2.9718029666668542e-05
0.93984374999999998 2.962064502120971e-05
0.93999999999999995 2.9523381830930127e-05
0.94015624999999992 2.9426239968931298e-05
0.94031249999999988 2.93292193086478e-05
0.94046874999999996 2.923231972406932e-05
0.94062499999999993 2.9135541088630432e-05
0.9407812499999999 2.9038883276542868e-05
0.94093749999999998 2.8942346161352226e-05
0.94109374999999995 2.8845929617714325e-05
0.94124999999999992 2.8749633519618853e-05
0.94140624999999989 2.8653457741388564e-05
0.94156249999999986 2.855740215734621e-05
0.94171874999999994 2.8461466642591702e-05
0.94187499999999991 2.8365651071447793e-05
0.94203124999999988 2.8269955318792348e-05
0.94218749999999996 2.81743792598363e-05
0.94234374999999992 2.807892276934649e-05
0.94249999999999989 2.798358572242283e-05
0.94265624999999986 2.788836799472034e-05
0.94281249999999983 2.7793269461449952e-05
0.94296874999999991 2.7698289998266687e-05
0.94312499999999988 2.7603429480825568e-05
0.94328124999999985 2.7508687784670591e-05
0.94343749999999993 2.7414064785900869e-05
0.9435937499999999 2.7319560360615511e-05
0.94374999999999987 2.7225174384802606e-05
0.94390624999999995 2.7130906734561264e-05
0.94406249999999992 2.7036757286545707e-05
0.94421874999999988 2.6942725916966068e-05
0.94437499999999996 2.6848812502587591e-05
0.94453124999999993 2.6755016920064498e-05
0.9446874999999999 2.6661339046273056e-05
0.94484374999999998 2.6567778757978508e-05
0.94499999999999995 2.6474335932501212e-05
0.94515624999999992 2.6381010446828454e-05
0.9453125 2.6287802178280593e-05
0.94546874999999997 2.6194711004289004e-05
0.94562499999999994 2.6101736802285067e-05
0.94578125000000002 2.6008879450144249e-05
0.94593749999999999 2.5916138825297927e-05
0.94609374999999996 2.5823514805732592e-05
0.94625000000000004 2.5731007269545756e-05
0.94640625 2.5638616094723907e-05
0.94656249999999997 2.5546341159475581e-05
0.94671875000000005 2.5454182342231355e-05
0.94687500000000002 2.5362139521199765e-05
0.94703124999999999 2.5270212575255477e-05
0.94718750000000007 2.517840138271805e-05
0.94734375000000004 2.5086705822684194e-05
0.94750000000000001 2.4995125773917557e-05
0.94765624999999998 2.4903661115292805e-05
0.94781249999999995 2.481231172623972e-05
0.94796875000000003 2.472107748574399e-05
0.948125 2.4629958273235395e-05
0.94828124999999996 2.453895396836576e-05
0.94843750000000004 2.4448064450342819e-05
0.94859375000000001 2.4357289599262486e-05
0.94874999999999998 2.4266629294665563e-05
0.94890624999999995 2.4176083416647962e-05
0.94906249999999992 2.4085651844972531e-05
0.94921875 2.3995334459957227e-05
0.94937499999999997 2.3905131142142053e-05
0.94953124999999994 2.3815041771400878e-05
0.94968750000000002 2.372506622860677e-05
0.94984374999999999 2.3635204394188711e-05
0.94999999999999996 2.354545614901977e-05
0.95015624999999992 2.3455821373528927e-05
0.95031249999999989 2.3366299949144362e-05
0.95046874999999997 2.3276891756739146e-05
0.95062499999999994 2.3187596677408393e-05
0.95078124999999991 2.3098414592358238e-05
0.95093749999999999 2.3009345383238908e-05
0.95109374999999996 2.2920388931367561e-05
0.95124999999999993 2.2831545118394423e-05
0.9514062499999999 2.2742813826080741e-05
0.95156249999999987 2.2654194936187764e-05
0.95171874999999995 2.2565688330809805e-05
0.95187499999999992 2.2477293891930159e-05
0.95203124999999988 2.2389011501643139e-05
0.95218749999999996 2.2300841042265105e-05
0.95234374999999993 2.2212782396334461e-05
0.9524999999999999 2.2124835446167566e-05
0.95265624999999987 2.2037000074524868e-05
0.95281249999999984 2.194927616427784e-05
0.95296874999999992 2.186166359774284e-05
0.95312499999999989 2.177416225834645e-05
0.95328124999999986 2.1686772029182186e-05
0.95343749999999994 2.1599492793010497e-05
0.95359374999999991 2.1512324433591032e-05
0.95374999999999988 2.1425266834017307e-05
0.95390624999999996 2.1338319877826926e-05
0.95406249999999992 2.1251483448668516e-05
0.95421874999999989 2.1164757430301726e-05
0.95437499999999997 2.1078141706486206e-05
0.95453124999999994 2.0991636161203651e-05
0.95468749999999991 2.0905240678768819e-05
0.95484374999999999 2.0818955142941362e-05
0.95499999999999996 2.0732779438147062e-05
0.95515624999999993 2.0646713448922724e-05
0.95531250000000001 2.0560757059472088e-05
0.95546874999999998 2.0474910154665025e-05
0.95562499999999995 2.0389172619260385e-05
0.95578125000000003 2.0303544337683952e-05
0.9559375 2.0218025195138665e-05
0.95609374999999996 2.013261507671644e-05
0.95625000000000004 2.0047313867620218e-05
0.95640625000000001 1.9962121452941914e-05
0.95656249999999998 1.9877037717995491e-05
0.95671875000000006 1.9792062548539e-05
0.95687500000000003 1.9707195829886401e-05
0.95703125 1.9622437447906769e-05
0.95718750000000008 1.9537787288136108e-05
0.95734375000000005 1.9453245236887582e-05
0.95750000000000002 1.9368811179919241e-05
0.95765624999999999 1.9284485003322203e-05
0.95781249999999996 1.9200266593631674e-05
0.95796875000000004 1.9116155836716728e-05
0.958125 1.9032152619556661e-05
0.95828124999999997 1.8948256828353613e-05
0.95843750000000005 1.8864468349864836e-05
0.95859375000000002 1.8780787070958602e-05
0.95874999999999999 1.8697212878281142e-05
0.95890624999999996 1.8613745659144818e-05
0.95906249999999993 1.8530385300417904e-05
0.95921875000000001 1.8447131689412763e-05
0.95937499999999998 1.8363984713330736e-05
0.95953124999999995 1.8280944259706231e-05
0.95968750000000003 1.8198010215962632e-05
0.95984375 1.8115182469967415e-05
0.95999999999999996 1.8032460909143964e-05
0.96015624999999993 1.7949845421581798e-05
0.9603124999999999 1.7867335895037371e-05
0.96046874999999998 1.7784932217711222e-05
0.96062499999999995 1.770263427758185e-05
0.96078124999999992 1.7620441963293885e-05
0.9609375 1.7538355162936845e-05
0.96109374999999997 1.745637376504434e-05
0.96124999999999994 1.7374497658149977e-05
0.96140624999999991 1.7292726731120431e-05
0.96156249999999988 1.7211060872600334e-05
0.96171874999999996 1.7129499971567383e-05
0.96187499999999992 1.7048043916999276e-05
0.96203124999999989 1.6966692598095754e-05
0.96218749999999997 1.688544590405656e-05
0.96234374999999994 1.6804303724081435e-05
0.96249999999999991 1.6723265947925234e-05
0.96265624999999988 1.6642332464787699e-05
0.96281249999999985 1.6561503164312661e-05
0.96296874999999993 1.6480777936477018e-05
0.9631249999999999 1.6400156671146646e-05
0.96328124999999987 1.6319639258187422e-05
0.96343749999999995 1.623922558746522e-05
0.96359374999999992 1.6158915549512052e-05
0.96374999999999988 1.6078709034415837e-05
0.96390624999999996 1.599860593248654e-05
0.96406249999999993 1.5918606134256172e-05
0.9642187499999999 1.5838709530589809e-05
0.96437499999999998 1.5758916011797417e-05
0.96453124999999995 1.5679225468966116e-05
0.96468749999999992 1.5599637792627916e-05
0.96484375 1.5520152874091984e-05
0.96499999999999997 1.544077060444544e-05
0.96515624999999994 1.5361490874775405e-05
0.96531250000000002 1.5282313576502069e-05
0.96546874999999999 1.5203238601156641e-05
0.96562499999999996 1.5124265840048288e-05
0.96578125000000004 1.5045395184708219e-05
0.9659375 1.4966626527222757e-05
0.96609374999999997 1.4887959759123113e-05
0.96625000000000005 1.4809394772495608e-05
0.96640625000000002 1.4730931459315542e-05
0.96656249999999999 1.4652569711669237e-05
0.96671875000000007 1.4574309421976082e-05
0.96687500000000004 1.4496150482544443e-05
0.96703125000000001 1.441809278579371e-05
0.96718750000000009 1.4340136224254294e-05
0.96734375000000006 1.4262280690456606e-05
0.96750000000000003 1.4184526077375146e-05
0.96765625 1.410687227776237e-05
0.96781249999999996 1.4029319184592779e-05
0.96796875000000004 1.3951866690951895e-05
0.96812500000000001 1.3874514690036264e-05
0.96828124999999998 1.379726307504243e-05
0.96843750000000006 1.3720111739388983e-05
0.96859375000000003 1.3643060576605535e-05
0.96875 1.3566109479999653e-05
0.96890624999999997 1.3489258343656061e-05
0.96906249999999994 1.3412507060993348e-05
0.96921875000000002 1.3335855526207261e-05
0.96937499999999999 1.3259303632938433e-05
0.96953124999999996 1.318285127538261e-05
0.96968750000000004 1.3106498348068605e-05
0.96984375 1.3030244744637052e-05
0.96999999999999997 1.2954090360060852e-05
0.97015624999999994 1.2878035088535753e-05
0.97031249999999991 1.280207882481261e-05
0.97046874999999999 1.2726221463309215e-05
0.97062499999999996 1.2650462898998469e-05
0.97078124999999993 1.2574803026742252e-05
0.97093750000000001 1.2499241741513465e-05
0.97109374999999998 1.2423778938507055e-05
0.97124999999999995 1.2348414512806947e-05
0.97140624999999992 1.2273148359719108e-05
0.97156249999999988 1.2197980374660531e-05
0.97171874999999996 1.2122910453159228e-05
0.97187499999999993 1.2047938490632191e-05
0.9720312499999999 1.1973064382940499e-05
0.97218749999999998 1.1898288025723189e-05
0.97234374999999995 1.1823609315063386e-05
0.97249999999999992 1.1749028146822169e-05
0.97265624999999989 1.1674544416971642e-05
0.97281249999999986 1.160015802215004e-05
0.97296874999999994 1.1525868858218444e-05
0.97312499999999991 1.1451676821704069e-05
0.97328124999999988 1.1377581808912083e-05
0.97343749999999996 1.130358371681379e-05
0.97359374999999992 1.1229682441603337e-05
0.97374999999999989 1.1155877880585094e-05
0.97390624999999997 1.1082169930286276e-05
0.97406249999999994 1.1008558487678186e-05
0.97421874999999991 1.0935043450176216e-05
0.97437499999999999 1.0861624714640647e-05
0.97453124999999996 1.078830217837585e-05
0.97468749999999993 1.0715075738797217e-05
0.97484375000000001 1.0641945293542185e-05
0.97499999999999998 1.0568910739804103e-05
0.97515624999999995 1.0495971975664495e-05
0.97531250000000003 1.0423128898760801e-05
0.97546875 1.0350381406841478e-05
0.97562499999999996 1.0277729397877031e-05
0.97578125000000004 1.0205172769948987e-05
0.97593750000000001 1.0132711421471938e-05
0.97609374999999998 1.0060345250305367e-05
0.97625000000000006 9.9880741550859108e-06
0.97640625000000003 9.9158980338950963e-06
0.9765625 9.8438167858136504e-06
0.97671875000000008 9.7718303091451441e-06
0.97687500000000005 9.6999385027482598e-06
0.97703125000000002 9.6281412653706577e-06
0.9771875000000001 9.5564384960930648e-06
0.97734375000000007 9.4848300937741636e-06
0.97750000000000004 9.4133159577167257e-06
0.97765625 9.3418959870014783e-06
0.97781249999999997 9.2705700810422153e-06
0.97796875000000005 9.199338139030686e-06
0.97812500000000002 9.128200060935796e-06
0.97828124999999999 9.0571557459492946e-06
0.97843750000000007 8.9862050940400872e-06
0.97859375000000004 8.9153480049550348e-06
0.97875000000000001 8.8445843785520205e-06
0.97890624999999998 8.7739141146889276e-06
0.97906249999999995 8.703337113889773e-06
0.97921875000000003 8.6328532759014175e-06
0.979375 8.562462501136856e-06
0.97953124999999996 8.4921646901201053e-06
0.97968750000000004 8.4219597431531378e-06
0.97984375000000001 8.3518475608709929e-06
0.97999999999999998 8.2818280441307545e-06
0.98015624999999995 8.2119010933454172e-06
0.98031249999999992 8.1420666097051319e-06
0.98046875 8.0723244938449378e-06
0.98062499999999997 8.0026746471770304e-06
0.98078124999999994 7.9331169704474713e-06
0.98093750000000002 7.8636513651794781e-06
0.98109374999999999 7.794277732674224e-06
0.98124999999999996 7.7249959742328821e-06
0.98140624999999992 7.6558059916007148e-06
0.98156249999999989 7.586707686078895e-06
0.98171874999999997 7.5177009597457522e-06
0.98187499999999994 7.4487857141245039e-06
0.98203124999999991 7.3799618512934794e-06
0.98218749999999999 7.311229272997941e-06
0.98234374999999996 7.2425878815382626e-06
0.98249999999999993 7.1740375793258403e-06
0.9826562499999999 7.1055782681059364e-06
0.98281249999999987 7.037209850623014e-06
0.98296874999999995 6.9689322291774469e-06
0.98312499999999992 6.900745306513698e-06
0.98328124999999988 6.832648985154186e-06
0.98343749999999996 6.7646431678433738e-06
0.98359374999999993 6.696727757547769e-06
0.9837499999999999 6.6289026569008124e-06
0.98390624999999998 6.5611677693131009e-06
0.98406249999999995 6.4935229976401198e-06
0.98421874999999992 6.4259682452924659e-06
0.984375 6.3585034153476693e-06
0.98453124999999997 6.2911284114383714e-06
0.98468749999999994 6.2238431368641466e-06
0.98484375000000002 6.1566474953686589e-06
0.98499999999999999 6.0895413904735273e-06
0.98515624999999996 6.0225247261444603e-06
0.98531250000000004 5.9555974061251215e-06
0.98546875 5.8887593343812194e-06
0.98562499999999997 5.8220104149894846e-06
0.98578125000000005 5.7553505521376701e-06
0.98593750000000002 5.6887796497914844e-06
0.98609374999999999 5.6222976126937917e-06
0.98625000000000007 5.5559043450323452e-06
0.98640625000000004 5.4895997514389871e-06
0.98656250000000001 5.4233837363235148e-06
0.98671875000000009 5.3572562046508376e-06
0.98687500000000006 5.2912170609417752e-06
0.98703125000000003 5.2252662100502144e-06
0.98718750000000011 5.1594035572741314e-06
0.98734375000000008 5.0936290072453682e-06
0.98750000000000004 5.0279424657059901e-06
0.98765625000000001 4.9623438373988615e-06
0.98781249999999998 4.896833027844003e-06
0.98796875000000006 4.831409942450413e-06
0.98812500000000003 4.7660744866270898e-06
0.98828125 4.7008265662271208e-06
0.98843750000000008 4.6356660868815491e-06
0.98859375000000005 4.5705929539993727e-06
0.98875000000000002 4.5056070740998132e-06
0.98890624999999999 4.4407083528139134e-06
0.98906249999999996 4.3758966961057832e-06
0.98921875000000004 4.3111720103836214e-06
0.989375 4.2465342017225604e-06
0.98953124999999997 4.1819831766418213e-06
0.98968750000000005 4.1175188413275587e-06
0.98984375000000002 4.0531411024100161e-06
0.98999999999999999 3.9888498665194371e-06
0.99015624999999996 3.9246450403970878e-06
0.99031249999999993 3.8605265306732116e-06
0.99046875000000001 3.7964942444221416e-06
0.99062499999999998 3.7325480884961659e-06
0.99078124999999995 3.6686879699696173e-06
0.99093750000000003 3.6049137960278509e-06
0.99109375 3.5412254737451997e-06
0.99124999999999996 3.4776229106400857e-06
0.99140624999999993 3.4141060141199086e-06
0.9915624999999999 3.3506746918141127e-06
0.99171874999999998 3.2873288509080533e-06
0.99187499999999995 3.2240683994752638e-06
0.99203124999999992 3.1608932450341664e-06
0.9921875 3.0978032956582945e-06
0.99234374999999997 3.0347984590881149e-06
0.99249999999999994 2.9718786435081834e-06
0.99265624999999991 2.9090437571030558e-06
0.99281249999999988 2.8462937079462657e-06
0.99296874999999996 2.7836284044444137e-06
0.99312499999999992 2.7210477550041e-06
0.99328124999999989 2.6585516680319254e-06
0.99343749999999997 2.5961400520455124e-06
0.99359374999999994 2.5338128158955508e-06
0.99374999999999991 2.4715698682106856e-06
0.99390624999999999 2.4094111179526289e-06
0.99406249999999996 2.3473364739720703e-06
0.99421874999999993 2.2853458450086771e-06
0.99437500000000001 2.223439140579273e-06
0.99453124999999998 2.1616162697565921e-06
0.99468749999999995 2.0998771418354133e-06
0.99484375000000003 2.0382216661105156e-06
0.995 1.9766497518766778e-06
0.99515624999999996 1.9151613090948127e-06
0.99531250000000004 1.853756247059699e-06
0.99546875000000001 1.7924344756212273e-06
0.99562499999999998 1.7311959045182656e-06
0.99578125000000006 1.6700404436007043e-06
0.99593750000000003 1.608968003162523e-06
0.99609375 1.5479784928315676e-06
0.99625000000000008 1.4870718230128398e-06
0.99640625000000005 1.4262479038892972e-06
0.99656250000000002 1.3655066457549191e-06
0.9967187500000001 1.3048479592367523e-06
0.99687500000000007 1.2442717545177539e-06
0.99703125000000004 1.1837779423359928e-06
0.99718750000000012 1.1233664334295378e-06
0.99734375000000008 1.0630371386474801e-06
0.99750000000000005 1.0027899683948215e-06
0.99765625000000002 9.4262483418678704e-07
0.99781249999999999 8.8254164665042316e-07
0.99796875000000007 8.2254031707891022e-07
0.99812500000000004 7.6262075632133934e-07
0.99828125000000001 7.0278287622600237e-07
0.99843750000000009 6.4302658764199043e-07
0.99859375000000006 5.8335180230657306e-07
0.99875000000000003 5.237584317349752e-07
0.99890625 4.6424638744242179e-07
0.99906249999999996 4.0481558127720467e-07
0.99921875000000004 3.4546592497659338e-07
0.99937500000000001 2.8619733027785747e-07
0.99953124999999998 2.2700970936235569e-07
0.99968750000000006 1.6790297418940218e-07
0.99984375000000003 1.088770368293334e-07
0.99992187500000007 7.9394339989888801e-08
1 4.9931809685552702e-08
