# NMC exchange_current_density; sampled from pre-migration BESFEM model.
# concentration value; solver units (see ../README.md)
0 0.00028148691198756702
0.00125 0.00028127889697306514
0.0025000000000000001 0.00028106999744142275
0.0037499999999999999 0.00028086019225314691
0.0050000000000000001 0.00028064945982607533
0.0062500000000000003 0.00028043777812661341
0.0074999999999999997 0.00028022512466081888
0.0087500000000000008 0.00028001147646533863
0.01 0.0002797968100981921
0.01125 0.00027958110162940156
0.012500000000000001 0.00027936432663146942
0.01375 0.00027914646016969903
0.014999999999999999 0.00027892747679235809
0.016250000000000001 0.0002787073505206874
0.017500000000000002 0.00027848605483874757
0.018750000000000003 0.00027826356268310969
0.02 0.00027803984643238458
0.021249999999999998 0.00027781487789659015
0.022499999999999999 0.00027758862830636099
0.02375 0.00027736106830199335
0.025000000000000001 0.00027713216792232961
0.026250000000000002 0.00027690189659348102
0.0275 0.00027667022311738765
0.028749999999999998 0.00027643711566021766
0.029999999999999999 0.0002762025417406039
0.03125 0.00027596646821771926
0.032500000000000001 0.00027572886127919357
0.033750000000000002 0.00027548968642886814
0.035000000000000003 0.00027524890847439344
0.036250000000000004 0.00027500649151466892
0.037500000000000006 0.00027476239892712588
0.038750000000000007 0.0002745165933548578
0.040000000000000001 0.0002742690366935964
0.041249999999999995 0.00027401969007853839
0.042499999999999996 0.00027376851387102415
0.043749999999999997 0.00027351546764507121
0.044999999999999998 0.00027326051017376494
0.046249999999999999 0.00027300359941551209
0.047500000000000001 0.00027274469250015645
0.048750000000000002 0.00027248374571496587
0.050000000000000003 0.00027222071449049134
0.051250000000000004 0.00027195555338630303
0.051875000000000004 0.00027182215968748677
0.052500000000000005 0.00027168821607661083
0.053125000000000006 0.00027155371662223644
0.053750000000000006 0.00027141865533577241
0.054375000000000007 0.00027128302617101684
0.055 0.00027114682302369655
0.055624999999999994 0.00027101003973100659
0.056249999999999994 0.00027087267007114654
0.056874999999999995 0.00027073470776285615
0.057499999999999996 0.00027059614646495129
0.058124999999999996 0.00027045697977585558
0.058749999999999997 0.00027031720123313363
0.059374999999999997 0.00027017680431302212
0.059999999999999998 0.00027003578242995943
0.060624999999999998 0.00026989412893611522
0.061249999999999999 0.00026975183712091901
0.061874999999999999 0.00026960890021058735
0.0625 0.00026946531136765067
0.063125000000000001 0.00026932106369048024
0.063750000000000001 0.00026917615021281299
0.064375000000000002 0.00026903056390327723
0.065000000000000002 0.00026888429766491761
0.065625000000000003 0.00026873734433472004
0.066250000000000003 0.00026858969668313562
0.066875000000000004 0.00026844134741360511
0.067500000000000004 0.0002682922891620842
0.068125000000000005 0.0002681425144965669
0.068750000000000006 0.00026799201591661112
0.069375000000000006 0.00026784078585286394
0.070000000000000007 0.00026768881666658627
0.070625000000000007 0.00026753610064918026
0.071250000000000008 0.00026738263002171544
0.071875000000000008 0.00026722839693445622
0.072500000000000009 0.00026707339346639119
0.073125000000000009 0.00026691761162476215
0.07375000000000001 0.00026676104334459583
0.074375000000000011 0.00026660368048823501
0.075000000000000011 0.00026644551484487293
0.075625000000000012 0.00026628653813008869
0.076250000000000012 0.00026612674198538361
0.076875000000000013 0.00026596611797772082
0.077500000000000013 0.00026580465759906636
0.078125000000000014 0.00026564235226593199
0.078750000000000014 0.00026547919331892087
0.079375000000000001 0.00026531517202227654
0.080000000000000002 0.00026515027956343286
0.080625000000000002 0.00026498450705256769
0.081249999999999989 0.0002648178455221616
0.081874999999999989 0.00026465028592655577
0.08249999999999999 0.00026448181914151667
0.083124999999999991 0.00026431243596380363
0.083749999999999991 0.00026414212711073901
0.084374999999999992 0.00026397088321978429
0.084999999999999992 0.00026379869484811837
0.085624999999999993 0.0002636255524722224
0.086249999999999993 0.00026345144648746765
0.086874999999999994 0.00026327636720770885
0.087499999999999994 0.00026310030486488339
0.088124999999999995 0.00026292324960861414
0.088749999999999996 0.00026274519150581944
0.089374999999999996 0.00026256612054032869
0.089999999999999997 0.00026238602661250282
0.090624999999999997 0.0002622048995388626
0.091249999999999998 0.00026202272905172306
0.091874999999999998 0.00026183950479883363
0.092499999999999999 0.00026165521634302722
0.093124999999999999 0.00026146985316187547
0.09375 0.00026128340464735253
0.094375000000000001 0.00026109586010550524
0.095000000000000001 0.00026090720875613347
0.095625000000000002 0.00026071743973247883
0.096250000000000002 0.0002605265420809194
0.096875000000000003 0.00026033450476067811
0.097500000000000003 0.00026014131664353732
0.098125000000000004 0.00025994696651356411
0.098750000000000004 0.00025975144306684581
0.099375000000000005 0.00025955473491123734
0.10000000000000001 0.0002593568305661158
0.10062500000000001 0.00025915771846215065
0.10125000000000001 0.00025895738694108208
0.10187500000000001 0.00025875582425551302
0.10250000000000001 0.00025855301856871283
0.10312500000000001 0.00025834895795443392
0.10375000000000001 0.00025814363039674106
0.10437500000000001 0.00025793702378985449
0.10500000000000001 0.00025772912593800639
0.10562500000000001 0.00025751992455531273
0.10625000000000001 0.00025730940726565821
0.10687500000000001 0.00025709756160259735
0.10750000000000001 0.00025688437500927122
0.10812500000000001 0.00025666983483833903
0.10875000000000001 0.0002564539283519279
0.109375 0.00025623664272159748
0.11 0.00025601796502832373
0.110625 0.00025579788226249905
0.11124999999999999 0.00025557638132395167
0.11187499999999999 0.00025535344902198365
0.11249999999999999 0.00025512907207542776
0.11312499999999999 0.00025490323711272416
0.11374999999999999 0.00025467593067201829
0.11437499999999999 0.00025444713920127815
0.11499999999999999 0.00025421684905843378
0.11562499999999999 0.00025398504651153884
0.11624999999999999 0.00025375171773895418
0.11687499999999999 0.00025351684882955354
0.11749999999999999 0.00025328042578295543
0.11812499999999999 0.00025304243450977558
0.11874999999999999 0.00025280286083190716
0.119375 0.00025256169048282467
0.12 0.00025231890910791386
0.120625 0.0002520745022648286
0.12125 0.00025182845542387461
0.121875 0.00025158075396842063
0.1225 0.00025133138319533862
0.123125 0.00025108032831547234
0.12375 0.00025082757445413629
0.124375 0.00025057310665164349
0.125 0.00025031690986386632
0.12562499999999999 0.0002500589689628274
0.12625 0.00024979926873732339
0.12687500000000002 0.00024953779389358182
0.1275 0.00024927452905595189
0.12812499999999999 0.00024900945876762899
0.12875 0.00024874256749141479
0.12937500000000002 0.00024847383961051412
0.13 0.0002482032594293664
0.13062499999999999 0.00024793081117451666
0.13125000000000001 0.00024765647899552279
0.13187500000000002 0.00024738024696590357
0.13250000000000001 0.00024710209908412423
0.13312499999999999 0.00024682201927462411
0.13375000000000001 0.00024653999138888499
0.13406250000000003 0.0002463982418513367
0.13437500000000002 0.00024625599920654093
0.13468750000000002 0.00024611326141591475
0.13500000000000001 0.00024597002643653138
0.1353125 0.00024582629222115893
0.135625 0.00024568205671829829
0.13593749999999999 0.00024553731787222446
0.13625000000000001 0.00024539207362302623
0.13656250000000003 0.0002452463219066473
0.13687500000000002 0.00024510006065492894
0.13718750000000002 0.0002449532877956525
0.13750000000000001 0.00024480600125258227
0.1378125 0.00024465819894551054
0.138125 0.0002445098787903021
0.13843749999999999 0.0002443610386989399
0.13875000000000001 0.00024421167657957181
0.13906250000000003 0.00024406179033655784
0.13937500000000003 0.00024391137787051776
0.13968750000000002 0.00024376043707838042
0.14000000000000001 0.00024360896585343334
0.14031250000000001 0.00024345696208537255
0.140625 0.00024330442366035453
0.14093749999999999 0.00024315134846104788
0.14125000000000001 0.00024299773436668587
0.14156250000000004 0.00024284357925312069
0.14187500000000003 0.00024268888099287798
0.14218750000000002 0.00024253363745521125
0.14250000000000002 0.00024237784650615911
0.14281250000000001 0.00024222150600860173
0.143125 0.00024206461382231899
0.1434375 0.00024190716780404927
0.14375000000000002 0.00024174916580754858
0.14406250000000004 0.00024159060568365172
0.14437500000000003 0.00024143148528033373
0.14468750000000002 0.0002412718024427714
0.14500000000000002 0.00024111155501340705
0.14531250000000001 0.00024095074083201287
0.145625 0.00024078935773575529
0.1459375 0.00024062740355926119
0.14625000000000002 0.00024046487613468533
0.14656250000000004 0.000240301773291777
0.14687500000000003 0.00024013809285794999
0.14718750000000003 0.00023997383265835146
0.14750000000000002 0.00023980899051593275
0.14781250000000001 0.0002396435642515214
0.14812500000000001 0.00023947755168389316
0.1484375 0.00023931095062984598
0.14874999999999999 0.00023914375890427445
0.14906249999999999 0.00023897597432024533
0.14937499999999998 0.00023880759468907376
0.14968749999999997 0.00023863861782040161
0.14999999999999999 0.00023846904152227498
0.15031250000000002 0.00023829886360122473
0.15062500000000001 0.00023812808186234668
0.1509375 0.00023795669410938279
0.15125 0.00023778469814480472
0.15156249999999999 0.00023761209176989721
0.15187499999999998 0.00023743887278484204
0.15218749999999998 0.0002372650389888052
0.1525 0.00023709058818002305
0.15281250000000002 0.00023691551815589011
0.15312500000000001 0.00023673982671304852
0.1534375 0.00023656351164747842
0.15375 0.00023638657075458793
0.15406249999999999 0.0002362090018293073
0.15437499999999998 0.00023603080266618084
0.15468749999999998 0.00023585197105946206
0.155 0.00023567250480320957
0.15531250000000002 0.00023549240169138359
0.15562500000000001 0.00023531165951794352
0.15593750000000001 0.00023513027607694807
0.15625 0.00023494824916265436
0.15656249999999999 0.0002347655765696198
0.15687499999999999 0.00023458225609280481
0.15718749999999998 0.0002343982855276764
0.1575 0.00023421366267031236
0.15781250000000002 0.00023402838531750848
0.15812500000000002 0.00023384245126688514
0.15843750000000001 0.00023365585831699551
0.15875 0.00023346860426743575
0.1590625 0.00023328068691895563
0.15937499999999999 0.00023309210407357011
0.15968749999999998 0.00023290285353467341
0.16 0.00023271293310715317
0.16031250000000002 0.00023252234059750547
0.16062500000000002 0.00023233107381395295
0.16093750000000001 0.0002321391305665623
0.16125 0.00023194650866736357
0.1615625 0.00023175320593047137
0.16187499999999999 0.00023155922017220634
0.16218749999999998 0.00023136454921121848
0.16250000000000001 0.00023116919086861208
0.16281250000000003 0.00023097314296807026
0.16312500000000002 0.00023077640333598351
0.16343750000000001 0.00023057896980157707
0.16375000000000001 0.00023038084019704031
0.1640625 0.00023018201235765838
0.16437499999999999 0.00022998248412194413
0.16468749999999999 0.000229782253331771
0.16500000000000001 0.00022958131783250871
0.16531250000000003 0.00022937967547315903
0.16562500000000002 0.00022917732410649268
0.16593750000000002 0.00022897426158918896
0.16625000000000001 0.0002287704857819754
0.1665625 0.00022856599454976897
0.166875 0.00022836078576181913
0.16718749999999999 0.00022815485729185217
0.16750000000000001 0.00022794820701821573
0.16781250000000003 0.00022774083282402663
0.16812500000000002 0.00022753273259731865
0.16843750000000002 0.00022732390423119123
0.16875000000000001 0.00022711434562396179
0.1690625 0.00022690405467931687
0.169375 0.00022669302930646584
0.16968749999999999 0.00022648126742029633
0.17000000000000001 0.00022626876694152996
0.17031250000000003 0.00022605552579688053
0.17062500000000003 0.00022584154191921307
0.17093750000000002 0.00022562681324770373
0.17125000000000001 0.00022541133772800226
0.17156250000000001 0.00022519511331239525
0.171875 0.00022497813795996997
0.17218749999999999 0.00022476040963678143
0.17249999999999999 0.00022454192631601939
0.17281249999999998 0.00022432268597817641
0.17312499999999997 0.00022410268661121954
0.17343749999999997 0.00022388192621076072
0.17374999999999999 0.00022366040278023
0.17406250000000001 0.00022343811433105042
0.174375 0.00022321505888281355
0.1746875 0.00022299123446345632
0.17499999999999999 0.00022276663910944028
0.17531249999999998 0.00022254127086593139
0.17562499999999998 0.0002223151277869809
0.17593749999999997 0.00022208820793570918
0.17624999999999999 0.00022186050938448923
0.17656250000000001 0.00022163203021513235
0.176875 0.00022140276851907568
0.1771875 0.00022117272239757012
0.17749999999999999 0.00022094188996187039
0.17781249999999998 0.00022071026933342627
0.17812499999999998 0.00022047785864407564
0.17843749999999997 0.00022024465603623743
0.17874999999999999 0.00022001065966310854
0.17906250000000001 0.00021977586768885982
0.17937500000000001 0.00021954027828883409
0.1796875 0.00021930388964974649
0.17999999999999999 0.00021906669996988535
0.18031249999999999 0.00021882870745931388
0.18062499999999998 0.0002185899103400752
0.18093749999999997 0.0002183503068463963
0.18124999999999999 0.00021810989522489551
0.18156250000000002 0.00021786867373479012
0.18187500000000001 0.00021762664064810535
0.1821875 0.00021738379424988556
0.1825 0.00021714013283840618
0.18281249999999999 0.00021689565472538658
0.18312499999999998 0.00021665035823620557
0.18343749999999998 0.00021640424171011713
0.18375 0.00021615730350046749
0.18406250000000002 0.00021590954197491462
0.18437500000000001 0.00021566095551564797
0.1846875 0.00021541154251960966
0.185 0.00021516130139871749
0.18531249999999999 0.00021491023058008924
0.18562499999999998 0.00021465832850626736
0.18593749999999998 0.00021440559363544617
0.18625 0.0002141520244416997
0.18656250000000002 0.00021389761941521067
0.18687500000000001 0.00021364237706250109
0.18718750000000001 0.00021338629590666447
0.1875 0.00021312937448759791
0.18781249999999999 0.0002128716113622371
0.18812499999999999 0.00021261300510479162
0.18843749999999998 0.00021235355430698134
0.18875 0.00021209325757827482
0.18906250000000002 0.00021183211354612846
0.18937500000000002 0.00021157012085622583
0.18968750000000001 0.00021130727817272085
0.19 0.00021104358417847874
0.1903125 0.00021077903757532127
0.19062499999999999 0.00021051363708427098
0.19093749999999998 0.00021024738144579714
0.19125 0.00020998026942006375
0.19156250000000002 0.0002097122997871774
0.19187500000000002 0.00020944347134743642
0.19218750000000001 0.00020917378292158211
0.1925 0.00020890323335104988
0.1928125 0.00020863182149822172
0.19312499999999999 0.0002083595462466804
0.19343749999999998 0.00020808640650146401
0.19375000000000001 0.00020781240118932098
0.19406250000000003 0.00020753752925896783
0.19437500000000002 0.00020726178968134633
0.19468750000000001 0.00020698518144988165
0.19500000000000001 0.0002067077035807428
0.1953125 0.00020642935511310255
0.19562499999999999 0.00020615013510939852
0.19593749999999999 0.0002058700426555964
0.19625000000000001 0.0002055890768614521
0.19656250000000003 0.00020530723686077611
0.19687500000000002 0.00020502452181169834
0.19718750000000002 0.00020474093089693359
0.19750000000000001 0.00020445646332404769
0.1978125 0.00020417111832572509
0.198125 0.0002038848951600365
0.19843749999999999 0.00020359779311070707
0.19875000000000001 0.00020330981148738647
0.19906250000000003 0.00020302094962591826
0.19937500000000002 0.00020273120688861046
0.19968750000000002 0.00020244058266450702
0.20000000000000001 0.00020214907636965958
0.2003125 0.00020185668744739966
0.200625 0.00020156341536861202
0.20093749999999999 0.00020126925963200745
0.20125000000000001 0.00020097421976439747
0.20156250000000003 0.00020067829532096831
0.20187500000000003 0.00020038148588555577
0.20218750000000002 0.00020008379107092089
0.20250000000000001 0.00019978521051902532
0.20281250000000001 0.00019948574390130715
0.203125 0.00019918539091895779
0.20343749999999999 0.0001988841513031987
0.20375000000000001 0.00019858202481555742
0.20406250000000004 0.00019827901124814588
0.20437500000000003 0.00019797511042393741
0.20468750000000002 0.00019767032219704375
0.20500000000000002 0.00019736464645299379
0.20531250000000001 0.00019705808310901068
0.205625 0.00019675063211428999
0.2059375 0.00019644229345027771
0.20625000000000002 0.00019613306713094845
0.20656250000000004 0.00019582295320308283
0.20687500000000003 0.00019551195174654628
0.20718750000000002 0.00019520006287456618
0.20750000000000002 0.00019488728673400967
0.20781250000000001 0.00019457362350566162
0.208125 0.00019425907340450178
0.2084375 0.00019394363667998157
0.20874999999999999 0.00019362731361630183
0.20906249999999998 0.00019331010453268815
0.20937499999999998 0.00019299200978366835
0.20968749999999997 0.00019267302975934766
0.20999999999999999 0.00019235316488568375
0.21031250000000001 0.00019203241562476268
0.21062500000000001 0.00019171078247507274
0.2109375 0.00019138826597177799
0.21124999999999999 0.00019106486668699242
0.21156249999999999 0.00019074058523005212
0.21187499999999998 0.00019041542224778704
0.21218749999999997 0.00019008937842479305
0.21249999999999999 0.0001897624544837019
0.21281250000000002 0.00018943465118545093
0.21312500000000001 0.00018910596932955235
0.2134375 0.00018877640975436115
0.21375 0.00018844597333734155
0.21406249999999999 0.00018811466099533409
0.21437499999999998 0.00018778247368482007
0.21468749999999998 0.00018744941240218544
0.215 0.00018711547818398412
0.21531250000000002 0.00018678067210719948
0.21562500000000001 0.00018644499528950459
0.2159375 0.00018610844888952192
0.21625 0.00018577103410708087
0.21656249999999999 0.0001854327521834743
0.21687499999999998 0.00018509360440171401
0.21718749999999998 0.00018475359208678413
0.2175 0.00018441271660589323
0.21781250000000002 0.00018407097936872508
0.21812500000000001 0.00018372838182768779
0.21843750000000001 0.00018338492547816047
0.21875 0.00018304061185873955
0.21906249999999999 0.00018269544255148233
0.21937499999999999 0.00018234941918214857
0.21968749999999998 0.0001820025434204415
0.22 0.00018165481698024496
0.22031250000000002 0.00018130624161986049
0.22062500000000002 0.00018095681914224085
0.22093750000000001 0.00018060655139522243
0.22125 0.00018025544027175513
0.2215625 0.00017990348771012988
0.22187499999999999 0.00017955069569420393
0.22218749999999998 0.00017919706625362466
0.2225 0.00017884260146404951
0.22281250000000002 0.00017848730344736466
0.22312500000000002 0.00017813117437190089
0.22343750000000001 0.00017777421645264694
0.22375 0.00017741643195145934
0.2240625 0.00017705782317727176
0.22437499999999999 0.00017669839248629919
0.22468749999999998 0.00017633814228224052
0.22500000000000001 0.00017597707501647888
0.22531250000000003 0.00017561519318827785
0.22562500000000002 0.00017525249934497496
0.22593750000000001 0.00017488899608217326
0.22625000000000001 0.00017452468604392822
0.2265625 0.00017415957192293247
0.22687499999999999 0.00017379365646069773
0.22718749999999999 0.00017342694244773174
0.22750000000000001 0.00017305943272371394
0.22781250000000003 0.00017269113017766652
0.22812500000000002 0.00017232203774812248
0.22843750000000002 0.00017195215842328934
0.22875000000000001 0.00017158149524121129
0.2290625 0.00017121005128992479
0.229375 0.00017083782970761345
0.22968749999999999 0.00017046483368275721
0.23000000000000001 0.00017009106645427796
0.23031250000000003 0.0001697165313116823
0.23062500000000002 0.00016934123159519925
0.23093750000000002 0.00016896517069591428
0.23125000000000001 0.00016858835205589958
0.2315625 0.00016821077916834
0.231875 0.00016783245557765438
0.23218749999999999 0.00016745338487961383
0.23249999999999998 0.00016707357072145415
0.23281249999999998 0.00016669301680198473
0.23312499999999997 0.00016631172687169341
0.23343749999999996 0.00016592970473284591
0.23374999999999999 0.00016554695423958094
0.23406250000000001 0.00016516347929800148
0.234375 0.00016477928386626046
0.23468749999999999 0.00016439437195464148
0.23499999999999999 0.00016400874762563628
0.23531249999999998 0.00016362241499401556
0.23562499999999997 0.00016323537822689557
0.23593749999999997 0.00016284764154380032
0.23624999999999999 0.00016245920921671768
0.23656250000000001 0.00016207008557015098
0.236875 0.00016168027498116543
0.2371875 0.00016128978187942897
0.23749999999999999 0.00016089861074724838
0.23781249999999998 0.00016050676611959922
0.23812499999999998 0.0001601142525841515
0.23843749999999997 0.00015972107478128857
0.23874999999999999 0.00015932723740412163
0.23906250000000001 0.0001589327451984978
0.239375 0.00015853760296300349
0.2396875 0.00015814181554896079
0.23999999999999999 0.00015774538786041909
0.24031249999999998 0.00015734832485414114
0.24062499999999998 0.00015695063153958185
0.24093749999999997 0.00015655231297886257
0.24124999999999999 0.0001561533742867388
0.24156250000000001 0.0001557538206305621
0.24187500000000001 0.00015535365723023508
0.2421875 0.00015495288935816199
0.24249999999999999 0.00015455152233919084
0.24281249999999999 0.00015414956155055171
0.24312499999999998 0.00015374701242178672
0.24343749999999997 0.0001533438804346748
0.24374999999999999 0.00015294017112314995
0.24406250000000002 0.0001525358900732124
0.24437500000000001 0.00015213104292283443
0.2446875 0.00015172563536185855
0.245 0.00015131967313188947
0.24531249999999999 0.00015091316202618004
0.24562499999999998 0.00015050610788950957
0.24593749999999998 0.00015009851661805594
0.24625 0.00014969039415926107
0.24656250000000002 0.00014928174651168921
0.24687500000000001 0.00014887257972487887
0.2471875 0.00014846289989918759
0.2475 0.00014805271318562912
0.24781249999999999 0.00014764202578570527
0.24812499999999998 0.00014723084395122928
0.24843749999999998 0.00014681917398414292
0.24875 0.0001464070222363261
0.24906250000000002 0.00014599439510939966
0.24937500000000001 0.00014558129905452137
0.24968750000000001 0.00014516774057217357
0.25 0.00014475372621194506
0.25031249999999999 0.00014433926257230461
0.25062499999999999 0.00014392435630036833
0.25093749999999998 0.00014350901409165869
0.25124999999999997 0.00014309324268985645
0.25156249999999997 0.00014267704888654636
0.25187499999999996 0.00014226043952095377
0.25218750000000001 0.00014184342147967517
0.2525 0.00014142600169640099
0.2528125 0.00014100818715163068
0.25312500000000004 0.00014058998487238042
0.25343750000000004 0.00014017140193188442
0.25375000000000003 0.00013975244544928657
0.25406250000000002 0.0001393331225893269
0.25437500000000002 0.00013891344056201927
0.25468750000000001 0.00013849340662232181
0.255 0.00013807302806979993
0.2553125 0.00013765231224828202
0.25562499999999999 0.00013723126654550661
0.25593749999999998 0.00013680989839276383
0.25624999999999998 0.00013638821526452789
0.25656249999999997 0.00013596622467808165
0.25687499999999996 0.00013554393419313565
0.25718750000000001 0.00013512135141143766
0.25750000000000001 0.00013469848397637557
0.2578125 0.00013427533957257245
0.25812500000000005 0.00013385192592547479
0.25875000000000004 0.00013300432200476933
0.25937500000000002 0.00013215573481814978
0.26000000000000001 0.00013130622759502858
0.260625 0.00013045586417582939
0.26124999999999998 0.00012960470899700221
0.26187499999999997 0.00012875282707556528
0.26250000000000001 0.0001279002839931779
0.26312500000000005 0.00012704714587974863
0.26375000000000004 0.00012619347939658163
0.26437500000000003 0.00012533935171906549
0.26500000000000001 0.00012448483051891195
0.265625 0.00012362998394594807
0.26624999999999999 0.00012277488060946821
0.26750000000000002 0.00012106418026556223
0.26875000000000004 0.00011935328681522808
0.27000000000000002 0.00011764276367316726
0.270625 0.00011678781853484534
0.27124999999999999 0.00011593317967100631
0.27187499999999998 0.00011507891891809598
0.27250000000000002 0.00011422510836306039
0.27312500000000006 0.00011337182032040584
0.27375000000000005 0.00011251912730893279
0.27437500000000004 0.00011166710202815256
0.27500000000000002 0.00011081581733440349
0.27562500000000001 0.00010996534621667932
0.2759375 0.00010954043858814899
0.27625 0.00010911576177218139
0.27656249999999999 0.00010869132491878047
0.27687499999999998 0.00010826713718161169
0.27718750000000003 0.00010784320771721583
0.27750000000000002 0.00010741954568422129
0.27781250000000002 0.00010699616024255096
0.27812500000000007 0.00010657306055262774
0.27843750000000006 0.0001061502557745758
0.27875000000000005 0.00010572775506741906
0.27906250000000005 0.00010530556758827722
0.27937500000000004 0.00010488370249155884
0.27968750000000003 0.00010446216892815161
0.28000000000000003 0.00010404097604461037
0.28031250000000002 0.00010362013298234351
0.28062500000000001 0.00010319964887679575
0.28093750000000001 0.00010277953285662993
0.28125 0.00010235979404290702
0.28156249999999999 0.00010194044154826355
0.28187499999999999 0.00010152148447608806
0.28218750000000004 0.00010110293191969604
0.28250000000000003 0.0001006847929615034
0.28281250000000002 0.00010026707667219861
0.28312500000000007 9.9849792109914104e-05
0.28343750000000006 9.9432948319396662e-05
0.28375000000000006 9.9016554331177344e-05
0.28406250000000005 9.8600619160739848e-05
0.28437500000000004 9.8185151807689923e-05
0.28468750000000004 9.7770161254923281e-05
0.28500000000000003 9.7355656467793949e-05
0.28531250000000002 9.6941646393282479e-05
0.28562500000000002 9.6528139959164289e-05
0.28593750000000001 9.6115146073178466e-05
0.28625 9.5702673622197058e-05
0.2865625 9.5290731471394595e-05
0.28687499999999999 9.487932846341914e-05
0.28718749999999998 9.4468473417563334e-05
0.28749999999999998 9.4058175128937827e-05
0.28781249999999997 9.3648442367644653e-05
0.28812499999999996 9.3239283877952456e-05
0.28843749999999996 9.283070837747421e-05
0.28874999999999995 9.2422724556345061e-05
0.28906249999999994 9.2015341076403346e-05
0.28937499999999994 9.1608566570373321e-05
0.28968749999999999 9.1202409641049582e-05
0.28999999999999998 9.0796878860484906e-05
0.29031249999999997 9.0391982769179278e-05
0.29062500000000002 8.9987729875272855e-05
0.29093750000000002 8.9584128653741199e-05
0.29125000000000001 8.9181187545593583e-05
0.2915625 8.8778914957074145e-05
0.291875 8.8377319258867238e-05
0.29218749999999999 8.7976408785305356e-05
0.29249999999999998 8.7576191833581168e-05
0.29265624999999995 8.7376346010932469e-05
0.29281249999999998 8.7176676662963353e-05
0.29296875 8.6977184816028845e-05
0.29312499999999997 8.677787149401637e-05
0.29328124999999994 8.6578737718321432e-05
0.29343749999999996 8.6379784507823918e-05
0.29359374999999999 8.6181012878863917e-05
0.29374999999999996 8.5982423845217676e-05
0.29390624999999992 8.5784018418073779e-05
0.29406249999999995 8.558579760600929e-05
0.29421874999999997 8.5387762414966217e-05
0.29437499999999994 8.518991384822779e-05
0.29453124999999997 8.4992252906394586e-05
0.29468749999999999 8.4794780587361433e-05
0.29484374999999996 8.4597497886293896e-05
0.29499999999999998 8.4400405795604481e-05
0.29515625000000001 8.4203505304930392e-05
0.29531249999999998 8.4006797401109168e-05
0.29546875 8.3810283068156248e-05
0.29562500000000003 8.3613963287242142e-05
0.29578125 8.3417839036669032e-05
0.29593750000000002 8.322191129184794e-05
0.29609375000000004 8.3026181025276598e-05
0.29625000000000001 8.283064920651597e-05
0.29640624999999998 8.2635316802168291e-05
0.29656250000000001 8.2440184775854316e-05
0.29671875000000003 8.2245254088190967e-05
0.296875 8.205052569676928e-05
0.29703124999999997 8.1856000556131906e-05
0.29718749999999999 8.1661679617750887e-05
0.29734375000000002 8.1467563830006146e-05
0.29749999999999999 8.127365413816355e-05
0.29765624999999996 8.1079951484352449e-05
0.29781249999999998 8.0886456807544629e-05
0.29796875 8.0693171043532617e-05
0.29812499999999997 8.0500095124908024e-05
0.29828124999999994 8.0307229981040195e-05
0.29843749999999997 8.0114576538054899e-05
0.29859374999999999 7.9922135718813397e-05
0.29874999999999996 7.9729908442891057e-05
0.29890624999999993 7.9537895626556542e-05
0.29906249999999995 7.9346098182750811e-05
0.29921874999999998 7.9154517021066823e-05
0.29937499999999995 7.8963153047728377e-05
0.29953124999999997 7.8772007165569798e-05
0.2996875 7.8581080274015718e-05
0.29984374999999996 7.8390373269060545e-05
0.29999999999999999 7.8199887043248277e-05
0.30015625000000001 7.8009622485652791e-05
0.30031249999999998 7.7819580481857428e-05
0.30046875000000001 7.7629761913935682e-05
0.30062500000000003 7.7440167660430993e-05
0.30078125 7.7250798596337612e-05
0.30093750000000002 7.7061655593080975e-05
0.30109375000000005 7.6872739518498215e-05
0.30125000000000002 7.668405123681923e-05
0.30140624999999999 7.6495591608647602e-05
0.30156250000000001 7.6307361490941252e-05
0.30171875000000004 7.6119361736994072e-05
0.301875 7.5931593196417282e-05
0.30203124999999997 7.5744056715120161e-05
0.3021875 7.5556753135292418e-05
0.30234375000000002 7.5369683295385594e-05
0.30249999999999999 7.51828480300947e-05
0.30265624999999996 7.4996248170340274e-05
0.30281249999999998 7.4809884543250774e-05
0.30296875000000001 7.462375797214438e-05
0.30312499999999998 7.4437869276511564e-05
0.30328124999999995 7.4252219271997742e-05
0.30343749999999997 7.4066808770385372e-05
0.30359375 7.3881638579577366e-05
0.30374999999999996 7.3696709503579878e-05
0.30390624999999993 7.3512022342484793e-05
0.30406249999999996 7.332757789245352e-05
0.30421874999999998 7.3143376945700457e-05
0.30437499999999995 7.2959420290475766e-05
0.30453124999999998 7.2775708711049435e-05
0.3046875 7.2592242987695325e-05
0.30484374999999997 7.2409023896674425e-05
0.30499999999999999 7.2226052210219271e-05
0.30515625000000002 7.2043328696518342e-05
0.30531249999999999 7.1860854119700266e-05
0.30546875000000001 7.1678629239817654e-05
0.30562500000000004 7.1496654812833006e-05
0.30578125 7.1314931590602662e-05
0.30593750000000003 7.1133460320861654e-05
0.30609375000000005 7.0952241747209417e-05
0.30625000000000002 7.0771276609094723e-05
0.30640624999999999 7.0590565641800732e-05
0.30656250000000002 7.0410109576431125e-05
0.30671875000000004 7.0229909139895699e-05
0.30687500000000001 7.0049965054895852e-05
0.30703124999999998 6.9870278039910967e-05
0.3071875 6.9690848809184566e-05
0.30734375000000003 6.9511678072710386e-05
0.3075 6.9332766536219244e-05
0.30765624999999996 6.9154114901165428e-05
0.30781249999999999 6.8975723864713365e-05
0.30796875000000001 6.8797594119724973e-05
0.30812499999999998 6.8619726354746683e-05
0.30828124999999995 6.8442121253996474e-05
0.30843749999999998 6.8264779497351319e-05
0.30859375 6.808770176033543e-05
0.30874999999999997 6.791088871410718e-05
0.30890624999999994 6.7734341025447463e-05
0.30906249999999996 6.7558059356747835e-05
0.30921874999999999 6.7382044365998559e-05
0.30937499999999996 6.7206296706777278e-05
0.30953124999999998 6.7030817028237397e-05
0.3096875 6.6855605975096785e-05
0.30984374999999997 6.6680664187627049e-05
0.31 6.6505992301642264e-05
0.31015625000000002 6.6331590948488276e-05
0.31031249999999999 6.6157460755032337e-05
0.31046875000000002 6.5983602343652382e-05
0.31062500000000004 6.5810016332227137e-05
0.31078125000000001 6.5636703334125661e-05
0.31093750000000003 6.54636639581977e-05
0.31109375000000006 6.5290898808763968e-05
0.31125000000000003 6.5118408485606243e-05
0.31140625 6.4946193583958513e-05
0.31156250000000002 6.4774254694497155e-05
0.31171875000000004 6.4602592403332229e-05
0.31187500000000001 6.4431207291998664e-05
0.31203124999999998 6.426009993744734e-05
0.31218750000000001 6.4089270912036323e-05
0.31234375000000003 6.3918720783523125e-05
0.3125 6.3748450115056095e-05
0.31265624999999997 6.3578459465166157e-05
0.31281249999999999 6.3408749387759502e-05
0.31296875000000002 6.3239320432109607e-05
0.31312499999999999 6.3070173142849631e-05
0.31328124999999996 6.2901308059965313e-05
0.31343749999999998 6.2732725718787685e-05
0.31359375 6.2564426649986004e-05
0.31374999999999997 6.2396411379561238e-05
0.31390624999999994 6.2228680428839074e-05
0.31406249999999997 6.2061234314463449e-05
0.31421874999999999 6.1894073548390753e-05
0.31437499999999996 6.172719863788331e-05
0.31453124999999998 6.1560610085503126e-05
0.31468750000000001 6.1394308389106924e-05
0.31484374999999998 6.1228294041840143e-05
0.315 6.1062567532131065e-05
0.31515625000000003 6.0897129343686494e-05
0.3153125 6.0731979955486127e-05
0.31546875000000002 6.056711984177743e-05
0.31562500000000004 6.0402549472071693e-05
0.31578125000000001 6.023826931113897e-05
0.31593750000000004 6.0074279819003507e-05
0.31609375000000006 5.9910581450940205e-05
0.31625000000000003 5.9747174657470252e-05
0.31640625 5.9584059884357195e-05
0.31656250000000002 5.9421237572603347e-05
0.31671875000000005 5.9258708158446529e-05
0.31687500000000002 5.9096472073356566e-05
0.31703124999999999 5.8934529744032158e-05
0.31718750000000001 5.8772881592397939e-05
0.31734375000000004 5.8611528035601794e-05
0.3175 5.8450469486012286e-05
0.31765624999999997 5.8289706351215999e-05
0.3178125 5.8129239034015338e-05
0.31796875000000002 5.7969067932426814e-05
0.31812499999999999 5.7809193439678895e-05
0.31828124999999996 5.7649615944210116e-05
0.31843749999999998 5.7490335829667569e-05
0.31859375000000001 5.7331353474905992e-05
0.31874999999999998 5.7172669253986167e-05
0.31890624999999995 5.7014283536173652e-05
0.31906249999999997 5.6856196685938606e-05
0.31921875 5.6698409062954684e-05
0.31937499999999996 5.6540921022098483e-05
0.31953124999999999 5.6383732913449412e-05
0.31968750000000001 5.6226845082289608e-05
0.31984374999999998 5.6070257869103631e-05
0.32000000000000001 5.5913971609578957e-05
0.32015625000000003 5.5757986634606224e-05
0.3203125 5.56023032702798e-05
0.32046875000000002 5.5446921837898405e-05
0.32062500000000005 5.5291842653966281e-05
0.32078125000000002 5.5137066030193782e-05
0.32093750000000004 5.4982592273499067e-05
0.32109375000000007 5.4828421686009161e-05
0.32125000000000004 5.467455456506188e-05
0.32140625 5.4520991203207064e-05
0.32156250000000003 5.4367731888208922e-05
0.32171875000000005 5.4214776903047869e-05
0.32187500000000002 5.4062126525923085e-05
0.32203124999999999 5.3909781030254606e-05
0.32218750000000002 5.3757740684685745e-05
0.32234375000000004 5.3606005753086627e-05
0.32250000000000001 5.3454576494556309e-05
0.32265624999999998 5.3303453163426198e-05
0.3228125 5.3152636009263229e-05
0.32296875000000003 5.3002125276873475e-05
0.323125 5.2851921206305532e-05
0.32328124999999996 5.2702024032854311e-05
0.32343749999999999 5.2552433987064982e-05
0.32359375000000001 5.2403151294737053e-05
0.32374999999999998 5.225417617692875e-05
0.32390624999999995 5.2105508849961167e-05
0.32406249999999998 5.1957149525422836e-05
0.32421875 5.1809098410174952e-05
0.32437499999999997 5.1661355706355645e-05
0.32453124999999999 5.1513921611385419e-05
0.32468750000000002 5.1366796317972191e-05
0.32484374999999999 5.1219980014116834e-05
0.32500000000000001 5.1073472883118538e-05
0.32515625000000004 5.0927275103580577e-05
0.3253125 5.0781386849416311e-05
0.32546875000000003 5.0635808289854941e-05
0.32562500000000005 5.0490539589447823e-05
0.32578125000000002 5.0345580908074878e-05
0.32593750000000005 5.0200932400950815e-05
0.32609375000000007 5.0056594218632053e-05
0.32625000000000004 4.9912566507023406e-05
0.32640625000000001 4.9768849407384959e-05
0.32656250000000003 4.962544305633906e-05
0.32671875000000006 4.948234758587806e-05
0.32687500000000003 4.933956312337128e-05
0.32703125 4.9197089791572517e-05
0.32718750000000002 4.9054927708628025e-05
0.32734375000000004 4.8913076988084274e-05
0.32750000000000001 4.8771537738895998e-05
0.32765624999999998 4.863031006543409e-05
0.32781250000000001 4.8489394067494256e-05
0.32796875000000003 4.8348789840305138e-05
0.328125 4.8208497474537337e-05
0.32828124999999997 4.8068517056311694e-05
0.32843749999999999 4.7928848667208231e-05
0.32859375000000002 4.7789492384275584e-05
0.32874999999999999 4.765044828003979e-05
0.32890624999999996 4.7511716422513578e-05
0.32906249999999998 4.7373296875206027e-05
0.32921875 4.7235189697132125e-05
0.32937499999999997 4.7097394942822458e-05
0.32953125 4.6959912662332843e-05
0.32968750000000002 4.6822742901254829e-05
0.32984374999999999 4.6685885700725494e-05
0.33000000000000002 4.6549341097437646e-05
0.33015625000000004 4.641310912365059e-05
0.33031250000000001 4.6277189807200499e-05
0.33046875000000003 4.6141583171510862e-05
0.33062500000000006 4.6006289235603743e-05
0.33078125000000003 4.5871308014110475e-05
0.33093750000000005 4.5736639517282667e-05
0.33109375000000008 4.5602283751003645e-05
0.33125000000000004 4.5468240716799642e-05
0.33140625000000001 4.5334510411851229e-05
0.33156250000000004 4.5201092829004984e-05
0.33171875000000006 4.5067987956785304e-05
0.33187500000000003 4.4935195779406077e-05
0.33203125 4.4802716276782701e-05
0.33218750000000002 4.4670549424544249e-05
0.33234375000000005 4.453869519404562e-05
0.33250000000000002 4.4407153552379928e-05
0.33265624999999999 4.4275924462390922e-05
0.33281250000000001 4.414500788268549e-05
0.33296875000000004 4.4014403767646558e-05
0.333125 4.3884112067445847e-05
0.33328124999999997 4.3754132728056527e-05
0.3334375 4.3624465691266664e-05
0.33359375000000002 4.3495110894692134e-05
0.33374999999999999 4.3366068271790163e-05
0.33390624999999996 4.3237337751872219e-05
0.33406249999999998 4.3108919260117986e-05
0.33421875000000001 4.2980812717588864e-05
0.33437499999999998 4.2853018041241601e-05
0.33453125 4.2725535143942087e-05
0.33468750000000003 4.2598363934479566e-05
0.33484375 4.2471504317580325e-05
0.33500000000000002 4.2344956193922008e-05
0.33515625000000004 4.2218719460148075e-05
0.33531250000000001 4.2092794008881732e-05
0.33546875000000004 4.1967179728740693e-05
0.33562500000000006 4.1841876504351841e-05
0.33578125000000003 4.171688421636555e-05
0.33593750000000006 4.1592202741470629e-05
0.33609375000000008 4.1467831952409376e-05
0.33625000000000005 4.1343771717992177e-05
0.33640625000000002 4.1220021903112789e-05
0.33656250000000004 4.1096582368763477e-05
0.33671875000000007 4.0973452972050157e-05
0.33687500000000004 4.085063356620791e-05
0.33703125 4.0728124000616301e-05
0.33718750000000003 4.0605924120814751e-05
0.33734375000000005 4.0484033768518466e-05
0.33750000000000002 4.0362452781634056e-05
0.33765624999999999 4.0241180994275018e-05
0.33781250000000002 4.012021823677801e-05
0.33796875000000004 3.9999564335718626e-05
0.33812500000000001 3.9879219113927478e-05
0.33828124999999998 3.975918239050628e-05
0.3384375 3.9639453980844099e-05
0.33859375000000003 3.9520033696633626e-05
0.33875 3.9400921345887667e-05
0.33890624999999996 3.9282116732955388e-05
0.33906249999999999 3.9163619658538976e-05
0.33921875000000001 3.9045429919710248e-05
0.33937499999999998 3.8927547309927348e-05
0.33953125000000001 3.8809971619051343e-05
0.33968750000000003 3.8692702633363311e-05
0.33984375 3.8575740135581074e-05
0.34000000000000002 3.8459083904876122e-05
0.34015625000000005 3.834273371689086e-05
0.34031250000000002 3.8226689343755583e-05
0.34046875000000004 3.8110950554105649e-05
0.34054687500000003 3.8053195679834833e-05
0.34062500000000007 3.7995517113098731e-05
0.34070312500000005 3.7937914824001579e-05
0.34078125000000004 3.7880388782432297e-05
0.34085937500000008 3.7822938958065256e-05
0.34093750000000006 3.7765565320360729e-05
0.34101562500000004 3.7708267838565405e-05
0.34109375000000008 3.7651046481712918e-05
0.34117187500000007 3.7593901218624613e-05
0.34125000000000005 3.753683201790979e-05
0.34132812500000004 3.7479838847966503e-05
0.34140625000000002 3.7422921676981848e-05
0.34148437500000006 3.7366080472932742e-05
0.34156250000000005 3.7309315203586571e-05
0.34164062500000003 3.7252625836501331e-05
0.34171875000000007 3.7196012339026537e-05
0.34179687500000006 3.7139474678303755e-05
0.34187500000000004 3.7083012821266967e-05
0.34195312500000002 3.7026626734643208e-05
0.34203125000000001 3.697031638495327e-05
0.34210937500000005 3.6914081738512002e-05
0.34218750000000003 3.6857922761429214e-05
0.34226562500000002 3.6801839419609921e-05
0.34234375000000006 3.6745831678754892e-05
0.34242187500000004 3.6689899504361601e-05
0.34250000000000003 3.6634042861724378e-05
0.34257812500000001 3.6578261715935146e-05
0.34265625 3.6522556031883954e-05
0.34273437500000004 3.64669257742596e-05
0.34281250000000002 3.6411370907550164e-05
0.342890625 3.6355891396043486e-05
0.34296875000000004 3.6300487203827834e-05
0.34304687500000003 3.624515829479256e-05
0.34312500000000001 3.6189904632628425e-05
0.343203125 3.6134726180828377e-05
0.34328124999999998 3.6079622902688066e-05
0.34335937500000002 3.6024594761306265e-05
0.34343750000000001 3.5969641719585803e-05
0.34351562499999999 3.5914763740233723e-05
0.34359375000000003 3.5859960785762097e-05
0.34367187500000002 3.580523281848867e-05
0.34375 3.5750579800537153e-05
0.34382812499999998 3.5696001693838021e-05
0.34390624999999997 3.5641498460129021e-05
0.34398437500000001 3.5587070060955745e-05
0.34406249999999999 3.5532716457672322e-05
0.34414062499999998 3.5478437611441809e-05
0.34421875000000002 3.5424233483236805e-05
0.344296875 3.5370104033840165e-05
0.34437499999999999 3.5316049223845525e-05
0.34445312499999997 3.5262069013657747e-05
0.34453124999999996 3.5208163363493711e-05
0.344609375 3.5154332233382674e-05
0.34468749999999998 3.5100575583167174e-05
0.34476562499999996 3.5046893372503188e-05
0.34484375 3.4993285560861072e-05
0.34492187499999999 3.4939752107526024e-05
0.34499999999999997 3.4886292971598612e-05
0.34507812499999996 3.4832908111995359e-05
0.34515624999999994 3.4779597487449524e-05
0.34523437499999998 3.4726361056511341e-05
0.34531249999999997 3.4673198777548991e-05
0.34539062499999995 3.4620110608748916e-05
0.34546874999999999 3.456709650811647e-05
0.34554687499999998 3.4514156433476614e-05
0.34562499999999996 3.4461290342474402e-05
0.34570312499999994 3.4408498192575497e-05
0.34578124999999993 3.4355779941066957e-05
0.34585937499999997 3.4303135545057647e-05
0.34593749999999995 3.425056496147904e-05
0.34601562499999994 3.4198068147085529e-05
0.34609374999999998 3.4145645058455238e-05
0.34617187499999996 3.4093295651990534e-05
0.34624999999999995 3.4041019883918583e-05
0.34632812499999993 3.398881771029203e-05
0.34640624999999992 3.3936689086989538e-05
0.34648437499999996 3.388463396971636e-05
0.34656249999999994 3.3832652314005042e-05
0.34664062499999992 3.3780744075215842e-05
0.34671874999999996 3.3728909208537431e-05
0.34679687499999995 3.3677147668987596e-05
0.34687499999999993 3.3625459411413572e-05
0.34695312499999997 3.3573844390492828e-05
0.34703124999999996 3.3522302560733719e-05
0.34710937499999994 3.3470833876475821e-05
0.34718749999999998 3.341943829189073e-05
0.34726562499999997 3.3368115760982705e-05
0.34734374999999995 3.331686623758913e-05
0.34742187499999999 3.3265689675381055e-05
0.34749999999999998 3.3214586027864098e-05
0.34757812499999996 3.3163555248378716e-05
0.34765625 3.3112597290100826e-05
0.34773437499999998 3.3061712106042726e-05
0.34781249999999997 3.3010899649053365e-05
0.34789062500000001 3.2960159871818972e-05
0.34796874999999999 3.2909492726863928e-05
0.34804687499999998 3.2858898166551044e-05
0.34812500000000002 3.2808376143082178e-05
0.348203125 3.2757926608499184e-05
0.34828124999999999 3.2707549514684146e-05
0.34835937500000003 3.265724481336005e-05
0.34843750000000001 3.2607012456091559e-05
0.348515625 3.2556852394285484e-05
0.34859375000000004 3.2506764579191195e-05
0.34867187500000002 3.2456748961901703e-05
0.34875 3.2406805493353822e-05
0.34882812499999999 3.23569341243289e-05
0.34890624999999997 3.2307134805453524e-05
0.34898437500000001 3.2257407487200015e-05
0.3490625 3.2207752119887101e-05
0.34914062499999998 3.2158168653680369e-05
0.34921875000000002 3.2108657038593053e-05
0.34929687500000001 3.205921722448658e-05
0.34937499999999999 3.2009849161071067e-05
0.34945312499999998 3.1960552797906116e-05
0.34953124999999996 3.1911328084401125e-05
0.349609375 3.1862174969816197e-05
0.34968749999999998 3.1813093403262672e-05
0.34976562499999997 3.1764083333703541e-05
0.34984375000000001 3.1715144709954201e-05
0.34992187499999999 3.1666277480683143e-05
0.34999999999999998 3.1617481594412325e-05
0.35007812499999996 3.1568756999517893e-05
0.35015624999999995 3.1520103644230876e-05
0.35023437499999999 3.1471521476637565e-05
0.35031249999999997 3.1423010444680433e-05
0.35039062499999996 3.1374570496158433e-05
0.35046875 3.1326201578727612e-05
0.35054687499999998 3.1277903639902067e-05
0.35062499999999996 3.1229676627054145e-05
0.35070312499999995 3.1181520487415163e-05
0.35078124999999993 3.113343516807617e-05
0.35085937499999997 3.1085420615988306e-05
0.35093749999999996 3.1037476777963675e-05
0.35101562499999994 3.0989603600675597e-05
0.35109374999999998 3.0941801030659549e-05
0.35117187499999997 3.0894069014313584e-05
0.35124999999999995 3.0846407497899e-05
0.35132812499999994 3.0798816427540874e-05
0.35140624999999992 3.0751295749228748e-05
0.35148437499999996 3.0703845408817042e-05
0.35156249999999994 3.0656465352026071e-05
0.35164062499999993 3.0609155524442145e-05
0.35171874999999997 3.0561915871518438e-05
0.35179687499999995 3.0514746338575685e-05
0.35187499999999994 3.0467646870802496e-05
0.35195312499999998 3.0420617413256107e-05
0.35203124999999996 3.037365791086313e-05
0.35210937499999995 3.0326768308419839e-05
0.35218749999999999 3.0279948550593001e-05
0.35226562499999997 3.0233198581920466e-05
0.35234374999999996 3.0186518346811619e-05
0.352421875 3.0139907789548045e-05
0.35249999999999998 3.0093366854284307e-05
0.35257812499999996 3.0046895485048242e-05
0.35265625 3.0000493625741723e-05
0.35273437499999999 2.9954161220141368e-05
0.35281249999999997 2.9907898211898844e-05
0.35289062500000001 2.9861704544541744e-05
0.35296875 2.9815580161474033e-05
0.35304687499999998 2.9769525005976677e-05
0.35312500000000002 2.9723539021208239e-05
0.35320312500000001 2.9677622150205564e-05
0.35328124999999999 2.9631774335884202e-05
0.35335937500000003 2.9585995521039138e-05
0.35343750000000002 2.9540285648345369e-05
0.353515625 2.9494644660358427e-05
0.35359375000000004 2.9449072499515037e-05
0.35367187500000002 2.9403569108133787e-05
0.35375000000000001 2.9358134428415532e-05
0.35382812499999999 2.9312768402444145e-05
0.35390624999999998 2.926747097218701e-05
0.35398437500000002 2.9222242079495663e-05
0.3540625 2.917708166610652e-05
0.35414062499999999 2.9131989673641208e-05
0.35421875000000003 2.9086966043607253e-05
0.35429687500000001 2.9042010717398846e-05
0.354375 2.8997123636297245e-05
0.35445312499999998 2.8952304741471278e-05
0.35453124999999996 2.8907553973978262e-05
0.354609375 2.886287127476428e-05
0.35468749999999999 2.8818256584664971e-05
0.35476562499999997 2.8773709844406037e-05
0.35484375000000001 2.8729230994603713e-05
0.354921875 2.8684819975765681e-05
0.35499999999999998 2.8640476728291324e-05
0.35507812499999997 2.8596201192472488e-05
0.35515624999999995 2.8551993308494036e-05
0.35523437499999999 2.8507853016434381e-05
0.35531249999999998 2.8463780256266259e-05
0.35539062499999996 2.8419774967856994e-05
0.35546875 2.8375837090969375e-05
0.35554687499999998 2.8331966565262189e-05
0.35562499999999997 2.8288163330290621e-05
0.35570312499999995 2.8244427325507078e-05
0.35578124999999994 2.8200758490261556e-05
0.35585937499999998 2.8157156763802404e-05
0.35593749999999996 2.8113622085276883e-05
0.35601562499999995 2.8070154393731616e-05
0.35609374999999999 2.8026753628113246e-05
0.35617187499999997 2.7983419727269145e-05
0.35624999999999996 2.7940152629947777e-05
0.35632812499999994 2.7896952274799324e-05
0.35640624999999992 2.7853818600376462e-05
0.35648437499999996 2.7810751545134664e-05
0.35656249999999995 2.7767751047433047e-05
0.35664062499999993 2.7724817045534756e-05
0.35671874999999997 2.768194947760749e-05
0.35679687499999996 2.7639148281724374e-05
0.35687499999999994 2.7596413395864261e-05
0.35695312499999998 2.7553744757912376e-05
0.35703124999999997 2.7511142305660997e-05
0.35710937499999995 2.7468605976809888e-05
0.35718749999999999 2.742613570896692e-05
0.35726562499999998 2.7383731439648699e-05
0.35734374999999996 2.7341393106281093e-05
0.357421875 2.7299120646199761e-05
0.35749999999999998 2.7256913996650857e-05
0.35757812499999997 2.7214773094791466e-05
0.35765625000000001 2.7172697877690163e-05
0.35773437499999999 2.7130688282327833e-05
0.35781249999999998 2.7088744245597861e-05
0.35789062500000002 2.7046865704306928e-05
0.35796875 2.7005052595175668e-05
0.35804687499999999 2.6963304854839007e-05
0.35812500000000003 2.6921622419846798e-05
0.35820312500000001 2.688000522666457e-05
0.35828125 2.6838453211673807e-05
0.35835937500000004 2.6796966311172662e-05
0.35843750000000002 2.6755544461376622e-05
0.358515625 2.6714187598418871e-05
0.35859375000000004 2.6672895658350934e-05
0.35867187500000003 2.6631668577143351e-05
0.35875000000000001 2.6590506290686002e-05
0.358828125 2.6549408734788856e-05
0.35890624999999998 2.6508375845182512e-05
0.35898437500000002 2.6467407557518664e-05
0.35906250000000001 2.6426503807370772e-05
0.35914062499999999 2.6385664530234546e-05
0.35921875000000003 2.6344889661528462e-05
0.35929687500000002 2.6304179136594482e-05
0.359375 2.6263532890698449e-05
0.35945312499999998 2.6222950859030697e-05
0.35953124999999997 2.6182432976706606e-05
0.35960937500000001 2.6141979178767185e-05
0.35968749999999999 2.6101589400179592e-05
0.35976562499999998 2.6061263575837642e-05
0.35984375000000002 2.6021001640562429e-05
0.359921875 2.5980803529102944e-05
0.35999999999999999 2.5940669176136377e-05
0.36007812499999997 2.5900598516268962e-05
0.36015624999999996 2.5860591484036286e-05
0.360234375 2.5820648013903947e-05
0.36031249999999998 2.5780768040268175e-05
0.36039062499999996 2.5740951497456232e-05
0.36046875 2.5701198319726943e-05
0.36054687499999999 2.5661508441271524e-05
0.36062499999999997 2.5621881796213678e-05
0.36070312499999996 2.5582318318610477e-05
0.36078124999999994 2.5542817942452851e-05
0.36085937499999998 2.5503380601665974e-05
0.36093749999999997 2.5464006230110014e-05
0.36101562499999995 2.5424694761580504e-05
0.36109374999999999 2.5385446129808909e-05
0.36117187499999998 2.5346260268463283e-05
0.36124999999999996 2.5307137111148671e-05
0.36132812499999994 2.5268076591407712e-05
0.36140624999999993 2.5229078642721108e-05
0.36148437499999997 2.5190143198508275e-05
0.36156249999999995 2.5151270192127759e-05
0.36164062499999994 2.5112459556877808e-05
0.36171874999999998 2.5073711225996919e-05
0.36179687499999996 2.5035025132664443e-05
0.36187499999999995 2.4996401210000907e-05
0.36195312499999999 2.4957839391068698e-05
0.36203124999999997 2.491933960887267e-05
0.36210937499999996 2.4880901796360384e-05
0.3621875 2.484252588642292e-05
0.36226562499999998 2.4804211811895333e-05
0.36234374999999996 2.476595950555702e-05
0.362421875 2.4727768900132406e-05
0.36249999999999999 2.468963992829155e-05
0.36257812499999997 2.4651572522650313e-05
0.36265625000000001 2.4613566615771226e-05
0.362734375 2.4575622140163931e-05
0.36281249999999998 2.4537739028285571e-05
0.36289062500000002 2.4499917212541412e-05
0.36296875000000001 2.4462156625285425e-05
0.36304687499999999 2.442445719882057e-05
0.36312500000000003 2.4386818865399543e-05
0.36320312500000002 2.4349241557225238e-05
0.36328125 2.4311725206451177e-05
0.36335937500000004 2.4274269745182058e-05
0.36343750000000002 2.4236875105474382e-05
0.36351562500000001 2.4199541219336742e-05
0.36359375000000005 2.4162268018730477e-05
0.36367187500000003 2.4125055435570241e-05
0.36375000000000002 2.4087903401724347e-05
0.363828125 2.4050811849015357e-05
0.36390624999999999 2.4013780709220638e-05
0.36398437500000003 2.3976809914072737e-05
0.36406250000000001 2.3939899395260005e-05
0.364140625 2.3903049084427076e-05
0.36421875000000004 2.3866258913175247e-05
0.36429687500000002 2.3829528813063215e-05
0.364375 2.3792858715607362e-05
0.36445312499999999 2.3756248552282333e-05
0.36453124999999997 2.3719698254521526e-05
0.36460937500000001 2.3683207753717563e-05
0.3646875 2.3646776981222922e-05
0.36476562499999998 2.3610405868350256e-05
0.36484375000000002 2.357409434637294e-05
0.36492187500000001 2.3537842346525643e-05
0.36499999999999999 2.3501649800004688e-05
0.36507812499999998 2.3465516637968636e-05
0.36515624999999996 2.3429442791538748e-05
0.365234375 2.3393428191799486e-05
0.36531249999999998 2.3357472769799028e-05
0.36539062499999997 2.3321576456549652e-05
0.36546875000000001 2.3285739183028278e-05
0.36554687499999999 2.3249960880177025e-05
0.36562499999999998 2.3214241478903586e-05
0.36570312499999996 2.3178580910081771e-05
0.36578124999999995 2.3142979104551954e-05
0.36585937499999999 2.3107435993121591e-05
0.36593749999999997 2.3071951506565657e-05
0.36601562499999996 2.3036525575627152e-05
0.36609375 2.300115813101756e-05
0.36617187499999998 2.2965849103417404e-05
0.36624999999999996 2.2930598423476546e-05
0.36632812499999995 2.2895406021814853e-05
0.36640624999999993 2.2860271829022522e-05
0.36648437499999997 2.2825195775660622e-05
0.36656249999999996 2.2790177792261633e-05
0.36664062499999994 2.2755217809329768e-05
0.36671874999999998 2.2720315757341466e-05
0.36679687499999997 2.2685471566746064e-05
0.36687499999999995 2.2650685167965948e-05
0.36695312499999999 2.2615956491397207e-05
0.36703124999999998 2.2581285467410144e-05
0.36710937499999996 2.2546672026349584e-05
0.3671875 2.2512116098535415e-05
0.36726562499999998 2.2477617614263099e-05
0.36734374999999997 2.2443176503804064e-05
0.36742187500000001 2.2408792697406064e-05
0.36749999999999999 2.2374466125293918e-05
0.36757812499999998 2.2340196717669724e-05
0.36765625000000002 2.2305984404713324e-05
0.367734375 2.227182911658293e-05
0.36781249999999999 2.2237730783415465e-05
0.36789062500000003 2.2203689335326854e-05
0.36796875000000001 2.2169704702412873e-05
0.368046875 2.2135776814749205e-05
0.36812500000000004 2.2101905602392085e-05
0.36820312500000002 2.2068090995378783e-05
0.36828125 2.2034332923727899e-05
0.36835937500000004 2.200063131743987e-05
0.36843750000000003 2.1966986106497507e-05
0.36851562500000001 2.1933397220866356e-05
0.36859375000000005 2.1899864590495048e-05
0.36867187500000004 2.1866388145315988e-05
0.36875000000000002 2.1832967815245565e-05
0.36882812500000001 2.1799603530184649e-05
0.36890624999999999 2.176629522001908e-05
0.36898437500000003 2.1733042814620054e-05
0.36906250000000002 2.1699846243844649e-05
0.369140625 2.166670543753611e-05
0.36921875000000004 2.1633620325524371e-05
0.36929687500000002 2.1600590837626559e-05
0.36937500000000001 2.156761690364721e-05
0.36945312499999999 2.1534698453378932e-05
0.36953124999999998 2.1501835416602663e-05
0.36960937500000002 2.1469027723088213e-05
0.3696875 2.1436275302594668e-05
0.36976562499999999 2.1403578084870739e-05
0.36984375000000003 2.1370935999655194e-05
0.36992187500000001 2.1338348976677445e-05
0.37 2.1305816945657749e-05
0.37007812499999998 2.127333983630776e-05
0.37015624999999996 2.1240917578330947e-05
0.370234375 2.120855010142287e-05
0.37031249999999999 2.1176237335271843e-05
0.37039062499999997 2.1143979209559148e-05
0.37046875000000001 2.1111775653959473e-05
0.370546875 2.1079626598141469e-05
0.37062499999999998 2.104753197176796e-05
0.37070312499999997 2.1015491704496521e-05
0.37078124999999995 2.0983505725979752e-05
0.37085937499999999 2.0951573965865795e-05
0.37093749999999998 2.0919696353798725e-05
0.37101562499999996 2.0887872819418888e-05
0.37109375 2.0856103292363346e-05
0.37117187499999998 2.0824387702266364e-05
0.37124999999999997 2.0792725978759595e-05
0.37132812499999995 2.0761118051472731e-05
0.37140624999999994 2.0729563850033749e-05
0.37148437499999998 2.0698063304069337e-05
0.37156249999999996 2.066661634320537e-05
0.37164062499999995 2.0635222897067199e-05
0.37171874999999999 2.060388289528002e-05
0.37179687499999997 2.0572596267469504e-05
0.37187499999999996 2.05413629432619e-05
0.371953125 2.0510182852284548e-05
0.37203124999999998 2.0479055924166389e-05
0.37210937499999996 2.044798208853815e-05
0.3721875 2.0416961275032765e-05
0.37226562499999999 2.0385993413285981e-05
0.37234374999999997 2.0355078432936457e-05
0.37242187500000001 2.0324216263626294e-05
0.3725 2.0293406835001469e-05
0.37257812499999998 2.0262650076712076e-05
0.37265625000000002 2.0231945918412754e-05
0.37273437500000001 2.0201294289763208e-05
0.37281249999999999 2.0170695120428369e-05
0.37289062500000003 2.0140148340078882e-05
0.37296875000000002 2.0109653878391564e-05
0.373046875 2.0079211665049571e-05
0.37312500000000004 2.0048821629742983e-05
0.37320312500000002 2.0018483702169041e-05
0.37328125000000001 1.9988197812032561e-05
0.37335937500000005 1.9957963889046323e-05
0.37343750000000003 1.9927781862931441e-05
0.37351562500000002 1.9897651663417672e-05
0.37359375000000006 1.9867573220243835e-05
0.37367187500000004 1.9837546463158243e-05
0.37375000000000003 1.9807571321918867e-05
0.37382812500000001 1.9777647726293883e-05
0.37390625 1.974777560606201e-05
0.37398437500000004 1.9717954891012745e-05
0.37406250000000002 1.9688185510946945e-05
0.374140625 1.9658467395676938e-05
0.37421875000000004 1.9628800475027021e-05
0.37429687500000003 1.9599184678833844e-05
0.37437500000000001 1.9569619936946665e-05
0.374453125 1.954010617922776e-05
0.37453124999999998 1.9510643335552787e-05
0.37460937500000002 1.9481231335811064e-05
0.37468750000000001 1.9451870109906046e-05
0.37476562499999999 1.9422559587755549e-05
0.37484375000000003 1.9393299699292139e-05
0.37492187500000002 1.9364090374463541e-05
0.375 1.9334931543232917e-05
0.37507812499999998 1.9305823135579208e-05
0.37515624999999997 1.927676508149746e-05
0.37523437500000001 1.9247757310999241e-05
0.37531249999999999 1.9218799754112972e-05
0.37539062499999998 1.9189892340884177e-05
0.37546875000000002 1.9161035001375884e-05
0.375546875 1.9132227665669034e-05
0.37562499999999999 1.9103470263862607e-05
0.37570312499999997 1.9074762726074191e-05
0.37578124999999996 1.9046104982440178e-05
0.375859375 1.901749696311612e-05
0.37593749999999998 1.8988938598277119e-05
0.37601562499999996 1.896042981811806e-05
0.37609375 1.8931970552853962e-05
0.37617187499999999 1.890356073272044e-05
0.37624999999999997 1.8875200287973816e-05
0.37632812499999996 1.8846889148891598e-05
0.37640624999999994 1.881862724577278e-05
0.37648437499999998 1.8790414508938022e-05
0.37656249999999997 1.8762250868730264e-05
0.37664062499999995 1.8734136255514762e-05
0.37671874999999999 1.8706070599679508e-05
0.37679687499999998 1.8678053831635621e-05
0.37687499999999996 1.8650085881817587e-05
0.376953125 1.8622166680683526e-05
0.37703124999999998 1.8594296158715633e-05
0.37710937499999997 1.8566474246420402e-05
0.37718750000000001 1.8538700874328925e-05
0.37726562499999999 1.8510975972997319e-05
0.37734374999999998 1.8483299473006884e-05
0.37742187500000002 1.8455671304964483e-05
0.3775 1.8428091399502936e-05
0.37757812499999999 1.8400559687281113e-05
0.37765625000000003 1.8373076098984405e-05
0.37773437500000001 1.8345640565325058e-05
0.3778125 1.8318253017042322e-05
0.37789062500000004 1.829091338490282e-05
0.37796875000000002 1.8263621599700973e-05
0.378046875 1.8236377592259058e-05
0.37812500000000004 1.8209181293427659e-05
0.37820312500000003 1.8182032634086009e-05
0.37828125000000001 1.8154931545142161e-05
0.37835937500000005 1.8127877957533308e-05
0.37843750000000004 1.8100871802226201e-05
0.37851562500000002 1.8073913010217212e-05
0.37859375000000006 1.8047001512532824e-05
0.37867187500000005 1.8020137240229872e-05
0.37875000000000003 1.7993320124395774e-05
0.37882812500000002 1.7966550096148849e-05
0.37890625 1.7939827086638641e-05
0.37898437500000004 1.7913151027046093e-05
0.37906250000000002 1.7886521848583996e-05
0.37914062500000001 1.7859939482497148e-05
0.37921875000000005 1.7833403860062634e-05
0.37929687500000003 1.7806914912590196e-05
0.37937500000000002 1.7780472571422436e-05
0.379453125 1.7754076767935077e-05
0.37953124999999999 1.7727727433537301e-05
0.37960937500000003 1.7701424499671988e-05
0.37968750000000001 1.7675167897816055e-05
0.379765625 1.7648957559480609e-05
0.37984375000000004 1.7622793416211266e-05
0.37992187500000002 1.759667539958854e-05
0.38 1.7570603441227887e-05
0.38007812499999999 1.7544577472780173e-05
0.38015624999999997 1.7518597425931853e-05
0.38023437500000001 1.7492663232405192e-05
0.3803125 1.7466774823958705e-05
0.38039062499999998 1.7440932132387172e-05
0.38046875000000002 1.741513508952208e-05
0.38054687500000001 1.7389383627231862e-05
0.38062499999999999 1.7363677677422096e-05
0.38070312499999998 1.7338017172035782e-05
0.38078124999999996 1.7312402043053661e-05
0.380859375 1.7286832222494338e-05
0.38093749999999998 1.7261307642414706e-05
0.38101562499999997 1.7235828234910092e-05
0.38109375000000001 1.7210393932114504e-05
0.38117187499999999 1.7185004666200961e-05
0.38124999999999998 1.7159660369381668e-05
0.38132812499999996 1.7134360973908278e-05
0.38140624999999995 1.7109106412072162e-05
0.38148437499999999 1.7083896616204661e-05
0.38156249999999997 1.7058731518677354e-05
0.38164062499999996 1.7033611051902187e-05
0.38171875 1.7008535148331848e-05
0.38179687499999998 1.6983503740460013e-05
0.38187499999999996 1.695851676082141e-05
0.381953125 1.6933574141992259e-05
0.38203124999999999 1.6908675816590459e-05
0.38210937499999997 1.6883821717275753e-05
0.38218750000000001 1.6859011776750028e-05
0.382265625 1.6834245927757588e-05
0.38234374999999998 1.6809524103085249e-05
0.38242187500000002 1.6784846235562697e-05
0.38250000000000001 1.6760212258062748e-05
0.38257812499999999 1.6735622103501425e-05
0.38265625000000003 1.6711075704838316e-05
0.38273437500000002 1.6686572995076821e-05
0.3828125 1.6662113907264213e-05
0.38289062500000004 1.6637698374492049e-05
0.38296875000000002 1.6613326329896348e-05
0.38304687500000001 1.6588997706657719e-05
0.38312500000000005 1.6564712438001696e-05
0.38320312500000003 1.6540470457198955e-05
0.38328125000000002 1.6516271697565449e-05
0.38335937500000006 1.6492116092462653e-05
0.38343750000000004 1.646800357529791e-05
0.38351562500000003 1.6443934079524467e-05
0.38359375000000007 1.6419907538641774e-05
0.38367187500000005 1.6395923886195783e-05
0.38375000000000004 1.6371983055778985e-05
0.38382812500000002 1.6348084981030744e-05
0.38390625 1.6324229595637497e-05
0.38398437500000004 1.6300416833332929e-05
0.38406250000000003 1.6276646627898245e-05
0.38414062500000001 1.6252918913162304e-05
0.38421875000000005 1.6229233623001868e-05
0.38429687500000004 1.6205590691341799e-05
0.38437500000000002 1.6181990052155289e-05
0.38445312500000001 1.6158431639463999e-05
0.38453124999999999 1.6134915387338373e-05
0.38460937500000003 1.6111441229897697e-05
0.38468750000000002 1.608800910131047e-05
0.384765625 1.6064618935794426e-05
0.38484375000000004 1.6041270667616844e-05
0.38492187500000002 1.6017964231094772e-05
0.38500000000000001 1.5994699560595114e-05
0.38507812499999999 1.5971476590534907e-05
0.38515624999999998 1.5948295255381512e-05
0.38523437500000002 1.592515548965273e-05
0.3853125 1.5902057227917136e-05
0.38539062499999999 1.5879000404794143e-05
0.38546875000000003 1.585598495495424e-05
0.38554687500000001 1.5833010813119198e-05
0.385625 1.5810077914062252e-05
0.38570312499999998 1.5787186192608237e-05
0.38578124999999996 1.5764335583633829e-05
0.385859375 1.5741526022067725e-05
0.38593749999999999 1.571875744289085e-05
0.38601562499999997 1.5696029781136457e-05
0.38609375000000001 1.567334297189038e-05
0.386171875 1.5650696950291225e-05
0.38624999999999998 1.5628091651530461e-05
0.38632812499999997 1.5605527010852717e-05
0.38640624999999995 1.5583002963555887e-05
0.38648437499999999 1.5560519444991283e-05
0.38656249999999998 1.5538076390563921e-05
0.38664062499999996 1.5515673735732575e-05
0.38671875 1.5493311416009986e-05
0.38679687499999998 1.5470989366963111e-05
0.38687499999999997 1.5448707524213196e-05
0.38695312500000001 1.5426465823435961e-05
0.38703124999999999 1.5404264200361851e-05
0.38710937499999998 1.5382102590776121e-05
0.38718750000000002 1.5359980930518975e-05
0.387265625 1.5337899155485876e-05
0.38734374999999999 1.531585720162758e-05
0.38742187500000003 1.5293855004950301e-05
0.38750000000000001 1.5271892501516018e-05
0.387578125 1.5249969627442464e-05
0.38765625000000004 1.5228086318903331e-05
0.38773437500000002 1.5206242512128551e-05
0.3878125 1.5184438143404305e-05
0.38789062500000004 1.51626731490732e-05
0.38796875000000003 1.5140947465534576e-05
0.38804687500000001 1.5119261029244495e-05
0.38812500000000005 1.5097613776715885e-05
0.38820312500000004 1.5076005644518891e-05
0.38828125000000002 1.5054436569280818e-05
0.38835937500000006 1.5032906487686381e-05
0.38843750000000005 1.5011415336477883e-05
0.38851562500000003 1.4989963052455276e-05
0.38859375000000007 1.4968549572476372e-05
0.38867187500000006 1.4947174833456981e-05
0.38875000000000004 1.4925838772371087e-05
0.38882812500000002 1.4904541326250903e-05
0.38890625000000001 1.4883282432187124e-05
0.38898437500000005 1.4862062027329017e-05
0.38906250000000003 1.4840880048884583e-05
0.38914062500000002 1.4819736434120653e-05
0.38921875000000006 1.4798631120363095e-05
0.38929687500000004 1.4777564044996923e-05
0.38937500000000003 1.4756535145466444e-05
0.38945312500000001 1.4735544359275386e-05
0.38953125 1.4714591623987048e-05
0.38960937500000004 1.4693676877224385e-05
0.38968750000000002 1.4672800056670293e-05
0.389765625 1.4651961100067544e-05
0.38984375000000004 1.4631159945219054e-05
0.38992187500000003 1.4610396529987992e-05
0.39000000000000001 1.4589670792297902e-05
0.390078125 1.4568982670132784e-05
0.39015624999999998 1.4548332101537326e-05
0.39023437500000002 1.4527719024616934e-05
0.39031250000000001 1.4507143377537953e-05
0.39039062499999999 1.4486605098527731e-05
0.39046875000000003 1.4466104125874733e-05
0.39054687500000002 1.4445640397928718e-05
0.390625 1.4425213853100857e-05
0.39070312499999998 1.4404824429863809e-05
0.39078124999999997 1.4384472066751883e-05
0.39085937500000001 1.4364156702361162e-05
0.39093749999999999 1.4343878275349628e-05
0.39101562499999998 1.4323636724437215e-05
0.39109375000000002 1.4303431988406032e-05
0.391171875 1.4283264006100413e-05
0.39124999999999999 1.4263132716427057e-05
0.39132812499999997 1.4243038058355135e-05
0.39140624999999996 1.4222979970916398e-05
0.391484375 1.4202958393205289e-05
0.39156249999999998 1.4182973264379126e-05
0.39164062499999996 1.4163024523658111e-05
0.39171875 1.4143112110325497e-05
0.39179687499999999 1.4123235963727722e-05
0.39187499999999997 1.410339602327446e-05
0.39195312500000001 1.4083592228438721e-05
0.39203125 1.406382451875709e-05
0.39210937499999998 1.404409283382967e-05
0.39218750000000002 1.4024397113320265e-05
0.39226562500000001 1.4004737296956535e-05
0.39234374999999999 1.3985113324529984e-05
0.39242187500000003 1.3965525135896132e-05
0.39250000000000002 1.3945972670974661e-05
0.392578125 1.3926455869749414e-05
0.39265625000000004 1.3906974672268564e-05
0.39273437500000002 1.3887529018644747e-05
0.39281250000000001 1.3868118849055028e-05
0.39289062500000005 1.3848744103741169e-05
0.39296875000000003 1.382940472300959e-05
0.39304687500000002 1.3810100647231539e-05
0.39312500000000006 1.3790831816843167e-05
0.39320312500000004 1.3771598172345645e-05
0.39328125000000003 1.3752399654305214e-05
0.39335937500000007 1.3733236203353291e-05
0.39343750000000005 1.3714107760186641e-05
0.39351562500000004 1.3695014265567294e-05
0.39359375000000008 1.3675955660322824e-05
0.39367187500000006 1.3656931885346363e-05
0.39375000000000004 1.3637942881596632e-05
0.39382812500000003 1.3618988590098124e-05
0.39390625000000001 1.3600068951941128e-05
0.39398437500000005 1.3581183908281833e-05
0.39406250000000004 1.3562333400342461e-05
0.39414062500000002 1.3543517369411277e-05
0.39421875000000006 1.3524735756842699e-05
0.39429687500000005 1.3505988504057418e-05
0.39437500000000003 1.3487275552542457e-05
0.39445312500000002 1.3468596843851181e-05
0.39453125 1.3449952319603514e-05
0.39460937500000004 1.3431341921485924e-05
0.39468750000000002 1.3412765591251537e-05
0.39476562500000001 1.3394223270720216e-05
0.39484375000000005 1.3375714901778562e-05
0.39492187500000003 1.3357240426380152e-05
0.39500000000000002 1.3338799786545475e-05
0.395078125 1.3320392924362066e-05
0.39515624999999999 1.330201978198454e-05
0.39523437500000003 1.3283680301634722e-05
0.39531250000000001 1.3265374425601705e-05
0.395390625 1.3247102096241862e-05
0.39546875000000004 1.3228863255978984e-05
0.39554687500000002 1.3210657847304394e-05
0.395625 1.319248581277686e-05
0.39570312499999999 1.3174347095022821e-05
0.39578124999999997 1.3156241636736339e-05
0.39585937500000001 1.3138169380679262e-05
0.3959375 1.3120130269681262e-05
0.39601562499999998 1.310212424663984e-05
0.39609375000000002 1.3084151254520458e-05
0.39617187500000001 1.3066211236356628e-05
0.39624999999999999 1.3048304135249867e-05
0.39632812499999998 1.3030429894369854e-05
0.39640624999999996 1.301258845695446e-05
0.396484375 1.2994779766309795e-05
0.39656249999999998 1.2977003765810336e-05
0.39664062499999997 1.2959260398898915e-05
0.39671875000000001 1.2941549609086763e-05
0.39679687499999999 1.2923871339953637e-05
0.39687499999999998 1.2906225535147868e-05
0.39695312500000002 1.288861213838633e-05
0.39703125 1.287103109345465e-05
0.39710937499999999 1.2853482344207114e-05
0.39718750000000003 1.2835965834566794e-05
0.39726562500000001 1.2818481508525602e-05
0.39734375 1.2801029310144338e-05
0.39742187500000004 1.2783609183552709e-05
0.39750000000000002 1.2766221072949446e-05
0.397578125 1.2748864922602307e-05
0.39765625000000004 1.2731540676848103e-05
0.39773437500000003 1.2714248280092868e-05
0.39781250000000001 1.2696987676811726e-05
0.39789062500000005 1.2679758811549069e-05
0.39796875000000004 1.2662561628918621e-05
0.39804687500000002 1.2645396073603385e-05
0.39812500000000006 1.2628262090355739e-05
0.39820312500000005 1.2611159623997526e-05
0.39828125000000003 1.2594088619420008e-05
0.39835937500000007 1.257704902158396e-05
0.39843750000000006 1.2560040775519754e-05
0.39851562500000004 1.2543063826327319e-05
0.39859375000000008 1.2526118119176219e-05
0.39867187500000006 1.2509203599305753e-05
0.39875000000000005 1.2492320212024865e-05
0.39882812500000003 1.2475467902712286e-05
0.39890625000000002 1.2458646616816577e-05
0.39898437500000006 1.2441856299856092e-05
0.39906250000000004 1.24250968974191e-05
0.39914062500000003 1.2408368355163756e-05
0.39921875000000007 1.2391670618818163e-05
0.39929687500000005 1.2375003634180426e-05
0.39937500000000004 1.2358367347118654e-05
0.39945312500000002 1.2341761703571037e-05
0.39953125 1.2325186649545815e-05
0.39960937500000004 1.2308642131121362e-05
0.39968750000000003 1.2292128094446263e-05
0.39976562500000001 1.227564448573918e-05
0.39984375000000005 1.2259191251289073e-05
0.39992187500000004 1.2242768337455146e-05
0.40000000000000002 1.2226375690666847e-05
0.40007812500000001 1.2210013257423964e-05
0.40015624999999999 1.2193680984296588e-05
0.40023437500000003 1.2177378817925185e-05
0.40031250000000002 1.2161106705020638e-05
0.400390625 1.2144864592364226e-05
0.40046875000000004 1.2128652426807649e-05
0.40054687500000002 1.2112470155273131e-05
0.40062500000000001 1.2096317724753371e-05
0.40070312499999999 1.2080195082311534e-05
0.40078124999999998 1.2064102175081398e-05
0.40085937500000002 1.2048038950267257e-05
0.4009375 1.2032005355144035e-05
0.40101562499999999 1.2016001337057243e-05
0.40109375000000003 1.2000026843423008e-05
0.40117187500000001 1.1984081821728123e-05
0.40125 1.1968166219530059e-05
0.40132812499999998 1.1952279984456979e-05
0.40140624999999996 1.1936423064207728e-05
0.401484375 1.1920595406551888e-05
0.40156249999999999 1.190479695932983e-05
0.40164062499999997 1.1889027670452614e-05
0.40171875000000001 1.1873287487902107e-05
0.401796875 1.1857576359731012e-05
0.40187499999999998 1.1841894234062767e-05
0.40195312500000002 1.1826241059091677e-05
0.40203125000000001 1.1810616783082904e-05
0.40210937499999999 1.1795021354372399e-05
0.40218750000000003 1.1779454721367002e-05
0.40226562500000002 1.176391683254447e-05
0.40234375 1.1748407636453389e-05
0.40242187500000004 1.1732927081713254e-05
0.40250000000000002 1.1717475117014531e-05
0.40257812500000001 1.17020516911185e-05
0.40265625000000005 1.1686656752857435e-05
0.40273437500000003 1.1671290251134549e-05
0.40281250000000002 1.1655952134923973e-05
0.40289062500000006 1.1640642353270791e-05
0.40296875000000004 1.1625360855291086e-05
0.40304687500000003 1.1610107590171863e-05
0.40312500000000007 1.159488250717109e-05
0.40320312500000005 1.1579685555617765e-05
0.40328125000000004 1.1564516684911833e-05
0.40335937500000008 1.1549375844524213e-05
0.40343750000000006 1.153426298399687e-05
0.40351562500000004 1.1519178052942703e-05
0.40359375000000008 1.1504121001045608e-05
0.40367187500000007 1.1489091778060547e-05
0.40375000000000005 1.1474090333813401e-05
0.40382812500000004 1.14591166182011e-05
0.40390625000000002 1.1444170581191566e-05
0.40398437500000006 1.1429252172823716e-05
0.40406250000000005 1.1414361343207471e-05
0.40414062500000003 1.1399498042523764e-05
0.40421875000000007 1.1384662221024495e-05
0.40429687500000006 1.1369853829032602e-05
0.40437500000000004 1.1355072816941998e-05
0.40445312500000002 1.1340319135217594e-05
0.40453125000000001 1.1325592734395255e-05
0.40460937500000005 1.1310893565081866e-05
0.40468750000000003 1.1296221577955289e-05
0.40476562500000002 1.1281576723764352e-05
0.40484375000000006 1.1266958953328846e-05
0.40492187500000004 1.1252368217539543e-05
0.40500000000000003 1.1237804467358134e-05
0.40507812500000001 1.1223267653817296e-05
0.40515625 1.1208757728020619e-05
0.40523437500000004 1.1194274641142637e-05
0.40531250000000002 1.117981834442884e-05
0.405390625 1.1165388789195575e-05
0.40546875000000004 1.115098592683012e-05
0.40554687500000003 1.1136609708790656e-05
0.40562500000000001 1.1122260086606241e-05
0.405703125 1.1107937011876819e-05
0.40578124999999998 1.1093640436273169e-05
0.40585937500000002 1.1079370311536943e-05
0.40593750000000001 1.1065126589480631e-05
0.40601562499999999 1.1050909221987528e-05
0.40609375000000003 1.1036718161011752e-05
0.40617187500000002 1.1022553358578245e-05
0.40625 1.1008414766782687e-05
0.40632812499999998 1.0994302337791562e-05
0.40640624999999997 1.0980216023842083e-05
0.40648437500000001 1.0966155777242193e-05
0.40656249999999999 1.0952121550370602e-05
0.40664062499999998 1.0938113295676695e-05
0.40671875000000002 1.0924130965680528e-05
0.406796875 1.0910174512972875e-05
0.40687499999999999 1.0896243890215112e-05
0.40695312499999997 1.0882339050139266e-05
0.40703124999999996 1.0868459945548001e-05
0.407109375 1.0854606529314544e-05
0.40718749999999998 1.0840778754382714e-05
0.40726562499999996 1.0826976573766917e-05
0.40734375 1.0813199940552021e-05
0.40742187499999999 1.0799448807893477e-05
0.40749999999999997 1.0785723129017189e-05
0.40757812499999996 1.0772022857219557e-05
0.40765624999999994 1.075834794586741e-05
0.40773437499999998 1.0744698348397999e-05
0.40781249999999997 1.0731074018319029e-05
0.40789062499999995 1.0717474909208502e-05
0.40796874999999999 1.0703900974714827e-05
0.40804687499999998 1.069035216855676e-05
0.40812499999999996 1.0676828444523318e-05
0.40820312499999994 1.0663329756473834e-05
0.40828124999999993 1.0649856058337862e-05
0.40835937499999997 1.0636407304115202e-05
0.40843749999999995 1.0622983447875871e-05
0.40851562499999994 1.0609584443760057e-05
0.40859374999999998 1.0596210245978064e-05
0.40867187499999996 1.0582860808810362e-05
0.40874999999999995 1.0569536086607499e-05
0.40882812499999993 1.0556236033790053e-05
0.40890624999999992 1.0542960604848685e-05
0.40898437499999996 1.0529709754344036e-05
0.40906249999999994 1.0516483436906733e-05
0.40914062499999992 1.0503281607237349e-05
0.40921874999999996 1.049010422010636e-05
0.40929687499999995 1.0476951230354153e-05
0.40937499999999993 1.0463822592890937e-05
0.40945312499999997 1.0450718262696775e-05
0.40953124999999996 1.0437638194821495e-05
0.40960937499999994 1.0424582344384702e-05
0.40968749999999998 1.0411550666575721e-05
0.40976562499999997 1.0398543116653553e-05
0.40984374999999995 1.0385559649946875e-05
0.40992187499999999 1.0372600221853993e-05
0.40999999999999998 1.0359664787842798e-05
0.41007812499999996 1.0346753303450734e-05
0.41015625 1.0333865724284758e-05
0.41023437499999998 1.0321002006021356e-05
0.41031249999999997 1.0308162104406399e-05
0.41039062500000001 1.0295345975255224e-05
0.41046874999999999 1.0282553574452531e-05
0.41054687499999998 1.0269784857952353e-05
0.41062500000000002 1.0257039781778037e-05
0.410703125 1.0244318302022212e-05
0.41078124999999999 1.0231620374846701e-05
0.41085937500000003 1.0218945956482543e-05
0.41093750000000001 1.0206295003229925e-05
0.411015625 1.0193667471458157e-05
0.41109375000000004 1.0181063317605607e-05
0.41117187500000002 1.0168482498179702e-05
0.41125 1.015592496975684e-05
0.41132812499999999 1.0143390688982387e-05
0.41140624999999997 1.013087961257063e-05
0.41148437500000001 1.0118391697304712e-05
0.4115625 1.0105926900036644e-05
0.41164062499999998 1.0093485177687212e-05
0.41171875000000002 1.0081066487245914e-05
0.41179687500000001 1.0068670785771032e-05
0.41187499999999999 1.0056298030389448e-05
0.41195312499999998 1.0043948178296712e-05
0.41203124999999996 1.0031621186756933e-05
0.412109375 1.0019317013102752e-05
0.41218749999999998 1.0007035614735318e-05
0.41226562499999997 9.9947769491242332e-06
0.41234375000000001 9.9825409738074714e-06
0.41242187499999999 9.9703276463914289e-06
0.41249999999999998 9.9581369245507655e-06
0.41257812499999996 9.9459687660284151e-06
0.41265624999999995 9.9338231286355607e-06
0.41273437499999999 9.9216999702515594e-06
0.41281249999999997 9.909599248823885e-06
0.41289062499999996 9.8975209223681197e-06
0.41296875 9.8854649489678537e-06
0.41304687499999998 9.8734312867747332e-06
0.41312499999999996 9.8614198940082837e-06
0.41320312499999995 9.8494307289559594e-06
0.41328124999999993 9.837463749973057e-06
0.41335937499999997 9.8255189154826947e-06
0.41343749999999996 9.8135961839757131e-06
0.41351562499999994 9.8016955140106965e-06
0.41359374999999998 9.7898168642138513e-06
0.41367187499999997 9.7779601932790179e-06
0.41374999999999995 9.7661254599675705e-06
0.41382812499999994 9.7543126231084156e-06
0.41390624999999992 9.7425216415978989e-06
0.41398437499999996 9.7307524743997642e-06
0.41406249999999994 9.719005080545171e-06
0.41414062499999993 9.7072794191324973e-06
0.41421874999999997 9.6955754493274419e-06
0.41429687499999995 9.6838931303628918e-06
0.41437499999999994 9.6722324215388748e-06
0.41445312499999998 9.6605932822225142e-06
0.41453124999999996 9.6489756718480212e-06
0.41460937499999995 9.637379549916535e-06
0.41468749999999999 9.6258048759961898e-06
0.41476562499999997 9.614251609722003e-06
0.41484374999999996 9.6027197107958147e-06
0.414921875 9.5912091389862298e-06
0.41499999999999998 9.5797198541286484e-06
0.41507812499999996 9.5682518161250713e-06
0.41515625 9.5568049849441537e-06
0.41523437499999999 9.5453793206211382e-06
0.41531249999999997 9.5339747832577202e-06
0.41539062500000001 9.5225913330221142e-06
0.41546875 9.5112289301489035e-06
0.41554687499999998 9.4998875349390158e-06
0.41562500000000002 9.4885671077596711e-06
0.41570312500000001 9.4772676090443494e-06
0.41578124999999999 9.4659889992926754e-06
0.41585937500000003 9.4547312390704035e-06
0.41593750000000002 9.4434942890093752e-06
0.416015625 9.4322781098074176e-06
0.41609375000000004 9.4210826622283011e-06
0.41617187500000002 9.4099079071017357e-06
0.41625000000000001 9.3987538053232106e-06
0.41632812499999999 9.3876203178540358e-06
0.41640624999999998 9.3765074057212261e-06
0.41648437500000002 9.3654150300174394e-06
0.4165625 9.3543431519009702e-06
0.41664062499999999 9.3432917325956633e-06
0.41671875000000003 9.3322607333908119e-06
0.41679687500000001 9.3212501156411646e-06
0.416875 9.3102598407668304e-06
0.41695312499999998 9.2992898702532484e-06
0.41703124999999996 9.2883401656510503e-06
0.417109375 9.2774106885761164e-06
0.41718749999999999 9.2665014007094419e-06
0.41726562499999997 9.2556122637970623e-06
0.41734375000000001 9.2447432396500652e-06
0.417421875 9.233894290144448e-06
0.41749999999999998 9.2230653772211145e-06
0.41757812499999997 9.2122564628858039e-06
0.41765624999999995 9.2014675092089822e-06
0.41773437499999999 9.1906984783258406e-06
0.41781249999999998 9.1799493324362395e-06
0.41789062499999996 9.1692200338045851e-06
0.41796875 9.1585105447597782e-06
0.41804687499999998 9.147820827695238e-06
0.41812499999999997 9.1371508450687383e-06
0.41820312499999995 9.1265005594023642e-06
0.41828124999999994 9.1158699332825214e-06
0.41835937499999998 9.1052589293597648e-06
0.41843749999999996 9.0946675103488256e-06
0.41851562499999995 9.0840956390285026e-06
0.41859374999999999 9.07354327824159e-06
0.41867187499999997 9.0630103908948667e-06
0.41874999999999996 9.0524969399589795e-06
0.41882812499999994 9.0420028884683926e-06
0.41890624999999992 9.0315281995213329e-06
0.41898437499999996 9.0210728362797208e-06
0.41906249999999995 9.0106367619691112e-06
0.41914062499999993 9.0002199398786081e-06
0.41921874999999997 8.989822333360833e-06
0.41929687499999996 8.9794439058318451e-06
0.41937499999999994 8.9690846207710261e-06
0.41945312499999998 8.9587444417211173e-06
0.41953124999999997 8.9484233322880811e-06
0.41960937499999995 8.9381212561410293e-06
0.41968749999999999 8.9278381770122e-06
0.41976562499999998 8.9175740586968808e-06
0.41984374999999996 8.9073288650533091e-06
0.419921875 8.8971025600026384e-06
0.41999999999999998 8.8868951075288617e-06
0.42007812499999997 8.8767064716787626e-06
0.42015625000000001 8.8665366165618001e-06
0.42023437499999999 8.8563855063501102e-06
0.42031249999999998 8.8462531052783672e-06
0.42039062500000002 8.8361393776437747e-06
0.42046875 8.8260442878059613e-06
0.42054687499999999 8.815967800186936e-06
0.42062500000000003 8.8059098792710037e-06
0.42070312500000001 8.795870489604701e-06
0.42078125 8.7858495957967635e-06
0.42085937500000004 8.7758471625179603e-06
0.42093750000000002 8.7658631545011447e-06
0.421015625 8.7558975365411268e-06
0.42109375000000004 8.7459502734945827e-06
0.42117187500000003 8.7360213302800485e-06
0.42125000000000001 8.7261106718777909e-06
0.421328125 8.7162182633297757e-06
0.42140624999999998 8.706344069739567e-06
0.42148437500000002 8.6964880562723011e-06
0.42156250000000001 8.6866501881545856e-06
0.42164062499999999 8.6768304306744357e-06
0.42171875000000003 8.6670287491811924e-06
0.42179687500000002 8.6572451090855096e-06
0.421875 8.6474794758591972e-06
0.42195312499999998 8.6377318150352004e-06
0.42203124999999997 8.628002092207566e-06
0.42210937500000001 8.618290273031263e-06
0.42218749999999999 8.6085963232222483e-06
0.42226562499999998 8.5989202085572922e-06
0.42234375000000002 8.5892618948739331e-06
0.422421875 8.5796213480704451e-06
0.42249999999999999 8.5699985341057344e-06
0.42257812499999997 8.5603934189992463e-06
0.42265624999999996 8.5508059688309605e-06
0.422734375 8.5412361497412447e-06
0.42281249999999998 8.5316839279308348e-06
0.42289062499999996 8.5221492696607535e-06
0.42296875 8.5126321412522338e-06
0.42304687499999999 8.5031325090866312e-06
0.42312499999999997 8.4936503396053965e-06
0.42320312499999996 8.4841855993099403e-06
0.42328124999999994 8.4747382547616025e-06
0.42335937499999998 8.4653082725815843e-06
0.42343749999999997 8.4558956194508842e-06
0.42351562499999995 8.4465002621101743e-06
0.42359374999999999 8.4371221673597761e-06
0.42367187499999998 8.4277613020595647e-06
0.42374999999999996 8.4184176331289138e-06
0.42382812499999994 8.4090911275466168e-06
0.42390624999999993 8.3997817523507863e-06
0.42398437499999997 8.3904894746388239e-06
0.42406249999999995 8.3812142615673472e-06
0.42414062499999994 8.3719560803520781e-06
0.42421874999999998 8.3627148982677819e-06
0.42429687499999996 8.3534906826482246e-06
0.42437499999999995 8.3442834008860564e-06
0.42453124999999997 8.325919508798654e-06
0.4246875 8.3076229623222121e-06
0.42484374999999996 8.2893935027111419e-06
0.42499999999999999 8.271230872155311e-06
0.42515625000000001 8.2531348137776565e-06
0.42531249999999998 8.2351050716318049e-06
0.42546875000000001 8.2171413906997323e-06
0.42562500000000003 8.1992435168893796e-06
0.42578125 8.1814111970322431e-06
0.42593750000000002 8.1636441788810083e-06
0.42609375000000005 8.1459422111071744e-06
0.42625000000000002 8.1283050432986422e-06
0.42640624999999999 8.1107324259573e-06
0.42656250000000001 8.0932241104966403e-06
0.42671875000000004 8.0757798492393722e-06
0.426875 8.0583993954149676e-06
0.42703124999999997 8.0410825031572853e-06
0.4271875 8.0238289275021251e-06
0.42734375000000002 8.0066384243848327e-06
0.42749999999999999 7.989510750637863e-06
0.42765624999999996 7.9724456639883429e-06
0.42781249999999998 7.9554429230556738e-06
0.42796875000000001 7.9385022873490587e-06
0.42812499999999998 7.9216235172651096e-06
0.42828124999999995 7.904806374085373e-06
0.42843749999999997 7.8880506199738935e-06
0.42859375 7.8713560179748186e-06
0.42874999999999996 7.8547223320098811e-06
0.42890624999999993 7.8381493268760108e-06
0.42906249999999996 7.8216367682428454e-06
0.42921874999999998 7.8051844226503136e-06
0.42937499999999995 7.788792057506165e-06
0.42953124999999998 7.7724594410835084e-06
0.4296875 7.7561863425183572e-06
0.42984374999999997 7.7399725318072072e-06
0.42999999999999999 7.7238177798045219e-06
0.43015625000000002 7.7077218582202923e-06
0.43031249999999999 7.6916845396176119e-06
0.43046875000000001 7.675705597410168e-06
0.43062500000000004 7.6597848058597738e-06
0.43078125 7.6439219400739656e-06
0.43093750000000003 7.6281167760034565e-06
0.43109375000000005 7.6123690904397258e-06
0.43125000000000002 7.5966786610125404e-06
0.43140624999999999 7.5810452661874776e-06
0.43156250000000002 7.5654686852634328e-06
0.43171875000000004 7.5499486983702243e-06
0.43187500000000001 7.534485086466073e-06
0.43203124999999998 7.5190776313351129e-06
0.4321875 7.5037261155849497e-06
0.43234375000000003 7.4884303226442353e-06
0.4325 7.4731900367601339e-06
0.43265624999999996 7.4580050429958582e-06
0.43281249999999999 7.4428751272282394e-06
0.43296875000000001 7.4278000761452282e-06
0.43312499999999998 7.4127796772434553e-06
0.43328124999999995 7.3978137188257281e-06
0.43343749999999998 7.3829019899985887e-06
0.43359375 7.3680442806698321e-06
0.43374999999999997 7.3532403815461016e-06
0.43390624999999994 7.3384900841303077e-06
0.43406249999999996 7.3237931807192643e-06
0.43421874999999999 7.3091494644011937e-06
0.43437499999999996 7.2945587290532971e-06
0.43453124999999998 7.280020769339191e-06
0.4346875 7.265535380706573e-06
0.43484374999999997 7.251102359384722e-06
0.435 7.2367215023819957e-06
0.43515625000000002 7.2223926074834284e-06
0.43531249999999999 7.2081154732482893e-06
0.43546875000000002 7.1938898990075544e-06
0.43562500000000004 7.1797156848615305e-06
0.43578125000000001 7.1655926316774109e-06
0.43593750000000003 7.1515205410867488e-06
0.43609375000000006 7.1374992154830901e-06
0.43625000000000003 7.1235284580195302e-06
0.43640625 7.109608072606203e-06
0.43656250000000002 7.0957378639079138e-06
0.43671875000000004 7.0819176373416764e-06
0.43687500000000001 7.0681471990742771e-06
0.43703124999999998 7.0544263560198333e-06
0.43718750000000001 7.0407549158374052e-06
0.43734375000000003 7.027132686928505e-06
0.4375 7.013559478434731e-06
0.43765624999999997 7.000035100235319e-06
0.43781249999999999 6.9865593629446975e-06
0.43796875000000002 6.9731320779101331e-06
0.43812499999999999 6.9597530572092579e-06
0.43828124999999996 6.9464221136476915e-06
0.43843749999999998 6.9331390607565846e-06
0.43859375 6.9199037127903151e-06
0.43874999999999997 6.9067158847239573e-06
0.43890624999999994 6.8935753922509674e-06
0.43906249999999997 6.8804820517807711e-06
0.43921874999999999 6.8674356804363375e-06
0.43937499999999996 6.8544360960518109e-06
0.43953124999999998 6.8414831171701453e-06
0.43968750000000001 6.8285765630406618e-06
0.43984374999999998 6.8157162536167427e-06
0.44 6.8029020095533714e-06
0.44015625000000003 6.7901336522048271e-06
0.4403125 6.7774110036222583e-06
0.44046875000000002 6.7647338865513618e-06
0.44062500000000004 6.7521021244300028e-06
0.44078125000000001 6.7395155413858141e-06
0.44093750000000004 6.726973962233917e-06
0.44109375000000006 6.7144772124744814e-06
0.44125000000000003 6.7020251182904427e-06
0.44140625 6.689617506545125e-06
0.44156250000000002 6.6772542047799089e-06
0.44171875000000005 6.6649350412118733e-06
0.44187500000000002 6.6526598447315005e-06
0.44203124999999999 6.6404284449002989e-06
0.44218750000000001 6.6282406719484814e-06
0.44234375000000004 6.6160963567727083e-06
0.4425 6.603995330933684e-06
0.44265624999999997 6.5919374266538658e-06
0.4428125 6.5799224768151863e-06
0.44296875000000002 6.5679503149567259e-06
0.44312499999999999 6.5560207752723796e-06
0.44328124999999996 6.5441336926086122e-06
0.44343749999999998 6.5322889024621309e-06
0.44359375000000001 6.5204862409776028e-06
0.44374999999999998 6.5087255449453603e-06
0.44390624999999995 6.4970066517991623e-06
0.44406249999999997 6.4853293996138304e-06
0.44421875 6.4736936271030697e-06
0.44437499999999996 6.4620991736171615e-06
0.44453124999999999 6.4505458791406858e-06
0.44468750000000001 6.4390335842902676e-06
0.44484374999999998 6.4275621303123626e-06
0.44500000000000001 6.4161313590809418e-06
0.44515625000000003 6.4047411130952889e-06
0.4453125 6.3933912354777801e-06
0.44546875000000002 6.3820815699715678e-06
0.44562500000000005 6.3708119609384323e-06
0.44578125000000002 6.3595822533565271e-06
0.44593750000000004 6.3483922928181335e-06
0.44609375000000007 6.3372419255274656e-06
0.44625000000000004 6.3261309982984727e-06
0.44640625 6.3150593585525891e-06
0.44656250000000003 6.3040268543165738e-06
0.44671875000000005 6.2930333342202994e-06
0.44687500000000002 6.2820786474945204e-06
0.44703124999999999 6.2711626439687638e-06
0.44718750000000002 6.2602851740690813e-06
0.44734375000000004 6.2494460888158733e-06
0.44750000000000001 6.238645239821778e-06
0.44765624999999998 6.2278824792894318e-06
0.4478125 6.2171576600093145e-06
0.44796875000000003 6.2064706353576521e-06
0.448125 6.1958212592942052e-06
0.44828124999999996 6.1852093863601292e-06
0.44843749999999999 6.1746348716758418e-06
0.44859375000000001 6.1640975709389016e-06
0.44874999999999998 6.1535973404218359e-06
0.44890624999999995 6.1431340369700466e-06
0.44906249999999998 6.1327075179996867e-06
0.44921875 6.1223176414955106e-06
0.44937499999999997 6.1119642660088031e-06
0.44953124999999999 6.1016472506552599e-06
0.44968750000000002 6.0913664551128602e-06
0.44984374999999999 6.0811217396198048e-06
0.45000000000000001 6.0709129649724283e-06
0.45015625000000004 6.0607399925230594e-06
0.4503125 6.0506026841780261e-06
0.45046875000000003 6.0405009023955018e-06
0.45062500000000005 6.0304345101834842e-06
0.45078125000000002 6.0204033710977125e-06
0.45093750000000005 6.0104073492396116e-06
0.45109375000000007 6.0004463092542322e-06
0.45125000000000004 5.9905201163282297e-06
0.45140625000000001 5.9806286361878051e-06
0.45156250000000003 5.9707717350966195e-06
0.45171875000000006 5.9609492798538707e-06
0.45187500000000003 5.9511611377921696e-06
0.45203125 5.9414071767755529e-06
0.45218750000000002 5.9316872651974901e-06
0.45234375000000004 5.9220012719788341e-06
0.45250000000000001 5.9123490665658689e-06
0.45265624999999998 5.9027305189282306e-06
0.45281250000000001 5.8931454995569999e-06
0.45296875000000003 5.8835938794626615e-06
0.453125 5.8740755301731507e-06
0.45328124999999997 5.8645903237318647e-06
0.45343749999999999 5.8551381326956443e-06
0.45359375000000002 5.8457188301329246e-06
0.45374999999999999 5.8363322896216672e-06
0.45390624999999996 5.8269783852474447e-06
0.45406249999999998 5.8176569916014965e-06
0.45421875 5.8083679837787712e-06
0.45437499999999997 5.7991112373760251e-06
0.45453125 5.789886628489826e-06
0.45468750000000002 5.7806940337146945e-06
0.45484374999999999 5.7715333301411378e-06
0.45500000000000002 5.7624043953537532e-06
0.45515625000000004 5.7533071074293018e-06
0.45531250000000001 5.7442413449348559e-06
0.45546875000000003 5.7352069869258082e-06
0.45562500000000006 5.7262039129440751e-06
0.45578125000000003 5.7172320030161532e-06
0.45593750000000005 5.7082911376512468e-06
0.45609375000000008 5.6993811978393939e-06
0.45625000000000004 5.6905020650496321e-06
0.45640625000000001 5.6816536212280555e-06
0.45656250000000004 5.6728357487960227e-06
0.45671875000000006 5.6640483306483064e-06
0.45687500000000003 5.6552912501511853e-06
0.45703125 5.6465643911406443e-06
0.45718750000000002 5.6378676379205563e-06
0.45734375000000005 5.6292008752608117e-06
0.45750000000000002 5.6205639883955028e-06
0.45765624999999999 5.6119568630211315e-06
0.45781250000000001 5.6033793852947519e-06
0.45796875000000004 5.5948314418322016e-06
0.458125 5.5863129197062943e-06
0.45828124999999997 5.5778237064449722e-06
0.4584375 5.5693636900295909e-06
0.45859375000000002 5.5609327588931022e-06
0.45874999999999999 5.5525308019182515e-06
0.45890624999999996 5.54415770843581e-06
0.45906249999999998 5.5358133682228584e-06
0.45921875000000001 5.5274976715009519e-06
0.45937499999999998 5.5192105089344044e-06
0.45953125 5.5109517716285255e-06
0.45968750000000003 5.50272135112789e-06
0.45984375 5.4945191394145766e-06
0.46000000000000002 5.4863450289064368e-06
0.46015625000000004 5.4781989124553774e-06
0.46031250000000001 5.4700806833456172e-06
0.46046875000000004 5.4619902352920017e-06
0.46062500000000006 5.4539274624382695e-06
0.46078125000000003 5.4458922593553301e-06
0.46093750000000006 5.4378845210395972e-06
0.46109375000000008 5.4299041429112722e-06
0.46125000000000005 5.4219510208126626e-06
0.46140625000000002 5.4140250510064922e-06
0.46156250000000004 5.4061261301742206e-06
0.46171875000000007 5.3982541554143722e-06
0.46187500000000004 5.3904090242409078e-06
0.46203125 5.3825906345814835e-06
0.46218750000000003 5.3747988847758377e-06
0.46234375000000005 5.3670336735741868e-06
0.46250000000000002 5.3592949001354857e-06
0.46265624999999999 5.3515824640258655e-06
0.46281250000000002 5.343896265216954e-06
0.46296875000000004 5.3362362040842852e-06
0.46312500000000001 5.3286021814056495e-06
0.46328124999999998 5.3209940983594536e-06
0.4634375 5.3134118565231924e-06
0.46359375000000003 5.3058553578717359e-06
0.46375 5.298324504775826e-06
0.46390624999999996 5.2908192000004163e-06
0.46406249999999999 5.2833393467030891e-06
0.46421875000000001 5.2758848484325203e-06
0.46437499999999998 5.2684556091268388e-06
0.46453124999999995 5.2610515331120868e-06
0.46468749999999998 5.2536725251006533e-06
0.46484375 5.2463184901897066e-06
0.46499999999999997 5.2389893338596227e-06
0.46515624999999994 5.2316849619724508e-06
0.46531249999999996 5.2244052807703765e-06
0.46546874999999999 5.2171501968741583e-06
0.46562499999999996 5.2099196172816031e-06
0.46578124999999992 5.2027134493660446e-06
0.46593749999999995 5.1955316008747961e-06
0.46609374999999997 5.1883739799276755e-06
0.46624999999999994 5.1812404950154335e-06
0.46640624999999991 5.1741310549982931e-06
0.46656249999999994 5.1670455691044233e-06
0.46671874999999996 5.1599839469284546e-06
0.46687499999999993 5.1529460984299814e-06
0.46703124999999995 5.1459319339320647e-06
0.46718749999999998 5.1389413641197804e-06
0.46734374999999995 5.1319743000387074e-06
0.46749999999999997 5.1250306530934898e-06
0.46765625 5.1181103350463379e-06
0.46781249999999996 5.1112132580156209e-06
0.46796874999999999 5.1043393344743276e-06
0.46812500000000001 5.0974884772487265e-06
0.46828124999999998 5.0906605995168207e-06
0.46843750000000001 5.0838556148069673e-06
0.46859375000000003 5.0770734369964316e-06
0.46875 5.0703139803099648e-06
0.46890624999999997 5.0635771593183446e-06
0.46906249999999999 5.0568628889370097e-06
0.46921875000000002 5.0501710844246211e-06
0.46937499999999999 5.0435016613816469e-06
0.46953124999999996 5.0368545357489837e-06
0.46968749999999998 5.0302296238065263e-06
0.46984375 5.0236268421718065e-06
0.46999999999999997 5.0170461077986047e-06
0.47015624999999994 5.0104873379755463e-06
0.47031249999999997 5.0039504503247443e-06
0.47046874999999999 4.997435362800419e-06
0.47062499999999996 4.9909419936875452e-06
0.47078124999999993 4.9844702616004582e-06
0.47093749999999995 4.978020085481542e-06
0.47109374999999998 4.9715913845998603e-06
0.47124999999999995 4.9651840785497883e-06
0.47140624999999992 4.9587980872497064e-06
0.47156249999999994 4.9524333309406417e-06
0.47171874999999996 4.9460897301849553e-06
0.47187499999999993 4.9397672058649994e-06
0.47203124999999996 4.933465679181797e-06
0.47218749999999998 4.9271850716537389e-06
0.47234374999999995 4.9209253051152858e-06
0.47249999999999998 4.9146863017156241e-06
0.47265625 4.9084679839173851e-06
0.47281249999999997 4.9022702744953533e-06
0.47296874999999999 4.896093096535185e-06
0.47312500000000002 4.8899363734320843e-06
0.47328124999999999 4.8838000288895788e-06
0.47343750000000001 4.8776839869181863e-06
0.47359375000000004 4.8715881718341704e-06
0.47375 4.8655125082582988e-06
0.47390624999999997 4.8594569211145296e-06
0.4740625 4.8534213356287932e-06
0.47421875000000002 4.8474056773277176e-06
0.47437499999999999 4.8414098720374255e-06
0.47453124999999996 4.8354338458822239e-06
0.47468749999999998 4.8294775252834068e-06
0.47484375000000001 4.8235408369580476e-06
0.47499999999999998 4.817623707917706e-06
0.47515624999999995 4.8117260654672683e-06
0.47531249999999997 4.8058478372036907e-06
0.47546875 4.7999889510147935e-06
0.47562499999999996 4.7941493350780637e-06
0.47578124999999993 4.7883289178594447e-06
0.47593749999999996 4.7825276281121389e-06
0.47609374999999998 4.7767453948753845e-06
0.47624999999999995 4.7709821474733333e-06
0.47640624999999992 4.7652378155137994e-06
0.47656249999999994 4.7595123288870838e-06
0.47671874999999997 4.7538056177648619e-06
0.47687499999999994 4.7481176125989288e-06
0.47703124999999996 4.7424482441200853e-06
0.47718749999999999 4.7367974433369703e-06
0.47734374999999996 4.7311651415348829e-06
0.47749999999999998 4.7255512702746341e-06
0.47765625 4.7199557613914288e-06
0.47781249999999997 4.7143785469936722e-06
0.47796875 4.7088195594618685e-06
0.47812500000000002 4.703278731447482e-06
0.47828124999999999 4.697755995871784e-06
0.47843750000000002 4.6922512859247441e-06
0.47859375000000004 4.6867645350639192e-06
0.47875000000000001 4.6812956770133017e-06
0.47890624999999998 4.6758446457622418e-06
0.4790625 4.670411375564332e-06
0.47921875000000003 4.6649958009362876e-06
0.479375 4.6595978566568606e-06
0.47953124999999996 4.6542174777657458e-06
0.47968749999999999 4.648854599562478e-06
0.47984375000000001 4.6435091576053564e-06
0.47999999999999998 4.6381810877103799e-06
0.48015624999999995 4.6328703259501211e-06
0.48031249999999998 4.6275768086526941e-06
0.48046875 4.6223004724006955e-06
0.48062499999999997 4.6170412540300798e-06
0.48078124999999994 4.6117990906291739e-06
0.48093749999999996 4.6065739195375652e-06
0.48109374999999999 4.601365678345071e-06
0.48124999999999996 4.596174304890712e-06
0.48140624999999992 4.5909997372616222e-06
0.48156249999999995 4.585841913792042e-06
0.48171874999999997 4.5807007730622893e-06
0.48187499999999994 4.5755762538977076e-06
0.48203124999999997 4.5704682953676474e-06
0.48218749999999999 4.5653768367844438e-06
0.48234374999999996 4.5603018177024143e-06
0.48249999999999998 4.5552431779168135e-06
0.48265625000000001 4.5502008574628587e-06
0.48281249999999998 4.5451747966146865e-06
0.48296875 4.540164935884386e-06
0.48312500000000003 4.535171216020981e-06
0.48328125 4.5301935780094415e-06
0.48343750000000002 4.5252319630697035e-06
0.48359375000000004 4.5202863126556586e-06
0.48375000000000001 4.5153565684542096e-06
0.48390624999999998 4.5104426723842589e-06
0.48406250000000001 4.5055445665957551e-06
0.48421875000000003 4.500662193468717e-06
0.484375 4.495795495612274e-06
0.48453124999999997 4.4909444158636961e-06
0.48468749999999999 4.4861088972874369e-06
0.48484375000000002 4.4812888831741942e-06
0.48499999999999999 4.4764843170399529e-06
0.48515624999999996 4.4716951426250242e-06
0.48531249999999998 4.4669213038931287e-06
0.48546875 4.4621627450304391e-06
0.48562499999999997 4.457419410444665e-06
0.48578124999999994 4.4526912447640997e-06
0.48593749999999997 4.4479781928367238e-06
0.48609374999999999 4.443280199729243e-06
0.48624999999999996 4.4385972107262113e-06
0.48640624999999993 4.4339291713290978e-06
0.48656249999999995 4.4292760272553555e-06
0.48671874999999998 4.4246377244375586e-06
0.48687499999999995 4.4200142090224644e-06
0.48703124999999997 4.4154054273701182e-06
0.4871875 4.410811326052976e-06
0.48734374999999996 4.4062318518549856e-06
0.48749999999999999 4.4016669517707235e-06
0.48765625000000001 4.3971165730044957e-06
0.48781249999999998 4.392580662969461e-06
0.48796875000000001 4.3880591692867452e-06
0.48812500000000003 4.3835520397845897e-06
0.48828125 4.3790592224974529e-06
0.48843750000000002 4.3745806656651581e-06
0.48859375000000005 4.3701163177320377e-06
0.48875000000000002 4.3656661273460714e-06
0.48890624999999999 4.3612300433580092e-06
0.48906250000000001 4.3568080148205471e-06
0.48921875000000004 4.3523999909874619e-06
0.489375 4.3480059213127799e-06
0.48953124999999997 4.3436257554499191e-06
0.4896875 4.3392594432508654e-06
0.48984375000000002 4.3349069347653236e-06
0.48999999999999999 4.3305681802399228e-06
0.49015624999999996 4.3262431301173231e-06
0.49031249999999998 4.3219317350354582e-06
0.49046875000000001 4.317633945826681e-06
0.49062499999999998 4.3133497135169528e-06
0.49078124999999995 4.3090789893250276e-06
0.49093749999999997 4.304821724661655e-06
0.49109375 4.3005778711287514e-06
0.49124999999999996 4.2963473805186181e-06
0.49140624999999993 4.2921302048131303e-06
0.49156249999999996 4.287926296182936e-06
0.49171874999999998 4.2837356069866824e-06
0.49187499999999995 4.2795580897702092e-06
0.49203124999999998 4.2753936972657575e-06
0.4921875 4.2712423823912128e-06
0.49234374999999997 4.2671040982492933e-06
0.49249999999999999 4.2629787981267992e-06
0.49265625000000002 4.2588664354938188e-06
0.49281249999999999 4.2547669640029887e-06
0.49296875000000001 4.2506803374886787e-06
0.49312500000000004 4.2466065099662816e-06
0.49328125 4.2425454356314209e-06
0.49343750000000003 4.2384970688592049e-06
0.49359375000000005 4.2344613642034513e-06
0.49375000000000002 4.2304382763959884e-06
0.49390624999999999 4.2264277603458552e-06
0.49406250000000002 4.2224297711385705e-06
0.49421875000000004 4.2184442640354117e-06
0.49437500000000001 4.2144711944726676e-06
0.49453124999999998 4.2105105180608847e-06
0.4946875 4.206562190584163e-06
0.49484375000000003 4.2026261679994141e-06
0.495 4.1987024064356356e-06
0.49515624999999996 4.194790862193188e-06
0.49531249999999999 4.1908914917430932e-06
0.49546875000000001 4.1870042517262852e-06
0.49562499999999998 4.1831290989529283e-06
0.49578124999999995 4.1792659904016957e-06
0.49593749999999998 4.1754148832190526e-06
0.49609375 4.1715757347185697e-06
0.49624999999999997 4.1677485023802169e-06
0.49640624999999994 4.1639331438496525e-06
0.49656249999999996 4.1601296169375495e-06
0.49671874999999999 4.1563378796188831e-06
0.49687499999999996 4.1525578900322671e-06
0.49703124999999998 4.1487896064792341e-06
0.4971875 4.1450329874235872e-06
0.49734374999999997 4.1412879914906945e-06
0.4975 4.1375545774668268e-06
0.49765625000000002 4.1338327042984743e-06
0.49781249999999999 4.130122331091684e-06
0.49796875000000002 4.1264234171113735e-06
0.49812500000000004 4.1227359217806956e-06
0.49828125000000001 4.1190598046803483e-06
0.49843750000000003 4.1153950255479199e-06
0.49859375000000006 4.1117415442772473e-06
0.49875000000000003 4.1080993209177557e-06
0.49890625 4.1044683156737764e-06
0.49906250000000002 4.1008484889039539e-06
0.49921875000000004 4.0972398011205533e-06
0.49937500000000001 4.0936422129888444e-06
0.49953124999999998 4.09005568532645e-06
0.49968750000000001 4.086480179102701e-06
0.49984375000000003 4.0829156554380169e-06
0.5 4.079362075603273e-06
0.50015624999999997 4.0758194010191611e-06
0.50031249999999994 4.0722875932555712e-06
0.50046875000000002 4.0687666140309439e-06
0.50062499999999999 4.0652564252117079e-06
0.50078124999999996 4.0617569888115864e-06
0.50093750000000004 4.0582682669910358e-06
0.50109375 4.0547902220566165e-06
0.50124999999999997 4.0513228164603677e-06
0.50140624999999994 4.0478660127992296e-06
0.50156249999999991 4.0444197738144021e-06
0.50171874999999999 4.0409840623907693e-06
0.50187499999999996 4.0375588415562942e-06
0.50203124999999993 4.0341440744814184e-06
0.50218750000000001 4.0307397244784626e-06
0.50234374999999998 4.0273457550010398e-06
0.50249999999999995 4.0239621296434698e-06
0.50265624999999992 4.0205888121401735e-06
0.50281249999999988 4.0172257663651109e-06
0.50296874999999996 4.0138729563311911e-06
0.50312499999999993 4.0105303461896868e-06
0.5032812499999999 4.0071979002296738e-06
0.50343749999999998 4.0038755828774182e-06
0.50359374999999995 4.0005633586958551e-06
0.50374999999999992 3.9972611923839843e-06
0.50390625 3.9939690487763122e-06
0.50406249999999997 3.9906868928422972e-06
0.50421874999999994 3.9874146896857676e-06
0.50437500000000002 3.984152404544375e-06
0.50453124999999999 3.9809000027890435e-06
0.50468749999999996 3.9776574499233923e-06
0.50484375000000004 3.9744247115832067e-06
0.505 3.9712017535358738e-06
0.50515624999999997 3.9679885416798411e-06
0.50531250000000005 3.9647850420440723e-06
0.50546875000000002 3.9615912207874944e-06
0.50562499999999999 3.9584070441984639e-06
0.50578125000000007 3.9552324786942393e-06
0.50593750000000004 3.9520674908204211e-06
0.50609375000000001 3.9489120472504411e-06
0.50625000000000009 3.9457661147850116e-06
0.50640625000000006 3.9426296603516184e-06
0.50656250000000003 3.9395026510039748e-06
0.50671875000000011 3.9363850539215007e-06
0.50687500000000008 3.933276836408814e-06
0.50703125000000004 3.9301779658951949e-06
0.50718750000000012 3.9270884099340764e-06
0.50734375000000009 3.9240081362025272e-06
0.50750000000000006 3.9209371125007379e-06
0.50765625000000003 3.9178753067515039e-06
0.5078125 3.9148226869997391e-06
0.50796875000000008 3.9117792214119395e-06
0.50812500000000005 3.9087448782757066e-06
0.50828125000000002 3.9057196259992203e-06
0.5084375000000001 3.9027034331107445e-06
0.50859375000000007 3.899696268258166e-06
0.50875000000000004 3.8966981002084436e-06
0.50890625 3.8937088978471406e-06
0.50906249999999997 3.890728630177947e-06
0.50921875000000005 3.887757266322169e-06
0.50937500000000002 3.8847947755182442e-06
0.50953124999999999 3.8818411271212744e-06
0.50968750000000007 3.8788962906025235e-06
0.50984375000000004 3.8759602355489439e-06
0.51000000000000001 3.8730329316627026e-06
0.51015624999999998 3.8701143487607063e-06
0.51031249999999995 3.8672044567741001e-06
0.51046875000000003 3.86430322574784e-06
0.510625 3.8614106258401854e-06
0.51078124999999996 3.8585266273222551e-06
0.51093750000000004 3.8556512005775428e-06
0.51109375000000001 3.8527843161014704e-06
0.51124999999999998 3.8499259445009051e-06
0.51140624999999995 3.8470760564937198e-06
0.51156249999999992 3.8442346229083259e-06
0.51171875 3.8414016146832078e-06
0.51187499999999997 3.8385770028665005e-06
0.51203124999999994 3.835760758615499e-06
0.51218750000000002 3.8329528531962206e-06
0.51234374999999999 3.8301532579829846e-06
0.51249999999999996 3.8273619444579162e-06
0.51265624999999992 3.8245788842105536e-06
0.51281249999999989 3.821804048937357e-06
0.51296874999999997 3.8190374104413162e-06
0.51312499999999994 3.8162789406314762e-06
0.51328124999999991 3.8135286115225047e-06
0.51343749999999999 3.810786395234282e-06
0.51359374999999996 3.8080522639914514e-06
0.51374999999999993 3.8053261901229711e-06
0.51390625000000001 3.8026081460617236e-06
0.51406249999999998 3.7998981043440607e-06
0.51421874999999995 3.7971960376093802e-06
0.51437500000000003 3.7945019185997186e-06
0.51453125 3.7918157201593139e-06
0.51468749999999996 3.7891374152341827e-06
0.51484375000000004 3.7864669768717313e-06
0.51500000000000001 3.7838043782203074e-06
0.51515624999999998 3.7811495925287908e-06
0.51531250000000006 3.7785025931462016e-06
0.515625 3.7732318472020264e-06
0.51593750000000005 3.7679919291668824e-06
0.5162500000000001 3.7627826293958001e-06
0.51656250000000004 3.7576037398068666e-06
0.51687500000000008 3.7524550538684535e-06
0.51718750000000013 3.74733636658657e-06
0.51750000000000007 3.742247474492279e-06
0.51781250000000001 3.7371881756293039e-06
0.51812500000000006 3.7321582695416591e-06
0.51843750000000011 3.7271575572614471e-06
0.51875000000000004 3.7221858412967312e-06
0.51906249999999998 3.7172429256195308e-06
0.51937500000000003 3.7123286156539071e-06
0.51968750000000008 3.70744271826416e-06
0.52000000000000002 3.7025850417431356e-06
0.52031249999999996 3.6977553958006105e-06
0.520625 3.6929535915518068e-06
0.52093750000000005 3.6881794415059891e-06
0.52124999999999999 3.6834327595551773e-06
0.52156249999999993 3.6787133609629098e-06
0.52187499999999998 3.6740210623531859e-06
0.52218750000000003 3.6693556816994269e-06
0.52249999999999996 3.6647170383135725e-06
0.5228124999999999 3.6601049528352703e-06
0.52312499999999995 3.6555192472211544e-06
0.5234375 3.6509597447341962e-06
0.52374999999999994 3.6464262699331997e-06
0.52406249999999999 3.6419186486623176e-06
0.52437500000000004 3.6374367080407311e-06
0.52468749999999997 3.6329802764523734e-06
0.52500000000000002 3.6285491835357372e-06
0.52531250000000007 3.6241432601738044e-06
0.52562500000000001 3.6197623384840544e-06
0.52593750000000006 3.6154062518085184e-06
0.52625000000000011 3.611074834703986e-06
0.52656250000000004 3.6067679229322468e-06
0.52687500000000009 3.6024853534504292e-06
0.52718750000000014 3.5982269644014323e-06
0.52750000000000008 3.5939925951044406e-06
0.52781250000000002 3.589782086045503e-06
0.52812500000000007 3.5855952788681991e-06
0.52843750000000012 3.5814320163644222e-06
0.52875000000000005 3.5772921424651855e-06
0.52906249999999999 3.5731755022315308e-06
0.52937500000000004 3.5690819418455484e-06
0.52968750000000009 3.5650113086014189e-06
0.53000000000000003 3.5609634508965658e-06
0.53031249999999996 3.556938218222888e-06
0.53062500000000001 3.5529354611580391e-06
0.53093750000000006 3.5489550313568205e-06
0.53125 3.5449967815426161e-06
0.53156249999999994 3.5410605654989196e-06
0.53187499999999999 3.5371462380609231e-06
0.53218750000000004 3.5332536551071893e-06
0.53249999999999997 3.5293826735514e-06
0.53281249999999991 3.5255331513341342e-06
0.53312499999999996 3.5217049474147818e-06
0.53343750000000001 3.5178979217634789e-06
0.53374999999999995 3.5141119353531299e-06
0.5340625 3.510346850151499e-06
0.53437500000000004 3.5066025291133493e-06
0.53468749999999998 3.5028788361726933e-06
0.53500000000000003 3.4991756362350644e-06
0.53531250000000008 3.4954927951698725e-06
0.53562500000000002 3.4918301798028408e-06
0.53593750000000007 3.4881876579084783e-06
0.53625000000000012 3.4845650982026364e-06
0.53656250000000005 3.4809623703351289e-06
0.5368750000000001 3.4773793448823974e-06
0.53718750000000015 3.4738158933402701e-06
0.53750000000000009 3.4702718881167484e-06
0.53781250000000003 3.4667472025248848e-06
0.53812500000000008 3.4632417107756993e-06
0.53843750000000012 3.4597552879711716e-06
0.53875000000000006 3.456287810097282e-06
0.5390625 3.4528391540171272e-06
0.53937500000000005 3.44940919746407e-06
0.5396875000000001 3.445997819034971e-06
0.54000000000000004 3.4426048981834708e-06
0.54031249999999997 3.4392303152133265e-06
0.54062500000000002 3.4358739512717951e-06
0.54093750000000007 3.4325356883430975e-06
0.54125000000000001 3.42921540924193e-06
0.54156249999999995 3.4259129976070005e-06
0.541875 3.4226283378946682e-06
0.54218750000000004 3.4193613153726108e-06
0.54249999999999998 3.4161118161135332e-06
0.54281249999999992 3.4128797269889757e-06
0.54312499999999997 3.4096649356631024e-06
0.54343750000000002 3.4064673305866188e-06
0.54374999999999996 3.4032868009906957e-06
0.5440625 3.4001232368809467e-06
0.54437500000000005 3.3969765290314708e-06
0.54468749999999999 3.3938465689789426e-06
0.54500000000000004 3.390733249016752e-06
0.54531250000000009 3.387636462189172e-06
0.54562500000000003 3.3845561022856169e-06
0.54593750000000008 3.3814920638349168e-06
0.54625000000000012 3.3784442420996461e-06
0.54656250000000006 3.3754125330705091e-06
0.54687500000000011 3.3723968334607727e-06
0.54718750000000016 3.3693970407007217e-06
0.5475000000000001 3.3664130529322063e-06
0.54781250000000004 3.3634447690031933e-06
0.54812500000000008 3.3604920884623656e-06
0.54843750000000013 3.357554911553815e-06
0.54875000000000007 3.3546331392117227e-06
0.54906250000000001 3.3517266730550954e-06
0.54937500000000006 3.3488354153825847e-06
0.54968750000000011 3.3459592691672977e-06
0.55000000000000004 3.3430981380516966e-06
0.55031249999999998 3.340251926342493e-06
0.55062500000000003 3.3374205390056439e-06
0.55093750000000008 3.3346038816613153e-06
0.55125000000000002 3.3318018605789758e-06
0.55156249999999996 3.3290143826724638e-06
0.551875 3.3262413554950918e-06
0.55218750000000005 3.323482687234864e-06
0.55249999999999999 3.3207382867096607e-06
0.55281249999999993 3.3180080633624797e-06
0.55312499999999998 3.3152919272567466e-06
0.55343750000000003 3.3125897890716285e-06
0.55374999999999996 3.3099015600974185e-06
0.55406250000000001 3.3072271522309199e-06
0.55437500000000006 3.3045664779709064e-06
0.5546875 3.3019194504135987e-06
0.55500000000000005 3.2992859832481853e-06
0.5553125000000001 3.2966659907523675e-06
0.55562500000000004 3.2940593877879864e-06
0.55593750000000008 3.2914660897966111e-06
0.55625000000000013 3.2888860127952255e-06
0.55656250000000007 3.2863190733719299e-06
0.55687500000000012 3.2837651886816741e-06
0.55718750000000017 3.281224276442036e-06
0.55750000000000011 3.2786962549290183e-06
0.55781250000000004 3.2761810429729013e-06
0.55812500000000009 3.2736785599540966e-06
0.55843750000000014 3.271188725799097e-06
0.55875000000000008 3.2687114609763857e-06
0.55906250000000002 3.2662466864924128e-06
0.55937500000000007 3.2637943238876302e-06
0.55968750000000012 3.2613542952325132e-06
0.56000000000000005 3.2589265231236431e-06
0.56031249999999999 3.2565109306798093e-06
0.56062500000000004 3.2541074415381506e-06
0.56093750000000009 3.2517159798503328e-06
0.56125000000000003 3.249336470278736e-06
0.56156249999999996 3.246968837992698e-06
0.56187500000000001 3.2446130086647756e-06
0.56218750000000006 3.2422689084670363e-06
0.5625 3.239936464067383e-06
0.56281249999999994 3.2376156026259042e-06
0.56312499999999999 3.2353062517912741e-06
0.56343750000000004 3.23300833969714e-06
0.56374999999999997 3.2307217949585841e-06
0.56406249999999991 3.2284465466685902e-06
0.56437499999999996 3.2261825243945321e-06
0.56468750000000001 3.2239296581747208e-06
0.56499999999999995 3.2216878785149468e-06
0.56531249999999988 3.2194571163850706e-06
0.56562499999999993 3.2172373032156209e-06
0.56593749999999998 3.2150283708944604e-06
0.56624999999999992 3.212830251763422e-06
0.56656249999999986 3.2106428786150269e-06
0.56687499999999991 3.2084661846891824e-06
0.56718749999999996 3.2063001036699456e-06
0.56749999999999989 3.2041445696822844e-06
0.56781249999999983 3.2019995172888889e-06
0.56812499999999988 3.1998648814869724e-06
0.56843749999999993 3.197740597705141e-06
0.56874999999999987 3.1956266018002735e-06
0.56906249999999992 3.1935228300543922e-06
0.56937499999999996 3.1914292191716151e-06
0.5696874999999999 3.1893457062750986e-06
0.56999999999999995 3.1872722289039964e-06
0.5703125 3.1852087250104789e-06
0.57062499999999994 3.1831551329567417e-06
0.57093749999999999 3.1811113915120529e-06
0.57125000000000004 3.1790774398498288e-06
0.57156249999999997 3.1770532175447219e-06
0.57187500000000002 3.175038664569726e-06
0.57218750000000007 3.17303372129334e-06
0.57250000000000001 3.1710383284766999e-06
0.57281249999999995 3.1690524272707894e-06
0.573125 3.1670759592136245e-06
0.57343750000000004 3.1651088662274984e-06
0.57374999999999998 3.163151090616224e-06
0.57406249999999992 3.1612025750624026e-06
0.57437499999999997 3.1592632626247197e-06
0.57468750000000002 3.1573330967352754e-06
0.57499999999999996 3.1554120211968913e-06
0.57531249999999989 3.1534999801804988e-06
0.57562499999999994 3.1515969182224928e-06
0.57593749999999999 3.1497027802221416e-06
0.57624999999999993 3.1478175114390107e-06
0.57656249999999987 3.1459410574903948e-06
0.57687499999999992 3.1440733643487714e-06
0.57718749999999996 3.1422143783392981e-06
0.5774999999999999 3.1403640461373064e-06
0.57781249999999984 3.1385223147657974e-06
0.57812499999999989 3.136689131593026e-06
0.57843749999999994 3.1348644443300147e-06
0.57874999999999988 3.1330482010281505e-06
0.57906249999999992 3.1312403500767897e-06
0.57937499999999997 3.1294408402008488e-06
0.57968749999999991 3.1276496204584535e-06
0.57999999999999996 3.1258666402385962e-06
0.58031250000000001 3.1240918492587858e-06
0.58062499999999995 3.1223251975627572e-06
0.5809375 3.1205666355181568e-06
0.58125000000000004 3.1188161138142862e-06
0.58156249999999998 3.1170735834598345e-06
0.58187500000000003 3.1153389957806304e-06
0.58218750000000008 3.1136123024174306e-06
0.58250000000000002 3.1118934553237113e-06
0.58281249999999996 3.1101824067634713e-06
0.583125 3.1084791093090733e-06
0.58343750000000005 3.1067835158390705e-06
0.58374999999999999 3.1050955795360849e-06
0.58406249999999993 3.1034152538846712e-06
0.58437499999999998 3.1017424926692262e-06
0.58468750000000003 3.1000772499718777e-06
0.58499999999999996 3.0984194801704364e-06
0.5853124999999999 3.0967691379363169e-06
0.58562499999999995 3.0951261782325073e-06
0.5859375 3.0934905563115359e-06
0.58624999999999994 3.0918622277134672e-06
0.58656249999999988 3.0902411482639048e-06
0.58687499999999992 3.0886272740720075e-06
0.58718749999999997 3.0870205615285276e-06
0.58749999999999991 3.085420967303857e-06
0.58781249999999985 3.0838284483461119e-06
0.5881249999999999 3.0822429618791717e-06
0.58843749999999995 3.08066446540082e-06
0.58874999999999988 3.079092916680818e-06
0.58906249999999993 3.0775282737590539e-06
0.58937499999999998 3.0759704949436529e-06
0.58968749999999992 3.0744195388091609e-06
0.58999999999999997 3.0728753641946832e-06
0.59031250000000002 3.0713379302020808e-06
0.59062499999999996 3.069807196194157e-06
0.5909375 3.0682831217928652e-06
0.59125000000000005 3.0667656668775289e-06
0.59156249999999999 3.0652547915830828e-06
0.59187500000000004 3.0637504562983111e-06
0.59218750000000009 3.0622526216641105e-06
0.59250000000000003 3.0607612485717748e-06
0.59281249999999996 3.0592762981612644e-06
0.59312500000000001 3.0577977318195193e-06
0.59375 3.0548595981148453e-06
0.59437499999999999 3.0519465434289853e-06
0.59499999999999997 3.049058267578084e-06
0.59562499999999996 3.0461944741710255e-06
0.59624999999999995 3.0433548705580185e-06
0.59687499999999993 3.0405391677799287e-06
0.59749999999999992 3.0377470805183997e-06
0.59812499999999991 3.0349783270466783e-06
0.59874999999999989 3.0322326291812088e-06
0.59937499999999999 3.0295097122338993e-06
0.59999999999999998 3.0268093049651232e-06
0.60062499999999996 3.0241311395374229e-06
0.60125000000000006 3.0214749514698505e-06
0.60187500000000005 3.0188404795930211e-06
0.60250000000000004 3.0162274660048297e-06
0.60312500000000002 3.013635656026759e-06
0.60375000000000001 3.0110647981609124e-06
0.604375 3.0085146440476005e-06
0.60499999999999998 3.0059849484235784e-06
0.60562499999999997 3.0034754690809014e-06
0.60624999999999996 3.0009859668263525e-06
0.60687499999999994 2.9985162054414812e-06
0.60749999999999993 2.9960659516431968e-06
0.60812499999999992 2.9936349750449634e-06
0.6087499999999999 2.9912230481185275e-06
0.609375 2.9888299461562052e-06
0.60999999999999999 2.98645544723374e-06
0.61062499999999997 2.9840993321736283e-06
0.61125000000000007 2.9817613845090466e-06
0.61187500000000006 2.979441390448259e-06
0.61250000000000004 2.9771391388395114e-06
0.61312500000000003 2.9748544211364822e-06
0.61375000000000002 2.9725870313641812e-06
0.614375 2.9703367660853478e-06
0.61499999999999999 2.9681034243673245e-06
0.61562499999999998 2.9658868077494212e-06
0.61624999999999996 2.9636867202107077e-06
0.61687499999999995 2.9615029681382787e-06
0.61749999999999994 2.9593353602959763e-06
0.61812499999999992 2.9571837077935404e-06
0.61874999999999991 2.955047824056198e-06
0.61937500000000001 2.9529275247946791e-06
0.62 2.9508226279756488e-06
0.62062499999999998 2.9487329537925719e-06
0.62125000000000008 2.9466583246369676e-06
0.62187500000000007 2.9445985650700601e-06
0.62250000000000005 2.9425535017948559e-06
0.62312500000000004 2.940522963628576e-06
0.62375000000000003 2.9385067814754826e-06
0.62437500000000001 2.9365047883001141e-06
0.625 2.9345168191008212e-06
0.62562499999999999 2.9325427108837489e-06
0.62624999999999997 2.9305823026371292e-06
0.62687499999999996 2.9286354353059294e-06
0.62749999999999995 2.9267019517668857e-06
0.62812499999999993 2.9247816968038415e-06
0.62874999999999992 2.9228745170834376e-06
0.62937500000000002 2.9209802611311532e-06
0.63 2.9190987793076509e-06
0.63062499999999999 2.9172299237854583e-06
0.63125000000000009 2.9153735485259654e-06
0.63187500000000008 2.9135295092567437e-06
0.63250000000000006 2.9116976634491563e-06
0.63312500000000005 2.9098778702962873e-06
0.63375000000000004 2.9080699906911759e-06
0.63437500000000002 2.9062738872053363e-06
0.63500000000000001 2.904489424067562e-06
0.635625 2.9027164671430311e-06
0.63624999999999998 2.9009548839126934e-06
0.63687499999999997 2.8992045434529244e-06
0.63749999999999996 2.8974653164154669e-06
0.63812499999999994 2.8957370750076288e-06
0.63874999999999993 2.8940196929727703e-06
0.63937500000000003 2.8923130455710108e-06
0.64000000000000001 2.8906170095602463e-06
0.640625 2.8889314631773923e-06
0.6412500000000001 2.8872562861198733e-06
0.64187500000000008 2.885591359527367e-06
0.64250000000000007 2.8839365659638015e-06
0.64312500000000006 2.8822917893995786e-06
0.64375000000000004 2.8806569151940445e-06
0.64437500000000003 2.8790318300781802e-06
0.64500000000000002 2.8774164221375334e-06
0.645625 2.8758105807953698e-06
0.64624999999999999 2.87421419679606e-06
0.64687499999999998 2.8726271621886595e-06
0.64749999999999996 2.8710493703107402e-06
0.64812499999999995 2.8694807157724079e-06
0.64874999999999994 2.8679210944405352e-06
0.64937500000000004 2.8663704034232231e-06
0.65000000000000002 2.8648285410544309e-06
0.65062500000000001 2.8632954068788444e-06
0.65125000000000011 2.8617709016369096e-06
0.65187500000000009 2.8602549272500996e-06
0.65250000000000008 2.8587473868063241e-06
0.65312500000000007 2.8572481845455814e-06
0.65375000000000005 2.8557572258457654e-06
0.65437500000000004 2.8542744172086706e-06
0.65500000000000003 2.8527996662461692e-06
0.65562500000000001 2.8513328816665763e-06
0.65625 2.8498739732612008e-06
0.65687499999999999 2.8484228518910364e-06
0.65749999999999997 2.8469794294736767e-06
0.65812499999999996 2.8455436189703475e-06
0.65874999999999995 2.8441153343731476e-06
0.65937500000000004 2.8426944906924279e-06
0.66000000000000003 2.8412810039443486e-06
0.66062500000000002 2.8398747911385952e-06
0.66125000000000012 2.8384757702662326e-06
0.6618750000000001 2.8370838602877496e-06
0.66250000000000009 2.8356989811212322e-06
0.66312500000000008 2.8343210536306928e-06
0.66375000000000006 2.8329499996145493e-06
0.66437500000000005 2.8315857417942746e-06
0.66500000000000004 2.8302282038031401e-06
0.66562500000000002 2.8288773101751518e-06
0.66625000000000001 2.8275329863341181e-06
0.666875 2.8261951585828266e-06
0.66749999999999998 2.8248637540923904e-06
0.66812499999999997 2.8235387008917304e-06
0.66874999999999996 2.8222199278571705e-06
0.66937500000000005 2.8209073647021759e-06
0.67000000000000004 2.8196009419672269e-06
0.67062500000000003 2.8183005910098068e-06
0.67125000000000012 2.8170062439945384e-06
0.67187500000000011 2.8157178338834276e-06
0.6725000000000001 2.8144352944262228e-06
0.67375000000000007 2.8118875663544085e-06
0.67500000000000004 2.8093625451739422e-06
0.67625000000000002 2.806859728287628e-06
0.67749999999999999 2.8043786248188693e-06
0.67874999999999996 2.8019187553314666e-06
0.68000000000000005 2.7994796515564113e-06
0.68125000000000013 2.7970608561254568e-06
0.68250000000000011 2.7946619223113132e-06
0.68375000000000008 2.792282413774305e-06
0.68500000000000005 2.7899219043152648e-06
0.68625000000000003 2.7875799776345495e-06
0.6875 2.7852562270970013e-06
0.68874999999999997 2.7829502555027051e-06
0.68999999999999995 2.780661674863357e-06
0.69124999999999992 2.7783901061841694e-06
0.69249999999999989 2.7761351792510582e-06
0.69374999999999987 2.7738965324231153e-06
0.69499999999999995 2.7716738124300915e-06
0.69625000000000004 2.7694666741748563e-06
0.69750000000000001 2.7672747805406681e-06
0.69874999999999998 2.7650978022031146e-06
0.69999999999999996 2.7629354174466692e-06
0.70124999999999993 2.7607873119856534e-06
0.7024999999999999 2.7586531787895661e-06
0.70374999999999988 2.7565327179126342e-06
0.70499999999999996 2.7544256363274918e-06
0.70625000000000004 2.7523316477628692e-06
0.70750000000000002 2.7502504725451945e-06
0.70874999999999999 2.7481818374440378e-06
0.70999999999999996 2.746125475521215e-06
0.71124999999999994 2.7440811259836083e-06
0.71249999999999991 2.7420485340394199e-06
0.71374999999999988 2.7400274507579592e-06
0.71499999999999997 2.7380176329327437e-06
0.71625000000000005 2.7360188429478668e-06
0.71750000000000003 2.7340308486476144e-06
0.71875 2.7320534232091288e-06
0.71999999999999997 2.7300863450181505e-06
0.72124999999999995 2.7281293975477178e-06
0.72249999999999992 2.7261823692397494e-06
0.72374999999999989 2.7242450533894289e-06
0.72499999999999998 2.7223172480323741e-06
0.72625000000000006 2.7203987558344347e-06
0.72750000000000004 2.7184893839841574e-06
0.72875000000000001 2.7165889440877569e-06
0.72999999999999998 2.7146972520665961e-06
0.73124999999999996 2.7128141280570884e-06
0.73249999999999993 2.7109393963129553e-06
0.7337499999999999 2.7090728851098198e-06
0.73499999999999999 2.7072144266519982e-06
0.73625000000000007 2.705363856981569e-06
0.73750000000000004 2.7035210158895037e-06
0.73875000000000002 2.7016857468289417e-06
0.73999999999999999 2.6998578968304835e-06
0.74124999999999996 2.6980373164194949e-06
0.74249999999999994 2.6962238595353235e-06
0.74374999999999991 2.6944173834524351e-06
0.745 2.6926177487034048e-06
0.74625000000000008 2.6908248190036796e-06
0.74750000000000005 2.6890384611781586e-06
0.74875000000000003 2.6872585450894272e-06
0.75 2.6854849435677252e-06
0.75124999999999997 2.6837175323425265e-06
0.75249999999999995 2.6819561899757236e-06
0.75374999999999992 2.6802007977963626e-06
0.755 2.6784512398369237e-06
0.75625000000000009 2.6767074027710601e-06
0.75750000000000006 2.6749691758528189e-06
0.76000000000000001 2.6715091220224256e-06
0.76249999999999996 2.6680702417637597e-06
0.76500000000000001 2.6646517361217677e-06
0.76750000000000007 2.6612528420586308e-06
0.77000000000000002 2.6578728308225989e-06
0.77249999999999996 2.6545110063916092e-06
0.77500000000000002 2.651166703988319e-06
0.77750000000000008 2.6478392886630833e-06
0.78000000000000003 2.6445281539418276e-06
0.78249999999999997 2.6412327205357046e-06
0.78500000000000003 2.6379524351097356e-06
0.78750000000000009 2.6346867691076445e-06
0.79000000000000004 2.6314352176303573e-06
0.79249999999999998 2.6281972983655568e-06
0.79500000000000004 2.6249725505661031e-06
0.7975000000000001 2.6217605340748919e-06
0.80000000000000004 2.6185608283941532e-06
0.80249999999999999 2.6153730317970467e-06
0.80500000000000005 2.6121967604796513e-06
0.80750000000000011 2.6090316477514962e-06
0.81000000000000005 2.6058773432628504e-06
0.8125 2.6027335122670594e-06
0.81499999999999995 2.5995998349164072e-06
0.81749999999999989 2.5964760055898459e-06
0.81999999999999995 2.593361732251258e-06
0.82250000000000001 2.5902567358367723e-06
0.82499999999999996 2.5871607496698246e-06
0.8274999999999999 2.5840735189027256e-06
0.82999999999999996 2.5809947999834936e-06
0.83250000000000002 2.5779243601468287e-06
0.83499999999999996 2.5748619769280773e-06
0.83749999999999991 2.5718074376992209e-06
0.83999999999999997 2.5687605392258122e-06
0.84250000000000003 2.5657210872439491e-06
0.84499999999999997 2.5626888960563434e-06
0.84749999999999992 2.5596637881466686e-06
0.84999999999999998 2.5566455938112944e-06
0.85250000000000004 2.5536341508076561e-06
0.85499999999999998 2.5506293040185091e-06
0.85749999999999993 2.5476309051313203e-06
0.85999999999999999 2.5446388123321258e-06
0.86250000000000004 2.541652890013216e-06
0.86499999999999999 2.5386730084939818e-06
0.86749999999999994 2.5356990437543694e-06
0.87 2.5327308771803329e-06
0.87250000000000005 2.5297683953207872e-06
0.875 2.5268114896554842e-06
0.87749999999999995 2.5238600563733811e-06
0.88 2.5209139961609717e-06
0.88500000000000001 2.5150376189752745e-06
0.89000000000000001 2.5091816460847784e-06
0.89500000000000002 2.5033454254120402e-06
0.90000000000000002 2.4975283595521667e-06
0.90500000000000003 2.4917299009724386e-06
0.91000000000000003 2.4859495476343625e-06
0.91500000000000004 2.4801868390009087e-06
0.92000000000000004 2.4744413523949326e-06
0.92500000000000004 2.4687126996779366e-06
0.93000000000000005 2.4630005242208441e-06
0.93500000000000005 2.4573044981411747e-06
0.93999999999999995 2.4516243197830771e-06
0.94499999999999995 2.4459597114189379e-06
0.94999999999999996 2.4403104171529633e-06
0.95499999999999996 2.4346762010090575e-06
0.95999999999999996 2.4290568451867206e-06
0.96499999999999997 2.4234521484702276e-06
0.96999999999999997 2.4178619247775768e-06
0.97499999999999998 2.4122860018369479e-06
0.97999999999999998 2.4067242199794264e-06
0.98499999999999999 2.4011764310378053e-06
0.98999999999999999 2.3956424973421114e-06
0.995 2.3901222908033794e-06
1 2.3846156920778882e-06
